ISO-10303-21;
HEADER;
FILE_DESCRIPTION(('Open CASCADE Model'),'2;1');
FILE_NAME('Open CASCADE Shape Model','2026-09-07T11:12:44',('Author'),(
    'Open CASCADE'),'Open CASCADE STEP processor 7.9','Open CASCADE 7.9'
  ,'Unknown');
FILE_SCHEMA(('AUTOMOTIVE_DESIGN { 1 0 10303 214 1 1 1 1 }'));
ENDSEC;
DATA;
#1 = APPLICATION_PROTOCOL_DEFINITION('international standard',
  'automotive_design',2000,#2);
#2 = APPLICATION_CONTEXT(
  'core data for automotive mechanical design processes');
#3 = SHAPE_DEFINITION_REPRESENTATION(#4,#10);
#4 = PRODUCT_DEFINITION_SHAPE('','',#5);
#5 = PRODUCT_DEFINITION('design','',#6,#9);
#6 = PRODUCT_DEFINITION_FORMATION('','',#7);
#7 = PRODUCT('Open CASCADE STEP translator 7.9 3',
  'Open CASCADE STEP translator 7.9 3','',(#8));
#8 = PRODUCT_CONTEXT('',#2,'mechanical');
#9 = PRODUCT_DEFINITION_CONTEXT('part definition',#2,'design');
#10 = ADVANCED_BREP_SHAPE_REPRESENTATION('',(#11,#15),#17843);
#11 = AXIS2_PLACEMENT_3D('',#12,#13,#14);
#12 = CARTESIAN_POINT('',(0.,0.,0.));
#13 = DIRECTION('',(0.,0.,1.));
#14 = DIRECTION('',(1.,0.,-0.));
#15 = MANIFOLD_SOLID_BREP('',#16);
#16 = CLOSED_SHELL('',(#17,#137,#337,#387,#441,#804,#831,#858,#885,#912,
    #919,#996,#1045,#1099,#1148,#1198,#1247,#1301,#1328,#3641,#3718,
    #3764,#3862,#3911,#4012,#4058,#4151,#4200,#4301,#4347,#4440,#4489,
    #4590,#4636,#4729,#4778,#4879,#4925,#5018,#5067,#5168,#5214,#5307,
    #5356,#5452,#5500,#5550,#5596,#5667,#5716,#5817,#5863,#5956,#6005,
    #6106,#6152,#6245,#6294,#6395,#6441,#6534,#6583,#6679,#6727,#6777,
    #6823,#6894,#6943,#7044,#7090,#7183,#7232,#7333,#7379,#7472,#7521,
    #7622,#7668,#7761,#7810,#7911,#7957,#8050,#8099,#8200,#8246,#8339,
    #8388,#8484,#8532,#8582,#8628,#8699,#8748,#8849,#8895,#8988,#9037,
    #9138,#9184,#9277,#9326,#9427,#9473,#9566,#9615,#9684,#9710,#9718,
    #11775,#11802,#11809,#11836,#11843,#11870,#11877,#11904,#11911,
    #11938,#11945,#11953,#11980,#11987,#12014,#12021,#12048,#12055,
    #12063,#12090,#12097,#12124,#12131,#12158,#12165,#12192,#12199,
    #12226,#12233,#12241,#12268,#12275,#12302,#12309,#12336,#12343,
    #12415,#12462,#12509,#12536,#12608,#12655,#12702,#12729,#12801,
    #12848,#12895,#12922,#12994,#13041,#13088,#13115,#13235,#13560,
    #13659,#13706,#13775,#13865,#13912,#13960,#14030,#14329,#14432,
    #14480,#14552,#14645,#14692,#14739,#14806,#15102,#15201,#15248,
    #15317,#15407,#15454,#15502,#15572,#15837,#15940,#15988,#16060,
    #16130,#16177,#16204,#16276,#16323,#16370,#16397,#16469,#16516,
    #16563,#16590,#16597,#16604,#16611,#16618,#16669,#16724,#16779,
    #16828,#16857,#16884,#16911,#16953,#16980,#16987,#17042,#17091,
    #17120,#17145,#17152,#17179,#17186,#17193,#17220,#17271,#17320,
    #17353,#17380,#17387,#17394,#17419,#17426,#17453,#17460,#17467,
    #17474,#17529,#17643,#17715,#17762,#17809,#17836));
#17 = ADVANCED_FACE('',(#18),#32,.F.);
#18 = FACE_BOUND('',#19,.F.);
#19 = EDGE_LOOP('',(#20,#55,#83,#111));
#20 = ORIENTED_EDGE('',*,*,#21,.F.);
#21 = EDGE_CURVE('',#22,#24,#26,.T.);
#22 = VERTEX_POINT('',#23);
#23 = CARTESIAN_POINT('',(-140.,-30.,110.));
#24 = VERTEX_POINT('',#25);
#25 = CARTESIAN_POINT('',(-140.,130.,110.));
#26 = SURFACE_CURVE('',#27,(#31,#43),.PCURVE_S1.);
#27 = LINE('',#28,#29);
#28 = CARTESIAN_POINT('',(-140.,-50.,110.));
#29 = VECTOR('',#30,1.);
#30 = DIRECTION('',(0.,1.,0.));
#31 = PCURVE('',#32,#37);
#32 = PLANE('',#33);
#33 = AXIS2_PLACEMENT_3D('',#34,#35,#36);
#34 = CARTESIAN_POINT('',(-140.,-50.,104.));
#35 = DIRECTION('',(1.,0.,0.));
#36 = DIRECTION('',(0.,0.,1.));
#37 = DEFINITIONAL_REPRESENTATION('',(#38),#42);
#38 = LINE('',#39,#40);
#39 = CARTESIAN_POINT('',(6.,0.));
#40 = VECTOR('',#41,1.);
#41 = DIRECTION('',(0.,-1.));
#42 = ( GEOMETRIC_REPRESENTATION_CONTEXT(2) 
PARAMETRIC_REPRESENTATION_CONTEXT() REPRESENTATION_CONTEXT('2D SPACE',''
  ) );
#43 = PCURVE('',#44,#49);
#44 = PLANE('',#45);
#45 = AXIS2_PLACEMENT_3D('',#46,#47,#48);
#46 = CARTESIAN_POINT('',(-140.,-50.,110.));
#47 = DIRECTION('',(0.,0.,1.));
#48 = DIRECTION('',(1.,0.,0.));
#49 = DEFINITIONAL_REPRESENTATION('',(#50),#54);
#50 = LINE('',#51,#52);
#51 = CARTESIAN_POINT('',(0.,0.));
#52 = VECTOR('',#53,1.);
#53 = DIRECTION('',(0.,1.));
#54 = ( GEOMETRIC_REPRESENTATION_CONTEXT(2) 
PARAMETRIC_REPRESENTATION_CONTEXT() REPRESENTATION_CONTEXT('2D SPACE',''
  ) );
#55 = ORIENTED_EDGE('',*,*,#56,.F.);
#56 = EDGE_CURVE('',#57,#22,#59,.T.);
#57 = VERTEX_POINT('',#58);
#58 = CARTESIAN_POINT('',(-140.,-30.,104.));
#59 = SURFACE_CURVE('',#60,(#64,#71),.PCURVE_S1.);
#60 = LINE('',#61,#62);
#61 = CARTESIAN_POINT('',(-140.,-30.,104.));
#62 = VECTOR('',#63,1.);
#63 = DIRECTION('',(0.,0.,1.));
#64 = PCURVE('',#32,#65);
#65 = DEFINITIONAL_REPRESENTATION('',(#66),#70);
#66 = LINE('',#67,#68);
#67 = CARTESIAN_POINT('',(0.,-20.));
#68 = VECTOR('',#69,1.);
#69 = DIRECTION('',(1.,0.));
#70 = ( GEOMETRIC_REPRESENTATION_CONTEXT(2) 
PARAMETRIC_REPRESENTATION_CONTEXT() REPRESENTATION_CONTEXT('2D SPACE',''
  ) );
#71 = PCURVE('',#72,#77);
#72 = CYLINDRICAL_SURFACE('',#73,20.);
#73 = AXIS2_PLACEMENT_3D('',#74,#75,#76);
#74 = CARTESIAN_POINT('',(-120.,-30.,104.));
#75 = DIRECTION('',(0.,0.,1.));
#76 = DIRECTION('',(-1.,-0.,0.));
#77 = DEFINITIONAL_REPRESENTATION('',(#78),#82);
#78 = LINE('',#79,#80);
#79 = CARTESIAN_POINT('',(0.,0.));
#80 = VECTOR('',#81,1.);
#81 = DIRECTION('',(0.,1.));
#82 = ( GEOMETRIC_REPRESENTATION_CONTEXT(2) 
PARAMETRIC_REPRESENTATION_CONTEXT() REPRESENTATION_CONTEXT('2D SPACE',''
  ) );
#83 = ORIENTED_EDGE('',*,*,#84,.T.);
#84 = EDGE_CURVE('',#57,#85,#87,.T.);
#85 = VERTEX_POINT('',#86);
#86 = CARTESIAN_POINT('',(-140.,130.,104.));
#87 = SURFACE_CURVE('',#88,(#92,#99),.PCURVE_S1.);
#88 = LINE('',#89,#90);
#89 = CARTESIAN_POINT('',(-140.,-50.,104.));
#90 = VECTOR('',#91,1.);
#91 = DIRECTION('',(0.,1.,0.));
#92 = PCURVE('',#32,#93);
#93 = DEFINITIONAL_REPRESENTATION('',(#94),#98);
#94 = LINE('',#95,#96);
#95 = CARTESIAN_POINT('',(0.,0.));
#96 = VECTOR('',#97,1.);
#97 = DIRECTION('',(0.,-1.));
#98 = ( GEOMETRIC_REPRESENTATION_CONTEXT(2) 
PARAMETRIC_REPRESENTATION_CONTEXT() REPRESENTATION_CONTEXT('2D SPACE',''
  ) );
#99 = PCURVE('',#100,#105);
#100 = PLANE('',#101);
#101 = AXIS2_PLACEMENT_3D('',#102,#103,#104);
#102 = CARTESIAN_POINT('',(-140.,-50.,104.));
#103 = DIRECTION('',(0.,0.,1.));
#104 = DIRECTION('',(1.,0.,0.));
#105 = DEFINITIONAL_REPRESENTATION('',(#106),#110);
#106 = LINE('',#107,#108);
#107 = CARTESIAN_POINT('',(0.,0.));
#108 = VECTOR('',#109,1.);
#109 = DIRECTION('',(0.,1.));
#110 = ( GEOMETRIC_REPRESENTATION_CONTEXT(2) 
PARAMETRIC_REPRESENTATION_CONTEXT() REPRESENTATION_CONTEXT('2D SPACE',''
  ) );
#111 = ORIENTED_EDGE('',*,*,#112,.T.);
#112 = EDGE_CURVE('',#85,#24,#113,.T.);
#113 = SURFACE_CURVE('',#114,(#118,#125),.PCURVE_S1.);
#114 = LINE('',#115,#116);
#115 = CARTESIAN_POINT('',(-140.,130.,104.));
#116 = VECTOR('',#117,1.);
#117 = DIRECTION('',(0.,0.,1.));
#118 = PCURVE('',#32,#119);
#119 = DEFINITIONAL_REPRESENTATION('',(#120),#124);
#120 = LINE('',#121,#122);
#121 = CARTESIAN_POINT('',(0.,-180.));
#122 = VECTOR('',#123,1.);
#123 = DIRECTION('',(1.,0.));
#124 = ( GEOMETRIC_REPRESENTATION_CONTEXT(2) 
PARAMETRIC_REPRESENTATION_CONTEXT() REPRESENTATION_CONTEXT('2D SPACE',''
  ) );
#125 = PCURVE('',#126,#131);
#126 = CYLINDRICAL_SURFACE('',#127,20.);
#127 = AXIS2_PLACEMENT_3D('',#128,#129,#130);
#128 = CARTESIAN_POINT('',(-120.,130.,104.));
#129 = DIRECTION('',(0.,0.,1.));
#130 = DIRECTION('',(-1.,-0.,0.));
#131 = DEFINITIONAL_REPRESENTATION('',(#132),#136);
#132 = LINE('',#133,#134);
#133 = CARTESIAN_POINT('',(-0.,0.));
#134 = VECTOR('',#135,1.);
#135 = DIRECTION('',(-0.,1.));
#136 = ( GEOMETRIC_REPRESENTATION_CONTEXT(2) 
PARAMETRIC_REPRESENTATION_CONTEXT() REPRESENTATION_CONTEXT('2D SPACE',''
  ) );
#137 = ADVANCED_FACE('',(#138),#44,.T.);
#138 = FACE_BOUND('',#139,.T.);
#139 = EDGE_LOOP('',(#140,#141,#165,#193,#226,#254,#283,#311));
#140 = ORIENTED_EDGE('',*,*,#21,.F.);
#141 = ORIENTED_EDGE('',*,*,#142,.T.);
#142 = EDGE_CURVE('',#22,#143,#145,.T.);
#143 = VERTEX_POINT('',#144);
#144 = CARTESIAN_POINT('',(-120.,-50.,110.));
#145 = SURFACE_CURVE('',#146,(#151,#158),.PCURVE_S1.);
#146 = CIRCLE('',#147,20.);
#147 = AXIS2_PLACEMENT_3D('',#148,#149,#150);
#148 = CARTESIAN_POINT('',(-120.,-30.,110.));
#149 = DIRECTION('',(0.,0.,1.));
#150 = DIRECTION('',(0.,-1.,0.));
#151 = PCURVE('',#44,#152);
#152 = DEFINITIONAL_REPRESENTATION('',(#153),#157);
#153 = CIRCLE('',#154,20.);
#154 = AXIS2_PLACEMENT_2D('',#155,#156);
#155 = CARTESIAN_POINT('',(20.,20.));
#156 = DIRECTION('',(0.,-1.));
#157 = ( GEOMETRIC_REPRESENTATION_CONTEXT(2) 
PARAMETRIC_REPRESENTATION_CONTEXT() REPRESENTATION_CONTEXT('2D SPACE',''
  ) );
#158 = PCURVE('',#72,#159);
#159 = DEFINITIONAL_REPRESENTATION('',(#160),#164);
#160 = LINE('',#161,#162);
#161 = CARTESIAN_POINT('',(-4.712388980385,6.));
#162 = VECTOR('',#163,1.);
#163 = DIRECTION('',(1.,0.));
#164 = ( GEOMETRIC_REPRESENTATION_CONTEXT(2) 
PARAMETRIC_REPRESENTATION_CONTEXT() REPRESENTATION_CONTEXT('2D SPACE',''
  ) );
#165 = ORIENTED_EDGE('',*,*,#166,.T.);
#166 = EDGE_CURVE('',#143,#167,#169,.T.);
#167 = VERTEX_POINT('',#168);
#168 = CARTESIAN_POINT('',(120.,-50.,110.));
#169 = SURFACE_CURVE('',#170,(#174,#181),.PCURVE_S1.);
#170 = LINE('',#171,#172);
#171 = CARTESIAN_POINT('',(-140.,-50.,110.));
#172 = VECTOR('',#173,1.);
#173 = DIRECTION('',(1.,0.,0.));
#174 = PCURVE('',#44,#175);
#175 = DEFINITIONAL_REPRESENTATION('',(#176),#180);
#176 = LINE('',#177,#178);
#177 = CARTESIAN_POINT('',(0.,0.));
#178 = VECTOR('',#179,1.);
#179 = DIRECTION('',(1.,0.));
#180 = ( GEOMETRIC_REPRESENTATION_CONTEXT(2) 
PARAMETRIC_REPRESENTATION_CONTEXT() REPRESENTATION_CONTEXT('2D SPACE',''
  ) );
#181 = PCURVE('',#182,#187);
#182 = PLANE('',#183);
#183 = AXIS2_PLACEMENT_3D('',#184,#185,#186);
#184 = CARTESIAN_POINT('',(-140.,-50.,104.));
#185 = DIRECTION('',(0.,1.,0.));
#186 = DIRECTION('',(0.,0.,1.));
#187 = DEFINITIONAL_REPRESENTATION('',(#188),#192);
#188 = LINE('',#189,#190);
#189 = CARTESIAN_POINT('',(6.,0.));
#190 = VECTOR('',#191,1.);
#191 = DIRECTION('',(0.,1.));
#192 = ( GEOMETRIC_REPRESENTATION_CONTEXT(2) 
PARAMETRIC_REPRESENTATION_CONTEXT() REPRESENTATION_CONTEXT('2D SPACE',''
  ) );
#193 = ORIENTED_EDGE('',*,*,#194,.F.);
#194 = EDGE_CURVE('',#195,#167,#197,.T.);
#195 = VERTEX_POINT('',#196);
#196 = CARTESIAN_POINT('',(140.,-30.,110.));
#197 = SURFACE_CURVE('',#198,(#203,#214),.PCURVE_S1.);
#198 = CIRCLE('',#199,20.);
#199 = AXIS2_PLACEMENT_3D('',#200,#201,#202);
#200 = CARTESIAN_POINT('',(120.,-30.,110.));
#201 = DIRECTION('',(-0.,-0.,-1.));
#202 = DIRECTION('',(0.,-1.,0.));
#203 = PCURVE('',#44,#204);
#204 = DEFINITIONAL_REPRESENTATION('',(#205),#213);
#205 = ( BOUNDED_CURVE() B_SPLINE_CURVE(2,(#206,#207,#208,#209,#210,#211
,#212),.UNSPECIFIED.,.T.,.F.) B_SPLINE_CURVE_WITH_KNOTS((1,2,2,2,2,1),(
    -2.094395102393,0.,2.094395102393,4.188790204786,6.28318530718,
8.377580409573),.UNSPECIFIED.) CURVE() GEOMETRIC_REPRESENTATION_ITEM() 
RATIONAL_B_SPLINE_CURVE((1.,0.5,1.,0.5,1.,0.5,1.)) REPRESENTATION_ITEM(
  '') );
#206 = CARTESIAN_POINT('',(260.,0.));
#207 = CARTESIAN_POINT('',(225.35898384862,0.));
#208 = CARTESIAN_POINT('',(242.67949192431,30.));
#209 = CARTESIAN_POINT('',(260.,60.));
#210 = CARTESIAN_POINT('',(277.32050807568,30.));
#211 = CARTESIAN_POINT('',(294.64101615137,3.19744231092E-14));
#212 = CARTESIAN_POINT('',(260.,0.));
#213 = ( GEOMETRIC_REPRESENTATION_CONTEXT(2) 
PARAMETRIC_REPRESENTATION_CONTEXT() REPRESENTATION_CONTEXT('2D SPACE',''
  ) );
#214 = PCURVE('',#215,#220);
#215 = CYLINDRICAL_SURFACE('',#216,20.);
#216 = AXIS2_PLACEMENT_3D('',#217,#218,#219);
#217 = CARTESIAN_POINT('',(120.,-30.,104.));
#218 = DIRECTION('',(0.,0.,1.));
#219 = DIRECTION('',(1.,0.,-0.));
#220 = DEFINITIONAL_REPRESENTATION('',(#221),#225);
#221 = LINE('',#222,#223);
#222 = CARTESIAN_POINT('',(4.712388980385,6.));
#223 = VECTOR('',#224,1.);
#224 = DIRECTION('',(-1.,0.));
#225 = ( GEOMETRIC_REPRESENTATION_CONTEXT(2) 
PARAMETRIC_REPRESENTATION_CONTEXT() REPRESENTATION_CONTEXT('2D SPACE',''
  ) );
#226 = ORIENTED_EDGE('',*,*,#227,.T.);
#227 = EDGE_CURVE('',#195,#228,#230,.T.);
#228 = VERTEX_POINT('',#229);
#229 = CARTESIAN_POINT('',(140.,130.,110.));
#230 = SURFACE_CURVE('',#231,(#235,#242),.PCURVE_S1.);
#231 = LINE('',#232,#233);
#232 = CARTESIAN_POINT('',(140.,-50.,110.));
#233 = VECTOR('',#234,1.);
#234 = DIRECTION('',(0.,1.,0.));
#235 = PCURVE('',#44,#236);
#236 = DEFINITIONAL_REPRESENTATION('',(#237),#241);
#237 = LINE('',#238,#239);
#238 = CARTESIAN_POINT('',(280.,0.));
#239 = VECTOR('',#240,1.);
#240 = DIRECTION('',(0.,1.));
#241 = ( GEOMETRIC_REPRESENTATION_CONTEXT(2) 
PARAMETRIC_REPRESENTATION_CONTEXT() REPRESENTATION_CONTEXT('2D SPACE',''
  ) );
#242 = PCURVE('',#243,#248);
#243 = PLANE('',#244);
#244 = AXIS2_PLACEMENT_3D('',#245,#246,#247);
#245 = CARTESIAN_POINT('',(140.,-50.,104.));
#246 = DIRECTION('',(1.,0.,0.));
#247 = DIRECTION('',(0.,0.,1.));
#248 = DEFINITIONAL_REPRESENTATION('',(#249),#253);
#249 = LINE('',#250,#251);
#250 = CARTESIAN_POINT('',(6.,0.));
#251 = VECTOR('',#252,1.);
#252 = DIRECTION('',(0.,-1.));
#253 = ( GEOMETRIC_REPRESENTATION_CONTEXT(2) 
PARAMETRIC_REPRESENTATION_CONTEXT() REPRESENTATION_CONTEXT('2D SPACE',''
  ) );
#254 = ORIENTED_EDGE('',*,*,#255,.T.);
#255 = EDGE_CURVE('',#228,#256,#258,.T.);
#256 = VERTEX_POINT('',#257);
#257 = CARTESIAN_POINT('',(120.,150.,110.));
#258 = SURFACE_CURVE('',#259,(#264,#271),.PCURVE_S1.);
#259 = CIRCLE('',#260,20.);
#260 = AXIS2_PLACEMENT_3D('',#261,#262,#263);
#261 = CARTESIAN_POINT('',(120.,130.,110.));
#262 = DIRECTION('',(0.,0.,1.));
#263 = DIRECTION('',(0.,-1.,0.));
#264 = PCURVE('',#44,#265);
#265 = DEFINITIONAL_REPRESENTATION('',(#266),#270);
#266 = CIRCLE('',#267,20.);
#267 = AXIS2_PLACEMENT_2D('',#268,#269);
#268 = CARTESIAN_POINT('',(260.,180.));
#269 = DIRECTION('',(0.,-1.));
#270 = ( GEOMETRIC_REPRESENTATION_CONTEXT(2) 
PARAMETRIC_REPRESENTATION_CONTEXT() REPRESENTATION_CONTEXT('2D SPACE',''
  ) );
#271 = PCURVE('',#272,#277);
#272 = CYLINDRICAL_SURFACE('',#273,20.);
#273 = AXIS2_PLACEMENT_3D('',#274,#275,#276);
#274 = CARTESIAN_POINT('',(120.,130.,104.));
#275 = DIRECTION('',(0.,0.,1.));
#276 = DIRECTION('',(1.,0.,-0.));
#277 = DEFINITIONAL_REPRESENTATION('',(#278),#282);
#278 = LINE('',#279,#280);
#279 = CARTESIAN_POINT('',(-1.570796326795,6.));
#280 = VECTOR('',#281,1.);
#281 = DIRECTION('',(1.,0.));
#282 = ( GEOMETRIC_REPRESENTATION_CONTEXT(2) 
PARAMETRIC_REPRESENTATION_CONTEXT() REPRESENTATION_CONTEXT('2D SPACE',''
  ) );
#283 = ORIENTED_EDGE('',*,*,#284,.F.);
#284 = EDGE_CURVE('',#285,#256,#287,.T.);
#285 = VERTEX_POINT('',#286);
#286 = CARTESIAN_POINT('',(-120.,150.,110.));
#287 = SURFACE_CURVE('',#288,(#292,#299),.PCURVE_S1.);
#288 = LINE('',#289,#290);
#289 = CARTESIAN_POINT('',(-140.,150.,110.));
#290 = VECTOR('',#291,1.);
#291 = DIRECTION('',(1.,0.,0.));
#292 = PCURVE('',#44,#293);
#293 = DEFINITIONAL_REPRESENTATION('',(#294),#298);
#294 = LINE('',#295,#296);
#295 = CARTESIAN_POINT('',(0.,200.));
#296 = VECTOR('',#297,1.);
#297 = DIRECTION('',(1.,0.));
#298 = ( GEOMETRIC_REPRESENTATION_CONTEXT(2) 
PARAMETRIC_REPRESENTATION_CONTEXT() REPRESENTATION_CONTEXT('2D SPACE',''
  ) );
#299 = PCURVE('',#300,#305);
#300 = PLANE('',#301);
#301 = AXIS2_PLACEMENT_3D('',#302,#303,#304);
#302 = CARTESIAN_POINT('',(-140.,150.,104.));
#303 = DIRECTION('',(0.,1.,0.));
#304 = DIRECTION('',(0.,0.,1.));
#305 = DEFINITIONAL_REPRESENTATION('',(#306),#310);
#306 = LINE('',#307,#308);
#307 = CARTESIAN_POINT('',(6.,0.));
#308 = VECTOR('',#309,1.);
#309 = DIRECTION('',(0.,1.));
#310 = ( GEOMETRIC_REPRESENTATION_CONTEXT(2) 
PARAMETRIC_REPRESENTATION_CONTEXT() REPRESENTATION_CONTEXT('2D SPACE',''
  ) );
#311 = ORIENTED_EDGE('',*,*,#312,.F.);
#312 = EDGE_CURVE('',#24,#285,#313,.T.);
#313 = SURFACE_CURVE('',#314,(#319,#330),.PCURVE_S1.);
#314 = CIRCLE('',#315,20.);
#315 = AXIS2_PLACEMENT_3D('',#316,#317,#318);
#316 = CARTESIAN_POINT('',(-120.,130.,110.));
#317 = DIRECTION('',(-0.,-0.,-1.));
#318 = DIRECTION('',(0.,-1.,0.));
#319 = PCURVE('',#44,#320);
#320 = DEFINITIONAL_REPRESENTATION('',(#321),#329);
#321 = ( BOUNDED_CURVE() B_SPLINE_CURVE(2,(#322,#323,#324,#325,#326,#327
,#328),.UNSPECIFIED.,.T.,.F.) B_SPLINE_CURVE_WITH_KNOTS((1,2,2,2,2,1),(
    -2.094395102393,0.,2.094395102393,4.188790204786,6.28318530718,
8.377580409573),.UNSPECIFIED.) CURVE() GEOMETRIC_REPRESENTATION_ITEM() 
RATIONAL_B_SPLINE_CURVE((1.,0.5,1.,0.5,1.,0.5,1.)) REPRESENTATION_ITEM(
  '') );
#322 = CARTESIAN_POINT('',(20.,160.));
#323 = CARTESIAN_POINT('',(-14.64101615137,160.));
#324 = CARTESIAN_POINT('',(2.679491924311,190.));
#325 = CARTESIAN_POINT('',(20.,220.));
#326 = CARTESIAN_POINT('',(37.320508075689,190.));
#327 = CARTESIAN_POINT('',(54.641016151378,160.));
#328 = CARTESIAN_POINT('',(20.,160.));
#329 = ( GEOMETRIC_REPRESENTATION_CONTEXT(2) 
PARAMETRIC_REPRESENTATION_CONTEXT() REPRESENTATION_CONTEXT('2D SPACE',''
  ) );
#330 = PCURVE('',#126,#331);
#331 = DEFINITIONAL_REPRESENTATION('',(#332),#336);
#332 = LINE('',#333,#334);
#333 = CARTESIAN_POINT('',(1.570796326795,6.));
#334 = VECTOR('',#335,1.);
#335 = DIRECTION('',(-1.,0.));
#336 = ( GEOMETRIC_REPRESENTATION_CONTEXT(2) 
PARAMETRIC_REPRESENTATION_CONTEXT() REPRESENTATION_CONTEXT('2D SPACE',''
  ) );
#337 = ADVANCED_FACE('',(#338),#72,.T.);
#338 = FACE_BOUND('',#339,.T.);
#339 = EDGE_LOOP('',(#340,#364,#385,#386));
#340 = ORIENTED_EDGE('',*,*,#341,.T.);
#341 = EDGE_CURVE('',#57,#342,#344,.T.);
#342 = VERTEX_POINT('',#343);
#343 = CARTESIAN_POINT('',(-120.,-50.,104.));
#344 = SURFACE_CURVE('',#345,(#350,#357),.PCURVE_S1.);
#345 = CIRCLE('',#346,20.);
#346 = AXIS2_PLACEMENT_3D('',#347,#348,#349);
#347 = CARTESIAN_POINT('',(-120.,-30.,104.));
#348 = DIRECTION('',(0.,0.,1.));
#349 = DIRECTION('',(0.,-1.,0.));
#350 = PCURVE('',#72,#351);
#351 = DEFINITIONAL_REPRESENTATION('',(#352),#356);
#352 = LINE('',#353,#354);
#353 = CARTESIAN_POINT('',(-4.712388980385,0.));
#354 = VECTOR('',#355,1.);
#355 = DIRECTION('',(1.,0.));
#356 = ( GEOMETRIC_REPRESENTATION_CONTEXT(2) 
PARAMETRIC_REPRESENTATION_CONTEXT() REPRESENTATION_CONTEXT('2D SPACE',''
  ) );
#357 = PCURVE('',#100,#358);
#358 = DEFINITIONAL_REPRESENTATION('',(#359),#363);
#359 = CIRCLE('',#360,20.);
#360 = AXIS2_PLACEMENT_2D('',#361,#362);
#361 = CARTESIAN_POINT('',(20.,20.));
#362 = DIRECTION('',(0.,-1.));
#363 = ( GEOMETRIC_REPRESENTATION_CONTEXT(2) 
PARAMETRIC_REPRESENTATION_CONTEXT() REPRESENTATION_CONTEXT('2D SPACE',''
  ) );
#364 = ORIENTED_EDGE('',*,*,#365,.T.);
#365 = EDGE_CURVE('',#342,#143,#366,.T.);
#366 = SURFACE_CURVE('',#367,(#371,#378),.PCURVE_S1.);
#367 = LINE('',#368,#369);
#368 = CARTESIAN_POINT('',(-120.,-50.,104.));
#369 = VECTOR('',#370,1.);
#370 = DIRECTION('',(0.,0.,1.));
#371 = PCURVE('',#72,#372);
#372 = DEFINITIONAL_REPRESENTATION('',(#373),#377);
#373 = LINE('',#374,#375);
#374 = CARTESIAN_POINT('',(1.570796326795,0.));
#375 = VECTOR('',#376,1.);
#376 = DIRECTION('',(0.,1.));
#377 = ( GEOMETRIC_REPRESENTATION_CONTEXT(2) 
PARAMETRIC_REPRESENTATION_CONTEXT() REPRESENTATION_CONTEXT('2D SPACE',''
  ) );
#378 = PCURVE('',#182,#379);
#379 = DEFINITIONAL_REPRESENTATION('',(#380),#384);
#380 = LINE('',#381,#382);
#381 = CARTESIAN_POINT('',(0.,20.));
#382 = VECTOR('',#383,1.);
#383 = DIRECTION('',(1.,0.));
#384 = ( GEOMETRIC_REPRESENTATION_CONTEXT(2) 
PARAMETRIC_REPRESENTATION_CONTEXT() REPRESENTATION_CONTEXT('2D SPACE',''
  ) );
#385 = ORIENTED_EDGE('',*,*,#142,.F.);
#386 = ORIENTED_EDGE('',*,*,#56,.F.);
#387 = ADVANCED_FACE('',(#388),#126,.T.);
#388 = FACE_BOUND('',#389,.F.);
#389 = EDGE_LOOP('',(#390,#418,#439,#440));
#390 = ORIENTED_EDGE('',*,*,#391,.T.);
#391 = EDGE_CURVE('',#85,#392,#394,.T.);
#392 = VERTEX_POINT('',#393);
#393 = CARTESIAN_POINT('',(-120.,150.,104.));
#394 = SURFACE_CURVE('',#395,(#400,#407),.PCURVE_S1.);
#395 = CIRCLE('',#396,20.);
#396 = AXIS2_PLACEMENT_3D('',#397,#398,#399);
#397 = CARTESIAN_POINT('',(-120.,130.,104.));
#398 = DIRECTION('',(-0.,-0.,-1.));
#399 = DIRECTION('',(0.,-1.,0.));
#400 = PCURVE('',#126,#401);
#401 = DEFINITIONAL_REPRESENTATION('',(#402),#406);
#402 = LINE('',#403,#404);
#403 = CARTESIAN_POINT('',(1.570796326795,-0.));
#404 = VECTOR('',#405,1.);
#405 = DIRECTION('',(-1.,0.));
#406 = ( GEOMETRIC_REPRESENTATION_CONTEXT(2) 
PARAMETRIC_REPRESENTATION_CONTEXT() REPRESENTATION_CONTEXT('2D SPACE',''
  ) );
#407 = PCURVE('',#100,#408);
#408 = DEFINITIONAL_REPRESENTATION('',(#409),#417);
#409 = ( BOUNDED_CURVE() B_SPLINE_CURVE(2,(#410,#411,#412,#413,#414,#415
,#416),.UNSPECIFIED.,.T.,.F.) B_SPLINE_CURVE_WITH_KNOTS((1,2,2,2,2,1),(
    -2.094395102393,0.,2.094395102393,4.188790204786,6.28318530718,
8.377580409573),.UNSPECIFIED.) CURVE() GEOMETRIC_REPRESENTATION_ITEM() 
RATIONAL_B_SPLINE_CURVE((1.,0.5,1.,0.5,1.,0.5,1.)) REPRESENTATION_ITEM(
  '') );
#410 = CARTESIAN_POINT('',(20.,160.));
#411 = CARTESIAN_POINT('',(-14.64101615137,160.));
#412 = CARTESIAN_POINT('',(2.679491924311,190.));
#413 = CARTESIAN_POINT('',(20.,220.));
#414 = CARTESIAN_POINT('',(37.320508075689,190.));
#415 = CARTESIAN_POINT('',(54.641016151378,160.));
#416 = CARTESIAN_POINT('',(20.,160.));
#417 = ( GEOMETRIC_REPRESENTATION_CONTEXT(2) 
PARAMETRIC_REPRESENTATION_CONTEXT() REPRESENTATION_CONTEXT('2D SPACE',''
  ) );
#418 = ORIENTED_EDGE('',*,*,#419,.T.);
#419 = EDGE_CURVE('',#392,#285,#420,.T.);
#420 = SURFACE_CURVE('',#421,(#425,#432),.PCURVE_S1.);
#421 = LINE('',#422,#423);
#422 = CARTESIAN_POINT('',(-120.,150.,104.));
#423 = VECTOR('',#424,1.);
#424 = DIRECTION('',(0.,0.,1.));
#425 = PCURVE('',#126,#426);
#426 = DEFINITIONAL_REPRESENTATION('',(#427),#431);
#427 = LINE('',#428,#429);
#428 = CARTESIAN_POINT('',(-1.570796326795,0.));
#429 = VECTOR('',#430,1.);
#430 = DIRECTION('',(-0.,1.));
#431 = ( GEOMETRIC_REPRESENTATION_CONTEXT(2) 
PARAMETRIC_REPRESENTATION_CONTEXT() REPRESENTATION_CONTEXT('2D SPACE',''
  ) );
#432 = PCURVE('',#300,#433);
#433 = DEFINITIONAL_REPRESENTATION('',(#434),#438);
#434 = LINE('',#435,#436);
#435 = CARTESIAN_POINT('',(0.,20.));
#436 = VECTOR('',#437,1.);
#437 = DIRECTION('',(1.,0.));
#438 = ( GEOMETRIC_REPRESENTATION_CONTEXT(2) 
PARAMETRIC_REPRESENTATION_CONTEXT() REPRESENTATION_CONTEXT('2D SPACE',''
  ) );
#439 = ORIENTED_EDGE('',*,*,#312,.F.);
#440 = ORIENTED_EDGE('',*,*,#112,.F.);
#441 = ADVANCED_FACE('',(#442,#566),#100,.F.);
#442 = FACE_BOUND('',#443,.F.);
#443 = EDGE_LOOP('',(#444,#445,#446,#469,#497,#520,#544,#565));
#444 = ORIENTED_EDGE('',*,*,#84,.F.);
#445 = ORIENTED_EDGE('',*,*,#341,.T.);
#446 = ORIENTED_EDGE('',*,*,#447,.T.);
#447 = EDGE_CURVE('',#342,#448,#450,.T.);
#448 = VERTEX_POINT('',#449);
#449 = CARTESIAN_POINT('',(120.,-50.,104.));
#450 = SURFACE_CURVE('',#451,(#455,#462),.PCURVE_S1.);
#451 = LINE('',#452,#453);
#452 = CARTESIAN_POINT('',(-140.,-50.,104.));
#453 = VECTOR('',#454,1.);
#454 = DIRECTION('',(1.,0.,0.));
#455 = PCURVE('',#100,#456);
#456 = DEFINITIONAL_REPRESENTATION('',(#457),#461);
#457 = LINE('',#458,#459);
#458 = CARTESIAN_POINT('',(0.,0.));
#459 = VECTOR('',#460,1.);
#460 = DIRECTION('',(1.,0.));
#461 = ( GEOMETRIC_REPRESENTATION_CONTEXT(2) 
PARAMETRIC_REPRESENTATION_CONTEXT() REPRESENTATION_CONTEXT('2D SPACE',''
  ) );
#462 = PCURVE('',#182,#463);
#463 = DEFINITIONAL_REPRESENTATION('',(#464),#468);
#464 = LINE('',#465,#466);
#465 = CARTESIAN_POINT('',(0.,0.));
#466 = VECTOR('',#467,1.);
#467 = DIRECTION('',(0.,1.));
#468 = ( GEOMETRIC_REPRESENTATION_CONTEXT(2) 
PARAMETRIC_REPRESENTATION_CONTEXT() REPRESENTATION_CONTEXT('2D SPACE',''
  ) );
#469 = ORIENTED_EDGE('',*,*,#470,.F.);
#470 = EDGE_CURVE('',#471,#448,#473,.T.);
#471 = VERTEX_POINT('',#472);
#472 = CARTESIAN_POINT('',(140.,-30.,104.));
#473 = SURFACE_CURVE('',#474,(#479,#490),.PCURVE_S1.);
#474 = CIRCLE('',#475,20.);
#475 = AXIS2_PLACEMENT_3D('',#476,#477,#478);
#476 = CARTESIAN_POINT('',(120.,-30.,104.));
#477 = DIRECTION('',(-0.,-0.,-1.));
#478 = DIRECTION('',(0.,-1.,0.));
#479 = PCURVE('',#100,#480);
#480 = DEFINITIONAL_REPRESENTATION('',(#481),#489);
#481 = ( BOUNDED_CURVE() B_SPLINE_CURVE(2,(#482,#483,#484,#485,#486,#487
,#488),.UNSPECIFIED.,.T.,.F.) B_SPLINE_CURVE_WITH_KNOTS((1,2,2,2,2,1),(
    -2.094395102393,0.,2.094395102393,4.188790204786,6.28318530718,
8.377580409573),.UNSPECIFIED.) CURVE() GEOMETRIC_REPRESENTATION_ITEM() 
RATIONAL_B_SPLINE_CURVE((1.,0.5,1.,0.5,1.,0.5,1.)) REPRESENTATION_ITEM(
  '') );
#482 = CARTESIAN_POINT('',(260.,0.));
#483 = CARTESIAN_POINT('',(225.35898384862,0.));
#484 = CARTESIAN_POINT('',(242.67949192431,30.));
#485 = CARTESIAN_POINT('',(260.,60.));
#486 = CARTESIAN_POINT('',(277.32050807568,30.));
#487 = CARTESIAN_POINT('',(294.64101615137,3.19744231092E-14));
#488 = CARTESIAN_POINT('',(260.,0.));
#489 = ( GEOMETRIC_REPRESENTATION_CONTEXT(2) 
PARAMETRIC_REPRESENTATION_CONTEXT() REPRESENTATION_CONTEXT('2D SPACE',''
  ) );
#490 = PCURVE('',#215,#491);
#491 = DEFINITIONAL_REPRESENTATION('',(#492),#496);
#492 = LINE('',#493,#494);
#493 = CARTESIAN_POINT('',(4.712388980385,-0.));
#494 = VECTOR('',#495,1.);
#495 = DIRECTION('',(-1.,0.));
#496 = ( GEOMETRIC_REPRESENTATION_CONTEXT(2) 
PARAMETRIC_REPRESENTATION_CONTEXT() REPRESENTATION_CONTEXT('2D SPACE',''
  ) );
#497 = ORIENTED_EDGE('',*,*,#498,.T.);
#498 = EDGE_CURVE('',#471,#499,#501,.T.);
#499 = VERTEX_POINT('',#500);
#500 = CARTESIAN_POINT('',(140.,130.,104.));
#501 = SURFACE_CURVE('',#502,(#506,#513),.PCURVE_S1.);
#502 = LINE('',#503,#504);
#503 = CARTESIAN_POINT('',(140.,-50.,104.));
#504 = VECTOR('',#505,1.);
#505 = DIRECTION('',(0.,1.,0.));
#506 = PCURVE('',#100,#507);
#507 = DEFINITIONAL_REPRESENTATION('',(#508),#512);
#508 = LINE('',#509,#510);
#509 = CARTESIAN_POINT('',(280.,0.));
#510 = VECTOR('',#511,1.);
#511 = DIRECTION('',(0.,1.));
#512 = ( GEOMETRIC_REPRESENTATION_CONTEXT(2) 
PARAMETRIC_REPRESENTATION_CONTEXT() REPRESENTATION_CONTEXT('2D SPACE',''
  ) );
#513 = PCURVE('',#243,#514);
#514 = DEFINITIONAL_REPRESENTATION('',(#515),#519);
#515 = LINE('',#516,#517);
#516 = CARTESIAN_POINT('',(0.,0.));
#517 = VECTOR('',#518,1.);
#518 = DIRECTION('',(0.,-1.));
#519 = ( GEOMETRIC_REPRESENTATION_CONTEXT(2) 
PARAMETRIC_REPRESENTATION_CONTEXT() REPRESENTATION_CONTEXT('2D SPACE',''
  ) );
#520 = ORIENTED_EDGE('',*,*,#521,.T.);
#521 = EDGE_CURVE('',#499,#522,#524,.T.);
#522 = VERTEX_POINT('',#523);
#523 = CARTESIAN_POINT('',(120.,150.,104.));
#524 = SURFACE_CURVE('',#525,(#530,#537),.PCURVE_S1.);
#525 = CIRCLE('',#526,20.);
#526 = AXIS2_PLACEMENT_3D('',#527,#528,#529);
#527 = CARTESIAN_POINT('',(120.,130.,104.));
#528 = DIRECTION('',(0.,0.,1.));
#529 = DIRECTION('',(0.,-1.,0.));
#530 = PCURVE('',#100,#531);
#531 = DEFINITIONAL_REPRESENTATION('',(#532),#536);
#532 = CIRCLE('',#533,20.);
#533 = AXIS2_PLACEMENT_2D('',#534,#535);
#534 = CARTESIAN_POINT('',(260.,180.));
#535 = DIRECTION('',(0.,-1.));
#536 = ( GEOMETRIC_REPRESENTATION_CONTEXT(2) 
PARAMETRIC_REPRESENTATION_CONTEXT() REPRESENTATION_CONTEXT('2D SPACE',''
  ) );
#537 = PCURVE('',#272,#538);
#538 = DEFINITIONAL_REPRESENTATION('',(#539),#543);
#539 = LINE('',#540,#541);
#540 = CARTESIAN_POINT('',(-1.570796326795,0.));
#541 = VECTOR('',#542,1.);
#542 = DIRECTION('',(1.,0.));
#543 = ( GEOMETRIC_REPRESENTATION_CONTEXT(2) 
PARAMETRIC_REPRESENTATION_CONTEXT() REPRESENTATION_CONTEXT('2D SPACE',''
  ) );
#544 = ORIENTED_EDGE('',*,*,#545,.F.);
#545 = EDGE_CURVE('',#392,#522,#546,.T.);
#546 = SURFACE_CURVE('',#547,(#551,#558),.PCURVE_S1.);
#547 = LINE('',#548,#549);
#548 = CARTESIAN_POINT('',(-140.,150.,104.));
#549 = VECTOR('',#550,1.);
#550 = DIRECTION('',(1.,0.,0.));
#551 = PCURVE('',#100,#552);
#552 = DEFINITIONAL_REPRESENTATION('',(#553),#557);
#553 = LINE('',#554,#555);
#554 = CARTESIAN_POINT('',(0.,200.));
#555 = VECTOR('',#556,1.);
#556 = DIRECTION('',(1.,0.));
#557 = ( GEOMETRIC_REPRESENTATION_CONTEXT(2) 
PARAMETRIC_REPRESENTATION_CONTEXT() REPRESENTATION_CONTEXT('2D SPACE',''
  ) );
#558 = PCURVE('',#300,#559);
#559 = DEFINITIONAL_REPRESENTATION('',(#560),#564);
#560 = LINE('',#561,#562);
#561 = CARTESIAN_POINT('',(0.,0.));
#562 = VECTOR('',#563,1.);
#563 = DIRECTION('',(0.,1.));
#564 = ( GEOMETRIC_REPRESENTATION_CONTEXT(2) 
PARAMETRIC_REPRESENTATION_CONTEXT() REPRESENTATION_CONTEXT('2D SPACE',''
  ) );
#565 = ORIENTED_EDGE('',*,*,#391,.F.);
#566 = FACE_BOUND('',#567,.F.);
#567 = EDGE_LOOP('',(#568,#599,#627,#660,#688,#717,#745,#778));
#568 = ORIENTED_EDGE('',*,*,#569,.F.);
#569 = EDGE_CURVE('',#570,#572,#574,.T.);
#570 = VERTEX_POINT('',#571);
#571 = CARTESIAN_POINT('',(-138.,-30.,104.));
#572 = VERTEX_POINT('',#573);
#573 = CARTESIAN_POINT('',(-120.,-48.,104.));
#574 = SURFACE_CURVE('',#575,(#580,#587),.PCURVE_S1.);
#575 = CIRCLE('',#576,18.);
#576 = AXIS2_PLACEMENT_3D('',#577,#578,#579);
#577 = CARTESIAN_POINT('',(-120.,-30.,104.));
#578 = DIRECTION('',(0.,0.,1.));
#579 = DIRECTION('',(0.,-1.,0.));
#580 = PCURVE('',#100,#581);
#581 = DEFINITIONAL_REPRESENTATION('',(#582),#586);
#582 = CIRCLE('',#583,18.);
#583 = AXIS2_PLACEMENT_2D('',#584,#585);
#584 = CARTESIAN_POINT('',(20.,20.));
#585 = DIRECTION('',(0.,-1.));
#586 = ( GEOMETRIC_REPRESENTATION_CONTEXT(2) 
PARAMETRIC_REPRESENTATION_CONTEXT() REPRESENTATION_CONTEXT('2D SPACE',''
  ) );
#587 = PCURVE('',#588,#593);
#588 = CYLINDRICAL_SURFACE('',#589,18.);
#589 = AXIS2_PLACEMENT_3D('',#590,#591,#592);
#590 = CARTESIAN_POINT('',(-120.,-30.,75.));
#591 = DIRECTION('',(0.,0.,1.));
#592 = DIRECTION('',(-1.,-0.,0.));
#593 = DEFINITIONAL_REPRESENTATION('',(#594),#598);
#594 = LINE('',#595,#596);
#595 = CARTESIAN_POINT('',(-4.712388980385,29.));
#596 = VECTOR('',#597,1.);
#597 = DIRECTION('',(1.,0.));
#598 = ( GEOMETRIC_REPRESENTATION_CONTEXT(2) 
PARAMETRIC_REPRESENTATION_CONTEXT() REPRESENTATION_CONTEXT('2D SPACE',''
  ) );
#599 = ORIENTED_EDGE('',*,*,#600,.T.);
#600 = EDGE_CURVE('',#570,#601,#603,.T.);
#601 = VERTEX_POINT('',#602);
#602 = CARTESIAN_POINT('',(-138.,130.,104.));
#603 = SURFACE_CURVE('',#604,(#608,#615),.PCURVE_S1.);
#604 = LINE('',#605,#606);
#605 = CARTESIAN_POINT('',(-138.,-48.,104.));
#606 = VECTOR('',#607,1.);
#607 = DIRECTION('',(0.,1.,0.));
#608 = PCURVE('',#100,#609);
#609 = DEFINITIONAL_REPRESENTATION('',(#610),#614);
#610 = LINE('',#611,#612);
#611 = CARTESIAN_POINT('',(2.,2.));
#612 = VECTOR('',#613,1.);
#613 = DIRECTION('',(0.,1.));
#614 = ( GEOMETRIC_REPRESENTATION_CONTEXT(2) 
PARAMETRIC_REPRESENTATION_CONTEXT() REPRESENTATION_CONTEXT('2D SPACE',''
  ) );
#615 = PCURVE('',#616,#621);
#616 = PLANE('',#617);
#617 = AXIS2_PLACEMENT_3D('',#618,#619,#620);
#618 = CARTESIAN_POINT('',(-138.,-48.,75.));
#619 = DIRECTION('',(1.,0.,0.));
#620 = DIRECTION('',(0.,0.,1.));
#621 = DEFINITIONAL_REPRESENTATION('',(#622),#626);
#622 = LINE('',#623,#624);
#623 = CARTESIAN_POINT('',(29.,0.));
#624 = VECTOR('',#625,1.);
#625 = DIRECTION('',(0.,-1.));
#626 = ( GEOMETRIC_REPRESENTATION_CONTEXT(2) 
PARAMETRIC_REPRESENTATION_CONTEXT() REPRESENTATION_CONTEXT('2D SPACE',''
  ) );
#627 = ORIENTED_EDGE('',*,*,#628,.T.);
#628 = EDGE_CURVE('',#601,#629,#631,.T.);
#629 = VERTEX_POINT('',#630);
#630 = CARTESIAN_POINT('',(-120.,148.,104.));
#631 = SURFACE_CURVE('',#632,(#637,#648),.PCURVE_S1.);
#632 = CIRCLE('',#633,18.);
#633 = AXIS2_PLACEMENT_3D('',#634,#635,#636);
#634 = CARTESIAN_POINT('',(-120.,130.,104.));
#635 = DIRECTION('',(-0.,-0.,-1.));
#636 = DIRECTION('',(0.,-1.,0.));
#637 = PCURVE('',#100,#638);
#638 = DEFINITIONAL_REPRESENTATION('',(#639),#647);
#639 = ( BOUNDED_CURVE() B_SPLINE_CURVE(2,(#640,#641,#642,#643,#644,#645
,#646),.UNSPECIFIED.,.T.,.F.) B_SPLINE_CURVE_WITH_KNOTS((1,2,2,2,2,1),(
    -2.094395102393,0.,2.094395102393,4.188790204786,6.28318530718,
8.377580409573),.UNSPECIFIED.) CURVE() GEOMETRIC_REPRESENTATION_ITEM() 
RATIONAL_B_SPLINE_CURVE((1.,0.5,1.,0.5,1.,0.5,1.)) REPRESENTATION_ITEM(
  '') );
#640 = CARTESIAN_POINT('',(20.,162.));
#641 = CARTESIAN_POINT('',(-11.17691453624,162.));
#642 = CARTESIAN_POINT('',(4.41154273188,189.));
#643 = CARTESIAN_POINT('',(20.,216.));
#644 = CARTESIAN_POINT('',(35.58845726812,189.));
#645 = CARTESIAN_POINT('',(51.17691453624,162.));
#646 = CARTESIAN_POINT('',(20.,162.));
#647 = ( GEOMETRIC_REPRESENTATION_CONTEXT(2) 
PARAMETRIC_REPRESENTATION_CONTEXT() REPRESENTATION_CONTEXT('2D SPACE',''
  ) );
#648 = PCURVE('',#649,#654);
#649 = CYLINDRICAL_SURFACE('',#650,18.);
#650 = AXIS2_PLACEMENT_3D('',#651,#652,#653);
#651 = CARTESIAN_POINT('',(-120.,130.,75.));
#652 = DIRECTION('',(0.,0.,1.));
#653 = DIRECTION('',(-1.,-0.,0.));
#654 = DEFINITIONAL_REPRESENTATION('',(#655),#659);
#655 = LINE('',#656,#657);
#656 = CARTESIAN_POINT('',(1.570796326795,29.));
#657 = VECTOR('',#658,1.);
#658 = DIRECTION('',(-1.,0.));
#659 = ( GEOMETRIC_REPRESENTATION_CONTEXT(2) 
PARAMETRIC_REPRESENTATION_CONTEXT() REPRESENTATION_CONTEXT('2D SPACE',''
  ) );
#660 = ORIENTED_EDGE('',*,*,#661,.T.);
#661 = EDGE_CURVE('',#629,#662,#664,.T.);
#662 = VERTEX_POINT('',#663);
#663 = CARTESIAN_POINT('',(120.,148.,104.));
#664 = SURFACE_CURVE('',#665,(#669,#676),.PCURVE_S1.);
#665 = LINE('',#666,#667);
#666 = CARTESIAN_POINT('',(-138.,148.,104.));
#667 = VECTOR('',#668,1.);
#668 = DIRECTION('',(1.,0.,0.));
#669 = PCURVE('',#100,#670);
#670 = DEFINITIONAL_REPRESENTATION('',(#671),#675);
#671 = LINE('',#672,#673);
#672 = CARTESIAN_POINT('',(2.,198.));
#673 = VECTOR('',#674,1.);
#674 = DIRECTION('',(1.,0.));
#675 = ( GEOMETRIC_REPRESENTATION_CONTEXT(2) 
PARAMETRIC_REPRESENTATION_CONTEXT() REPRESENTATION_CONTEXT('2D SPACE',''
  ) );
#676 = PCURVE('',#677,#682);
#677 = PLANE('',#678);
#678 = AXIS2_PLACEMENT_3D('',#679,#680,#681);
#679 = CARTESIAN_POINT('',(-138.,148.,75.));
#680 = DIRECTION('',(0.,1.,0.));
#681 = DIRECTION('',(0.,0.,1.));
#682 = DEFINITIONAL_REPRESENTATION('',(#683),#687);
#683 = LINE('',#684,#685);
#684 = CARTESIAN_POINT('',(29.,0.));
#685 = VECTOR('',#686,1.);
#686 = DIRECTION('',(0.,1.));
#687 = ( GEOMETRIC_REPRESENTATION_CONTEXT(2) 
PARAMETRIC_REPRESENTATION_CONTEXT() REPRESENTATION_CONTEXT('2D SPACE',''
  ) );
#688 = ORIENTED_EDGE('',*,*,#689,.F.);
#689 = EDGE_CURVE('',#690,#662,#692,.T.);
#690 = VERTEX_POINT('',#691);
#691 = CARTESIAN_POINT('',(138.,130.,104.));
#692 = SURFACE_CURVE('',#693,(#698,#705),.PCURVE_S1.);
#693 = CIRCLE('',#694,18.);
#694 = AXIS2_PLACEMENT_3D('',#695,#696,#697);
#695 = CARTESIAN_POINT('',(120.,130.,104.));
#696 = DIRECTION('',(0.,0.,1.));
#697 = DIRECTION('',(0.,-1.,0.));
#698 = PCURVE('',#100,#699);
#699 = DEFINITIONAL_REPRESENTATION('',(#700),#704);
#700 = CIRCLE('',#701,18.);
#701 = AXIS2_PLACEMENT_2D('',#702,#703);
#702 = CARTESIAN_POINT('',(260.,180.));
#703 = DIRECTION('',(0.,-1.));
#704 = ( GEOMETRIC_REPRESENTATION_CONTEXT(2) 
PARAMETRIC_REPRESENTATION_CONTEXT() REPRESENTATION_CONTEXT('2D SPACE',''
  ) );
#705 = PCURVE('',#706,#711);
#706 = CYLINDRICAL_SURFACE('',#707,18.);
#707 = AXIS2_PLACEMENT_3D('',#708,#709,#710);
#708 = CARTESIAN_POINT('',(120.,130.,75.));
#709 = DIRECTION('',(0.,0.,1.));
#710 = DIRECTION('',(1.,0.,-0.));
#711 = DEFINITIONAL_REPRESENTATION('',(#712),#716);
#712 = LINE('',#713,#714);
#713 = CARTESIAN_POINT('',(-1.570796326795,29.));
#714 = VECTOR('',#715,1.);
#715 = DIRECTION('',(1.,0.));
#716 = ( GEOMETRIC_REPRESENTATION_CONTEXT(2) 
PARAMETRIC_REPRESENTATION_CONTEXT() REPRESENTATION_CONTEXT('2D SPACE',''
  ) );
#717 = ORIENTED_EDGE('',*,*,#718,.F.);
#718 = EDGE_CURVE('',#719,#690,#721,.T.);
#719 = VERTEX_POINT('',#720);
#720 = CARTESIAN_POINT('',(138.,-30.,104.));
#721 = SURFACE_CURVE('',#722,(#726,#733),.PCURVE_S1.);
#722 = LINE('',#723,#724);
#723 = CARTESIAN_POINT('',(138.,-48.,104.));
#724 = VECTOR('',#725,1.);
#725 = DIRECTION('',(0.,1.,0.));
#726 = PCURVE('',#100,#727);
#727 = DEFINITIONAL_REPRESENTATION('',(#728),#732);
#728 = LINE('',#729,#730);
#729 = CARTESIAN_POINT('',(278.,2.));
#730 = VECTOR('',#731,1.);
#731 = DIRECTION('',(0.,1.));
#732 = ( GEOMETRIC_REPRESENTATION_CONTEXT(2) 
PARAMETRIC_REPRESENTATION_CONTEXT() REPRESENTATION_CONTEXT('2D SPACE',''
  ) );
#733 = PCURVE('',#734,#739);
#734 = PLANE('',#735);
#735 = AXIS2_PLACEMENT_3D('',#736,#737,#738);
#736 = CARTESIAN_POINT('',(138.,-48.,75.));
#737 = DIRECTION('',(1.,0.,0.));
#738 = DIRECTION('',(0.,0.,1.));
#739 = DEFINITIONAL_REPRESENTATION('',(#740),#744);
#740 = LINE('',#741,#742);
#741 = CARTESIAN_POINT('',(29.,0.));
#742 = VECTOR('',#743,1.);
#743 = DIRECTION('',(0.,-1.));
#744 = ( GEOMETRIC_REPRESENTATION_CONTEXT(2) 
PARAMETRIC_REPRESENTATION_CONTEXT() REPRESENTATION_CONTEXT('2D SPACE',''
  ) );
#745 = ORIENTED_EDGE('',*,*,#746,.T.);
#746 = EDGE_CURVE('',#719,#747,#749,.T.);
#747 = VERTEX_POINT('',#748);
#748 = CARTESIAN_POINT('',(120.,-48.,104.));
#749 = SURFACE_CURVE('',#750,(#755,#766),.PCURVE_S1.);
#750 = CIRCLE('',#751,18.);
#751 = AXIS2_PLACEMENT_3D('',#752,#753,#754);
#752 = CARTESIAN_POINT('',(120.,-30.,104.));
#753 = DIRECTION('',(-0.,-0.,-1.));
#754 = DIRECTION('',(0.,-1.,0.));
#755 = PCURVE('',#100,#756);
#756 = DEFINITIONAL_REPRESENTATION('',(#757),#765);
#757 = ( BOUNDED_CURVE() B_SPLINE_CURVE(2,(#758,#759,#760,#761,#762,#763
,#764),.UNSPECIFIED.,.T.,.F.) B_SPLINE_CURVE_WITH_KNOTS((1,2,2,2,2,1),(
    -2.094395102393,0.,2.094395102393,4.188790204786,6.28318530718,
8.377580409573),.UNSPECIFIED.) CURVE() GEOMETRIC_REPRESENTATION_ITEM() 
RATIONAL_B_SPLINE_CURVE((1.,0.5,1.,0.5,1.,0.5,1.)) REPRESENTATION_ITEM(
  '') );
#758 = CARTESIAN_POINT('',(260.,2.));
#759 = CARTESIAN_POINT('',(228.82308546376,2.));
#760 = CARTESIAN_POINT('',(244.41154273188,29.));
#761 = CARTESIAN_POINT('',(260.,56.));
#762 = CARTESIAN_POINT('',(275.58845726812,29.));
#763 = CARTESIAN_POINT('',(291.17691453624,2.));
#764 = CARTESIAN_POINT('',(260.,2.));
#765 = ( GEOMETRIC_REPRESENTATION_CONTEXT(2) 
PARAMETRIC_REPRESENTATION_CONTEXT() REPRESENTATION_CONTEXT('2D SPACE',''
  ) );
#766 = PCURVE('',#767,#772);
#767 = CYLINDRICAL_SURFACE('',#768,18.);
#768 = AXIS2_PLACEMENT_3D('',#769,#770,#771);
#769 = CARTESIAN_POINT('',(120.,-30.,75.));
#770 = DIRECTION('',(0.,0.,1.));
#771 = DIRECTION('',(1.,0.,-0.));
#772 = DEFINITIONAL_REPRESENTATION('',(#773),#777);
#773 = LINE('',#774,#775);
#774 = CARTESIAN_POINT('',(4.712388980385,29.));
#775 = VECTOR('',#776,1.);
#776 = DIRECTION('',(-1.,0.));
#777 = ( GEOMETRIC_REPRESENTATION_CONTEXT(2) 
PARAMETRIC_REPRESENTATION_CONTEXT() REPRESENTATION_CONTEXT('2D SPACE',''
  ) );
#778 = ORIENTED_EDGE('',*,*,#779,.F.);
#779 = EDGE_CURVE('',#572,#747,#780,.T.);
#780 = SURFACE_CURVE('',#781,(#785,#792),.PCURVE_S1.);
#781 = LINE('',#782,#783);
#782 = CARTESIAN_POINT('',(-138.,-48.,104.));
#783 = VECTOR('',#784,1.);
#784 = DIRECTION('',(1.,0.,0.));
#785 = PCURVE('',#100,#786);
#786 = DEFINITIONAL_REPRESENTATION('',(#787),#791);
#787 = LINE('',#788,#789);
#788 = CARTESIAN_POINT('',(2.,2.));
#789 = VECTOR('',#790,1.);
#790 = DIRECTION('',(1.,0.));
#791 = ( GEOMETRIC_REPRESENTATION_CONTEXT(2) 
PARAMETRIC_REPRESENTATION_CONTEXT() REPRESENTATION_CONTEXT('2D SPACE',''
  ) );
#792 = PCURVE('',#793,#798);
#793 = PLANE('',#794);
#794 = AXIS2_PLACEMENT_3D('',#795,#796,#797);
#795 = CARTESIAN_POINT('',(-138.,-48.,75.));
#796 = DIRECTION('',(0.,1.,0.));
#797 = DIRECTION('',(0.,0.,1.));
#798 = DEFINITIONAL_REPRESENTATION('',(#799),#803);
#799 = LINE('',#800,#801);
#800 = CARTESIAN_POINT('',(29.,0.));
#801 = VECTOR('',#802,1.);
#802 = DIRECTION('',(0.,1.));
#803 = ( GEOMETRIC_REPRESENTATION_CONTEXT(2) 
PARAMETRIC_REPRESENTATION_CONTEXT() REPRESENTATION_CONTEXT('2D SPACE',''
  ) );
#804 = ADVANCED_FACE('',(#805),#182,.F.);
#805 = FACE_BOUND('',#806,.F.);
#806 = EDGE_LOOP('',(#807,#808,#809,#810));
#807 = ORIENTED_EDGE('',*,*,#447,.F.);
#808 = ORIENTED_EDGE('',*,*,#365,.T.);
#809 = ORIENTED_EDGE('',*,*,#166,.T.);
#810 = ORIENTED_EDGE('',*,*,#811,.F.);
#811 = EDGE_CURVE('',#448,#167,#812,.T.);
#812 = SURFACE_CURVE('',#813,(#817,#824),.PCURVE_S1.);
#813 = LINE('',#814,#815);
#814 = CARTESIAN_POINT('',(120.,-50.,104.));
#815 = VECTOR('',#816,1.);
#816 = DIRECTION('',(0.,0.,1.));
#817 = PCURVE('',#182,#818);
#818 = DEFINITIONAL_REPRESENTATION('',(#819),#823);
#819 = LINE('',#820,#821);
#820 = CARTESIAN_POINT('',(0.,260.));
#821 = VECTOR('',#822,1.);
#822 = DIRECTION('',(1.,0.));
#823 = ( GEOMETRIC_REPRESENTATION_CONTEXT(2) 
PARAMETRIC_REPRESENTATION_CONTEXT() REPRESENTATION_CONTEXT('2D SPACE',''
  ) );
#824 = PCURVE('',#215,#825);
#825 = DEFINITIONAL_REPRESENTATION('',(#826),#830);
#826 = LINE('',#827,#828);
#827 = CARTESIAN_POINT('',(-1.570796326795,0.));
#828 = VECTOR('',#829,1.);
#829 = DIRECTION('',(-0.,1.));
#830 = ( GEOMETRIC_REPRESENTATION_CONTEXT(2) 
PARAMETRIC_REPRESENTATION_CONTEXT() REPRESENTATION_CONTEXT('2D SPACE',''
  ) );
#831 = ADVANCED_FACE('',(#832),#300,.T.);
#832 = FACE_BOUND('',#833,.T.);
#833 = EDGE_LOOP('',(#834,#835,#836,#837));
#834 = ORIENTED_EDGE('',*,*,#545,.F.);
#835 = ORIENTED_EDGE('',*,*,#419,.T.);
#836 = ORIENTED_EDGE('',*,*,#284,.T.);
#837 = ORIENTED_EDGE('',*,*,#838,.F.);
#838 = EDGE_CURVE('',#522,#256,#839,.T.);
#839 = SURFACE_CURVE('',#840,(#844,#851),.PCURVE_S1.);
#840 = LINE('',#841,#842);
#841 = CARTESIAN_POINT('',(120.,150.,104.));
#842 = VECTOR('',#843,1.);
#843 = DIRECTION('',(0.,0.,1.));
#844 = PCURVE('',#300,#845);
#845 = DEFINITIONAL_REPRESENTATION('',(#846),#850);
#846 = LINE('',#847,#848);
#847 = CARTESIAN_POINT('',(0.,260.));
#848 = VECTOR('',#849,1.);
#849 = DIRECTION('',(1.,0.));
#850 = ( GEOMETRIC_REPRESENTATION_CONTEXT(2) 
PARAMETRIC_REPRESENTATION_CONTEXT() REPRESENTATION_CONTEXT('2D SPACE',''
  ) );
#851 = PCURVE('',#272,#852);
#852 = DEFINITIONAL_REPRESENTATION('',(#853),#857);
#853 = LINE('',#854,#855);
#854 = CARTESIAN_POINT('',(1.570796326795,0.));
#855 = VECTOR('',#856,1.);
#856 = DIRECTION('',(0.,1.));
#857 = ( GEOMETRIC_REPRESENTATION_CONTEXT(2) 
PARAMETRIC_REPRESENTATION_CONTEXT() REPRESENTATION_CONTEXT('2D SPACE',''
  ) );
#858 = ADVANCED_FACE('',(#859),#215,.T.);
#859 = FACE_BOUND('',#860,.F.);
#860 = EDGE_LOOP('',(#861,#862,#863,#864));
#861 = ORIENTED_EDGE('',*,*,#470,.T.);
#862 = ORIENTED_EDGE('',*,*,#811,.T.);
#863 = ORIENTED_EDGE('',*,*,#194,.F.);
#864 = ORIENTED_EDGE('',*,*,#865,.F.);
#865 = EDGE_CURVE('',#471,#195,#866,.T.);
#866 = SURFACE_CURVE('',#867,(#871,#878),.PCURVE_S1.);
#867 = LINE('',#868,#869);
#868 = CARTESIAN_POINT('',(140.,-30.,104.));
#869 = VECTOR('',#870,1.);
#870 = DIRECTION('',(0.,0.,1.));
#871 = PCURVE('',#215,#872);
#872 = DEFINITIONAL_REPRESENTATION('',(#873),#877);
#873 = LINE('',#874,#875);
#874 = CARTESIAN_POINT('',(-0.,0.));
#875 = VECTOR('',#876,1.);
#876 = DIRECTION('',(-0.,1.));
#877 = ( GEOMETRIC_REPRESENTATION_CONTEXT(2) 
PARAMETRIC_REPRESENTATION_CONTEXT() REPRESENTATION_CONTEXT('2D SPACE',''
  ) );
#878 = PCURVE('',#243,#879);
#879 = DEFINITIONAL_REPRESENTATION('',(#880),#884);
#880 = LINE('',#881,#882);
#881 = CARTESIAN_POINT('',(0.,-20.));
#882 = VECTOR('',#883,1.);
#883 = DIRECTION('',(1.,0.));
#884 = ( GEOMETRIC_REPRESENTATION_CONTEXT(2) 
PARAMETRIC_REPRESENTATION_CONTEXT() REPRESENTATION_CONTEXT('2D SPACE',''
  ) );
#885 = ADVANCED_FACE('',(#886),#272,.T.);
#886 = FACE_BOUND('',#887,.T.);
#887 = EDGE_LOOP('',(#888,#889,#890,#891));
#888 = ORIENTED_EDGE('',*,*,#521,.T.);
#889 = ORIENTED_EDGE('',*,*,#838,.T.);
#890 = ORIENTED_EDGE('',*,*,#255,.F.);
#891 = ORIENTED_EDGE('',*,*,#892,.F.);
#892 = EDGE_CURVE('',#499,#228,#893,.T.);
#893 = SURFACE_CURVE('',#894,(#898,#905),.PCURVE_S1.);
#894 = LINE('',#895,#896);
#895 = CARTESIAN_POINT('',(140.,130.,104.));
#896 = VECTOR('',#897,1.);
#897 = DIRECTION('',(0.,0.,1.));
#898 = PCURVE('',#272,#899);
#899 = DEFINITIONAL_REPRESENTATION('',(#900),#904);
#900 = LINE('',#901,#902);
#901 = CARTESIAN_POINT('',(0.,0.));
#902 = VECTOR('',#903,1.);
#903 = DIRECTION('',(0.,1.));
#904 = ( GEOMETRIC_REPRESENTATION_CONTEXT(2) 
PARAMETRIC_REPRESENTATION_CONTEXT() REPRESENTATION_CONTEXT('2D SPACE',''
  ) );
#905 = PCURVE('',#243,#906);
#906 = DEFINITIONAL_REPRESENTATION('',(#907),#911);
#907 = LINE('',#908,#909);
#908 = CARTESIAN_POINT('',(0.,-180.));
#909 = VECTOR('',#910,1.);
#910 = DIRECTION('',(1.,0.));
#911 = ( GEOMETRIC_REPRESENTATION_CONTEXT(2) 
PARAMETRIC_REPRESENTATION_CONTEXT() REPRESENTATION_CONTEXT('2D SPACE',''
  ) );
#912 = ADVANCED_FACE('',(#913),#243,.T.);
#913 = FACE_BOUND('',#914,.T.);
#914 = EDGE_LOOP('',(#915,#916,#917,#918));
#915 = ORIENTED_EDGE('',*,*,#227,.F.);
#916 = ORIENTED_EDGE('',*,*,#865,.F.);
#917 = ORIENTED_EDGE('',*,*,#498,.T.);
#918 = ORIENTED_EDGE('',*,*,#892,.T.);
#919 = ADVANCED_FACE('',(#920),#588,.T.);
#920 = FACE_BOUND('',#921,.T.);
#921 = EDGE_LOOP('',(#922,#953,#974,#975));
#922 = ORIENTED_EDGE('',*,*,#923,.T.);
#923 = EDGE_CURVE('',#924,#926,#928,.T.);
#924 = VERTEX_POINT('',#925);
#925 = CARTESIAN_POINT('',(-138.,-30.,75.));
#926 = VERTEX_POINT('',#927);
#927 = CARTESIAN_POINT('',(-120.,-48.,75.));
#928 = SURFACE_CURVE('',#929,(#934,#941),.PCURVE_S1.);
#929 = CIRCLE('',#930,18.);
#930 = AXIS2_PLACEMENT_3D('',#931,#932,#933);
#931 = CARTESIAN_POINT('',(-120.,-30.,75.));
#932 = DIRECTION('',(0.,0.,1.));
#933 = DIRECTION('',(0.,-1.,0.));
#934 = PCURVE('',#588,#935);
#935 = DEFINITIONAL_REPRESENTATION('',(#936),#940);
#936 = LINE('',#937,#938);
#937 = CARTESIAN_POINT('',(-4.712388980385,0.));
#938 = VECTOR('',#939,1.);
#939 = DIRECTION('',(1.,0.));
#940 = ( GEOMETRIC_REPRESENTATION_CONTEXT(2) 
PARAMETRIC_REPRESENTATION_CONTEXT() REPRESENTATION_CONTEXT('2D SPACE',''
  ) );
#941 = PCURVE('',#942,#947);
#942 = PLANE('',#943);
#943 = AXIS2_PLACEMENT_3D('',#944,#945,#946);
#944 = CARTESIAN_POINT('',(-138.,-48.,75.));
#945 = DIRECTION('',(0.,0.,1.));
#946 = DIRECTION('',(1.,0.,0.));
#947 = DEFINITIONAL_REPRESENTATION('',(#948),#952);
#948 = CIRCLE('',#949,18.);
#949 = AXIS2_PLACEMENT_2D('',#950,#951);
#950 = CARTESIAN_POINT('',(18.,18.));
#951 = DIRECTION('',(0.,-1.));
#952 = ( GEOMETRIC_REPRESENTATION_CONTEXT(2) 
PARAMETRIC_REPRESENTATION_CONTEXT() REPRESENTATION_CONTEXT('2D SPACE',''
  ) );
#953 = ORIENTED_EDGE('',*,*,#954,.T.);
#954 = EDGE_CURVE('',#926,#572,#955,.T.);
#955 = SURFACE_CURVE('',#956,(#960,#967),.PCURVE_S1.);
#956 = LINE('',#957,#958);
#957 = CARTESIAN_POINT('',(-120.,-48.,75.));
#958 = VECTOR('',#959,1.);
#959 = DIRECTION('',(0.,0.,1.));
#960 = PCURVE('',#588,#961);
#961 = DEFINITIONAL_REPRESENTATION('',(#962),#966);
#962 = LINE('',#963,#964);
#963 = CARTESIAN_POINT('',(1.570796326795,0.));
#964 = VECTOR('',#965,1.);
#965 = DIRECTION('',(0.,1.));
#966 = ( GEOMETRIC_REPRESENTATION_CONTEXT(2) 
PARAMETRIC_REPRESENTATION_CONTEXT() REPRESENTATION_CONTEXT('2D SPACE',''
  ) );
#967 = PCURVE('',#793,#968);
#968 = DEFINITIONAL_REPRESENTATION('',(#969),#973);
#969 = LINE('',#970,#971);
#970 = CARTESIAN_POINT('',(0.,18.));
#971 = VECTOR('',#972,1.);
#972 = DIRECTION('',(1.,0.));
#973 = ( GEOMETRIC_REPRESENTATION_CONTEXT(2) 
PARAMETRIC_REPRESENTATION_CONTEXT() REPRESENTATION_CONTEXT('2D SPACE',''
  ) );
#974 = ORIENTED_EDGE('',*,*,#569,.F.);
#975 = ORIENTED_EDGE('',*,*,#976,.F.);
#976 = EDGE_CURVE('',#924,#570,#977,.T.);
#977 = SURFACE_CURVE('',#978,(#982,#989),.PCURVE_S1.);
#978 = LINE('',#979,#980);
#979 = CARTESIAN_POINT('',(-138.,-30.,75.));
#980 = VECTOR('',#981,1.);
#981 = DIRECTION('',(0.,0.,1.));
#982 = PCURVE('',#588,#983);
#983 = DEFINITIONAL_REPRESENTATION('',(#984),#988);
#984 = LINE('',#985,#986);
#985 = CARTESIAN_POINT('',(0.,0.));
#986 = VECTOR('',#987,1.);
#987 = DIRECTION('',(0.,1.));
#988 = ( GEOMETRIC_REPRESENTATION_CONTEXT(2) 
PARAMETRIC_REPRESENTATION_CONTEXT() REPRESENTATION_CONTEXT('2D SPACE',''
  ) );
#989 = PCURVE('',#616,#990);
#990 = DEFINITIONAL_REPRESENTATION('',(#991),#995);
#991 = LINE('',#992,#993);
#992 = CARTESIAN_POINT('',(0.,-18.));
#993 = VECTOR('',#994,1.);
#994 = DIRECTION('',(1.,0.));
#995 = ( GEOMETRIC_REPRESENTATION_CONTEXT(2) 
PARAMETRIC_REPRESENTATION_CONTEXT() REPRESENTATION_CONTEXT('2D SPACE',''
  ) );
#996 = ADVANCED_FACE('',(#997),#793,.F.);
#997 = FACE_BOUND('',#998,.F.);
#998 = EDGE_LOOP('',(#999,#1022,#1023,#1024));
#999 = ORIENTED_EDGE('',*,*,#1000,.F.);
#1000 = EDGE_CURVE('',#926,#1001,#1003,.T.);
#1001 = VERTEX_POINT('',#1002);
#1002 = CARTESIAN_POINT('',(120.,-48.,75.));
#1003 = SURFACE_CURVE('',#1004,(#1008,#1015),.PCURVE_S1.);
#1004 = LINE('',#1005,#1006);
#1005 = CARTESIAN_POINT('',(-138.,-48.,75.));
#1006 = VECTOR('',#1007,1.);
#1007 = DIRECTION('',(1.,0.,0.));
#1008 = PCURVE('',#793,#1009);
#1009 = DEFINITIONAL_REPRESENTATION('',(#1010),#1014);
#1010 = LINE('',#1011,#1012);
#1011 = CARTESIAN_POINT('',(0.,0.));
#1012 = VECTOR('',#1013,1.);
#1013 = DIRECTION('',(0.,1.));
#1014 = ( GEOMETRIC_REPRESENTATION_CONTEXT(2) 
PARAMETRIC_REPRESENTATION_CONTEXT() REPRESENTATION_CONTEXT('2D SPACE',''
  ) );
#1015 = PCURVE('',#942,#1016);
#1016 = DEFINITIONAL_REPRESENTATION('',(#1017),#1021);
#1017 = LINE('',#1018,#1019);
#1018 = CARTESIAN_POINT('',(0.,0.));
#1019 = VECTOR('',#1020,1.);
#1020 = DIRECTION('',(1.,0.));
#1021 = ( GEOMETRIC_REPRESENTATION_CONTEXT(2) 
PARAMETRIC_REPRESENTATION_CONTEXT() REPRESENTATION_CONTEXT('2D SPACE',''
  ) );
#1022 = ORIENTED_EDGE('',*,*,#954,.T.);
#1023 = ORIENTED_EDGE('',*,*,#779,.T.);
#1024 = ORIENTED_EDGE('',*,*,#1025,.F.);
#1025 = EDGE_CURVE('',#1001,#747,#1026,.T.);
#1026 = SURFACE_CURVE('',#1027,(#1031,#1038),.PCURVE_S1.);
#1027 = LINE('',#1028,#1029);
#1028 = CARTESIAN_POINT('',(120.,-48.,75.));
#1029 = VECTOR('',#1030,1.);
#1030 = DIRECTION('',(0.,0.,1.));
#1031 = PCURVE('',#793,#1032);
#1032 = DEFINITIONAL_REPRESENTATION('',(#1033),#1037);
#1033 = LINE('',#1034,#1035);
#1034 = CARTESIAN_POINT('',(0.,258.));
#1035 = VECTOR('',#1036,1.);
#1036 = DIRECTION('',(1.,0.));
#1037 = ( GEOMETRIC_REPRESENTATION_CONTEXT(2) 
PARAMETRIC_REPRESENTATION_CONTEXT() REPRESENTATION_CONTEXT('2D SPACE',''
  ) );
#1038 = PCURVE('',#767,#1039);
#1039 = DEFINITIONAL_REPRESENTATION('',(#1040),#1044);
#1040 = LINE('',#1041,#1042);
#1041 = CARTESIAN_POINT('',(-1.570796326795,0.));
#1042 = VECTOR('',#1043,1.);
#1043 = DIRECTION('',(-0.,1.));
#1044 = ( GEOMETRIC_REPRESENTATION_CONTEXT(2) 
PARAMETRIC_REPRESENTATION_CONTEXT() REPRESENTATION_CONTEXT('2D SPACE',''
  ) );
#1045 = ADVANCED_FACE('',(#1046),#767,.T.);
#1046 = FACE_BOUND('',#1047,.F.);
#1047 = EDGE_LOOP('',(#1048,#1076,#1077,#1078));
#1048 = ORIENTED_EDGE('',*,*,#1049,.T.);
#1049 = EDGE_CURVE('',#1050,#1001,#1052,.T.);
#1050 = VERTEX_POINT('',#1051);
#1051 = CARTESIAN_POINT('',(138.,-30.,75.));
#1052 = SURFACE_CURVE('',#1053,(#1058,#1065),.PCURVE_S1.);
#1053 = CIRCLE('',#1054,18.);
#1054 = AXIS2_PLACEMENT_3D('',#1055,#1056,#1057);
#1055 = CARTESIAN_POINT('',(120.,-30.,75.));
#1056 = DIRECTION('',(-0.,-0.,-1.));
#1057 = DIRECTION('',(0.,-1.,0.));
#1058 = PCURVE('',#767,#1059);
#1059 = DEFINITIONAL_REPRESENTATION('',(#1060),#1064);
#1060 = LINE('',#1061,#1062);
#1061 = CARTESIAN_POINT('',(4.712388980385,-0.));
#1062 = VECTOR('',#1063,1.);
#1063 = DIRECTION('',(-1.,0.));
#1064 = ( GEOMETRIC_REPRESENTATION_CONTEXT(2) 
PARAMETRIC_REPRESENTATION_CONTEXT() REPRESENTATION_CONTEXT('2D SPACE',''
  ) );
#1065 = PCURVE('',#942,#1066);
#1066 = DEFINITIONAL_REPRESENTATION('',(#1067),#1075);
#1067 = ( BOUNDED_CURVE() B_SPLINE_CURVE(2,(#1068,#1069,#1070,#1071,
#1072,#1073,#1074),.UNSPECIFIED.,.T.,.F.) B_SPLINE_CURVE_WITH_KNOTS((1,2
    ,2,2,2,1),(-2.094395102393,0.,2.094395102393,4.188790204786,
6.28318530718,8.377580409573),.UNSPECIFIED.) CURVE() 
GEOMETRIC_REPRESENTATION_ITEM() RATIONAL_B_SPLINE_CURVE((1.,0.5,1.,0.5,
1.,0.5,1.)) REPRESENTATION_ITEM('') );
#1068 = CARTESIAN_POINT('',(258.,0.));
#1069 = CARTESIAN_POINT('',(226.82308546376,0.));
#1070 = CARTESIAN_POINT('',(242.41154273188,27.));
#1071 = CARTESIAN_POINT('',(258.,54.));
#1072 = CARTESIAN_POINT('',(273.58845726812,27.));
#1073 = CARTESIAN_POINT('',(289.17691453624,2.84217094304E-14));
#1074 = CARTESIAN_POINT('',(258.,0.));
#1075 = ( GEOMETRIC_REPRESENTATION_CONTEXT(2) 
PARAMETRIC_REPRESENTATION_CONTEXT() REPRESENTATION_CONTEXT('2D SPACE',''
  ) );
#1076 = ORIENTED_EDGE('',*,*,#1025,.T.);
#1077 = ORIENTED_EDGE('',*,*,#746,.F.);
#1078 = ORIENTED_EDGE('',*,*,#1079,.F.);
#1079 = EDGE_CURVE('',#1050,#719,#1080,.T.);
#1080 = SURFACE_CURVE('',#1081,(#1085,#1092),.PCURVE_S1.);
#1081 = LINE('',#1082,#1083);
#1082 = CARTESIAN_POINT('',(138.,-30.,75.));
#1083 = VECTOR('',#1084,1.);
#1084 = DIRECTION('',(0.,0.,1.));
#1085 = PCURVE('',#767,#1086);
#1086 = DEFINITIONAL_REPRESENTATION('',(#1087),#1091);
#1087 = LINE('',#1088,#1089);
#1088 = CARTESIAN_POINT('',(-0.,0.));
#1089 = VECTOR('',#1090,1.);
#1090 = DIRECTION('',(-0.,1.));
#1091 = ( GEOMETRIC_REPRESENTATION_CONTEXT(2) 
PARAMETRIC_REPRESENTATION_CONTEXT() REPRESENTATION_CONTEXT('2D SPACE',''
  ) );
#1092 = PCURVE('',#734,#1093);
#1093 = DEFINITIONAL_REPRESENTATION('',(#1094),#1098);
#1094 = LINE('',#1095,#1096);
#1095 = CARTESIAN_POINT('',(0.,-18.));
#1096 = VECTOR('',#1097,1.);
#1097 = DIRECTION('',(1.,0.));
#1098 = ( GEOMETRIC_REPRESENTATION_CONTEXT(2) 
PARAMETRIC_REPRESENTATION_CONTEXT() REPRESENTATION_CONTEXT('2D SPACE',''
  ) );
#1099 = ADVANCED_FACE('',(#1100),#734,.T.);
#1100 = FACE_BOUND('',#1101,.T.);
#1101 = EDGE_LOOP('',(#1102,#1103,#1104,#1127));
#1102 = ORIENTED_EDGE('',*,*,#718,.F.);
#1103 = ORIENTED_EDGE('',*,*,#1079,.F.);
#1104 = ORIENTED_EDGE('',*,*,#1105,.T.);
#1105 = EDGE_CURVE('',#1050,#1106,#1108,.T.);
#1106 = VERTEX_POINT('',#1107);
#1107 = CARTESIAN_POINT('',(138.,130.,75.));
#1108 = SURFACE_CURVE('',#1109,(#1113,#1120),.PCURVE_S1.);
#1109 = LINE('',#1110,#1111);
#1110 = CARTESIAN_POINT('',(138.,-48.,75.));
#1111 = VECTOR('',#1112,1.);
#1112 = DIRECTION('',(0.,1.,0.));
#1113 = PCURVE('',#734,#1114);
#1114 = DEFINITIONAL_REPRESENTATION('',(#1115),#1119);
#1115 = LINE('',#1116,#1117);
#1116 = CARTESIAN_POINT('',(0.,0.));
#1117 = VECTOR('',#1118,1.);
#1118 = DIRECTION('',(0.,-1.));
#1119 = ( GEOMETRIC_REPRESENTATION_CONTEXT(2) 
PARAMETRIC_REPRESENTATION_CONTEXT() REPRESENTATION_CONTEXT('2D SPACE',''
  ) );
#1120 = PCURVE('',#942,#1121);
#1121 = DEFINITIONAL_REPRESENTATION('',(#1122),#1126);
#1122 = LINE('',#1123,#1124);
#1123 = CARTESIAN_POINT('',(276.,0.));
#1124 = VECTOR('',#1125,1.);
#1125 = DIRECTION('',(0.,1.));
#1126 = ( GEOMETRIC_REPRESENTATION_CONTEXT(2) 
PARAMETRIC_REPRESENTATION_CONTEXT() REPRESENTATION_CONTEXT('2D SPACE',''
  ) );
#1127 = ORIENTED_EDGE('',*,*,#1128,.T.);
#1128 = EDGE_CURVE('',#1106,#690,#1129,.T.);
#1129 = SURFACE_CURVE('',#1130,(#1134,#1141),.PCURVE_S1.);
#1130 = LINE('',#1131,#1132);
#1131 = CARTESIAN_POINT('',(138.,130.,75.));
#1132 = VECTOR('',#1133,1.);
#1133 = DIRECTION('',(0.,0.,1.));
#1134 = PCURVE('',#734,#1135);
#1135 = DEFINITIONAL_REPRESENTATION('',(#1136),#1140);
#1136 = LINE('',#1137,#1138);
#1137 = CARTESIAN_POINT('',(0.,-178.));
#1138 = VECTOR('',#1139,1.);
#1139 = DIRECTION('',(1.,0.));
#1140 = ( GEOMETRIC_REPRESENTATION_CONTEXT(2) 
PARAMETRIC_REPRESENTATION_CONTEXT() REPRESENTATION_CONTEXT('2D SPACE',''
  ) );
#1141 = PCURVE('',#706,#1142);
#1142 = DEFINITIONAL_REPRESENTATION('',(#1143),#1147);
#1143 = LINE('',#1144,#1145);
#1144 = CARTESIAN_POINT('',(0.,0.));
#1145 = VECTOR('',#1146,1.);
#1146 = DIRECTION('',(0.,1.));
#1147 = ( GEOMETRIC_REPRESENTATION_CONTEXT(2) 
PARAMETRIC_REPRESENTATION_CONTEXT() REPRESENTATION_CONTEXT('2D SPACE',''
  ) );
#1148 = ADVANCED_FACE('',(#1149),#706,.T.);
#1149 = FACE_BOUND('',#1150,.T.);
#1150 = EDGE_LOOP('',(#1151,#1175,#1196,#1197));
#1151 = ORIENTED_EDGE('',*,*,#1152,.T.);
#1152 = EDGE_CURVE('',#1106,#1153,#1155,.T.);
#1153 = VERTEX_POINT('',#1154);
#1154 = CARTESIAN_POINT('',(120.,148.,75.));
#1155 = SURFACE_CURVE('',#1156,(#1161,#1168),.PCURVE_S1.);
#1156 = CIRCLE('',#1157,18.);
#1157 = AXIS2_PLACEMENT_3D('',#1158,#1159,#1160);
#1158 = CARTESIAN_POINT('',(120.,130.,75.));
#1159 = DIRECTION('',(0.,0.,1.));
#1160 = DIRECTION('',(0.,-1.,0.));
#1161 = PCURVE('',#706,#1162);
#1162 = DEFINITIONAL_REPRESENTATION('',(#1163),#1167);
#1163 = LINE('',#1164,#1165);
#1164 = CARTESIAN_POINT('',(-1.570796326795,0.));
#1165 = VECTOR('',#1166,1.);
#1166 = DIRECTION('',(1.,0.));
#1167 = ( GEOMETRIC_REPRESENTATION_CONTEXT(2) 
PARAMETRIC_REPRESENTATION_CONTEXT() REPRESENTATION_CONTEXT('2D SPACE',''
  ) );
#1168 = PCURVE('',#942,#1169);
#1169 = DEFINITIONAL_REPRESENTATION('',(#1170),#1174);
#1170 = CIRCLE('',#1171,18.);
#1171 = AXIS2_PLACEMENT_2D('',#1172,#1173);
#1172 = CARTESIAN_POINT('',(258.,178.));
#1173 = DIRECTION('',(0.,-1.));
#1174 = ( GEOMETRIC_REPRESENTATION_CONTEXT(2) 
PARAMETRIC_REPRESENTATION_CONTEXT() REPRESENTATION_CONTEXT('2D SPACE',''
  ) );
#1175 = ORIENTED_EDGE('',*,*,#1176,.T.);
#1176 = EDGE_CURVE('',#1153,#662,#1177,.T.);
#1177 = SURFACE_CURVE('',#1178,(#1182,#1189),.PCURVE_S1.);
#1178 = LINE('',#1179,#1180);
#1179 = CARTESIAN_POINT('',(120.,148.,75.));
#1180 = VECTOR('',#1181,1.);
#1181 = DIRECTION('',(0.,0.,1.));
#1182 = PCURVE('',#706,#1183);
#1183 = DEFINITIONAL_REPRESENTATION('',(#1184),#1188);
#1184 = LINE('',#1185,#1186);
#1185 = CARTESIAN_POINT('',(1.570796326795,0.));
#1186 = VECTOR('',#1187,1.);
#1187 = DIRECTION('',(0.,1.));
#1188 = ( GEOMETRIC_REPRESENTATION_CONTEXT(2) 
PARAMETRIC_REPRESENTATION_CONTEXT() REPRESENTATION_CONTEXT('2D SPACE',''
  ) );
#1189 = PCURVE('',#677,#1190);
#1190 = DEFINITIONAL_REPRESENTATION('',(#1191),#1195);
#1191 = LINE('',#1192,#1193);
#1192 = CARTESIAN_POINT('',(0.,258.));
#1193 = VECTOR('',#1194,1.);
#1194 = DIRECTION('',(1.,0.));
#1195 = ( GEOMETRIC_REPRESENTATION_CONTEXT(2) 
PARAMETRIC_REPRESENTATION_CONTEXT() REPRESENTATION_CONTEXT('2D SPACE',''
  ) );
#1196 = ORIENTED_EDGE('',*,*,#689,.F.);
#1197 = ORIENTED_EDGE('',*,*,#1128,.F.);
#1198 = ADVANCED_FACE('',(#1199),#677,.T.);
#1199 = FACE_BOUND('',#1200,.T.);
#1200 = EDGE_LOOP('',(#1201,#1224,#1245,#1246));
#1201 = ORIENTED_EDGE('',*,*,#1202,.F.);
#1202 = EDGE_CURVE('',#1203,#1153,#1205,.T.);
#1203 = VERTEX_POINT('',#1204);
#1204 = CARTESIAN_POINT('',(-120.,148.,75.));
#1205 = SURFACE_CURVE('',#1206,(#1210,#1217),.PCURVE_S1.);
#1206 = LINE('',#1207,#1208);
#1207 = CARTESIAN_POINT('',(-138.,148.,75.));
#1208 = VECTOR('',#1209,1.);
#1209 = DIRECTION('',(1.,0.,0.));
#1210 = PCURVE('',#677,#1211);
#1211 = DEFINITIONAL_REPRESENTATION('',(#1212),#1216);
#1212 = LINE('',#1213,#1214);
#1213 = CARTESIAN_POINT('',(0.,0.));
#1214 = VECTOR('',#1215,1.);
#1215 = DIRECTION('',(0.,1.));
#1216 = ( GEOMETRIC_REPRESENTATION_CONTEXT(2) 
PARAMETRIC_REPRESENTATION_CONTEXT() REPRESENTATION_CONTEXT('2D SPACE',''
  ) );
#1217 = PCURVE('',#942,#1218);
#1218 = DEFINITIONAL_REPRESENTATION('',(#1219),#1223);
#1219 = LINE('',#1220,#1221);
#1220 = CARTESIAN_POINT('',(0.,196.));
#1221 = VECTOR('',#1222,1.);
#1222 = DIRECTION('',(1.,0.));
#1223 = ( GEOMETRIC_REPRESENTATION_CONTEXT(2) 
PARAMETRIC_REPRESENTATION_CONTEXT() REPRESENTATION_CONTEXT('2D SPACE',''
  ) );
#1224 = ORIENTED_EDGE('',*,*,#1225,.T.);
#1225 = EDGE_CURVE('',#1203,#629,#1226,.T.);
#1226 = SURFACE_CURVE('',#1227,(#1231,#1238),.PCURVE_S1.);
#1227 = LINE('',#1228,#1229);
#1228 = CARTESIAN_POINT('',(-120.,148.,75.));
#1229 = VECTOR('',#1230,1.);
#1230 = DIRECTION('',(0.,0.,1.));
#1231 = PCURVE('',#677,#1232);
#1232 = DEFINITIONAL_REPRESENTATION('',(#1233),#1237);
#1233 = LINE('',#1234,#1235);
#1234 = CARTESIAN_POINT('',(0.,18.));
#1235 = VECTOR('',#1236,1.);
#1236 = DIRECTION('',(1.,0.));
#1237 = ( GEOMETRIC_REPRESENTATION_CONTEXT(2) 
PARAMETRIC_REPRESENTATION_CONTEXT() REPRESENTATION_CONTEXT('2D SPACE',''
  ) );
#1238 = PCURVE('',#649,#1239);
#1239 = DEFINITIONAL_REPRESENTATION('',(#1240),#1244);
#1240 = LINE('',#1241,#1242);
#1241 = CARTESIAN_POINT('',(-1.570796326795,0.));
#1242 = VECTOR('',#1243,1.);
#1243 = DIRECTION('',(-0.,1.));
#1244 = ( GEOMETRIC_REPRESENTATION_CONTEXT(2) 
PARAMETRIC_REPRESENTATION_CONTEXT() REPRESENTATION_CONTEXT('2D SPACE',''
  ) );
#1245 = ORIENTED_EDGE('',*,*,#661,.T.);
#1246 = ORIENTED_EDGE('',*,*,#1176,.F.);
#1247 = ADVANCED_FACE('',(#1248),#649,.T.);
#1248 = FACE_BOUND('',#1249,.F.);
#1249 = EDGE_LOOP('',(#1250,#1278,#1279,#1280));
#1250 = ORIENTED_EDGE('',*,*,#1251,.T.);
#1251 = EDGE_CURVE('',#1252,#1203,#1254,.T.);
#1252 = VERTEX_POINT('',#1253);
#1253 = CARTESIAN_POINT('',(-138.,130.,75.));
#1254 = SURFACE_CURVE('',#1255,(#1260,#1267),.PCURVE_S1.);
#1255 = CIRCLE('',#1256,18.);
#1256 = AXIS2_PLACEMENT_3D('',#1257,#1258,#1259);
#1257 = CARTESIAN_POINT('',(-120.,130.,75.));
#1258 = DIRECTION('',(-0.,-0.,-1.));
#1259 = DIRECTION('',(0.,-1.,0.));
#1260 = PCURVE('',#649,#1261);
#1261 = DEFINITIONAL_REPRESENTATION('',(#1262),#1266);
#1262 = LINE('',#1263,#1264);
#1263 = CARTESIAN_POINT('',(1.570796326795,-0.));
#1264 = VECTOR('',#1265,1.);
#1265 = DIRECTION('',(-1.,0.));
#1266 = ( GEOMETRIC_REPRESENTATION_CONTEXT(2) 
PARAMETRIC_REPRESENTATION_CONTEXT() REPRESENTATION_CONTEXT('2D SPACE',''
  ) );
#1267 = PCURVE('',#942,#1268);
#1268 = DEFINITIONAL_REPRESENTATION('',(#1269),#1277);
#1269 = ( BOUNDED_CURVE() B_SPLINE_CURVE(2,(#1270,#1271,#1272,#1273,
#1274,#1275,#1276),.UNSPECIFIED.,.T.,.F.) B_SPLINE_CURVE_WITH_KNOTS((1,2
    ,2,2,2,1),(-2.094395102393,0.,2.094395102393,4.188790204786,
6.28318530718,8.377580409573),.UNSPECIFIED.) CURVE() 
GEOMETRIC_REPRESENTATION_ITEM() RATIONAL_B_SPLINE_CURVE((1.,0.5,1.,0.5,
1.,0.5,1.)) REPRESENTATION_ITEM('') );
#1270 = CARTESIAN_POINT('',(18.,160.));
#1271 = CARTESIAN_POINT('',(-13.17691453624,160.));
#1272 = CARTESIAN_POINT('',(2.41154273188,187.));
#1273 = CARTESIAN_POINT('',(18.,214.));
#1274 = CARTESIAN_POINT('',(33.58845726812,187.));
#1275 = CARTESIAN_POINT('',(49.17691453624,160.));
#1276 = CARTESIAN_POINT('',(18.,160.));
#1277 = ( GEOMETRIC_REPRESENTATION_CONTEXT(2) 
PARAMETRIC_REPRESENTATION_CONTEXT() REPRESENTATION_CONTEXT('2D SPACE',''
  ) );
#1278 = ORIENTED_EDGE('',*,*,#1225,.T.);
#1279 = ORIENTED_EDGE('',*,*,#628,.F.);
#1280 = ORIENTED_EDGE('',*,*,#1281,.F.);
#1281 = EDGE_CURVE('',#1252,#601,#1282,.T.);
#1282 = SURFACE_CURVE('',#1283,(#1287,#1294),.PCURVE_S1.);
#1283 = LINE('',#1284,#1285);
#1284 = CARTESIAN_POINT('',(-138.,130.,75.));
#1285 = VECTOR('',#1286,1.);
#1286 = DIRECTION('',(0.,0.,1.));
#1287 = PCURVE('',#649,#1288);
#1288 = DEFINITIONAL_REPRESENTATION('',(#1289),#1293);
#1289 = LINE('',#1290,#1291);
#1290 = CARTESIAN_POINT('',(-0.,0.));
#1291 = VECTOR('',#1292,1.);
#1292 = DIRECTION('',(-0.,1.));
#1293 = ( GEOMETRIC_REPRESENTATION_CONTEXT(2) 
PARAMETRIC_REPRESENTATION_CONTEXT() REPRESENTATION_CONTEXT('2D SPACE',''
  ) );
#1294 = PCURVE('',#616,#1295);
#1295 = DEFINITIONAL_REPRESENTATION('',(#1296),#1300);
#1296 = LINE('',#1297,#1298);
#1297 = CARTESIAN_POINT('',(0.,-178.));
#1298 = VECTOR('',#1299,1.);
#1299 = DIRECTION('',(1.,0.));
#1300 = ( GEOMETRIC_REPRESENTATION_CONTEXT(2) 
PARAMETRIC_REPRESENTATION_CONTEXT() REPRESENTATION_CONTEXT('2D SPACE',''
  ) );
#1301 = ADVANCED_FACE('',(#1302),#616,.F.);
#1302 = FACE_BOUND('',#1303,.F.);
#1303 = EDGE_LOOP('',(#1304,#1305,#1306,#1327));
#1304 = ORIENTED_EDGE('',*,*,#600,.F.);
#1305 = ORIENTED_EDGE('',*,*,#976,.F.);
#1306 = ORIENTED_EDGE('',*,*,#1307,.T.);
#1307 = EDGE_CURVE('',#924,#1252,#1308,.T.);
#1308 = SURFACE_CURVE('',#1309,(#1313,#1320),.PCURVE_S1.);
#1309 = LINE('',#1310,#1311);
#1310 = CARTESIAN_POINT('',(-138.,-48.,75.));
#1311 = VECTOR('',#1312,1.);
#1312 = DIRECTION('',(0.,1.,0.));
#1313 = PCURVE('',#616,#1314);
#1314 = DEFINITIONAL_REPRESENTATION('',(#1315),#1319);
#1315 = LINE('',#1316,#1317);
#1316 = CARTESIAN_POINT('',(0.,0.));
#1317 = VECTOR('',#1318,1.);
#1318 = DIRECTION('',(0.,-1.));
#1319 = ( GEOMETRIC_REPRESENTATION_CONTEXT(2) 
PARAMETRIC_REPRESENTATION_CONTEXT() REPRESENTATION_CONTEXT('2D SPACE',''
  ) );
#1320 = PCURVE('',#942,#1321);
#1321 = DEFINITIONAL_REPRESENTATION('',(#1322),#1326);
#1322 = LINE('',#1323,#1324);
#1323 = CARTESIAN_POINT('',(0.,0.));
#1324 = VECTOR('',#1325,1.);
#1325 = DIRECTION('',(0.,1.));
#1326 = ( GEOMETRIC_REPRESENTATION_CONTEXT(2) 
PARAMETRIC_REPRESENTATION_CONTEXT() REPRESENTATION_CONTEXT('2D SPACE',''
  ) );
#1327 = ORIENTED_EDGE('',*,*,#1281,.T.);
#1328 = ADVANCED_FACE('',(#1329,#1339),#942,.F.);
#1329 = FACE_BOUND('',#1330,.F.);
#1330 = EDGE_LOOP('',(#1331,#1332,#1333,#1334,#1335,#1336,#1337,#1338));
#1331 = ORIENTED_EDGE('',*,*,#1307,.F.);
#1332 = ORIENTED_EDGE('',*,*,#923,.T.);
#1333 = ORIENTED_EDGE('',*,*,#1000,.T.);
#1334 = ORIENTED_EDGE('',*,*,#1049,.F.);
#1335 = ORIENTED_EDGE('',*,*,#1105,.T.);
#1336 = ORIENTED_EDGE('',*,*,#1152,.T.);
#1337 = ORIENTED_EDGE('',*,*,#1202,.F.);
#1338 = ORIENTED_EDGE('',*,*,#1251,.F.);
#1339 = FACE_BOUND('',#1340,.F.);
#1340 = EDGE_LOOP('',(#1341,#1372,#1398,#1424,#1450,#1476,#1502,#1528,
    #1554,#1580,#1606,#1632,#1658,#1684,#1710,#1736,#1762,#1788,#1814,
    #1843,#1869,#1895,#1921,#1947,#1973,#1999,#2025,#2051,#2077,#2103,
    #2129,#2155,#2181,#2207,#2233,#2259,#2285,#2311,#2337,#2363,#2389,
    #2415,#2441,#2467,#2493,#2522,#2548,#2574,#2600,#2626,#2652,#2678,
    #2704,#2730,#2756,#2782,#2808,#2834,#2860,#2886,#2912,#2938,#2964,
    #2993,#3019,#3045,#3071,#3097,#3123,#3149,#3175,#3201,#3227,#3253,
    #3279,#3305,#3331,#3357,#3383,#3409,#3435,#3461,#3487,#3513,#3539,
    #3565,#3591,#3617));
#1341 = ORIENTED_EDGE('',*,*,#1342,.F.);
#1342 = EDGE_CURVE('',#1343,#1345,#1347,.T.);
#1343 = VERTEX_POINT('',#1344);
#1344 = CARTESIAN_POINT('',(-134.,-30.,75.));
#1345 = VERTEX_POINT('',#1346);
#1346 = CARTESIAN_POINT('',(-120.,-44.,75.));
#1347 = SURFACE_CURVE('',#1348,(#1353,#1360),.PCURVE_S1.);
#1348 = CIRCLE('',#1349,14.);
#1349 = AXIS2_PLACEMENT_3D('',#1350,#1351,#1352);
#1350 = CARTESIAN_POINT('',(-120.,-30.,75.));
#1351 = DIRECTION('',(0.,0.,1.));
#1352 = DIRECTION('',(-1.,-0.,0.));
#1353 = PCURVE('',#942,#1354);
#1354 = DEFINITIONAL_REPRESENTATION('',(#1355),#1359);
#1355 = CIRCLE('',#1356,14.);
#1356 = AXIS2_PLACEMENT_2D('',#1357,#1358);
#1357 = CARTESIAN_POINT('',(18.,18.));
#1358 = DIRECTION('',(-1.,0.));
#1359 = ( GEOMETRIC_REPRESENTATION_CONTEXT(2) 
PARAMETRIC_REPRESENTATION_CONTEXT() REPRESENTATION_CONTEXT('2D SPACE',''
  ) );
#1360 = PCURVE('',#1361,#1366);
#1361 = CYLINDRICAL_SURFACE('',#1362,14.);
#1362 = AXIS2_PLACEMENT_3D('',#1363,#1364,#1365);
#1363 = CARTESIAN_POINT('',(-120.,-30.,74.));
#1364 = DIRECTION('',(0.,0.,1.));
#1365 = DIRECTION('',(-1.,-0.,0.));
#1366 = DEFINITIONAL_REPRESENTATION('',(#1367),#1371);
#1367 = LINE('',#1368,#1369);
#1368 = CARTESIAN_POINT('',(0.,1.));
#1369 = VECTOR('',#1370,1.);
#1370 = DIRECTION('',(1.,0.));
#1371 = ( GEOMETRIC_REPRESENTATION_CONTEXT(2) 
PARAMETRIC_REPRESENTATION_CONTEXT() REPRESENTATION_CONTEXT('2D SPACE',''
  ) );
#1372 = ORIENTED_EDGE('',*,*,#1373,.T.);
#1373 = EDGE_CURVE('',#1343,#1374,#1376,.T.);
#1374 = VERTEX_POINT('',#1375);
#1375 = CARTESIAN_POINT('',(-134.,-13.,75.));
#1376 = SURFACE_CURVE('',#1377,(#1381,#1387),.PCURVE_S1.);
#1377 = LINE('',#1378,#1379);
#1378 = CARTESIAN_POINT('',(-134.,-46.,75.));
#1379 = VECTOR('',#1380,1.);
#1380 = DIRECTION('',(0.,1.,0.));
#1381 = PCURVE('',#942,#1382);
#1382 = DEFINITIONAL_REPRESENTATION('',(#1383),#1386);
#1383 = B_SPLINE_CURVE_WITH_KNOTS('',1,(#1384,#1385),.UNSPECIFIED.,.F.,
  .F.,(2,2),(16.,176.),.PIECEWISE_BEZIER_KNOTS.);
#1384 = CARTESIAN_POINT('',(4.,18.));
#1385 = CARTESIAN_POINT('',(4.,178.));
#1386 = ( GEOMETRIC_REPRESENTATION_CONTEXT(2) 
PARAMETRIC_REPRESENTATION_CONTEXT() REPRESENTATION_CONTEXT('2D SPACE',''
  ) );
#1387 = PCURVE('',#1388,#1393);
#1388 = PLANE('',#1389);
#1389 = AXIS2_PLACEMENT_3D('',#1390,#1391,#1392);
#1390 = CARTESIAN_POINT('',(-134.,-44.,74.));
#1391 = DIRECTION('',(1.,0.,0.));
#1392 = DIRECTION('',(0.,0.,1.));
#1393 = DEFINITIONAL_REPRESENTATION('',(#1394),#1397);
#1394 = B_SPLINE_CURVE_WITH_KNOTS('',1,(#1395,#1396),.UNSPECIFIED.,.F.,
  .F.,(2,2),(16.,176.),.PIECEWISE_BEZIER_KNOTS.);
#1395 = CARTESIAN_POINT('',(1.,-14.));
#1396 = CARTESIAN_POINT('',(1.,-174.));
#1397 = ( GEOMETRIC_REPRESENTATION_CONTEXT(2) 
PARAMETRIC_REPRESENTATION_CONTEXT() REPRESENTATION_CONTEXT('2D SPACE',''
  ) );
#1398 = ORIENTED_EDGE('',*,*,#1399,.T.);
#1399 = EDGE_CURVE('',#1374,#1400,#1402,.T.);
#1400 = VERTEX_POINT('',#1401);
#1401 = CARTESIAN_POINT('',(-136.,-13.,75.));
#1402 = SURFACE_CURVE('',#1403,(#1407,#1413),.PCURVE_S1.);
#1403 = LINE('',#1404,#1405);
#1404 = CARTESIAN_POINT('',(-137.,-13.,75.));
#1405 = VECTOR('',#1406,1.);
#1406 = DIRECTION('',(-1.,0.,0.));
#1407 = PCURVE('',#942,#1408);
#1408 = DEFINITIONAL_REPRESENTATION('',(#1409),#1412);
#1409 = B_SPLINE_CURVE_WITH_KNOTS('',1,(#1410,#1411),.UNSPECIFIED.,.F.,
  .F.,(2,2),(-273.,-1.),.PIECEWISE_BEZIER_KNOTS.);
#1410 = CARTESIAN_POINT('',(274.,35.));
#1411 = CARTESIAN_POINT('',(2.,35.));
#1412 = ( GEOMETRIC_REPRESENTATION_CONTEXT(2) 
PARAMETRIC_REPRESENTATION_CONTEXT() REPRESENTATION_CONTEXT('2D SPACE',''
  ) );
#1413 = PCURVE('',#1414,#1419);
#1414 = PLANE('',#1415);
#1415 = AXIS2_PLACEMENT_3D('',#1416,#1417,#1418);
#1416 = CARTESIAN_POINT('',(-136.,-13.,74.));
#1417 = DIRECTION('',(0.,1.,0.));
#1418 = DIRECTION('',(0.,0.,1.));
#1419 = DEFINITIONAL_REPRESENTATION('',(#1420),#1423);
#1420 = B_SPLINE_CURVE_WITH_KNOTS('',1,(#1421,#1422),.UNSPECIFIED.,.F.,
  .F.,(2,2),(-273.,-1.),.PIECEWISE_BEZIER_KNOTS.);
#1421 = CARTESIAN_POINT('',(1.,272.));
#1422 = CARTESIAN_POINT('',(1.,0.));
#1423 = ( GEOMETRIC_REPRESENTATION_CONTEXT(2) 
PARAMETRIC_REPRESENTATION_CONTEXT() REPRESENTATION_CONTEXT('2D SPACE',''
  ) );
#1424 = ORIENTED_EDGE('',*,*,#1425,.T.);
#1425 = EDGE_CURVE('',#1400,#1426,#1428,.T.);
#1426 = VERTEX_POINT('',#1427);
#1427 = CARTESIAN_POINT('',(-136.,-7.,75.));
#1428 = SURFACE_CURVE('',#1429,(#1433,#1439),.PCURVE_S1.);
#1429 = LINE('',#1430,#1431);
#1430 = CARTESIAN_POINT('',(-136.,-30.5,75.));
#1431 = VECTOR('',#1432,1.);
#1432 = DIRECTION('',(0.,1.,0.));
#1433 = PCURVE('',#942,#1434);
#1434 = DEFINITIONAL_REPRESENTATION('',(#1435),#1438);
#1435 = B_SPLINE_CURVE_WITH_KNOTS('',1,(#1436,#1437),.UNSPECIFIED.,.F.,
  .F.,(2,2),(17.5,23.5),.PIECEWISE_BEZIER_KNOTS.);
#1436 = CARTESIAN_POINT('',(2.,35.));
#1437 = CARTESIAN_POINT('',(2.,41.));
#1438 = ( GEOMETRIC_REPRESENTATION_CONTEXT(2) 
PARAMETRIC_REPRESENTATION_CONTEXT() REPRESENTATION_CONTEXT('2D SPACE',''
  ) );
#1439 = PCURVE('',#1440,#1445);
#1440 = PLANE('',#1441);
#1441 = AXIS2_PLACEMENT_3D('',#1442,#1443,#1444);
#1442 = CARTESIAN_POINT('',(-136.,-13.,74.));
#1443 = DIRECTION('',(1.,0.,0.));
#1444 = DIRECTION('',(0.,0.,1.));
#1445 = DEFINITIONAL_REPRESENTATION('',(#1446),#1449);
#1446 = B_SPLINE_CURVE_WITH_KNOTS('',1,(#1447,#1448),.UNSPECIFIED.,.F.,
  .F.,(2,2),(17.5,23.5),.PIECEWISE_BEZIER_KNOTS.);
#1447 = CARTESIAN_POINT('',(1.,0.));
#1448 = CARTESIAN_POINT('',(1.,-6.));
#1449 = ( GEOMETRIC_REPRESENTATION_CONTEXT(2) 
PARAMETRIC_REPRESENTATION_CONTEXT() REPRESENTATION_CONTEXT('2D SPACE',''
  ) );
#1450 = ORIENTED_EDGE('',*,*,#1451,.F.);
#1451 = EDGE_CURVE('',#1452,#1426,#1454,.T.);
#1452 = VERTEX_POINT('',#1453);
#1453 = CARTESIAN_POINT('',(-134.,-7.,75.));
#1454 = SURFACE_CURVE('',#1455,(#1459,#1465),.PCURVE_S1.);
#1455 = LINE('',#1456,#1457);
#1456 = CARTESIAN_POINT('',(-137.,-7.,75.));
#1457 = VECTOR('',#1458,1.);
#1458 = DIRECTION('',(-1.,0.,0.));
#1459 = PCURVE('',#942,#1460);
#1460 = DEFINITIONAL_REPRESENTATION('',(#1461),#1464);
#1461 = B_SPLINE_CURVE_WITH_KNOTS('',1,(#1462,#1463),.UNSPECIFIED.,.F.,
  .F.,(2,2),(-273.,-1.),.PIECEWISE_BEZIER_KNOTS.);
#1462 = CARTESIAN_POINT('',(274.,41.));
#1463 = CARTESIAN_POINT('',(2.,41.));
#1464 = ( GEOMETRIC_REPRESENTATION_CONTEXT(2) 
PARAMETRIC_REPRESENTATION_CONTEXT() REPRESENTATION_CONTEXT('2D SPACE',''
  ) );
#1465 = PCURVE('',#1466,#1471);
#1466 = PLANE('',#1467);
#1467 = AXIS2_PLACEMENT_3D('',#1468,#1469,#1470);
#1468 = CARTESIAN_POINT('',(-136.,-7.,74.));
#1469 = DIRECTION('',(0.,1.,0.));
#1470 = DIRECTION('',(0.,0.,1.));
#1471 = DEFINITIONAL_REPRESENTATION('',(#1472),#1475);
#1472 = B_SPLINE_CURVE_WITH_KNOTS('',1,(#1473,#1474),.UNSPECIFIED.,.F.,
  .F.,(2,2),(-273.,-1.),.PIECEWISE_BEZIER_KNOTS.);
#1473 = CARTESIAN_POINT('',(1.,272.));
#1474 = CARTESIAN_POINT('',(1.,0.));
#1475 = ( GEOMETRIC_REPRESENTATION_CONTEXT(2) 
PARAMETRIC_REPRESENTATION_CONTEXT() REPRESENTATION_CONTEXT('2D SPACE',''
  ) );
#1476 = ORIENTED_EDGE('',*,*,#1477,.T.);
#1477 = EDGE_CURVE('',#1452,#1478,#1480,.T.);
#1478 = VERTEX_POINT('',#1479);
#1479 = CARTESIAN_POINT('',(-134.,27.,75.));
#1480 = SURFACE_CURVE('',#1481,(#1485,#1491),.PCURVE_S1.);
#1481 = LINE('',#1482,#1483);
#1482 = CARTESIAN_POINT('',(-134.,-46.,75.));
#1483 = VECTOR('',#1484,1.);
#1484 = DIRECTION('',(0.,1.,0.));
#1485 = PCURVE('',#942,#1486);
#1486 = DEFINITIONAL_REPRESENTATION('',(#1487),#1490);
#1487 = B_SPLINE_CURVE_WITH_KNOTS('',1,(#1488,#1489),.UNSPECIFIED.,.F.,
  .F.,(2,2),(16.,176.),.PIECEWISE_BEZIER_KNOTS.);
#1488 = CARTESIAN_POINT('',(4.,18.));
#1489 = CARTESIAN_POINT('',(4.,178.));
#1490 = ( GEOMETRIC_REPRESENTATION_CONTEXT(2) 
PARAMETRIC_REPRESENTATION_CONTEXT() REPRESENTATION_CONTEXT('2D SPACE',''
  ) );
#1491 = PCURVE('',#1492,#1497);
#1492 = PLANE('',#1493);
#1493 = AXIS2_PLACEMENT_3D('',#1494,#1495,#1496);
#1494 = CARTESIAN_POINT('',(-134.,-44.,74.));
#1495 = DIRECTION('',(1.,0.,0.));
#1496 = DIRECTION('',(0.,0.,1.));
#1497 = DEFINITIONAL_REPRESENTATION('',(#1498),#1501);
#1498 = B_SPLINE_CURVE_WITH_KNOTS('',1,(#1499,#1500),.UNSPECIFIED.,.F.,
  .F.,(2,2),(16.,176.),.PIECEWISE_BEZIER_KNOTS.);
#1499 = CARTESIAN_POINT('',(1.,-14.));
#1500 = CARTESIAN_POINT('',(1.,-174.));
#1501 = ( GEOMETRIC_REPRESENTATION_CONTEXT(2) 
PARAMETRIC_REPRESENTATION_CONTEXT() REPRESENTATION_CONTEXT('2D SPACE',''
  ) );
#1502 = ORIENTED_EDGE('',*,*,#1503,.T.);
#1503 = EDGE_CURVE('',#1478,#1504,#1506,.T.);
#1504 = VERTEX_POINT('',#1505);
#1505 = CARTESIAN_POINT('',(-136.,27.,75.));
#1506 = SURFACE_CURVE('',#1507,(#1511,#1517),.PCURVE_S1.);
#1507 = LINE('',#1508,#1509);
#1508 = CARTESIAN_POINT('',(-137.,27.,75.));
#1509 = VECTOR('',#1510,1.);
#1510 = DIRECTION('',(-1.,0.,0.));
#1511 = PCURVE('',#942,#1512);
#1512 = DEFINITIONAL_REPRESENTATION('',(#1513),#1516);
#1513 = B_SPLINE_CURVE_WITH_KNOTS('',1,(#1514,#1515),.UNSPECIFIED.,.F.,
  .F.,(2,2),(-273.,-1.),.PIECEWISE_BEZIER_KNOTS.);
#1514 = CARTESIAN_POINT('',(274.,75.));
#1515 = CARTESIAN_POINT('',(2.,75.));
#1516 = ( GEOMETRIC_REPRESENTATION_CONTEXT(2) 
PARAMETRIC_REPRESENTATION_CONTEXT() REPRESENTATION_CONTEXT('2D SPACE',''
  ) );
#1517 = PCURVE('',#1518,#1523);
#1518 = PLANE('',#1519);
#1519 = AXIS2_PLACEMENT_3D('',#1520,#1521,#1522);
#1520 = CARTESIAN_POINT('',(-136.,27.,74.));
#1521 = DIRECTION('',(0.,1.,0.));
#1522 = DIRECTION('',(0.,0.,1.));
#1523 = DEFINITIONAL_REPRESENTATION('',(#1524),#1527);
#1524 = B_SPLINE_CURVE_WITH_KNOTS('',1,(#1525,#1526),.UNSPECIFIED.,.F.,
  .F.,(2,2),(-273.,-1.),.PIECEWISE_BEZIER_KNOTS.);
#1525 = CARTESIAN_POINT('',(1.,272.));
#1526 = CARTESIAN_POINT('',(1.,0.));
#1527 = ( GEOMETRIC_REPRESENTATION_CONTEXT(2) 
PARAMETRIC_REPRESENTATION_CONTEXT() REPRESENTATION_CONTEXT('2D SPACE',''
  ) );
#1528 = ORIENTED_EDGE('',*,*,#1529,.T.);
#1529 = EDGE_CURVE('',#1504,#1530,#1532,.T.);
#1530 = VERTEX_POINT('',#1531);
#1531 = CARTESIAN_POINT('',(-136.,33.,75.));
#1532 = SURFACE_CURVE('',#1533,(#1537,#1543),.PCURVE_S1.);
#1533 = LINE('',#1534,#1535);
#1534 = CARTESIAN_POINT('',(-136.,-10.5,75.));
#1535 = VECTOR('',#1536,1.);
#1536 = DIRECTION('',(0.,1.,0.));
#1537 = PCURVE('',#942,#1538);
#1538 = DEFINITIONAL_REPRESENTATION('',(#1539),#1542);
#1539 = B_SPLINE_CURVE_WITH_KNOTS('',1,(#1540,#1541),.UNSPECIFIED.,.F.,
  .F.,(2,2),(37.5,43.5),.PIECEWISE_BEZIER_KNOTS.);
#1540 = CARTESIAN_POINT('',(2.,75.));
#1541 = CARTESIAN_POINT('',(2.,81.));
#1542 = ( GEOMETRIC_REPRESENTATION_CONTEXT(2) 
PARAMETRIC_REPRESENTATION_CONTEXT() REPRESENTATION_CONTEXT('2D SPACE',''
  ) );
#1543 = PCURVE('',#1544,#1549);
#1544 = PLANE('',#1545);
#1545 = AXIS2_PLACEMENT_3D('',#1546,#1547,#1548);
#1546 = CARTESIAN_POINT('',(-136.,27.,74.));
#1547 = DIRECTION('',(1.,0.,0.));
#1548 = DIRECTION('',(0.,0.,1.));
#1549 = DEFINITIONAL_REPRESENTATION('',(#1550),#1553);
#1550 = B_SPLINE_CURVE_WITH_KNOTS('',1,(#1551,#1552),.UNSPECIFIED.,.F.,
  .F.,(2,2),(37.5,43.5),.PIECEWISE_BEZIER_KNOTS.);
#1551 = CARTESIAN_POINT('',(1.,0.));
#1552 = CARTESIAN_POINT('',(1.,-6.));
#1553 = ( GEOMETRIC_REPRESENTATION_CONTEXT(2) 
PARAMETRIC_REPRESENTATION_CONTEXT() REPRESENTATION_CONTEXT('2D SPACE',''
  ) );
#1554 = ORIENTED_EDGE('',*,*,#1555,.F.);
#1555 = EDGE_CURVE('',#1556,#1530,#1558,.T.);
#1556 = VERTEX_POINT('',#1557);
#1557 = CARTESIAN_POINT('',(-134.,33.,75.));
#1558 = SURFACE_CURVE('',#1559,(#1563,#1569),.PCURVE_S1.);
#1559 = LINE('',#1560,#1561);
#1560 = CARTESIAN_POINT('',(-137.,33.,75.));
#1561 = VECTOR('',#1562,1.);
#1562 = DIRECTION('',(-1.,0.,0.));
#1563 = PCURVE('',#942,#1564);
#1564 = DEFINITIONAL_REPRESENTATION('',(#1565),#1568);
#1565 = B_SPLINE_CURVE_WITH_KNOTS('',1,(#1566,#1567),.UNSPECIFIED.,.F.,
  .F.,(2,2),(-273.,-1.),.PIECEWISE_BEZIER_KNOTS.);
#1566 = CARTESIAN_POINT('',(274.,81.));
#1567 = CARTESIAN_POINT('',(2.,81.));
#1568 = ( GEOMETRIC_REPRESENTATION_CONTEXT(2) 
PARAMETRIC_REPRESENTATION_CONTEXT() REPRESENTATION_CONTEXT('2D SPACE',''
  ) );
#1569 = PCURVE('',#1570,#1575);
#1570 = PLANE('',#1571);
#1571 = AXIS2_PLACEMENT_3D('',#1572,#1573,#1574);
#1572 = CARTESIAN_POINT('',(-136.,33.,74.));
#1573 = DIRECTION('',(0.,1.,0.));
#1574 = DIRECTION('',(0.,0.,1.));
#1575 = DEFINITIONAL_REPRESENTATION('',(#1576),#1579);
#1576 = B_SPLINE_CURVE_WITH_KNOTS('',1,(#1577,#1578),.UNSPECIFIED.,.F.,
  .F.,(2,2),(-273.,-1.),.PIECEWISE_BEZIER_KNOTS.);
#1577 = CARTESIAN_POINT('',(1.,272.));
#1578 = CARTESIAN_POINT('',(1.,0.));
#1579 = ( GEOMETRIC_REPRESENTATION_CONTEXT(2) 
PARAMETRIC_REPRESENTATION_CONTEXT() REPRESENTATION_CONTEXT('2D SPACE',''
  ) );
#1580 = ORIENTED_EDGE('',*,*,#1581,.T.);
#1581 = EDGE_CURVE('',#1556,#1582,#1584,.T.);
#1582 = VERTEX_POINT('',#1583);
#1583 = CARTESIAN_POINT('',(-134.,67.,75.));
#1584 = SURFACE_CURVE('',#1585,(#1589,#1595),.PCURVE_S1.);
#1585 = LINE('',#1586,#1587);
#1586 = CARTESIAN_POINT('',(-134.,-46.,75.));
#1587 = VECTOR('',#1588,1.);
#1588 = DIRECTION('',(0.,1.,0.));
#1589 = PCURVE('',#942,#1590);
#1590 = DEFINITIONAL_REPRESENTATION('',(#1591),#1594);
#1591 = B_SPLINE_CURVE_WITH_KNOTS('',1,(#1592,#1593),.UNSPECIFIED.,.F.,
  .F.,(2,2),(16.,176.),.PIECEWISE_BEZIER_KNOTS.);
#1592 = CARTESIAN_POINT('',(4.,18.));
#1593 = CARTESIAN_POINT('',(4.,178.));
#1594 = ( GEOMETRIC_REPRESENTATION_CONTEXT(2) 
PARAMETRIC_REPRESENTATION_CONTEXT() REPRESENTATION_CONTEXT('2D SPACE',''
  ) );
#1595 = PCURVE('',#1596,#1601);
#1596 = PLANE('',#1597);
#1597 = AXIS2_PLACEMENT_3D('',#1598,#1599,#1600);
#1598 = CARTESIAN_POINT('',(-134.,-44.,74.));
#1599 = DIRECTION('',(1.,0.,0.));
#1600 = DIRECTION('',(0.,0.,1.));
#1601 = DEFINITIONAL_REPRESENTATION('',(#1602),#1605);
#1602 = B_SPLINE_CURVE_WITH_KNOTS('',1,(#1603,#1604),.UNSPECIFIED.,.F.,
  .F.,(2,2),(16.,176.),.PIECEWISE_BEZIER_KNOTS.);
#1603 = CARTESIAN_POINT('',(1.,-14.));
#1604 = CARTESIAN_POINT('',(1.,-174.));
#1605 = ( GEOMETRIC_REPRESENTATION_CONTEXT(2) 
PARAMETRIC_REPRESENTATION_CONTEXT() REPRESENTATION_CONTEXT('2D SPACE',''
  ) );
#1606 = ORIENTED_EDGE('',*,*,#1607,.T.);
#1607 = EDGE_CURVE('',#1582,#1608,#1610,.T.);
#1608 = VERTEX_POINT('',#1609);
#1609 = CARTESIAN_POINT('',(-136.,67.,75.));
#1610 = SURFACE_CURVE('',#1611,(#1615,#1621),.PCURVE_S1.);
#1611 = LINE('',#1612,#1613);
#1612 = CARTESIAN_POINT('',(-137.,67.,75.));
#1613 = VECTOR('',#1614,1.);
#1614 = DIRECTION('',(-1.,0.,0.));
#1615 = PCURVE('',#942,#1616);
#1616 = DEFINITIONAL_REPRESENTATION('',(#1617),#1620);
#1617 = B_SPLINE_CURVE_WITH_KNOTS('',1,(#1618,#1619),.UNSPECIFIED.,.F.,
  .F.,(2,2),(-273.,-1.),.PIECEWISE_BEZIER_KNOTS.);
#1618 = CARTESIAN_POINT('',(274.,115.));
#1619 = CARTESIAN_POINT('',(2.,115.));
#1620 = ( GEOMETRIC_REPRESENTATION_CONTEXT(2) 
PARAMETRIC_REPRESENTATION_CONTEXT() REPRESENTATION_CONTEXT('2D SPACE',''
  ) );
#1621 = PCURVE('',#1622,#1627);
#1622 = PLANE('',#1623);
#1623 = AXIS2_PLACEMENT_3D('',#1624,#1625,#1626);
#1624 = CARTESIAN_POINT('',(-136.,67.,74.));
#1625 = DIRECTION('',(0.,1.,0.));
#1626 = DIRECTION('',(0.,0.,1.));
#1627 = DEFINITIONAL_REPRESENTATION('',(#1628),#1631);
#1628 = B_SPLINE_CURVE_WITH_KNOTS('',1,(#1629,#1630),.UNSPECIFIED.,.F.,
  .F.,(2,2),(-273.,-1.),.PIECEWISE_BEZIER_KNOTS.);
#1629 = CARTESIAN_POINT('',(1.,272.));
#1630 = CARTESIAN_POINT('',(1.,0.));
#1631 = ( GEOMETRIC_REPRESENTATION_CONTEXT(2) 
PARAMETRIC_REPRESENTATION_CONTEXT() REPRESENTATION_CONTEXT('2D SPACE',''
  ) );
#1632 = ORIENTED_EDGE('',*,*,#1633,.T.);
#1633 = EDGE_CURVE('',#1608,#1634,#1636,.T.);
#1634 = VERTEX_POINT('',#1635);
#1635 = CARTESIAN_POINT('',(-136.,73.,75.));
#1636 = SURFACE_CURVE('',#1637,(#1641,#1647),.PCURVE_S1.);
#1637 = LINE('',#1638,#1639);
#1638 = CARTESIAN_POINT('',(-136.,9.5,75.));
#1639 = VECTOR('',#1640,1.);
#1640 = DIRECTION('',(0.,1.,0.));
#1641 = PCURVE('',#942,#1642);
#1642 = DEFINITIONAL_REPRESENTATION('',(#1643),#1646);
#1643 = B_SPLINE_CURVE_WITH_KNOTS('',1,(#1644,#1645),.UNSPECIFIED.,.F.,
  .F.,(2,2),(57.5,63.5),.PIECEWISE_BEZIER_KNOTS.);
#1644 = CARTESIAN_POINT('',(2.,115.));
#1645 = CARTESIAN_POINT('',(2.,121.));
#1646 = ( GEOMETRIC_REPRESENTATION_CONTEXT(2) 
PARAMETRIC_REPRESENTATION_CONTEXT() REPRESENTATION_CONTEXT('2D SPACE',''
  ) );
#1647 = PCURVE('',#1648,#1653);
#1648 = PLANE('',#1649);
#1649 = AXIS2_PLACEMENT_3D('',#1650,#1651,#1652);
#1650 = CARTESIAN_POINT('',(-136.,67.,74.));
#1651 = DIRECTION('',(1.,0.,0.));
#1652 = DIRECTION('',(0.,0.,1.));
#1653 = DEFINITIONAL_REPRESENTATION('',(#1654),#1657);
#1654 = B_SPLINE_CURVE_WITH_KNOTS('',1,(#1655,#1656),.UNSPECIFIED.,.F.,
  .F.,(2,2),(57.5,63.5),.PIECEWISE_BEZIER_KNOTS.);
#1655 = CARTESIAN_POINT('',(1.,0.));
#1656 = CARTESIAN_POINT('',(1.,-6.));
#1657 = ( GEOMETRIC_REPRESENTATION_CONTEXT(2) 
PARAMETRIC_REPRESENTATION_CONTEXT() REPRESENTATION_CONTEXT('2D SPACE',''
  ) );
#1658 = ORIENTED_EDGE('',*,*,#1659,.F.);
#1659 = EDGE_CURVE('',#1660,#1634,#1662,.T.);
#1660 = VERTEX_POINT('',#1661);
#1661 = CARTESIAN_POINT('',(-134.,73.,75.));
#1662 = SURFACE_CURVE('',#1663,(#1667,#1673),.PCURVE_S1.);
#1663 = LINE('',#1664,#1665);
#1664 = CARTESIAN_POINT('',(-137.,73.,75.));
#1665 = VECTOR('',#1666,1.);
#1666 = DIRECTION('',(-1.,0.,0.));
#1667 = PCURVE('',#942,#1668);
#1668 = DEFINITIONAL_REPRESENTATION('',(#1669),#1672);
#1669 = B_SPLINE_CURVE_WITH_KNOTS('',1,(#1670,#1671),.UNSPECIFIED.,.F.,
  .F.,(2,2),(-273.,-1.),.PIECEWISE_BEZIER_KNOTS.);
#1670 = CARTESIAN_POINT('',(274.,121.));
#1671 = CARTESIAN_POINT('',(2.,121.));
#1672 = ( GEOMETRIC_REPRESENTATION_CONTEXT(2) 
PARAMETRIC_REPRESENTATION_CONTEXT() REPRESENTATION_CONTEXT('2D SPACE',''
  ) );
#1673 = PCURVE('',#1674,#1679);
#1674 = PLANE('',#1675);
#1675 = AXIS2_PLACEMENT_3D('',#1676,#1677,#1678);
#1676 = CARTESIAN_POINT('',(-136.,73.,74.));
#1677 = DIRECTION('',(0.,1.,0.));
#1678 = DIRECTION('',(0.,0.,1.));
#1679 = DEFINITIONAL_REPRESENTATION('',(#1680),#1683);
#1680 = B_SPLINE_CURVE_WITH_KNOTS('',1,(#1681,#1682),.UNSPECIFIED.,.F.,
  .F.,(2,2),(-273.,-1.),.PIECEWISE_BEZIER_KNOTS.);
#1681 = CARTESIAN_POINT('',(1.,272.));
#1682 = CARTESIAN_POINT('',(1.,0.));
#1683 = ( GEOMETRIC_REPRESENTATION_CONTEXT(2) 
PARAMETRIC_REPRESENTATION_CONTEXT() REPRESENTATION_CONTEXT('2D SPACE',''
  ) );
#1684 = ORIENTED_EDGE('',*,*,#1685,.T.);
#1685 = EDGE_CURVE('',#1660,#1686,#1688,.T.);
#1686 = VERTEX_POINT('',#1687);
#1687 = CARTESIAN_POINT('',(-134.,107.,75.));
#1688 = SURFACE_CURVE('',#1689,(#1693,#1699),.PCURVE_S1.);
#1689 = LINE('',#1690,#1691);
#1690 = CARTESIAN_POINT('',(-134.,-46.,75.));
#1691 = VECTOR('',#1692,1.);
#1692 = DIRECTION('',(0.,1.,0.));
#1693 = PCURVE('',#942,#1694);
#1694 = DEFINITIONAL_REPRESENTATION('',(#1695),#1698);
#1695 = B_SPLINE_CURVE_WITH_KNOTS('',1,(#1696,#1697),.UNSPECIFIED.,.F.,
  .F.,(2,2),(16.,176.),.PIECEWISE_BEZIER_KNOTS.);
#1696 = CARTESIAN_POINT('',(4.,18.));
#1697 = CARTESIAN_POINT('',(4.,178.));
#1698 = ( GEOMETRIC_REPRESENTATION_CONTEXT(2) 
PARAMETRIC_REPRESENTATION_CONTEXT() REPRESENTATION_CONTEXT('2D SPACE',''
  ) );
#1699 = PCURVE('',#1700,#1705);
#1700 = PLANE('',#1701);
#1701 = AXIS2_PLACEMENT_3D('',#1702,#1703,#1704);
#1702 = CARTESIAN_POINT('',(-134.,-44.,74.));
#1703 = DIRECTION('',(1.,0.,0.));
#1704 = DIRECTION('',(0.,0.,1.));
#1705 = DEFINITIONAL_REPRESENTATION('',(#1706),#1709);
#1706 = B_SPLINE_CURVE_WITH_KNOTS('',1,(#1707,#1708),.UNSPECIFIED.,.F.,
  .F.,(2,2),(16.,176.),.PIECEWISE_BEZIER_KNOTS.);
#1707 = CARTESIAN_POINT('',(1.,-14.));
#1708 = CARTESIAN_POINT('',(1.,-174.));
#1709 = ( GEOMETRIC_REPRESENTATION_CONTEXT(2) 
PARAMETRIC_REPRESENTATION_CONTEXT() REPRESENTATION_CONTEXT('2D SPACE',''
  ) );
#1710 = ORIENTED_EDGE('',*,*,#1711,.T.);
#1711 = EDGE_CURVE('',#1686,#1712,#1714,.T.);
#1712 = VERTEX_POINT('',#1713);
#1713 = CARTESIAN_POINT('',(-136.,107.,75.));
#1714 = SURFACE_CURVE('',#1715,(#1719,#1725),.PCURVE_S1.);
#1715 = LINE('',#1716,#1717);
#1716 = CARTESIAN_POINT('',(-137.,107.,75.));
#1717 = VECTOR('',#1718,1.);
#1718 = DIRECTION('',(-1.,0.,0.));
#1719 = PCURVE('',#942,#1720);
#1720 = DEFINITIONAL_REPRESENTATION('',(#1721),#1724);
#1721 = B_SPLINE_CURVE_WITH_KNOTS('',1,(#1722,#1723),.UNSPECIFIED.,.F.,
  .F.,(2,2),(-273.,-1.),.PIECEWISE_BEZIER_KNOTS.);
#1722 = CARTESIAN_POINT('',(274.,155.));
#1723 = CARTESIAN_POINT('',(2.,155.));
#1724 = ( GEOMETRIC_REPRESENTATION_CONTEXT(2) 
PARAMETRIC_REPRESENTATION_CONTEXT() REPRESENTATION_CONTEXT('2D SPACE',''
  ) );
#1725 = PCURVE('',#1726,#1731);
#1726 = PLANE('',#1727);
#1727 = AXIS2_PLACEMENT_3D('',#1728,#1729,#1730);
#1728 = CARTESIAN_POINT('',(-136.,107.,74.));
#1729 = DIRECTION('',(0.,1.,0.));
#1730 = DIRECTION('',(0.,0.,1.));
#1731 = DEFINITIONAL_REPRESENTATION('',(#1732),#1735);
#1732 = B_SPLINE_CURVE_WITH_KNOTS('',1,(#1733,#1734),.UNSPECIFIED.,.F.,
  .F.,(2,2),(-273.,-1.),.PIECEWISE_BEZIER_KNOTS.);
#1733 = CARTESIAN_POINT('',(1.,272.));
#1734 = CARTESIAN_POINT('',(1.,0.));
#1735 = ( GEOMETRIC_REPRESENTATION_CONTEXT(2) 
PARAMETRIC_REPRESENTATION_CONTEXT() REPRESENTATION_CONTEXT('2D SPACE',''
  ) );
#1736 = ORIENTED_EDGE('',*,*,#1737,.T.);
#1737 = EDGE_CURVE('',#1712,#1738,#1740,.T.);
#1738 = VERTEX_POINT('',#1739);
#1739 = CARTESIAN_POINT('',(-136.,113.,75.));
#1740 = SURFACE_CURVE('',#1741,(#1745,#1751),.PCURVE_S1.);
#1741 = LINE('',#1742,#1743);
#1742 = CARTESIAN_POINT('',(-136.,29.5,75.));
#1743 = VECTOR('',#1744,1.);
#1744 = DIRECTION('',(0.,1.,0.));
#1745 = PCURVE('',#942,#1746);
#1746 = DEFINITIONAL_REPRESENTATION('',(#1747),#1750);
#1747 = B_SPLINE_CURVE_WITH_KNOTS('',1,(#1748,#1749),.UNSPECIFIED.,.F.,
  .F.,(2,2),(77.5,83.5),.PIECEWISE_BEZIER_KNOTS.);
#1748 = CARTESIAN_POINT('',(2.,155.));
#1749 = CARTESIAN_POINT('',(2.,161.));
#1750 = ( GEOMETRIC_REPRESENTATION_CONTEXT(2) 
PARAMETRIC_REPRESENTATION_CONTEXT() REPRESENTATION_CONTEXT('2D SPACE',''
  ) );
#1751 = PCURVE('',#1752,#1757);
#1752 = PLANE('',#1753);
#1753 = AXIS2_PLACEMENT_3D('',#1754,#1755,#1756);
#1754 = CARTESIAN_POINT('',(-136.,107.,74.));
#1755 = DIRECTION('',(1.,0.,0.));
#1756 = DIRECTION('',(0.,0.,1.));
#1757 = DEFINITIONAL_REPRESENTATION('',(#1758),#1761);
#1758 = B_SPLINE_CURVE_WITH_KNOTS('',1,(#1759,#1760),.UNSPECIFIED.,.F.,
  .F.,(2,2),(77.5,83.5),.PIECEWISE_BEZIER_KNOTS.);
#1759 = CARTESIAN_POINT('',(1.,0.));
#1760 = CARTESIAN_POINT('',(1.,-6.));
#1761 = ( GEOMETRIC_REPRESENTATION_CONTEXT(2) 
PARAMETRIC_REPRESENTATION_CONTEXT() REPRESENTATION_CONTEXT('2D SPACE',''
  ) );
#1762 = ORIENTED_EDGE('',*,*,#1763,.F.);
#1763 = EDGE_CURVE('',#1764,#1738,#1766,.T.);
#1764 = VERTEX_POINT('',#1765);
#1765 = CARTESIAN_POINT('',(-134.,113.,75.));
#1766 = SURFACE_CURVE('',#1767,(#1771,#1777),.PCURVE_S1.);
#1767 = LINE('',#1768,#1769);
#1768 = CARTESIAN_POINT('',(-137.,113.,75.));
#1769 = VECTOR('',#1770,1.);
#1770 = DIRECTION('',(-1.,0.,0.));
#1771 = PCURVE('',#942,#1772);
#1772 = DEFINITIONAL_REPRESENTATION('',(#1773),#1776);
#1773 = B_SPLINE_CURVE_WITH_KNOTS('',1,(#1774,#1775),.UNSPECIFIED.,.F.,
  .F.,(2,2),(-273.,-1.),.PIECEWISE_BEZIER_KNOTS.);
#1774 = CARTESIAN_POINT('',(274.,161.));
#1775 = CARTESIAN_POINT('',(2.,161.));
#1776 = ( GEOMETRIC_REPRESENTATION_CONTEXT(2) 
PARAMETRIC_REPRESENTATION_CONTEXT() REPRESENTATION_CONTEXT('2D SPACE',''
  ) );
#1777 = PCURVE('',#1778,#1783);
#1778 = PLANE('',#1779);
#1779 = AXIS2_PLACEMENT_3D('',#1780,#1781,#1782);
#1780 = CARTESIAN_POINT('',(-136.,113.,74.));
#1781 = DIRECTION('',(0.,1.,0.));
#1782 = DIRECTION('',(0.,0.,1.));
#1783 = DEFINITIONAL_REPRESENTATION('',(#1784),#1787);
#1784 = B_SPLINE_CURVE_WITH_KNOTS('',1,(#1785,#1786),.UNSPECIFIED.,.F.,
  .F.,(2,2),(-273.,-1.),.PIECEWISE_BEZIER_KNOTS.);
#1785 = CARTESIAN_POINT('',(1.,272.));
#1786 = CARTESIAN_POINT('',(1.,0.));
#1787 = ( GEOMETRIC_REPRESENTATION_CONTEXT(2) 
PARAMETRIC_REPRESENTATION_CONTEXT() REPRESENTATION_CONTEXT('2D SPACE',''
  ) );
#1788 = ORIENTED_EDGE('',*,*,#1789,.T.);
#1789 = EDGE_CURVE('',#1764,#1790,#1792,.T.);
#1790 = VERTEX_POINT('',#1791);
#1791 = CARTESIAN_POINT('',(-134.,130.,75.));
#1792 = SURFACE_CURVE('',#1793,(#1797,#1803),.PCURVE_S1.);
#1793 = LINE('',#1794,#1795);
#1794 = CARTESIAN_POINT('',(-134.,-46.,75.));
#1795 = VECTOR('',#1796,1.);
#1796 = DIRECTION('',(0.,1.,0.));
#1797 = PCURVE('',#942,#1798);
#1798 = DEFINITIONAL_REPRESENTATION('',(#1799),#1802);
#1799 = B_SPLINE_CURVE_WITH_KNOTS('',1,(#1800,#1801),.UNSPECIFIED.,.F.,
  .F.,(2,2),(16.,176.),.PIECEWISE_BEZIER_KNOTS.);
#1800 = CARTESIAN_POINT('',(4.,18.));
#1801 = CARTESIAN_POINT('',(4.,178.));
#1802 = ( GEOMETRIC_REPRESENTATION_CONTEXT(2) 
PARAMETRIC_REPRESENTATION_CONTEXT() REPRESENTATION_CONTEXT('2D SPACE',''
  ) );
#1803 = PCURVE('',#1804,#1809);
#1804 = PLANE('',#1805);
#1805 = AXIS2_PLACEMENT_3D('',#1806,#1807,#1808);
#1806 = CARTESIAN_POINT('',(-134.,-44.,74.));
#1807 = DIRECTION('',(1.,0.,0.));
#1808 = DIRECTION('',(0.,0.,1.));
#1809 = DEFINITIONAL_REPRESENTATION('',(#1810),#1813);
#1810 = B_SPLINE_CURVE_WITH_KNOTS('',1,(#1811,#1812),.UNSPECIFIED.,.F.,
  .F.,(2,2),(16.,176.),.PIECEWISE_BEZIER_KNOTS.);
#1811 = CARTESIAN_POINT('',(1.,-14.));
#1812 = CARTESIAN_POINT('',(1.,-174.));
#1813 = ( GEOMETRIC_REPRESENTATION_CONTEXT(2) 
PARAMETRIC_REPRESENTATION_CONTEXT() REPRESENTATION_CONTEXT('2D SPACE',''
  ) );
#1814 = ORIENTED_EDGE('',*,*,#1815,.F.);
#1815 = EDGE_CURVE('',#1816,#1790,#1818,.T.);
#1816 = VERTEX_POINT('',#1817);
#1817 = CARTESIAN_POINT('',(-120.,144.,75.));
#1818 = SURFACE_CURVE('',#1819,(#1824,#1831),.PCURVE_S1.);
#1819 = CIRCLE('',#1820,14.);
#1820 = AXIS2_PLACEMENT_3D('',#1821,#1822,#1823);
#1821 = CARTESIAN_POINT('',(-120.,130.,75.));
#1822 = DIRECTION('',(0.,0.,1.));
#1823 = DIRECTION('',(-1.,-0.,0.));
#1824 = PCURVE('',#942,#1825);
#1825 = DEFINITIONAL_REPRESENTATION('',(#1826),#1830);
#1826 = CIRCLE('',#1827,14.);
#1827 = AXIS2_PLACEMENT_2D('',#1828,#1829);
#1828 = CARTESIAN_POINT('',(18.,178.));
#1829 = DIRECTION('',(-1.,0.));
#1830 = ( GEOMETRIC_REPRESENTATION_CONTEXT(2) 
PARAMETRIC_REPRESENTATION_CONTEXT() REPRESENTATION_CONTEXT('2D SPACE',''
  ) );
#1831 = PCURVE('',#1832,#1837);
#1832 = CYLINDRICAL_SURFACE('',#1833,14.);
#1833 = AXIS2_PLACEMENT_3D('',#1834,#1835,#1836);
#1834 = CARTESIAN_POINT('',(-120.,130.,74.));
#1835 = DIRECTION('',(0.,0.,1.));
#1836 = DIRECTION('',(-1.,-0.,0.));
#1837 = DEFINITIONAL_REPRESENTATION('',(#1838),#1842);
#1838 = LINE('',#1839,#1840);
#1839 = CARTESIAN_POINT('',(-6.28318530718,1.));
#1840 = VECTOR('',#1841,1.);
#1841 = DIRECTION('',(1.,-0.));
#1842 = ( GEOMETRIC_REPRESENTATION_CONTEXT(2) 
PARAMETRIC_REPRESENTATION_CONTEXT() REPRESENTATION_CONTEXT('2D SPACE',''
  ) );
#1843 = ORIENTED_EDGE('',*,*,#1844,.F.);
#1844 = EDGE_CURVE('',#1845,#1816,#1847,.T.);
#1845 = VERTEX_POINT('',#1846);
#1846 = CARTESIAN_POINT('',(-103.,144.,75.));
#1847 = SURFACE_CURVE('',#1848,(#1852,#1858),.PCURVE_S1.);
#1848 = LINE('',#1849,#1850);
#1849 = CARTESIAN_POINT('',(-136.,144.,75.));
#1850 = VECTOR('',#1851,1.);
#1851 = DIRECTION('',(-1.,0.,0.));
#1852 = PCURVE('',#942,#1853);
#1853 = DEFINITIONAL_REPRESENTATION('',(#1854),#1857);
#1854 = B_SPLINE_CURVE_WITH_KNOTS('',1,(#1855,#1856),.UNSPECIFIED.,.F.,
  .F.,(2,2),(-256.,-16.),.PIECEWISE_BEZIER_KNOTS.);
#1855 = CARTESIAN_POINT('',(258.,192.));
#1856 = CARTESIAN_POINT('',(18.,192.));
#1857 = ( GEOMETRIC_REPRESENTATION_CONTEXT(2) 
PARAMETRIC_REPRESENTATION_CONTEXT() REPRESENTATION_CONTEXT('2D SPACE',''
  ) );
#1858 = PCURVE('',#1859,#1864);
#1859 = PLANE('',#1860);
#1860 = AXIS2_PLACEMENT_3D('',#1861,#1862,#1863);
#1861 = CARTESIAN_POINT('',(-134.,144.,74.));
#1862 = DIRECTION('',(0.,1.,0.));
#1863 = DIRECTION('',(0.,0.,1.));
#1864 = DEFINITIONAL_REPRESENTATION('',(#1865),#1868);
#1865 = B_SPLINE_CURVE_WITH_KNOTS('',1,(#1866,#1867),.UNSPECIFIED.,.F.,
  .F.,(2,2),(-256.,-16.),.PIECEWISE_BEZIER_KNOTS.);
#1866 = CARTESIAN_POINT('',(1.,254.));
#1867 = CARTESIAN_POINT('',(1.,14.));
#1868 = ( GEOMETRIC_REPRESENTATION_CONTEXT(2) 
PARAMETRIC_REPRESENTATION_CONTEXT() REPRESENTATION_CONTEXT('2D SPACE',''
  ) );
#1869 = ORIENTED_EDGE('',*,*,#1870,.T.);
#1870 = EDGE_CURVE('',#1845,#1871,#1873,.T.);
#1871 = VERTEX_POINT('',#1872);
#1872 = CARTESIAN_POINT('',(-103.,147.,75.));
#1873 = SURFACE_CURVE('',#1874,(#1878,#1884),.PCURVE_S1.);
#1874 = LINE('',#1875,#1876);
#1875 = CARTESIAN_POINT('',(-103.,-47.5,75.));
#1876 = VECTOR('',#1877,1.);
#1877 = DIRECTION('',(0.,1.,0.));
#1878 = PCURVE('',#942,#1879);
#1879 = DEFINITIONAL_REPRESENTATION('',(#1880),#1883);
#1880 = B_SPLINE_CURVE_WITH_KNOTS('',1,(#1881,#1882),.UNSPECIFIED.,.F.,
  .F.,(2,2),(0.5,194.5),.PIECEWISE_BEZIER_KNOTS.);
#1881 = CARTESIAN_POINT('',(35.,1.));
#1882 = CARTESIAN_POINT('',(35.,195.));
#1883 = ( GEOMETRIC_REPRESENTATION_CONTEXT(2) 
PARAMETRIC_REPRESENTATION_CONTEXT() REPRESENTATION_CONTEXT('2D SPACE',''
  ) );
#1884 = PCURVE('',#1885,#1890);
#1885 = PLANE('',#1886);
#1886 = AXIS2_PLACEMENT_3D('',#1887,#1888,#1889);
#1887 = CARTESIAN_POINT('',(-103.,-47.,74.));
#1888 = DIRECTION('',(1.,0.,0.));
#1889 = DIRECTION('',(0.,0.,1.));
#1890 = DEFINITIONAL_REPRESENTATION('',(#1891),#1894);
#1891 = B_SPLINE_CURVE_WITH_KNOTS('',1,(#1892,#1893),.UNSPECIFIED.,.F.,
  .F.,(2,2),(0.5,194.5),.PIECEWISE_BEZIER_KNOTS.);
#1892 = CARTESIAN_POINT('',(1.,0.));
#1893 = CARTESIAN_POINT('',(1.,-194.));
#1894 = ( GEOMETRIC_REPRESENTATION_CONTEXT(2) 
PARAMETRIC_REPRESENTATION_CONTEXT() REPRESENTATION_CONTEXT('2D SPACE',''
  ) );
#1895 = ORIENTED_EDGE('',*,*,#1896,.F.);
#1896 = EDGE_CURVE('',#1897,#1871,#1899,.T.);
#1897 = VERTEX_POINT('',#1898);
#1898 = CARTESIAN_POINT('',(-97.,147.,75.));
#1899 = SURFACE_CURVE('',#1900,(#1904,#1910),.PCURVE_S1.);
#1900 = LINE('',#1901,#1902);
#1901 = CARTESIAN_POINT('',(-120.5,147.,75.));
#1902 = VECTOR('',#1903,1.);
#1903 = DIRECTION('',(-1.,0.,0.));
#1904 = PCURVE('',#942,#1905);
#1905 = DEFINITIONAL_REPRESENTATION('',(#1906),#1909);
#1906 = B_SPLINE_CURVE_WITH_KNOTS('',1,(#1907,#1908),.UNSPECIFIED.,.F.,
  .F.,(2,2),(-23.5,-17.5),.PIECEWISE_BEZIER_KNOTS.);
#1907 = CARTESIAN_POINT('',(41.,195.));
#1908 = CARTESIAN_POINT('',(35.,195.));
#1909 = ( GEOMETRIC_REPRESENTATION_CONTEXT(2) 
PARAMETRIC_REPRESENTATION_CONTEXT() REPRESENTATION_CONTEXT('2D SPACE',''
  ) );
#1910 = PCURVE('',#1911,#1916);
#1911 = PLANE('',#1912);
#1912 = AXIS2_PLACEMENT_3D('',#1913,#1914,#1915);
#1913 = CARTESIAN_POINT('',(-103.,147.,74.));
#1914 = DIRECTION('',(0.,1.,0.));
#1915 = DIRECTION('',(0.,0.,1.));
#1916 = DEFINITIONAL_REPRESENTATION('',(#1917),#1920);
#1917 = B_SPLINE_CURVE_WITH_KNOTS('',1,(#1918,#1919),.UNSPECIFIED.,.F.,
  .F.,(2,2),(-23.5,-17.5),.PIECEWISE_BEZIER_KNOTS.);
#1918 = CARTESIAN_POINT('',(1.,6.));
#1919 = CARTESIAN_POINT('',(1.,0.));
#1920 = ( GEOMETRIC_REPRESENTATION_CONTEXT(2) 
PARAMETRIC_REPRESENTATION_CONTEXT() REPRESENTATION_CONTEXT('2D SPACE',''
  ) );
#1921 = ORIENTED_EDGE('',*,*,#1922,.F.);
#1922 = EDGE_CURVE('',#1923,#1897,#1925,.T.);
#1923 = VERTEX_POINT('',#1924);
#1924 = CARTESIAN_POINT('',(-97.,144.,75.));
#1925 = SURFACE_CURVE('',#1926,(#1930,#1936),.PCURVE_S1.);
#1926 = LINE('',#1927,#1928);
#1927 = CARTESIAN_POINT('',(-97.,-47.5,75.));
#1928 = VECTOR('',#1929,1.);
#1929 = DIRECTION('',(0.,1.,0.));
#1930 = PCURVE('',#942,#1931);
#1931 = DEFINITIONAL_REPRESENTATION('',(#1932),#1935);
#1932 = B_SPLINE_CURVE_WITH_KNOTS('',1,(#1933,#1934),.UNSPECIFIED.,.F.,
  .F.,(2,2),(0.5,194.5),.PIECEWISE_BEZIER_KNOTS.);
#1933 = CARTESIAN_POINT('',(41.,1.));
#1934 = CARTESIAN_POINT('',(41.,195.));
#1935 = ( GEOMETRIC_REPRESENTATION_CONTEXT(2) 
PARAMETRIC_REPRESENTATION_CONTEXT() REPRESENTATION_CONTEXT('2D SPACE',''
  ) );
#1936 = PCURVE('',#1937,#1942);
#1937 = PLANE('',#1938);
#1938 = AXIS2_PLACEMENT_3D('',#1939,#1940,#1941);
#1939 = CARTESIAN_POINT('',(-97.,-47.,74.));
#1940 = DIRECTION('',(1.,0.,0.));
#1941 = DIRECTION('',(0.,0.,1.));
#1942 = DEFINITIONAL_REPRESENTATION('',(#1943),#1946);
#1943 = B_SPLINE_CURVE_WITH_KNOTS('',1,(#1944,#1945),.UNSPECIFIED.,.F.,
  .F.,(2,2),(0.5,194.5),.PIECEWISE_BEZIER_KNOTS.);
#1944 = CARTESIAN_POINT('',(1.,0.));
#1945 = CARTESIAN_POINT('',(1.,-194.));
#1946 = ( GEOMETRIC_REPRESENTATION_CONTEXT(2) 
PARAMETRIC_REPRESENTATION_CONTEXT() REPRESENTATION_CONTEXT('2D SPACE',''
  ) );
#1947 = ORIENTED_EDGE('',*,*,#1948,.F.);
#1948 = EDGE_CURVE('',#1949,#1923,#1951,.T.);
#1949 = VERTEX_POINT('',#1950);
#1950 = CARTESIAN_POINT('',(-63.,144.,75.));
#1951 = SURFACE_CURVE('',#1952,(#1956,#1962),.PCURVE_S1.);
#1952 = LINE('',#1953,#1954);
#1953 = CARTESIAN_POINT('',(-136.,144.,75.));
#1954 = VECTOR('',#1955,1.);
#1955 = DIRECTION('',(-1.,0.,0.));
#1956 = PCURVE('',#942,#1957);
#1957 = DEFINITIONAL_REPRESENTATION('',(#1958),#1961);
#1958 = B_SPLINE_CURVE_WITH_KNOTS('',1,(#1959,#1960),.UNSPECIFIED.,.F.,
  .F.,(2,2),(-256.,-16.),.PIECEWISE_BEZIER_KNOTS.);
#1959 = CARTESIAN_POINT('',(258.,192.));
#1960 = CARTESIAN_POINT('',(18.,192.));
#1961 = ( GEOMETRIC_REPRESENTATION_CONTEXT(2) 
PARAMETRIC_REPRESENTATION_CONTEXT() REPRESENTATION_CONTEXT('2D SPACE',''
  ) );
#1962 = PCURVE('',#1963,#1968);
#1963 = PLANE('',#1964);
#1964 = AXIS2_PLACEMENT_3D('',#1965,#1966,#1967);
#1965 = CARTESIAN_POINT('',(-134.,144.,74.));
#1966 = DIRECTION('',(0.,1.,0.));
#1967 = DIRECTION('',(0.,0.,1.));
#1968 = DEFINITIONAL_REPRESENTATION('',(#1969),#1972);
#1969 = B_SPLINE_CURVE_WITH_KNOTS('',1,(#1970,#1971),.UNSPECIFIED.,.F.,
  .F.,(2,2),(-256.,-16.),.PIECEWISE_BEZIER_KNOTS.);
#1970 = CARTESIAN_POINT('',(1.,254.));
#1971 = CARTESIAN_POINT('',(1.,14.));
#1972 = ( GEOMETRIC_REPRESENTATION_CONTEXT(2) 
PARAMETRIC_REPRESENTATION_CONTEXT() REPRESENTATION_CONTEXT('2D SPACE',''
  ) );
#1973 = ORIENTED_EDGE('',*,*,#1974,.T.);
#1974 = EDGE_CURVE('',#1949,#1975,#1977,.T.);
#1975 = VERTEX_POINT('',#1976);
#1976 = CARTESIAN_POINT('',(-63.,147.,75.));
#1977 = SURFACE_CURVE('',#1978,(#1982,#1988),.PCURVE_S1.);
#1978 = LINE('',#1979,#1980);
#1979 = CARTESIAN_POINT('',(-63.,-47.5,75.));
#1980 = VECTOR('',#1981,1.);
#1981 = DIRECTION('',(0.,1.,0.));
#1982 = PCURVE('',#942,#1983);
#1983 = DEFINITIONAL_REPRESENTATION('',(#1984),#1987);
#1984 = B_SPLINE_CURVE_WITH_KNOTS('',1,(#1985,#1986),.UNSPECIFIED.,.F.,
  .F.,(2,2),(0.5,194.5),.PIECEWISE_BEZIER_KNOTS.);
#1985 = CARTESIAN_POINT('',(75.,1.));
#1986 = CARTESIAN_POINT('',(75.,195.));
#1987 = ( GEOMETRIC_REPRESENTATION_CONTEXT(2) 
PARAMETRIC_REPRESENTATION_CONTEXT() REPRESENTATION_CONTEXT('2D SPACE',''
  ) );
#1988 = PCURVE('',#1989,#1994);
#1989 = PLANE('',#1990);
#1990 = AXIS2_PLACEMENT_3D('',#1991,#1992,#1993);
#1991 = CARTESIAN_POINT('',(-63.,-47.,74.));
#1992 = DIRECTION('',(1.,0.,0.));
#1993 = DIRECTION('',(0.,0.,1.));
#1994 = DEFINITIONAL_REPRESENTATION('',(#1995),#1998);
#1995 = B_SPLINE_CURVE_WITH_KNOTS('',1,(#1996,#1997),.UNSPECIFIED.,.F.,
  .F.,(2,2),(0.5,194.5),.PIECEWISE_BEZIER_KNOTS.);
#1996 = CARTESIAN_POINT('',(1.,0.));
#1997 = CARTESIAN_POINT('',(1.,-194.));
#1998 = ( GEOMETRIC_REPRESENTATION_CONTEXT(2) 
PARAMETRIC_REPRESENTATION_CONTEXT() REPRESENTATION_CONTEXT('2D SPACE',''
  ) );
#1999 = ORIENTED_EDGE('',*,*,#2000,.F.);
#2000 = EDGE_CURVE('',#2001,#1975,#2003,.T.);
#2001 = VERTEX_POINT('',#2002);
#2002 = CARTESIAN_POINT('',(-57.,147.,75.));
#2003 = SURFACE_CURVE('',#2004,(#2008,#2014),.PCURVE_S1.);
#2004 = LINE('',#2005,#2006);
#2005 = CARTESIAN_POINT('',(-100.5,147.,75.));
#2006 = VECTOR('',#2007,1.);
#2007 = DIRECTION('',(-1.,0.,0.));
#2008 = PCURVE('',#942,#2009);
#2009 = DEFINITIONAL_REPRESENTATION('',(#2010),#2013);
#2010 = B_SPLINE_CURVE_WITH_KNOTS('',1,(#2011,#2012),.UNSPECIFIED.,.F.,
  .F.,(2,2),(-43.5,-37.5),.PIECEWISE_BEZIER_KNOTS.);
#2011 = CARTESIAN_POINT('',(81.,195.));
#2012 = CARTESIAN_POINT('',(75.,195.));
#2013 = ( GEOMETRIC_REPRESENTATION_CONTEXT(2) 
PARAMETRIC_REPRESENTATION_CONTEXT() REPRESENTATION_CONTEXT('2D SPACE',''
  ) );
#2014 = PCURVE('',#2015,#2020);
#2015 = PLANE('',#2016);
#2016 = AXIS2_PLACEMENT_3D('',#2017,#2018,#2019);
#2017 = CARTESIAN_POINT('',(-63.,147.,74.));
#2018 = DIRECTION('',(0.,1.,0.));
#2019 = DIRECTION('',(0.,0.,1.));
#2020 = DEFINITIONAL_REPRESENTATION('',(#2021),#2024);
#2021 = B_SPLINE_CURVE_WITH_KNOTS('',1,(#2022,#2023),.UNSPECIFIED.,.F.,
  .F.,(2,2),(-43.5,-37.5),.PIECEWISE_BEZIER_KNOTS.);
#2022 = CARTESIAN_POINT('',(1.,6.));
#2023 = CARTESIAN_POINT('',(1.,0.));
#2024 = ( GEOMETRIC_REPRESENTATION_CONTEXT(2) 
PARAMETRIC_REPRESENTATION_CONTEXT() REPRESENTATION_CONTEXT('2D SPACE',''
  ) );
#2025 = ORIENTED_EDGE('',*,*,#2026,.F.);
#2026 = EDGE_CURVE('',#2027,#2001,#2029,.T.);
#2027 = VERTEX_POINT('',#2028);
#2028 = CARTESIAN_POINT('',(-57.,144.,75.));
#2029 = SURFACE_CURVE('',#2030,(#2034,#2040),.PCURVE_S1.);
#2030 = LINE('',#2031,#2032);
#2031 = CARTESIAN_POINT('',(-57.,-47.5,75.));
#2032 = VECTOR('',#2033,1.);
#2033 = DIRECTION('',(0.,1.,0.));
#2034 = PCURVE('',#942,#2035);
#2035 = DEFINITIONAL_REPRESENTATION('',(#2036),#2039);
#2036 = B_SPLINE_CURVE_WITH_KNOTS('',1,(#2037,#2038),.UNSPECIFIED.,.F.,
  .F.,(2,2),(0.5,194.5),.PIECEWISE_BEZIER_KNOTS.);
#2037 = CARTESIAN_POINT('',(81.,1.));
#2038 = CARTESIAN_POINT('',(81.,195.));
#2039 = ( GEOMETRIC_REPRESENTATION_CONTEXT(2) 
PARAMETRIC_REPRESENTATION_CONTEXT() REPRESENTATION_CONTEXT('2D SPACE',''
  ) );
#2040 = PCURVE('',#2041,#2046);
#2041 = PLANE('',#2042);
#2042 = AXIS2_PLACEMENT_3D('',#2043,#2044,#2045);
#2043 = CARTESIAN_POINT('',(-57.,-47.,74.));
#2044 = DIRECTION('',(1.,0.,0.));
#2045 = DIRECTION('',(0.,0.,1.));
#2046 = DEFINITIONAL_REPRESENTATION('',(#2047),#2050);
#2047 = B_SPLINE_CURVE_WITH_KNOTS('',1,(#2048,#2049),.UNSPECIFIED.,.F.,
  .F.,(2,2),(0.5,194.5),.PIECEWISE_BEZIER_KNOTS.);
#2048 = CARTESIAN_POINT('',(1.,0.));
#2049 = CARTESIAN_POINT('',(1.,-194.));
#2050 = ( GEOMETRIC_REPRESENTATION_CONTEXT(2) 
PARAMETRIC_REPRESENTATION_CONTEXT() REPRESENTATION_CONTEXT('2D SPACE',''
  ) );
#2051 = ORIENTED_EDGE('',*,*,#2052,.F.);
#2052 = EDGE_CURVE('',#2053,#2027,#2055,.T.);
#2053 = VERTEX_POINT('',#2054);
#2054 = CARTESIAN_POINT('',(-23.,144.,75.));
#2055 = SURFACE_CURVE('',#2056,(#2060,#2066),.PCURVE_S1.);
#2056 = LINE('',#2057,#2058);
#2057 = CARTESIAN_POINT('',(-136.,144.,75.));
#2058 = VECTOR('',#2059,1.);
#2059 = DIRECTION('',(-1.,0.,0.));
#2060 = PCURVE('',#942,#2061);
#2061 = DEFINITIONAL_REPRESENTATION('',(#2062),#2065);
#2062 = B_SPLINE_CURVE_WITH_KNOTS('',1,(#2063,#2064),.UNSPECIFIED.,.F.,
  .F.,(2,2),(-256.,-16.),.PIECEWISE_BEZIER_KNOTS.);
#2063 = CARTESIAN_POINT('',(258.,192.));
#2064 = CARTESIAN_POINT('',(18.,192.));
#2065 = ( GEOMETRIC_REPRESENTATION_CONTEXT(2) 
PARAMETRIC_REPRESENTATION_CONTEXT() REPRESENTATION_CONTEXT('2D SPACE',''
  ) );
#2066 = PCURVE('',#2067,#2072);
#2067 = PLANE('',#2068);
#2068 = AXIS2_PLACEMENT_3D('',#2069,#2070,#2071);
#2069 = CARTESIAN_POINT('',(-134.,144.,74.));
#2070 = DIRECTION('',(0.,1.,0.));
#2071 = DIRECTION('',(0.,0.,1.));
#2072 = DEFINITIONAL_REPRESENTATION('',(#2073),#2076);
#2073 = B_SPLINE_CURVE_WITH_KNOTS('',1,(#2074,#2075),.UNSPECIFIED.,.F.,
  .F.,(2,2),(-256.,-16.),.PIECEWISE_BEZIER_KNOTS.);
#2074 = CARTESIAN_POINT('',(1.,254.));
#2075 = CARTESIAN_POINT('',(1.,14.));
#2076 = ( GEOMETRIC_REPRESENTATION_CONTEXT(2) 
PARAMETRIC_REPRESENTATION_CONTEXT() REPRESENTATION_CONTEXT('2D SPACE',''
  ) );
#2077 = ORIENTED_EDGE('',*,*,#2078,.T.);
#2078 = EDGE_CURVE('',#2053,#2079,#2081,.T.);
#2079 = VERTEX_POINT('',#2080);
#2080 = CARTESIAN_POINT('',(-23.,147.,75.));
#2081 = SURFACE_CURVE('',#2082,(#2086,#2092),.PCURVE_S1.);
#2082 = LINE('',#2083,#2084);
#2083 = CARTESIAN_POINT('',(-23.,-47.5,75.));
#2084 = VECTOR('',#2085,1.);
#2085 = DIRECTION('',(0.,1.,0.));
#2086 = PCURVE('',#942,#2087);
#2087 = DEFINITIONAL_REPRESENTATION('',(#2088),#2091);
#2088 = B_SPLINE_CURVE_WITH_KNOTS('',1,(#2089,#2090),.UNSPECIFIED.,.F.,
  .F.,(2,2),(0.5,194.5),.PIECEWISE_BEZIER_KNOTS.);
#2089 = CARTESIAN_POINT('',(115.,1.));
#2090 = CARTESIAN_POINT('',(115.,195.));
#2091 = ( GEOMETRIC_REPRESENTATION_CONTEXT(2) 
PARAMETRIC_REPRESENTATION_CONTEXT() REPRESENTATION_CONTEXT('2D SPACE',''
  ) );
#2092 = PCURVE('',#2093,#2098);
#2093 = PLANE('',#2094);
#2094 = AXIS2_PLACEMENT_3D('',#2095,#2096,#2097);
#2095 = CARTESIAN_POINT('',(-23.,-47.,74.));
#2096 = DIRECTION('',(1.,0.,0.));
#2097 = DIRECTION('',(0.,0.,1.));
#2098 = DEFINITIONAL_REPRESENTATION('',(#2099),#2102);
#2099 = B_SPLINE_CURVE_WITH_KNOTS('',1,(#2100,#2101),.UNSPECIFIED.,.F.,
  .F.,(2,2),(0.5,194.5),.PIECEWISE_BEZIER_KNOTS.);
#2100 = CARTESIAN_POINT('',(1.,0.));
#2101 = CARTESIAN_POINT('',(1.,-194.));
#2102 = ( GEOMETRIC_REPRESENTATION_CONTEXT(2) 
PARAMETRIC_REPRESENTATION_CONTEXT() REPRESENTATION_CONTEXT('2D SPACE',''
  ) );
#2103 = ORIENTED_EDGE('',*,*,#2104,.F.);
#2104 = EDGE_CURVE('',#2105,#2079,#2107,.T.);
#2105 = VERTEX_POINT('',#2106);
#2106 = CARTESIAN_POINT('',(-17.,147.,75.));
#2107 = SURFACE_CURVE('',#2108,(#2112,#2118),.PCURVE_S1.);
#2108 = LINE('',#2109,#2110);
#2109 = CARTESIAN_POINT('',(-80.5,147.,75.));
#2110 = VECTOR('',#2111,1.);
#2111 = DIRECTION('',(-1.,0.,0.));
#2112 = PCURVE('',#942,#2113);
#2113 = DEFINITIONAL_REPRESENTATION('',(#2114),#2117);
#2114 = B_SPLINE_CURVE_WITH_KNOTS('',1,(#2115,#2116),.UNSPECIFIED.,.F.,
  .F.,(2,2),(-63.5,-57.5),.PIECEWISE_BEZIER_KNOTS.);
#2115 = CARTESIAN_POINT('',(121.,195.));
#2116 = CARTESIAN_POINT('',(115.,195.));
#2117 = ( GEOMETRIC_REPRESENTATION_CONTEXT(2) 
PARAMETRIC_REPRESENTATION_CONTEXT() REPRESENTATION_CONTEXT('2D SPACE',''
  ) );
#2118 = PCURVE('',#2119,#2124);
#2119 = PLANE('',#2120);
#2120 = AXIS2_PLACEMENT_3D('',#2121,#2122,#2123);
#2121 = CARTESIAN_POINT('',(-23.,147.,74.));
#2122 = DIRECTION('',(0.,1.,0.));
#2123 = DIRECTION('',(0.,0.,1.));
#2124 = DEFINITIONAL_REPRESENTATION('',(#2125),#2128);
#2125 = B_SPLINE_CURVE_WITH_KNOTS('',1,(#2126,#2127),.UNSPECIFIED.,.F.,
  .F.,(2,2),(-63.5,-57.5),.PIECEWISE_BEZIER_KNOTS.);
#2126 = CARTESIAN_POINT('',(1.,6.));
#2127 = CARTESIAN_POINT('',(1.,0.));
#2128 = ( GEOMETRIC_REPRESENTATION_CONTEXT(2) 
PARAMETRIC_REPRESENTATION_CONTEXT() REPRESENTATION_CONTEXT('2D SPACE',''
  ) );
#2129 = ORIENTED_EDGE('',*,*,#2130,.F.);
#2130 = EDGE_CURVE('',#2131,#2105,#2133,.T.);
#2131 = VERTEX_POINT('',#2132);
#2132 = CARTESIAN_POINT('',(-17.,144.,75.));
#2133 = SURFACE_CURVE('',#2134,(#2138,#2144),.PCURVE_S1.);
#2134 = LINE('',#2135,#2136);
#2135 = CARTESIAN_POINT('',(-17.,-47.5,75.));
#2136 = VECTOR('',#2137,1.);
#2137 = DIRECTION('',(0.,1.,0.));
#2138 = PCURVE('',#942,#2139);
#2139 = DEFINITIONAL_REPRESENTATION('',(#2140),#2143);
#2140 = B_SPLINE_CURVE_WITH_KNOTS('',1,(#2141,#2142),.UNSPECIFIED.,.F.,
  .F.,(2,2),(0.5,194.5),.PIECEWISE_BEZIER_KNOTS.);
#2141 = CARTESIAN_POINT('',(121.,1.));
#2142 = CARTESIAN_POINT('',(121.,195.));
#2143 = ( GEOMETRIC_REPRESENTATION_CONTEXT(2) 
PARAMETRIC_REPRESENTATION_CONTEXT() REPRESENTATION_CONTEXT('2D SPACE',''
  ) );
#2144 = PCURVE('',#2145,#2150);
#2145 = PLANE('',#2146);
#2146 = AXIS2_PLACEMENT_3D('',#2147,#2148,#2149);
#2147 = CARTESIAN_POINT('',(-17.,-47.,74.));
#2148 = DIRECTION('',(1.,0.,0.));
#2149 = DIRECTION('',(0.,0.,1.));
#2150 = DEFINITIONAL_REPRESENTATION('',(#2151),#2154);
#2151 = B_SPLINE_CURVE_WITH_KNOTS('',1,(#2152,#2153),.UNSPECIFIED.,.F.,
  .F.,(2,2),(0.5,194.5),.PIECEWISE_BEZIER_KNOTS.);
#2152 = CARTESIAN_POINT('',(1.,0.));
#2153 = CARTESIAN_POINT('',(1.,-194.));
#2154 = ( GEOMETRIC_REPRESENTATION_CONTEXT(2) 
PARAMETRIC_REPRESENTATION_CONTEXT() REPRESENTATION_CONTEXT('2D SPACE',''
  ) );
#2155 = ORIENTED_EDGE('',*,*,#2156,.F.);
#2156 = EDGE_CURVE('',#2157,#2131,#2159,.T.);
#2157 = VERTEX_POINT('',#2158);
#2158 = CARTESIAN_POINT('',(17.,144.,75.));
#2159 = SURFACE_CURVE('',#2160,(#2164,#2170),.PCURVE_S1.);
#2160 = LINE('',#2161,#2162);
#2161 = CARTESIAN_POINT('',(-136.,144.,75.));
#2162 = VECTOR('',#2163,1.);
#2163 = DIRECTION('',(-1.,0.,0.));
#2164 = PCURVE('',#942,#2165);
#2165 = DEFINITIONAL_REPRESENTATION('',(#2166),#2169);
#2166 = B_SPLINE_CURVE_WITH_KNOTS('',1,(#2167,#2168),.UNSPECIFIED.,.F.,
  .F.,(2,2),(-256.,-16.),.PIECEWISE_BEZIER_KNOTS.);
#2167 = CARTESIAN_POINT('',(258.,192.));
#2168 = CARTESIAN_POINT('',(18.,192.));
#2169 = ( GEOMETRIC_REPRESENTATION_CONTEXT(2) 
PARAMETRIC_REPRESENTATION_CONTEXT() REPRESENTATION_CONTEXT('2D SPACE',''
  ) );
#2170 = PCURVE('',#2171,#2176);
#2171 = PLANE('',#2172);
#2172 = AXIS2_PLACEMENT_3D('',#2173,#2174,#2175);
#2173 = CARTESIAN_POINT('',(-134.,144.,74.));
#2174 = DIRECTION('',(0.,1.,0.));
#2175 = DIRECTION('',(0.,0.,1.));
#2176 = DEFINITIONAL_REPRESENTATION('',(#2177),#2180);
#2177 = B_SPLINE_CURVE_WITH_KNOTS('',1,(#2178,#2179),.UNSPECIFIED.,.F.,
  .F.,(2,2),(-256.,-16.),.PIECEWISE_BEZIER_KNOTS.);
#2178 = CARTESIAN_POINT('',(1.,254.));
#2179 = CARTESIAN_POINT('',(1.,14.));
#2180 = ( GEOMETRIC_REPRESENTATION_CONTEXT(2) 
PARAMETRIC_REPRESENTATION_CONTEXT() REPRESENTATION_CONTEXT('2D SPACE',''
  ) );
#2181 = ORIENTED_EDGE('',*,*,#2182,.T.);
#2182 = EDGE_CURVE('',#2157,#2183,#2185,.T.);
#2183 = VERTEX_POINT('',#2184);
#2184 = CARTESIAN_POINT('',(17.,147.,75.));
#2185 = SURFACE_CURVE('',#2186,(#2190,#2196),.PCURVE_S1.);
#2186 = LINE('',#2187,#2188);
#2187 = CARTESIAN_POINT('',(17.,-47.5,75.));
#2188 = VECTOR('',#2189,1.);
#2189 = DIRECTION('',(0.,1.,0.));
#2190 = PCURVE('',#942,#2191);
#2191 = DEFINITIONAL_REPRESENTATION('',(#2192),#2195);
#2192 = B_SPLINE_CURVE_WITH_KNOTS('',1,(#2193,#2194),.UNSPECIFIED.,.F.,
  .F.,(2,2),(0.5,194.5),.PIECEWISE_BEZIER_KNOTS.);
#2193 = CARTESIAN_POINT('',(155.,1.));
#2194 = CARTESIAN_POINT('',(155.,195.));
#2195 = ( GEOMETRIC_REPRESENTATION_CONTEXT(2) 
PARAMETRIC_REPRESENTATION_CONTEXT() REPRESENTATION_CONTEXT('2D SPACE',''
  ) );
#2196 = PCURVE('',#2197,#2202);
#2197 = PLANE('',#2198);
#2198 = AXIS2_PLACEMENT_3D('',#2199,#2200,#2201);
#2199 = CARTESIAN_POINT('',(17.,-47.,74.));
#2200 = DIRECTION('',(1.,0.,0.));
#2201 = DIRECTION('',(0.,0.,1.));
#2202 = DEFINITIONAL_REPRESENTATION('',(#2203),#2206);
#2203 = B_SPLINE_CURVE_WITH_KNOTS('',1,(#2204,#2205),.UNSPECIFIED.,.F.,
  .F.,(2,2),(0.5,194.5),.PIECEWISE_BEZIER_KNOTS.);
#2204 = CARTESIAN_POINT('',(1.,0.));
#2205 = CARTESIAN_POINT('',(1.,-194.));
#2206 = ( GEOMETRIC_REPRESENTATION_CONTEXT(2) 
PARAMETRIC_REPRESENTATION_CONTEXT() REPRESENTATION_CONTEXT('2D SPACE',''
  ) );
#2207 = ORIENTED_EDGE('',*,*,#2208,.F.);
#2208 = EDGE_CURVE('',#2209,#2183,#2211,.T.);
#2209 = VERTEX_POINT('',#2210);
#2210 = CARTESIAN_POINT('',(23.,147.,75.));
#2211 = SURFACE_CURVE('',#2212,(#2216,#2222),.PCURVE_S1.);
#2212 = LINE('',#2213,#2214);
#2213 = CARTESIAN_POINT('',(-60.5,147.,75.));
#2214 = VECTOR('',#2215,1.);
#2215 = DIRECTION('',(-1.,0.,0.));
#2216 = PCURVE('',#942,#2217);
#2217 = DEFINITIONAL_REPRESENTATION('',(#2218),#2221);
#2218 = B_SPLINE_CURVE_WITH_KNOTS('',1,(#2219,#2220),.UNSPECIFIED.,.F.,
  .F.,(2,2),(-83.5,-77.5),.PIECEWISE_BEZIER_KNOTS.);
#2219 = CARTESIAN_POINT('',(161.,195.));
#2220 = CARTESIAN_POINT('',(155.,195.));
#2221 = ( GEOMETRIC_REPRESENTATION_CONTEXT(2) 
PARAMETRIC_REPRESENTATION_CONTEXT() REPRESENTATION_CONTEXT('2D SPACE',''
  ) );
#2222 = PCURVE('',#2223,#2228);
#2223 = PLANE('',#2224);
#2224 = AXIS2_PLACEMENT_3D('',#2225,#2226,#2227);
#2225 = CARTESIAN_POINT('',(17.,147.,74.));
#2226 = DIRECTION('',(0.,1.,0.));
#2227 = DIRECTION('',(0.,0.,1.));
#2228 = DEFINITIONAL_REPRESENTATION('',(#2229),#2232);
#2229 = B_SPLINE_CURVE_WITH_KNOTS('',1,(#2230,#2231),.UNSPECIFIED.,.F.,
  .F.,(2,2),(-83.5,-77.5),.PIECEWISE_BEZIER_KNOTS.);
#2230 = CARTESIAN_POINT('',(1.,6.));
#2231 = CARTESIAN_POINT('',(1.,0.));
#2232 = ( GEOMETRIC_REPRESENTATION_CONTEXT(2) 
PARAMETRIC_REPRESENTATION_CONTEXT() REPRESENTATION_CONTEXT('2D SPACE',''
  ) );
#2233 = ORIENTED_EDGE('',*,*,#2234,.F.);
#2234 = EDGE_CURVE('',#2235,#2209,#2237,.T.);
#2235 = VERTEX_POINT('',#2236);
#2236 = CARTESIAN_POINT('',(23.,144.,75.));
#2237 = SURFACE_CURVE('',#2238,(#2242,#2248),.PCURVE_S1.);
#2238 = LINE('',#2239,#2240);
#2239 = CARTESIAN_POINT('',(23.,-47.5,75.));
#2240 = VECTOR('',#2241,1.);
#2241 = DIRECTION('',(0.,1.,0.));
#2242 = PCURVE('',#942,#2243);
#2243 = DEFINITIONAL_REPRESENTATION('',(#2244),#2247);
#2244 = B_SPLINE_CURVE_WITH_KNOTS('',1,(#2245,#2246),.UNSPECIFIED.,.F.,
  .F.,(2,2),(0.5,194.5),.PIECEWISE_BEZIER_KNOTS.);
#2245 = CARTESIAN_POINT('',(161.,1.));
#2246 = CARTESIAN_POINT('',(161.,195.));
#2247 = ( GEOMETRIC_REPRESENTATION_CONTEXT(2) 
PARAMETRIC_REPRESENTATION_CONTEXT() REPRESENTATION_CONTEXT('2D SPACE',''
  ) );
#2248 = PCURVE('',#2249,#2254);
#2249 = PLANE('',#2250);
#2250 = AXIS2_PLACEMENT_3D('',#2251,#2252,#2253);
#2251 = CARTESIAN_POINT('',(23.,-47.,74.));
#2252 = DIRECTION('',(1.,0.,0.));
#2253 = DIRECTION('',(0.,0.,1.));
#2254 = DEFINITIONAL_REPRESENTATION('',(#2255),#2258);
#2255 = B_SPLINE_CURVE_WITH_KNOTS('',1,(#2256,#2257),.UNSPECIFIED.,.F.,
  .F.,(2,2),(0.5,194.5),.PIECEWISE_BEZIER_KNOTS.);
#2256 = CARTESIAN_POINT('',(1.,0.));
#2257 = CARTESIAN_POINT('',(1.,-194.));
#2258 = ( GEOMETRIC_REPRESENTATION_CONTEXT(2) 
PARAMETRIC_REPRESENTATION_CONTEXT() REPRESENTATION_CONTEXT('2D SPACE',''
  ) );
#2259 = ORIENTED_EDGE('',*,*,#2260,.F.);
#2260 = EDGE_CURVE('',#2261,#2235,#2263,.T.);
#2261 = VERTEX_POINT('',#2262);
#2262 = CARTESIAN_POINT('',(57.,144.,75.));
#2263 = SURFACE_CURVE('',#2264,(#2268,#2274),.PCURVE_S1.);
#2264 = LINE('',#2265,#2266);
#2265 = CARTESIAN_POINT('',(-136.,144.,75.));
#2266 = VECTOR('',#2267,1.);
#2267 = DIRECTION('',(-1.,0.,0.));
#2268 = PCURVE('',#942,#2269);
#2269 = DEFINITIONAL_REPRESENTATION('',(#2270),#2273);
#2270 = B_SPLINE_CURVE_WITH_KNOTS('',1,(#2271,#2272),.UNSPECIFIED.,.F.,
  .F.,(2,2),(-256.,-16.),.PIECEWISE_BEZIER_KNOTS.);
#2271 = CARTESIAN_POINT('',(258.,192.));
#2272 = CARTESIAN_POINT('',(18.,192.));
#2273 = ( GEOMETRIC_REPRESENTATION_CONTEXT(2) 
PARAMETRIC_REPRESENTATION_CONTEXT() REPRESENTATION_CONTEXT('2D SPACE',''
  ) );
#2274 = PCURVE('',#2275,#2280);
#2275 = PLANE('',#2276);
#2276 = AXIS2_PLACEMENT_3D('',#2277,#2278,#2279);
#2277 = CARTESIAN_POINT('',(-134.,144.,74.));
#2278 = DIRECTION('',(0.,1.,0.));
#2279 = DIRECTION('',(0.,0.,1.));
#2280 = DEFINITIONAL_REPRESENTATION('',(#2281),#2284);
#2281 = B_SPLINE_CURVE_WITH_KNOTS('',1,(#2282,#2283),.UNSPECIFIED.,.F.,
  .F.,(2,2),(-256.,-16.),.PIECEWISE_BEZIER_KNOTS.);
#2282 = CARTESIAN_POINT('',(1.,254.));
#2283 = CARTESIAN_POINT('',(1.,14.));
#2284 = ( GEOMETRIC_REPRESENTATION_CONTEXT(2) 
PARAMETRIC_REPRESENTATION_CONTEXT() REPRESENTATION_CONTEXT('2D SPACE',''
  ) );
#2285 = ORIENTED_EDGE('',*,*,#2286,.T.);
#2286 = EDGE_CURVE('',#2261,#2287,#2289,.T.);
#2287 = VERTEX_POINT('',#2288);
#2288 = CARTESIAN_POINT('',(57.,147.,75.));
#2289 = SURFACE_CURVE('',#2290,(#2294,#2300),.PCURVE_S1.);
#2290 = LINE('',#2291,#2292);
#2291 = CARTESIAN_POINT('',(57.,-47.5,75.));
#2292 = VECTOR('',#2293,1.);
#2293 = DIRECTION('',(0.,1.,0.));
#2294 = PCURVE('',#942,#2295);
#2295 = DEFINITIONAL_REPRESENTATION('',(#2296),#2299);
#2296 = B_SPLINE_CURVE_WITH_KNOTS('',1,(#2297,#2298),.UNSPECIFIED.,.F.,
  .F.,(2,2),(0.5,194.5),.PIECEWISE_BEZIER_KNOTS.);
#2297 = CARTESIAN_POINT('',(195.,1.));
#2298 = CARTESIAN_POINT('',(195.,195.));
#2299 = ( GEOMETRIC_REPRESENTATION_CONTEXT(2) 
PARAMETRIC_REPRESENTATION_CONTEXT() REPRESENTATION_CONTEXT('2D SPACE',''
  ) );
#2300 = PCURVE('',#2301,#2306);
#2301 = PLANE('',#2302);
#2302 = AXIS2_PLACEMENT_3D('',#2303,#2304,#2305);
#2303 = CARTESIAN_POINT('',(57.,-47.,74.));
#2304 = DIRECTION('',(1.,0.,0.));
#2305 = DIRECTION('',(0.,0.,1.));
#2306 = DEFINITIONAL_REPRESENTATION('',(#2307),#2310);
#2307 = B_SPLINE_CURVE_WITH_KNOTS('',1,(#2308,#2309),.UNSPECIFIED.,.F.,
  .F.,(2,2),(0.5,194.5),.PIECEWISE_BEZIER_KNOTS.);
#2308 = CARTESIAN_POINT('',(1.,0.));
#2309 = CARTESIAN_POINT('',(1.,-194.));
#2310 = ( GEOMETRIC_REPRESENTATION_CONTEXT(2) 
PARAMETRIC_REPRESENTATION_CONTEXT() REPRESENTATION_CONTEXT('2D SPACE',''
  ) );
#2311 = ORIENTED_EDGE('',*,*,#2312,.F.);
#2312 = EDGE_CURVE('',#2313,#2287,#2315,.T.);
#2313 = VERTEX_POINT('',#2314);
#2314 = CARTESIAN_POINT('',(63.,147.,75.));
#2315 = SURFACE_CURVE('',#2316,(#2320,#2326),.PCURVE_S1.);
#2316 = LINE('',#2317,#2318);
#2317 = CARTESIAN_POINT('',(-40.5,147.,75.));
#2318 = VECTOR('',#2319,1.);
#2319 = DIRECTION('',(-1.,0.,0.));
#2320 = PCURVE('',#942,#2321);
#2321 = DEFINITIONAL_REPRESENTATION('',(#2322),#2325);
#2322 = B_SPLINE_CURVE_WITH_KNOTS('',1,(#2323,#2324),.UNSPECIFIED.,.F.,
  .F.,(2,2),(-103.5,-97.5),.PIECEWISE_BEZIER_KNOTS.);
#2323 = CARTESIAN_POINT('',(201.,195.));
#2324 = CARTESIAN_POINT('',(195.,195.));
#2325 = ( GEOMETRIC_REPRESENTATION_CONTEXT(2) 
PARAMETRIC_REPRESENTATION_CONTEXT() REPRESENTATION_CONTEXT('2D SPACE',''
  ) );
#2326 = PCURVE('',#2327,#2332);
#2327 = PLANE('',#2328);
#2328 = AXIS2_PLACEMENT_3D('',#2329,#2330,#2331);
#2329 = CARTESIAN_POINT('',(57.,147.,74.));
#2330 = DIRECTION('',(0.,1.,0.));
#2331 = DIRECTION('',(0.,0.,1.));
#2332 = DEFINITIONAL_REPRESENTATION('',(#2333),#2336);
#2333 = B_SPLINE_CURVE_WITH_KNOTS('',1,(#2334,#2335),.UNSPECIFIED.,.F.,
  .F.,(2,2),(-103.5,-97.5),.PIECEWISE_BEZIER_KNOTS.);
#2334 = CARTESIAN_POINT('',(1.,6.));
#2335 = CARTESIAN_POINT('',(1.,0.));
#2336 = ( GEOMETRIC_REPRESENTATION_CONTEXT(2) 
PARAMETRIC_REPRESENTATION_CONTEXT() REPRESENTATION_CONTEXT('2D SPACE',''
  ) );
#2337 = ORIENTED_EDGE('',*,*,#2338,.F.);
#2338 = EDGE_CURVE('',#2339,#2313,#2341,.T.);
#2339 = VERTEX_POINT('',#2340);
#2340 = CARTESIAN_POINT('',(63.,144.,75.));
#2341 = SURFACE_CURVE('',#2342,(#2346,#2352),.PCURVE_S1.);
#2342 = LINE('',#2343,#2344);
#2343 = CARTESIAN_POINT('',(63.,-47.5,75.));
#2344 = VECTOR('',#2345,1.);
#2345 = DIRECTION('',(0.,1.,0.));
#2346 = PCURVE('',#942,#2347);
#2347 = DEFINITIONAL_REPRESENTATION('',(#2348),#2351);
#2348 = B_SPLINE_CURVE_WITH_KNOTS('',1,(#2349,#2350),.UNSPECIFIED.,.F.,
  .F.,(2,2),(0.5,194.5),.PIECEWISE_BEZIER_KNOTS.);
#2349 = CARTESIAN_POINT('',(201.,1.));
#2350 = CARTESIAN_POINT('',(201.,195.));
#2351 = ( GEOMETRIC_REPRESENTATION_CONTEXT(2) 
PARAMETRIC_REPRESENTATION_CONTEXT() REPRESENTATION_CONTEXT('2D SPACE',''
  ) );
#2352 = PCURVE('',#2353,#2358);
#2353 = PLANE('',#2354);
#2354 = AXIS2_PLACEMENT_3D('',#2355,#2356,#2357);
#2355 = CARTESIAN_POINT('',(63.,-47.,74.));
#2356 = DIRECTION('',(1.,0.,0.));
#2357 = DIRECTION('',(0.,0.,1.));
#2358 = DEFINITIONAL_REPRESENTATION('',(#2359),#2362);
#2359 = B_SPLINE_CURVE_WITH_KNOTS('',1,(#2360,#2361),.UNSPECIFIED.,.F.,
  .F.,(2,2),(0.5,194.5),.PIECEWISE_BEZIER_KNOTS.);
#2360 = CARTESIAN_POINT('',(1.,0.));
#2361 = CARTESIAN_POINT('',(1.,-194.));
#2362 = ( GEOMETRIC_REPRESENTATION_CONTEXT(2) 
PARAMETRIC_REPRESENTATION_CONTEXT() REPRESENTATION_CONTEXT('2D SPACE',''
  ) );
#2363 = ORIENTED_EDGE('',*,*,#2364,.F.);
#2364 = EDGE_CURVE('',#2365,#2339,#2367,.T.);
#2365 = VERTEX_POINT('',#2366);
#2366 = CARTESIAN_POINT('',(97.,144.,75.));
#2367 = SURFACE_CURVE('',#2368,(#2372,#2378),.PCURVE_S1.);
#2368 = LINE('',#2369,#2370);
#2369 = CARTESIAN_POINT('',(-136.,144.,75.));
#2370 = VECTOR('',#2371,1.);
#2371 = DIRECTION('',(-1.,0.,0.));
#2372 = PCURVE('',#942,#2373);
#2373 = DEFINITIONAL_REPRESENTATION('',(#2374),#2377);
#2374 = B_SPLINE_CURVE_WITH_KNOTS('',1,(#2375,#2376),.UNSPECIFIED.,.F.,
  .F.,(2,2),(-256.,-16.),.PIECEWISE_BEZIER_KNOTS.);
#2375 = CARTESIAN_POINT('',(258.,192.));
#2376 = CARTESIAN_POINT('',(18.,192.));
#2377 = ( GEOMETRIC_REPRESENTATION_CONTEXT(2) 
PARAMETRIC_REPRESENTATION_CONTEXT() REPRESENTATION_CONTEXT('2D SPACE',''
  ) );
#2378 = PCURVE('',#2379,#2384);
#2379 = PLANE('',#2380);
#2380 = AXIS2_PLACEMENT_3D('',#2381,#2382,#2383);
#2381 = CARTESIAN_POINT('',(-134.,144.,74.));
#2382 = DIRECTION('',(0.,1.,0.));
#2383 = DIRECTION('',(0.,0.,1.));
#2384 = DEFINITIONAL_REPRESENTATION('',(#2385),#2388);
#2385 = B_SPLINE_CURVE_WITH_KNOTS('',1,(#2386,#2387),.UNSPECIFIED.,.F.,
  .F.,(2,2),(-256.,-16.),.PIECEWISE_BEZIER_KNOTS.);
#2386 = CARTESIAN_POINT('',(1.,254.));
#2387 = CARTESIAN_POINT('',(1.,14.));
#2388 = ( GEOMETRIC_REPRESENTATION_CONTEXT(2) 
PARAMETRIC_REPRESENTATION_CONTEXT() REPRESENTATION_CONTEXT('2D SPACE',''
  ) );
#2389 = ORIENTED_EDGE('',*,*,#2390,.T.);
#2390 = EDGE_CURVE('',#2365,#2391,#2393,.T.);
#2391 = VERTEX_POINT('',#2392);
#2392 = CARTESIAN_POINT('',(97.,147.,75.));
#2393 = SURFACE_CURVE('',#2394,(#2398,#2404),.PCURVE_S1.);
#2394 = LINE('',#2395,#2396);
#2395 = CARTESIAN_POINT('',(97.,-47.5,75.));
#2396 = VECTOR('',#2397,1.);
#2397 = DIRECTION('',(0.,1.,0.));
#2398 = PCURVE('',#942,#2399);
#2399 = DEFINITIONAL_REPRESENTATION('',(#2400),#2403);
#2400 = B_SPLINE_CURVE_WITH_KNOTS('',1,(#2401,#2402),.UNSPECIFIED.,.F.,
  .F.,(2,2),(0.5,194.5),.PIECEWISE_BEZIER_KNOTS.);
#2401 = CARTESIAN_POINT('',(235.,1.));
#2402 = CARTESIAN_POINT('',(235.,195.));
#2403 = ( GEOMETRIC_REPRESENTATION_CONTEXT(2) 
PARAMETRIC_REPRESENTATION_CONTEXT() REPRESENTATION_CONTEXT('2D SPACE',''
  ) );
#2404 = PCURVE('',#2405,#2410);
#2405 = PLANE('',#2406);
#2406 = AXIS2_PLACEMENT_3D('',#2407,#2408,#2409);
#2407 = CARTESIAN_POINT('',(97.,-47.,74.));
#2408 = DIRECTION('',(1.,0.,0.));
#2409 = DIRECTION('',(0.,0.,1.));
#2410 = DEFINITIONAL_REPRESENTATION('',(#2411),#2414);
#2411 = B_SPLINE_CURVE_WITH_KNOTS('',1,(#2412,#2413),.UNSPECIFIED.,.F.,
  .F.,(2,2),(0.5,194.5),.PIECEWISE_BEZIER_KNOTS.);
#2412 = CARTESIAN_POINT('',(1.,0.));
#2413 = CARTESIAN_POINT('',(1.,-194.));
#2414 = ( GEOMETRIC_REPRESENTATION_CONTEXT(2) 
PARAMETRIC_REPRESENTATION_CONTEXT() REPRESENTATION_CONTEXT('2D SPACE',''
  ) );
#2415 = ORIENTED_EDGE('',*,*,#2416,.F.);
#2416 = EDGE_CURVE('',#2417,#2391,#2419,.T.);
#2417 = VERTEX_POINT('',#2418);
#2418 = CARTESIAN_POINT('',(103.,147.,75.));
#2419 = SURFACE_CURVE('',#2420,(#2424,#2430),.PCURVE_S1.);
#2420 = LINE('',#2421,#2422);
#2421 = CARTESIAN_POINT('',(-20.5,147.,75.));
#2422 = VECTOR('',#2423,1.);
#2423 = DIRECTION('',(-1.,0.,0.));
#2424 = PCURVE('',#942,#2425);
#2425 = DEFINITIONAL_REPRESENTATION('',(#2426),#2429);
#2426 = B_SPLINE_CURVE_WITH_KNOTS('',1,(#2427,#2428),.UNSPECIFIED.,.F.,
  .F.,(2,2),(-123.5,-117.5),.PIECEWISE_BEZIER_KNOTS.);
#2427 = CARTESIAN_POINT('',(241.,195.));
#2428 = CARTESIAN_POINT('',(235.,195.));
#2429 = ( GEOMETRIC_REPRESENTATION_CONTEXT(2) 
PARAMETRIC_REPRESENTATION_CONTEXT() REPRESENTATION_CONTEXT('2D SPACE',''
  ) );
#2430 = PCURVE('',#2431,#2436);
#2431 = PLANE('',#2432);
#2432 = AXIS2_PLACEMENT_3D('',#2433,#2434,#2435);
#2433 = CARTESIAN_POINT('',(97.,147.,74.));
#2434 = DIRECTION('',(0.,1.,0.));
#2435 = DIRECTION('',(0.,0.,1.));
#2436 = DEFINITIONAL_REPRESENTATION('',(#2437),#2440);
#2437 = B_SPLINE_CURVE_WITH_KNOTS('',1,(#2438,#2439),.UNSPECIFIED.,.F.,
  .F.,(2,2),(-123.5,-117.5),.PIECEWISE_BEZIER_KNOTS.);
#2438 = CARTESIAN_POINT('',(1.,6.));
#2439 = CARTESIAN_POINT('',(1.,0.));
#2440 = ( GEOMETRIC_REPRESENTATION_CONTEXT(2) 
PARAMETRIC_REPRESENTATION_CONTEXT() REPRESENTATION_CONTEXT('2D SPACE',''
  ) );
#2441 = ORIENTED_EDGE('',*,*,#2442,.F.);
#2442 = EDGE_CURVE('',#2443,#2417,#2445,.T.);
#2443 = VERTEX_POINT('',#2444);
#2444 = CARTESIAN_POINT('',(103.,144.,75.));
#2445 = SURFACE_CURVE('',#2446,(#2450,#2456),.PCURVE_S1.);
#2446 = LINE('',#2447,#2448);
#2447 = CARTESIAN_POINT('',(103.,-47.5,75.));
#2448 = VECTOR('',#2449,1.);
#2449 = DIRECTION('',(0.,1.,0.));
#2450 = PCURVE('',#942,#2451);
#2451 = DEFINITIONAL_REPRESENTATION('',(#2452),#2455);
#2452 = B_SPLINE_CURVE_WITH_KNOTS('',1,(#2453,#2454),.UNSPECIFIED.,.F.,
  .F.,(2,2),(0.5,194.5),.PIECEWISE_BEZIER_KNOTS.);
#2453 = CARTESIAN_POINT('',(241.,1.));
#2454 = CARTESIAN_POINT('',(241.,195.));
#2455 = ( GEOMETRIC_REPRESENTATION_CONTEXT(2) 
PARAMETRIC_REPRESENTATION_CONTEXT() REPRESENTATION_CONTEXT('2D SPACE',''
  ) );
#2456 = PCURVE('',#2457,#2462);
#2457 = PLANE('',#2458);
#2458 = AXIS2_PLACEMENT_3D('',#2459,#2460,#2461);
#2459 = CARTESIAN_POINT('',(103.,-47.,74.));
#2460 = DIRECTION('',(1.,0.,0.));
#2461 = DIRECTION('',(0.,0.,1.));
#2462 = DEFINITIONAL_REPRESENTATION('',(#2463),#2466);
#2463 = B_SPLINE_CURVE_WITH_KNOTS('',1,(#2464,#2465),.UNSPECIFIED.,.F.,
  .F.,(2,2),(0.5,194.5),.PIECEWISE_BEZIER_KNOTS.);
#2464 = CARTESIAN_POINT('',(1.,0.));
#2465 = CARTESIAN_POINT('',(1.,-194.));
#2466 = ( GEOMETRIC_REPRESENTATION_CONTEXT(2) 
PARAMETRIC_REPRESENTATION_CONTEXT() REPRESENTATION_CONTEXT('2D SPACE',''
  ) );
#2467 = ORIENTED_EDGE('',*,*,#2468,.F.);
#2468 = EDGE_CURVE('',#2469,#2443,#2471,.T.);
#2469 = VERTEX_POINT('',#2470);
#2470 = CARTESIAN_POINT('',(120.,144.,75.));
#2471 = SURFACE_CURVE('',#2472,(#2476,#2482),.PCURVE_S1.);
#2472 = LINE('',#2473,#2474);
#2473 = CARTESIAN_POINT('',(-136.,144.,75.));
#2474 = VECTOR('',#2475,1.);
#2475 = DIRECTION('',(-1.,0.,0.));
#2476 = PCURVE('',#942,#2477);
#2477 = DEFINITIONAL_REPRESENTATION('',(#2478),#2481);
#2478 = B_SPLINE_CURVE_WITH_KNOTS('',1,(#2479,#2480),.UNSPECIFIED.,.F.,
  .F.,(2,2),(-256.,-16.),.PIECEWISE_BEZIER_KNOTS.);
#2479 = CARTESIAN_POINT('',(258.,192.));
#2480 = CARTESIAN_POINT('',(18.,192.));
#2481 = ( GEOMETRIC_REPRESENTATION_CONTEXT(2) 
PARAMETRIC_REPRESENTATION_CONTEXT() REPRESENTATION_CONTEXT('2D SPACE',''
  ) );
#2482 = PCURVE('',#2483,#2488);
#2483 = PLANE('',#2484);
#2484 = AXIS2_PLACEMENT_3D('',#2485,#2486,#2487);
#2485 = CARTESIAN_POINT('',(-134.,144.,74.));
#2486 = DIRECTION('',(0.,1.,0.));
#2487 = DIRECTION('',(0.,0.,1.));
#2488 = DEFINITIONAL_REPRESENTATION('',(#2489),#2492);
#2489 = B_SPLINE_CURVE_WITH_KNOTS('',1,(#2490,#2491),.UNSPECIFIED.,.F.,
  .F.,(2,2),(-256.,-16.),.PIECEWISE_BEZIER_KNOTS.);
#2490 = CARTESIAN_POINT('',(1.,254.));
#2491 = CARTESIAN_POINT('',(1.,14.));
#2492 = ( GEOMETRIC_REPRESENTATION_CONTEXT(2) 
PARAMETRIC_REPRESENTATION_CONTEXT() REPRESENTATION_CONTEXT('2D SPACE',''
  ) );
#2493 = ORIENTED_EDGE('',*,*,#2494,.F.);
#2494 = EDGE_CURVE('',#2495,#2469,#2497,.T.);
#2495 = VERTEX_POINT('',#2496);
#2496 = CARTESIAN_POINT('',(134.,130.,75.));
#2497 = SURFACE_CURVE('',#2498,(#2503,#2510),.PCURVE_S1.);
#2498 = CIRCLE('',#2499,14.);
#2499 = AXIS2_PLACEMENT_3D('',#2500,#2501,#2502);
#2500 = CARTESIAN_POINT('',(120.,130.,75.));
#2501 = DIRECTION('',(0.,0.,1.));
#2502 = DIRECTION('',(1.,0.,-0.));
#2503 = PCURVE('',#942,#2504);
#2504 = DEFINITIONAL_REPRESENTATION('',(#2505),#2509);
#2505 = CIRCLE('',#2506,14.);
#2506 = AXIS2_PLACEMENT_2D('',#2507,#2508);
#2507 = CARTESIAN_POINT('',(258.,178.));
#2508 = DIRECTION('',(1.,0.));
#2509 = ( GEOMETRIC_REPRESENTATION_CONTEXT(2) 
PARAMETRIC_REPRESENTATION_CONTEXT() REPRESENTATION_CONTEXT('2D SPACE',''
  ) );
#2510 = PCURVE('',#2511,#2516);
#2511 = CYLINDRICAL_SURFACE('',#2512,14.);
#2512 = AXIS2_PLACEMENT_3D('',#2513,#2514,#2515);
#2513 = CARTESIAN_POINT('',(120.,130.,74.));
#2514 = DIRECTION('',(0.,0.,1.));
#2515 = DIRECTION('',(1.,0.,-0.));
#2516 = DEFINITIONAL_REPRESENTATION('',(#2517),#2521);
#2517 = LINE('',#2518,#2519);
#2518 = CARTESIAN_POINT('',(0.,1.));
#2519 = VECTOR('',#2520,1.);
#2520 = DIRECTION('',(1.,0.));
#2521 = ( GEOMETRIC_REPRESENTATION_CONTEXT(2) 
PARAMETRIC_REPRESENTATION_CONTEXT() REPRESENTATION_CONTEXT('2D SPACE',''
  ) );
#2522 = ORIENTED_EDGE('',*,*,#2523,.F.);
#2523 = EDGE_CURVE('',#2524,#2495,#2526,.T.);
#2524 = VERTEX_POINT('',#2525);
#2525 = CARTESIAN_POINT('',(134.,113.,75.));
#2526 = SURFACE_CURVE('',#2527,(#2531,#2537),.PCURVE_S1.);
#2527 = LINE('',#2528,#2529);
#2528 = CARTESIAN_POINT('',(134.,-46.,75.));
#2529 = VECTOR('',#2530,1.);
#2530 = DIRECTION('',(0.,1.,0.));
#2531 = PCURVE('',#942,#2532);
#2532 = DEFINITIONAL_REPRESENTATION('',(#2533),#2536);
#2533 = B_SPLINE_CURVE_WITH_KNOTS('',1,(#2534,#2535),.UNSPECIFIED.,.F.,
  .F.,(2,2),(16.,176.),.PIECEWISE_BEZIER_KNOTS.);
#2534 = CARTESIAN_POINT('',(272.,18.));
#2535 = CARTESIAN_POINT('',(272.,178.));
#2536 = ( GEOMETRIC_REPRESENTATION_CONTEXT(2) 
PARAMETRIC_REPRESENTATION_CONTEXT() REPRESENTATION_CONTEXT('2D SPACE',''
  ) );
#2537 = PCURVE('',#2538,#2543);
#2538 = PLANE('',#2539);
#2539 = AXIS2_PLACEMENT_3D('',#2540,#2541,#2542);
#2540 = CARTESIAN_POINT('',(134.,-44.,74.));
#2541 = DIRECTION('',(1.,0.,0.));
#2542 = DIRECTION('',(0.,0.,1.));
#2543 = DEFINITIONAL_REPRESENTATION('',(#2544),#2547);
#2544 = B_SPLINE_CURVE_WITH_KNOTS('',1,(#2545,#2546),.UNSPECIFIED.,.F.,
  .F.,(2,2),(16.,176.),.PIECEWISE_BEZIER_KNOTS.);
#2545 = CARTESIAN_POINT('',(1.,-14.));
#2546 = CARTESIAN_POINT('',(1.,-174.));
#2547 = ( GEOMETRIC_REPRESENTATION_CONTEXT(2) 
PARAMETRIC_REPRESENTATION_CONTEXT() REPRESENTATION_CONTEXT('2D SPACE',''
  ) );
#2548 = ORIENTED_EDGE('',*,*,#2549,.F.);
#2549 = EDGE_CURVE('',#2550,#2524,#2552,.T.);
#2550 = VERTEX_POINT('',#2551);
#2551 = CARTESIAN_POINT('',(136.,113.,75.));
#2552 = SURFACE_CURVE('',#2553,(#2557,#2563),.PCURVE_S1.);
#2553 = LINE('',#2554,#2555);
#2554 = CARTESIAN_POINT('',(-137.,113.,75.));
#2555 = VECTOR('',#2556,1.);
#2556 = DIRECTION('',(-1.,0.,0.));
#2557 = PCURVE('',#942,#2558);
#2558 = DEFINITIONAL_REPRESENTATION('',(#2559),#2562);
#2559 = B_SPLINE_CURVE_WITH_KNOTS('',1,(#2560,#2561),.UNSPECIFIED.,.F.,
  .F.,(2,2),(-273.,-1.),.PIECEWISE_BEZIER_KNOTS.);
#2560 = CARTESIAN_POINT('',(274.,161.));
#2561 = CARTESIAN_POINT('',(2.,161.));
#2562 = ( GEOMETRIC_REPRESENTATION_CONTEXT(2) 
PARAMETRIC_REPRESENTATION_CONTEXT() REPRESENTATION_CONTEXT('2D SPACE',''
  ) );
#2563 = PCURVE('',#2564,#2569);
#2564 = PLANE('',#2565);
#2565 = AXIS2_PLACEMENT_3D('',#2566,#2567,#2568);
#2566 = CARTESIAN_POINT('',(-136.,113.,74.));
#2567 = DIRECTION('',(0.,1.,0.));
#2568 = DIRECTION('',(0.,0.,1.));
#2569 = DEFINITIONAL_REPRESENTATION('',(#2570),#2573);
#2570 = B_SPLINE_CURVE_WITH_KNOTS('',1,(#2571,#2572),.UNSPECIFIED.,.F.,
  .F.,(2,2),(-273.,-1.),.PIECEWISE_BEZIER_KNOTS.);
#2571 = CARTESIAN_POINT('',(1.,272.));
#2572 = CARTESIAN_POINT('',(1.,0.));
#2573 = ( GEOMETRIC_REPRESENTATION_CONTEXT(2) 
PARAMETRIC_REPRESENTATION_CONTEXT() REPRESENTATION_CONTEXT('2D SPACE',''
  ) );
#2574 = ORIENTED_EDGE('',*,*,#2575,.F.);
#2575 = EDGE_CURVE('',#2576,#2550,#2578,.T.);
#2576 = VERTEX_POINT('',#2577);
#2577 = CARTESIAN_POINT('',(136.,107.,75.));
#2578 = SURFACE_CURVE('',#2579,(#2583,#2589),.PCURVE_S1.);
#2579 = LINE('',#2580,#2581);
#2580 = CARTESIAN_POINT('',(136.,29.5,75.));
#2581 = VECTOR('',#2582,1.);
#2582 = DIRECTION('',(0.,1.,0.));
#2583 = PCURVE('',#942,#2584);
#2584 = DEFINITIONAL_REPRESENTATION('',(#2585),#2588);
#2585 = B_SPLINE_CURVE_WITH_KNOTS('',1,(#2586,#2587),.UNSPECIFIED.,.F.,
  .F.,(2,2),(77.5,83.5),.PIECEWISE_BEZIER_KNOTS.);
#2586 = CARTESIAN_POINT('',(274.,155.));
#2587 = CARTESIAN_POINT('',(274.,161.));
#2588 = ( GEOMETRIC_REPRESENTATION_CONTEXT(2) 
PARAMETRIC_REPRESENTATION_CONTEXT() REPRESENTATION_CONTEXT('2D SPACE',''
  ) );
#2589 = PCURVE('',#2590,#2595);
#2590 = PLANE('',#2591);
#2591 = AXIS2_PLACEMENT_3D('',#2592,#2593,#2594);
#2592 = CARTESIAN_POINT('',(136.,107.,74.));
#2593 = DIRECTION('',(1.,0.,0.));
#2594 = DIRECTION('',(0.,0.,1.));
#2595 = DEFINITIONAL_REPRESENTATION('',(#2596),#2599);
#2596 = B_SPLINE_CURVE_WITH_KNOTS('',1,(#2597,#2598),.UNSPECIFIED.,.F.,
  .F.,(2,2),(77.5,83.5),.PIECEWISE_BEZIER_KNOTS.);
#2597 = CARTESIAN_POINT('',(1.,0.));
#2598 = CARTESIAN_POINT('',(1.,-6.));
#2599 = ( GEOMETRIC_REPRESENTATION_CONTEXT(2) 
PARAMETRIC_REPRESENTATION_CONTEXT() REPRESENTATION_CONTEXT('2D SPACE',''
  ) );
#2600 = ORIENTED_EDGE('',*,*,#2601,.T.);
#2601 = EDGE_CURVE('',#2576,#2602,#2604,.T.);
#2602 = VERTEX_POINT('',#2603);
#2603 = CARTESIAN_POINT('',(134.,107.,75.));
#2604 = SURFACE_CURVE('',#2605,(#2609,#2615),.PCURVE_S1.);
#2605 = LINE('',#2606,#2607);
#2606 = CARTESIAN_POINT('',(-137.,107.,75.));
#2607 = VECTOR('',#2608,1.);
#2608 = DIRECTION('',(-1.,0.,0.));
#2609 = PCURVE('',#942,#2610);
#2610 = DEFINITIONAL_REPRESENTATION('',(#2611),#2614);
#2611 = B_SPLINE_CURVE_WITH_KNOTS('',1,(#2612,#2613),.UNSPECIFIED.,.F.,
  .F.,(2,2),(-273.,-1.),.PIECEWISE_BEZIER_KNOTS.);
#2612 = CARTESIAN_POINT('',(274.,155.));
#2613 = CARTESIAN_POINT('',(2.,155.));
#2614 = ( GEOMETRIC_REPRESENTATION_CONTEXT(2) 
PARAMETRIC_REPRESENTATION_CONTEXT() REPRESENTATION_CONTEXT('2D SPACE',''
  ) );
#2615 = PCURVE('',#2616,#2621);
#2616 = PLANE('',#2617);
#2617 = AXIS2_PLACEMENT_3D('',#2618,#2619,#2620);
#2618 = CARTESIAN_POINT('',(-136.,107.,74.));
#2619 = DIRECTION('',(0.,1.,0.));
#2620 = DIRECTION('',(0.,0.,1.));
#2621 = DEFINITIONAL_REPRESENTATION('',(#2622),#2625);
#2622 = B_SPLINE_CURVE_WITH_KNOTS('',1,(#2623,#2624),.UNSPECIFIED.,.F.,
  .F.,(2,2),(-273.,-1.),.PIECEWISE_BEZIER_KNOTS.);
#2623 = CARTESIAN_POINT('',(1.,272.));
#2624 = CARTESIAN_POINT('',(1.,0.));
#2625 = ( GEOMETRIC_REPRESENTATION_CONTEXT(2) 
PARAMETRIC_REPRESENTATION_CONTEXT() REPRESENTATION_CONTEXT('2D SPACE',''
  ) );
#2626 = ORIENTED_EDGE('',*,*,#2627,.F.);
#2627 = EDGE_CURVE('',#2628,#2602,#2630,.T.);
#2628 = VERTEX_POINT('',#2629);
#2629 = CARTESIAN_POINT('',(134.,73.,75.));
#2630 = SURFACE_CURVE('',#2631,(#2635,#2641),.PCURVE_S1.);
#2631 = LINE('',#2632,#2633);
#2632 = CARTESIAN_POINT('',(134.,-46.,75.));
#2633 = VECTOR('',#2634,1.);
#2634 = DIRECTION('',(0.,1.,0.));
#2635 = PCURVE('',#942,#2636);
#2636 = DEFINITIONAL_REPRESENTATION('',(#2637),#2640);
#2637 = B_SPLINE_CURVE_WITH_KNOTS('',1,(#2638,#2639),.UNSPECIFIED.,.F.,
  .F.,(2,2),(16.,176.),.PIECEWISE_BEZIER_KNOTS.);
#2638 = CARTESIAN_POINT('',(272.,18.));
#2639 = CARTESIAN_POINT('',(272.,178.));
#2640 = ( GEOMETRIC_REPRESENTATION_CONTEXT(2) 
PARAMETRIC_REPRESENTATION_CONTEXT() REPRESENTATION_CONTEXT('2D SPACE',''
  ) );
#2641 = PCURVE('',#2642,#2647);
#2642 = PLANE('',#2643);
#2643 = AXIS2_PLACEMENT_3D('',#2644,#2645,#2646);
#2644 = CARTESIAN_POINT('',(134.,-44.,74.));
#2645 = DIRECTION('',(1.,0.,0.));
#2646 = DIRECTION('',(0.,0.,1.));
#2647 = DEFINITIONAL_REPRESENTATION('',(#2648),#2651);
#2648 = B_SPLINE_CURVE_WITH_KNOTS('',1,(#2649,#2650),.UNSPECIFIED.,.F.,
  .F.,(2,2),(16.,176.),.PIECEWISE_BEZIER_KNOTS.);
#2649 = CARTESIAN_POINT('',(1.,-14.));
#2650 = CARTESIAN_POINT('',(1.,-174.));
#2651 = ( GEOMETRIC_REPRESENTATION_CONTEXT(2) 
PARAMETRIC_REPRESENTATION_CONTEXT() REPRESENTATION_CONTEXT('2D SPACE',''
  ) );
#2652 = ORIENTED_EDGE('',*,*,#2653,.F.);
#2653 = EDGE_CURVE('',#2654,#2628,#2656,.T.);
#2654 = VERTEX_POINT('',#2655);
#2655 = CARTESIAN_POINT('',(136.,73.,75.));
#2656 = SURFACE_CURVE('',#2657,(#2661,#2667),.PCURVE_S1.);
#2657 = LINE('',#2658,#2659);
#2658 = CARTESIAN_POINT('',(-137.,73.,75.));
#2659 = VECTOR('',#2660,1.);
#2660 = DIRECTION('',(-1.,0.,0.));
#2661 = PCURVE('',#942,#2662);
#2662 = DEFINITIONAL_REPRESENTATION('',(#2663),#2666);
#2663 = B_SPLINE_CURVE_WITH_KNOTS('',1,(#2664,#2665),.UNSPECIFIED.,.F.,
  .F.,(2,2),(-273.,-1.),.PIECEWISE_BEZIER_KNOTS.);
#2664 = CARTESIAN_POINT('',(274.,121.));
#2665 = CARTESIAN_POINT('',(2.,121.));
#2666 = ( GEOMETRIC_REPRESENTATION_CONTEXT(2) 
PARAMETRIC_REPRESENTATION_CONTEXT() REPRESENTATION_CONTEXT('2D SPACE',''
  ) );
#2667 = PCURVE('',#2668,#2673);
#2668 = PLANE('',#2669);
#2669 = AXIS2_PLACEMENT_3D('',#2670,#2671,#2672);
#2670 = CARTESIAN_POINT('',(-136.,73.,74.));
#2671 = DIRECTION('',(0.,1.,0.));
#2672 = DIRECTION('',(0.,0.,1.));
#2673 = DEFINITIONAL_REPRESENTATION('',(#2674),#2677);
#2674 = B_SPLINE_CURVE_WITH_KNOTS('',1,(#2675,#2676),.UNSPECIFIED.,.F.,
  .F.,(2,2),(-273.,-1.),.PIECEWISE_BEZIER_KNOTS.);
#2675 = CARTESIAN_POINT('',(1.,272.));
#2676 = CARTESIAN_POINT('',(1.,0.));
#2677 = ( GEOMETRIC_REPRESENTATION_CONTEXT(2) 
PARAMETRIC_REPRESENTATION_CONTEXT() REPRESENTATION_CONTEXT('2D SPACE',''
  ) );
#2678 = ORIENTED_EDGE('',*,*,#2679,.F.);
#2679 = EDGE_CURVE('',#2680,#2654,#2682,.T.);
#2680 = VERTEX_POINT('',#2681);
#2681 = CARTESIAN_POINT('',(136.,67.,75.));
#2682 = SURFACE_CURVE('',#2683,(#2687,#2693),.PCURVE_S1.);
#2683 = LINE('',#2684,#2685);
#2684 = CARTESIAN_POINT('',(136.,9.5,75.));
#2685 = VECTOR('',#2686,1.);
#2686 = DIRECTION('',(0.,1.,0.));
#2687 = PCURVE('',#942,#2688);
#2688 = DEFINITIONAL_REPRESENTATION('',(#2689),#2692);
#2689 = B_SPLINE_CURVE_WITH_KNOTS('',1,(#2690,#2691),.UNSPECIFIED.,.F.,
  .F.,(2,2),(57.5,63.5),.PIECEWISE_BEZIER_KNOTS.);
#2690 = CARTESIAN_POINT('',(274.,115.));
#2691 = CARTESIAN_POINT('',(274.,121.));
#2692 = ( GEOMETRIC_REPRESENTATION_CONTEXT(2) 
PARAMETRIC_REPRESENTATION_CONTEXT() REPRESENTATION_CONTEXT('2D SPACE',''
  ) );
#2693 = PCURVE('',#2694,#2699);
#2694 = PLANE('',#2695);
#2695 = AXIS2_PLACEMENT_3D('',#2696,#2697,#2698);
#2696 = CARTESIAN_POINT('',(136.,67.,74.));
#2697 = DIRECTION('',(1.,0.,0.));
#2698 = DIRECTION('',(0.,0.,1.));
#2699 = DEFINITIONAL_REPRESENTATION('',(#2700),#2703);
#2700 = B_SPLINE_CURVE_WITH_KNOTS('',1,(#2701,#2702),.UNSPECIFIED.,.F.,
  .F.,(2,2),(57.5,63.5),.PIECEWISE_BEZIER_KNOTS.);
#2701 = CARTESIAN_POINT('',(1.,0.));
#2702 = CARTESIAN_POINT('',(1.,-6.));
#2703 = ( GEOMETRIC_REPRESENTATION_CONTEXT(2) 
PARAMETRIC_REPRESENTATION_CONTEXT() REPRESENTATION_CONTEXT('2D SPACE',''
  ) );
#2704 = ORIENTED_EDGE('',*,*,#2705,.T.);
#2705 = EDGE_CURVE('',#2680,#2706,#2708,.T.);
#2706 = VERTEX_POINT('',#2707);
#2707 = CARTESIAN_POINT('',(134.,67.,75.));
#2708 = SURFACE_CURVE('',#2709,(#2713,#2719),.PCURVE_S1.);
#2709 = LINE('',#2710,#2711);
#2710 = CARTESIAN_POINT('',(-137.,67.,75.));
#2711 = VECTOR('',#2712,1.);
#2712 = DIRECTION('',(-1.,0.,0.));
#2713 = PCURVE('',#942,#2714);
#2714 = DEFINITIONAL_REPRESENTATION('',(#2715),#2718);
#2715 = B_SPLINE_CURVE_WITH_KNOTS('',1,(#2716,#2717),.UNSPECIFIED.,.F.,
  .F.,(2,2),(-273.,-1.),.PIECEWISE_BEZIER_KNOTS.);
#2716 = CARTESIAN_POINT('',(274.,115.));
#2717 = CARTESIAN_POINT('',(2.,115.));
#2718 = ( GEOMETRIC_REPRESENTATION_CONTEXT(2) 
PARAMETRIC_REPRESENTATION_CONTEXT() REPRESENTATION_CONTEXT('2D SPACE',''
  ) );
#2719 = PCURVE('',#2720,#2725);
#2720 = PLANE('',#2721);
#2721 = AXIS2_PLACEMENT_3D('',#2722,#2723,#2724);
#2722 = CARTESIAN_POINT('',(-136.,67.,74.));
#2723 = DIRECTION('',(0.,1.,0.));
#2724 = DIRECTION('',(0.,0.,1.));
#2725 = DEFINITIONAL_REPRESENTATION('',(#2726),#2729);
#2726 = B_SPLINE_CURVE_WITH_KNOTS('',1,(#2727,#2728),.UNSPECIFIED.,.F.,
  .F.,(2,2),(-273.,-1.),.PIECEWISE_BEZIER_KNOTS.);
#2727 = CARTESIAN_POINT('',(1.,272.));
#2728 = CARTESIAN_POINT('',(1.,0.));
#2729 = ( GEOMETRIC_REPRESENTATION_CONTEXT(2) 
PARAMETRIC_REPRESENTATION_CONTEXT() REPRESENTATION_CONTEXT('2D SPACE',''
  ) );
#2730 = ORIENTED_EDGE('',*,*,#2731,.F.);
#2731 = EDGE_CURVE('',#2732,#2706,#2734,.T.);
#2732 = VERTEX_POINT('',#2733);
#2733 = CARTESIAN_POINT('',(134.,33.,75.));
#2734 = SURFACE_CURVE('',#2735,(#2739,#2745),.PCURVE_S1.);
#2735 = LINE('',#2736,#2737);
#2736 = CARTESIAN_POINT('',(134.,-46.,75.));
#2737 = VECTOR('',#2738,1.);
#2738 = DIRECTION('',(0.,1.,0.));
#2739 = PCURVE('',#942,#2740);
#2740 = DEFINITIONAL_REPRESENTATION('',(#2741),#2744);
#2741 = B_SPLINE_CURVE_WITH_KNOTS('',1,(#2742,#2743),.UNSPECIFIED.,.F.,
  .F.,(2,2),(16.,176.),.PIECEWISE_BEZIER_KNOTS.);
#2742 = CARTESIAN_POINT('',(272.,18.));
#2743 = CARTESIAN_POINT('',(272.,178.));
#2744 = ( GEOMETRIC_REPRESENTATION_CONTEXT(2) 
PARAMETRIC_REPRESENTATION_CONTEXT() REPRESENTATION_CONTEXT('2D SPACE',''
  ) );
#2745 = PCURVE('',#2746,#2751);
#2746 = PLANE('',#2747);
#2747 = AXIS2_PLACEMENT_3D('',#2748,#2749,#2750);
#2748 = CARTESIAN_POINT('',(134.,-44.,74.));
#2749 = DIRECTION('',(1.,0.,0.));
#2750 = DIRECTION('',(0.,0.,1.));
#2751 = DEFINITIONAL_REPRESENTATION('',(#2752),#2755);
#2752 = B_SPLINE_CURVE_WITH_KNOTS('',1,(#2753,#2754),.UNSPECIFIED.,.F.,
  .F.,(2,2),(16.,176.),.PIECEWISE_BEZIER_KNOTS.);
#2753 = CARTESIAN_POINT('',(1.,-14.));
#2754 = CARTESIAN_POINT('',(1.,-174.));
#2755 = ( GEOMETRIC_REPRESENTATION_CONTEXT(2) 
PARAMETRIC_REPRESENTATION_CONTEXT() REPRESENTATION_CONTEXT('2D SPACE',''
  ) );
#2756 = ORIENTED_EDGE('',*,*,#2757,.F.);
#2757 = EDGE_CURVE('',#2758,#2732,#2760,.T.);
#2758 = VERTEX_POINT('',#2759);
#2759 = CARTESIAN_POINT('',(136.,33.,75.));
#2760 = SURFACE_CURVE('',#2761,(#2765,#2771),.PCURVE_S1.);
#2761 = LINE('',#2762,#2763);
#2762 = CARTESIAN_POINT('',(-137.,33.,75.));
#2763 = VECTOR('',#2764,1.);
#2764 = DIRECTION('',(-1.,0.,0.));
#2765 = PCURVE('',#942,#2766);
#2766 = DEFINITIONAL_REPRESENTATION('',(#2767),#2770);
#2767 = B_SPLINE_CURVE_WITH_KNOTS('',1,(#2768,#2769),.UNSPECIFIED.,.F.,
  .F.,(2,2),(-273.,-1.),.PIECEWISE_BEZIER_KNOTS.);
#2768 = CARTESIAN_POINT('',(274.,81.));
#2769 = CARTESIAN_POINT('',(2.,81.));
#2770 = ( GEOMETRIC_REPRESENTATION_CONTEXT(2) 
PARAMETRIC_REPRESENTATION_CONTEXT() REPRESENTATION_CONTEXT('2D SPACE',''
  ) );
#2771 = PCURVE('',#2772,#2777);
#2772 = PLANE('',#2773);
#2773 = AXIS2_PLACEMENT_3D('',#2774,#2775,#2776);
#2774 = CARTESIAN_POINT('',(-136.,33.,74.));
#2775 = DIRECTION('',(0.,1.,0.));
#2776 = DIRECTION('',(0.,0.,1.));
#2777 = DEFINITIONAL_REPRESENTATION('',(#2778),#2781);
#2778 = B_SPLINE_CURVE_WITH_KNOTS('',1,(#2779,#2780),.UNSPECIFIED.,.F.,
  .F.,(2,2),(-273.,-1.),.PIECEWISE_BEZIER_KNOTS.);
#2779 = CARTESIAN_POINT('',(1.,272.));
#2780 = CARTESIAN_POINT('',(1.,0.));
#2781 = ( GEOMETRIC_REPRESENTATION_CONTEXT(2) 
PARAMETRIC_REPRESENTATION_CONTEXT() REPRESENTATION_CONTEXT('2D SPACE',''
  ) );
#2782 = ORIENTED_EDGE('',*,*,#2783,.F.);
#2783 = EDGE_CURVE('',#2784,#2758,#2786,.T.);
#2784 = VERTEX_POINT('',#2785);
#2785 = CARTESIAN_POINT('',(136.,27.,75.));
#2786 = SURFACE_CURVE('',#2787,(#2791,#2797),.PCURVE_S1.);
#2787 = LINE('',#2788,#2789);
#2788 = CARTESIAN_POINT('',(136.,-10.5,75.));
#2789 = VECTOR('',#2790,1.);
#2790 = DIRECTION('',(0.,1.,0.));
#2791 = PCURVE('',#942,#2792);
#2792 = DEFINITIONAL_REPRESENTATION('',(#2793),#2796);
#2793 = B_SPLINE_CURVE_WITH_KNOTS('',1,(#2794,#2795),.UNSPECIFIED.,.F.,
  .F.,(2,2),(37.5,43.5),.PIECEWISE_BEZIER_KNOTS.);
#2794 = CARTESIAN_POINT('',(274.,75.));
#2795 = CARTESIAN_POINT('',(274.,81.));
#2796 = ( GEOMETRIC_REPRESENTATION_CONTEXT(2) 
PARAMETRIC_REPRESENTATION_CONTEXT() REPRESENTATION_CONTEXT('2D SPACE',''
  ) );
#2797 = PCURVE('',#2798,#2803);
#2798 = PLANE('',#2799);
#2799 = AXIS2_PLACEMENT_3D('',#2800,#2801,#2802);
#2800 = CARTESIAN_POINT('',(136.,27.,74.));
#2801 = DIRECTION('',(1.,0.,0.));
#2802 = DIRECTION('',(0.,0.,1.));
#2803 = DEFINITIONAL_REPRESENTATION('',(#2804),#2807);
#2804 = B_SPLINE_CURVE_WITH_KNOTS('',1,(#2805,#2806),.UNSPECIFIED.,.F.,
  .F.,(2,2),(37.5,43.5),.PIECEWISE_BEZIER_KNOTS.);
#2805 = CARTESIAN_POINT('',(1.,0.));
#2806 = CARTESIAN_POINT('',(1.,-6.));
#2807 = ( GEOMETRIC_REPRESENTATION_CONTEXT(2) 
PARAMETRIC_REPRESENTATION_CONTEXT() REPRESENTATION_CONTEXT('2D SPACE',''
  ) );
#2808 = ORIENTED_EDGE('',*,*,#2809,.T.);
#2809 = EDGE_CURVE('',#2784,#2810,#2812,.T.);
#2810 = VERTEX_POINT('',#2811);
#2811 = CARTESIAN_POINT('',(134.,27.,75.));
#2812 = SURFACE_CURVE('',#2813,(#2817,#2823),.PCURVE_S1.);
#2813 = LINE('',#2814,#2815);
#2814 = CARTESIAN_POINT('',(-137.,27.,75.));
#2815 = VECTOR('',#2816,1.);
#2816 = DIRECTION('',(-1.,0.,0.));
#2817 = PCURVE('',#942,#2818);
#2818 = DEFINITIONAL_REPRESENTATION('',(#2819),#2822);
#2819 = B_SPLINE_CURVE_WITH_KNOTS('',1,(#2820,#2821),.UNSPECIFIED.,.F.,
  .F.,(2,2),(-273.,-1.),.PIECEWISE_BEZIER_KNOTS.);
#2820 = CARTESIAN_POINT('',(274.,75.));
#2821 = CARTESIAN_POINT('',(2.,75.));
#2822 = ( GEOMETRIC_REPRESENTATION_CONTEXT(2) 
PARAMETRIC_REPRESENTATION_CONTEXT() REPRESENTATION_CONTEXT('2D SPACE',''
  ) );
#2823 = PCURVE('',#2824,#2829);
#2824 = PLANE('',#2825);
#2825 = AXIS2_PLACEMENT_3D('',#2826,#2827,#2828);
#2826 = CARTESIAN_POINT('',(-136.,27.,74.));
#2827 = DIRECTION('',(0.,1.,0.));
#2828 = DIRECTION('',(0.,0.,1.));
#2829 = DEFINITIONAL_REPRESENTATION('',(#2830),#2833);
#2830 = B_SPLINE_CURVE_WITH_KNOTS('',1,(#2831,#2832),.UNSPECIFIED.,.F.,
  .F.,(2,2),(-273.,-1.),.PIECEWISE_BEZIER_KNOTS.);
#2831 = CARTESIAN_POINT('',(1.,272.));
#2832 = CARTESIAN_POINT('',(1.,0.));
#2833 = ( GEOMETRIC_REPRESENTATION_CONTEXT(2) 
PARAMETRIC_REPRESENTATION_CONTEXT() REPRESENTATION_CONTEXT('2D SPACE',''
  ) );
#2834 = ORIENTED_EDGE('',*,*,#2835,.F.);
#2835 = EDGE_CURVE('',#2836,#2810,#2838,.T.);
#2836 = VERTEX_POINT('',#2837);
#2837 = CARTESIAN_POINT('',(134.,-7.,75.));
#2838 = SURFACE_CURVE('',#2839,(#2843,#2849),.PCURVE_S1.);
#2839 = LINE('',#2840,#2841);
#2840 = CARTESIAN_POINT('',(134.,-46.,75.));
#2841 = VECTOR('',#2842,1.);
#2842 = DIRECTION('',(0.,1.,0.));
#2843 = PCURVE('',#942,#2844);
#2844 = DEFINITIONAL_REPRESENTATION('',(#2845),#2848);
#2845 = B_SPLINE_CURVE_WITH_KNOTS('',1,(#2846,#2847),.UNSPECIFIED.,.F.,
  .F.,(2,2),(16.,176.),.PIECEWISE_BEZIER_KNOTS.);
#2846 = CARTESIAN_POINT('',(272.,18.));
#2847 = CARTESIAN_POINT('',(272.,178.));
#2848 = ( GEOMETRIC_REPRESENTATION_CONTEXT(2) 
PARAMETRIC_REPRESENTATION_CONTEXT() REPRESENTATION_CONTEXT('2D SPACE',''
  ) );
#2849 = PCURVE('',#2850,#2855);
#2850 = PLANE('',#2851);
#2851 = AXIS2_PLACEMENT_3D('',#2852,#2853,#2854);
#2852 = CARTESIAN_POINT('',(134.,-44.,74.));
#2853 = DIRECTION('',(1.,0.,0.));
#2854 = DIRECTION('',(0.,0.,1.));
#2855 = DEFINITIONAL_REPRESENTATION('',(#2856),#2859);
#2856 = B_SPLINE_CURVE_WITH_KNOTS('',1,(#2857,#2858),.UNSPECIFIED.,.F.,
  .F.,(2,2),(16.,176.),.PIECEWISE_BEZIER_KNOTS.);
#2857 = CARTESIAN_POINT('',(1.,-14.));
#2858 = CARTESIAN_POINT('',(1.,-174.));
#2859 = ( GEOMETRIC_REPRESENTATION_CONTEXT(2) 
PARAMETRIC_REPRESENTATION_CONTEXT() REPRESENTATION_CONTEXT('2D SPACE',''
  ) );
#2860 = ORIENTED_EDGE('',*,*,#2861,.F.);
#2861 = EDGE_CURVE('',#2862,#2836,#2864,.T.);
#2862 = VERTEX_POINT('',#2863);
#2863 = CARTESIAN_POINT('',(136.,-7.,75.));
#2864 = SURFACE_CURVE('',#2865,(#2869,#2875),.PCURVE_S1.);
#2865 = LINE('',#2866,#2867);
#2866 = CARTESIAN_POINT('',(-137.,-7.,75.));
#2867 = VECTOR('',#2868,1.);
#2868 = DIRECTION('',(-1.,0.,0.));
#2869 = PCURVE('',#942,#2870);
#2870 = DEFINITIONAL_REPRESENTATION('',(#2871),#2874);
#2871 = B_SPLINE_CURVE_WITH_KNOTS('',1,(#2872,#2873),.UNSPECIFIED.,.F.,
  .F.,(2,2),(-273.,-1.),.PIECEWISE_BEZIER_KNOTS.);
#2872 = CARTESIAN_POINT('',(274.,41.));
#2873 = CARTESIAN_POINT('',(2.,41.));
#2874 = ( GEOMETRIC_REPRESENTATION_CONTEXT(2) 
PARAMETRIC_REPRESENTATION_CONTEXT() REPRESENTATION_CONTEXT('2D SPACE',''
  ) );
#2875 = PCURVE('',#2876,#2881);
#2876 = PLANE('',#2877);
#2877 = AXIS2_PLACEMENT_3D('',#2878,#2879,#2880);
#2878 = CARTESIAN_POINT('',(-136.,-7.,74.));
#2879 = DIRECTION('',(0.,1.,0.));
#2880 = DIRECTION('',(0.,0.,1.));
#2881 = DEFINITIONAL_REPRESENTATION('',(#2882),#2885);
#2882 = B_SPLINE_CURVE_WITH_KNOTS('',1,(#2883,#2884),.UNSPECIFIED.,.F.,
  .F.,(2,2),(-273.,-1.),.PIECEWISE_BEZIER_KNOTS.);
#2883 = CARTESIAN_POINT('',(1.,272.));
#2884 = CARTESIAN_POINT('',(1.,0.));
#2885 = ( GEOMETRIC_REPRESENTATION_CONTEXT(2) 
PARAMETRIC_REPRESENTATION_CONTEXT() REPRESENTATION_CONTEXT('2D SPACE',''
  ) );
#2886 = ORIENTED_EDGE('',*,*,#2887,.F.);
#2887 = EDGE_CURVE('',#2888,#2862,#2890,.T.);
#2888 = VERTEX_POINT('',#2889);
#2889 = CARTESIAN_POINT('',(136.,-13.,75.));
#2890 = SURFACE_CURVE('',#2891,(#2895,#2901),.PCURVE_S1.);
#2891 = LINE('',#2892,#2893);
#2892 = CARTESIAN_POINT('',(136.,-30.5,75.));
#2893 = VECTOR('',#2894,1.);
#2894 = DIRECTION('',(0.,1.,0.));
#2895 = PCURVE('',#942,#2896);
#2896 = DEFINITIONAL_REPRESENTATION('',(#2897),#2900);
#2897 = B_SPLINE_CURVE_WITH_KNOTS('',1,(#2898,#2899),.UNSPECIFIED.,.F.,
  .F.,(2,2),(17.5,23.5),.PIECEWISE_BEZIER_KNOTS.);
#2898 = CARTESIAN_POINT('',(274.,35.));
#2899 = CARTESIAN_POINT('',(274.,41.));
#2900 = ( GEOMETRIC_REPRESENTATION_CONTEXT(2) 
PARAMETRIC_REPRESENTATION_CONTEXT() REPRESENTATION_CONTEXT('2D SPACE',''
  ) );
#2901 = PCURVE('',#2902,#2907);
#2902 = PLANE('',#2903);
#2903 = AXIS2_PLACEMENT_3D('',#2904,#2905,#2906);
#2904 = CARTESIAN_POINT('',(136.,-13.,74.));
#2905 = DIRECTION('',(1.,0.,0.));
#2906 = DIRECTION('',(0.,0.,1.));
#2907 = DEFINITIONAL_REPRESENTATION('',(#2908),#2911);
#2908 = B_SPLINE_CURVE_WITH_KNOTS('',1,(#2909,#2910),.UNSPECIFIED.,.F.,
  .F.,(2,2),(17.5,23.5),.PIECEWISE_BEZIER_KNOTS.);
#2909 = CARTESIAN_POINT('',(1.,0.));
#2910 = CARTESIAN_POINT('',(1.,-6.));
#2911 = ( GEOMETRIC_REPRESENTATION_CONTEXT(2) 
PARAMETRIC_REPRESENTATION_CONTEXT() REPRESENTATION_CONTEXT('2D SPACE',''
  ) );
#2912 = ORIENTED_EDGE('',*,*,#2913,.T.);
#2913 = EDGE_CURVE('',#2888,#2914,#2916,.T.);
#2914 = VERTEX_POINT('',#2915);
#2915 = CARTESIAN_POINT('',(134.,-13.,75.));
#2916 = SURFACE_CURVE('',#2917,(#2921,#2927),.PCURVE_S1.);
#2917 = LINE('',#2918,#2919);
#2918 = CARTESIAN_POINT('',(-137.,-13.,75.));
#2919 = VECTOR('',#2920,1.);
#2920 = DIRECTION('',(-1.,0.,0.));
#2921 = PCURVE('',#942,#2922);
#2922 = DEFINITIONAL_REPRESENTATION('',(#2923),#2926);
#2923 = B_SPLINE_CURVE_WITH_KNOTS('',1,(#2924,#2925),.UNSPECIFIED.,.F.,
  .F.,(2,2),(-273.,-1.),.PIECEWISE_BEZIER_KNOTS.);
#2924 = CARTESIAN_POINT('',(274.,35.));
#2925 = CARTESIAN_POINT('',(2.,35.));
#2926 = ( GEOMETRIC_REPRESENTATION_CONTEXT(2) 
PARAMETRIC_REPRESENTATION_CONTEXT() REPRESENTATION_CONTEXT('2D SPACE',''
  ) );
#2927 = PCURVE('',#2928,#2933);
#2928 = PLANE('',#2929);
#2929 = AXIS2_PLACEMENT_3D('',#2930,#2931,#2932);
#2930 = CARTESIAN_POINT('',(-136.,-13.,74.));
#2931 = DIRECTION('',(0.,1.,0.));
#2932 = DIRECTION('',(0.,0.,1.));
#2933 = DEFINITIONAL_REPRESENTATION('',(#2934),#2937);
#2934 = B_SPLINE_CURVE_WITH_KNOTS('',1,(#2935,#2936),.UNSPECIFIED.,.F.,
  .F.,(2,2),(-273.,-1.),.PIECEWISE_BEZIER_KNOTS.);
#2935 = CARTESIAN_POINT('',(1.,272.));
#2936 = CARTESIAN_POINT('',(1.,0.));
#2937 = ( GEOMETRIC_REPRESENTATION_CONTEXT(2) 
PARAMETRIC_REPRESENTATION_CONTEXT() REPRESENTATION_CONTEXT('2D SPACE',''
  ) );
#2938 = ORIENTED_EDGE('',*,*,#2939,.F.);
#2939 = EDGE_CURVE('',#2940,#2914,#2942,.T.);
#2940 = VERTEX_POINT('',#2941);
#2941 = CARTESIAN_POINT('',(134.,-30.,75.));
#2942 = SURFACE_CURVE('',#2943,(#2947,#2953),.PCURVE_S1.);
#2943 = LINE('',#2944,#2945);
#2944 = CARTESIAN_POINT('',(134.,-46.,75.));
#2945 = VECTOR('',#2946,1.);
#2946 = DIRECTION('',(0.,1.,0.));
#2947 = PCURVE('',#942,#2948);
#2948 = DEFINITIONAL_REPRESENTATION('',(#2949),#2952);
#2949 = B_SPLINE_CURVE_WITH_KNOTS('',1,(#2950,#2951),.UNSPECIFIED.,.F.,
  .F.,(2,2),(16.,176.),.PIECEWISE_BEZIER_KNOTS.);
#2950 = CARTESIAN_POINT('',(272.,18.));
#2951 = CARTESIAN_POINT('',(272.,178.));
#2952 = ( GEOMETRIC_REPRESENTATION_CONTEXT(2) 
PARAMETRIC_REPRESENTATION_CONTEXT() REPRESENTATION_CONTEXT('2D SPACE',''
  ) );
#2953 = PCURVE('',#2954,#2959);
#2954 = PLANE('',#2955);
#2955 = AXIS2_PLACEMENT_3D('',#2956,#2957,#2958);
#2956 = CARTESIAN_POINT('',(134.,-44.,74.));
#2957 = DIRECTION('',(1.,0.,0.));
#2958 = DIRECTION('',(0.,0.,1.));
#2959 = DEFINITIONAL_REPRESENTATION('',(#2960),#2963);
#2960 = B_SPLINE_CURVE_WITH_KNOTS('',1,(#2961,#2962),.UNSPECIFIED.,.F.,
  .F.,(2,2),(16.,176.),.PIECEWISE_BEZIER_KNOTS.);
#2961 = CARTESIAN_POINT('',(1.,-14.));
#2962 = CARTESIAN_POINT('',(1.,-174.));
#2963 = ( GEOMETRIC_REPRESENTATION_CONTEXT(2) 
PARAMETRIC_REPRESENTATION_CONTEXT() REPRESENTATION_CONTEXT('2D SPACE',''
  ) );
#2964 = ORIENTED_EDGE('',*,*,#2965,.F.);
#2965 = EDGE_CURVE('',#2966,#2940,#2968,.T.);
#2966 = VERTEX_POINT('',#2967);
#2967 = CARTESIAN_POINT('',(120.,-44.,75.));
#2968 = SURFACE_CURVE('',#2969,(#2974,#2981),.PCURVE_S1.);
#2969 = CIRCLE('',#2970,14.);
#2970 = AXIS2_PLACEMENT_3D('',#2971,#2972,#2973);
#2971 = CARTESIAN_POINT('',(120.,-30.,75.));
#2972 = DIRECTION('',(0.,0.,1.));
#2973 = DIRECTION('',(1.,0.,-0.));
#2974 = PCURVE('',#942,#2975);
#2975 = DEFINITIONAL_REPRESENTATION('',(#2976),#2980);
#2976 = CIRCLE('',#2977,14.);
#2977 = AXIS2_PLACEMENT_2D('',#2978,#2979);
#2978 = CARTESIAN_POINT('',(258.,18.));
#2979 = DIRECTION('',(1.,0.));
#2980 = ( GEOMETRIC_REPRESENTATION_CONTEXT(2) 
PARAMETRIC_REPRESENTATION_CONTEXT() REPRESENTATION_CONTEXT('2D SPACE',''
  ) );
#2981 = PCURVE('',#2982,#2987);
#2982 = CYLINDRICAL_SURFACE('',#2983,14.);
#2983 = AXIS2_PLACEMENT_3D('',#2984,#2985,#2986);
#2984 = CARTESIAN_POINT('',(120.,-30.,74.));
#2985 = DIRECTION('',(0.,0.,1.));
#2986 = DIRECTION('',(1.,0.,-0.));
#2987 = DEFINITIONAL_REPRESENTATION('',(#2988),#2992);
#2988 = LINE('',#2989,#2990);
#2989 = CARTESIAN_POINT('',(-6.28318530718,1.));
#2990 = VECTOR('',#2991,1.);
#2991 = DIRECTION('',(1.,-0.));
#2992 = ( GEOMETRIC_REPRESENTATION_CONTEXT(2) 
PARAMETRIC_REPRESENTATION_CONTEXT() REPRESENTATION_CONTEXT('2D SPACE',''
  ) );
#2993 = ORIENTED_EDGE('',*,*,#2994,.T.);
#2994 = EDGE_CURVE('',#2966,#2995,#2997,.T.);
#2995 = VERTEX_POINT('',#2996);
#2996 = CARTESIAN_POINT('',(103.,-44.,75.));
#2997 = SURFACE_CURVE('',#2998,(#3002,#3008),.PCURVE_S1.);
#2998 = LINE('',#2999,#3000);
#2999 = CARTESIAN_POINT('',(-136.,-44.,75.));
#3000 = VECTOR('',#3001,1.);
#3001 = DIRECTION('',(-1.,0.,0.));
#3002 = PCURVE('',#942,#3003);
#3003 = DEFINITIONAL_REPRESENTATION('',(#3004),#3007);
#3004 = B_SPLINE_CURVE_WITH_KNOTS('',1,(#3005,#3006),.UNSPECIFIED.,.F.,
  .F.,(2,2),(-256.,-16.),.PIECEWISE_BEZIER_KNOTS.);
#3005 = CARTESIAN_POINT('',(258.,4.));
#3006 = CARTESIAN_POINT('',(18.,4.));
#3007 = ( GEOMETRIC_REPRESENTATION_CONTEXT(2) 
PARAMETRIC_REPRESENTATION_CONTEXT() REPRESENTATION_CONTEXT('2D SPACE',''
  ) );
#3008 = PCURVE('',#3009,#3014);
#3009 = PLANE('',#3010);
#3010 = AXIS2_PLACEMENT_3D('',#3011,#3012,#3013);
#3011 = CARTESIAN_POINT('',(-134.,-44.,74.));
#3012 = DIRECTION('',(0.,1.,0.));
#3013 = DIRECTION('',(0.,0.,1.));
#3014 = DEFINITIONAL_REPRESENTATION('',(#3015),#3018);
#3015 = B_SPLINE_CURVE_WITH_KNOTS('',1,(#3016,#3017),.UNSPECIFIED.,.F.,
  .F.,(2,2),(-256.,-16.),.PIECEWISE_BEZIER_KNOTS.);
#3016 = CARTESIAN_POINT('',(1.,254.));
#3017 = CARTESIAN_POINT('',(1.,14.));
#3018 = ( GEOMETRIC_REPRESENTATION_CONTEXT(2) 
PARAMETRIC_REPRESENTATION_CONTEXT() REPRESENTATION_CONTEXT('2D SPACE',''
  ) );
#3019 = ORIENTED_EDGE('',*,*,#3020,.F.);
#3020 = EDGE_CURVE('',#3021,#2995,#3023,.T.);
#3021 = VERTEX_POINT('',#3022);
#3022 = CARTESIAN_POINT('',(103.,-47.,75.));
#3023 = SURFACE_CURVE('',#3024,(#3028,#3034),.PCURVE_S1.);
#3024 = LINE('',#3025,#3026);
#3025 = CARTESIAN_POINT('',(103.,-47.5,75.));
#3026 = VECTOR('',#3027,1.);
#3027 = DIRECTION('',(0.,1.,0.));
#3028 = PCURVE('',#942,#3029);
#3029 = DEFINITIONAL_REPRESENTATION('',(#3030),#3033);
#3030 = B_SPLINE_CURVE_WITH_KNOTS('',1,(#3031,#3032),.UNSPECIFIED.,.F.,
  .F.,(2,2),(0.5,194.5),.PIECEWISE_BEZIER_KNOTS.);
#3031 = CARTESIAN_POINT('',(241.,1.));
#3032 = CARTESIAN_POINT('',(241.,195.));
#3033 = ( GEOMETRIC_REPRESENTATION_CONTEXT(2) 
PARAMETRIC_REPRESENTATION_CONTEXT() REPRESENTATION_CONTEXT('2D SPACE',''
  ) );
#3034 = PCURVE('',#3035,#3040);
#3035 = PLANE('',#3036);
#3036 = AXIS2_PLACEMENT_3D('',#3037,#3038,#3039);
#3037 = CARTESIAN_POINT('',(103.,-47.,74.));
#3038 = DIRECTION('',(1.,0.,0.));
#3039 = DIRECTION('',(0.,0.,1.));
#3040 = DEFINITIONAL_REPRESENTATION('',(#3041),#3044);
#3041 = B_SPLINE_CURVE_WITH_KNOTS('',1,(#3042,#3043),.UNSPECIFIED.,.F.,
  .F.,(2,2),(0.5,194.5),.PIECEWISE_BEZIER_KNOTS.);
#3042 = CARTESIAN_POINT('',(1.,0.));
#3043 = CARTESIAN_POINT('',(1.,-194.));
#3044 = ( GEOMETRIC_REPRESENTATION_CONTEXT(2) 
PARAMETRIC_REPRESENTATION_CONTEXT() REPRESENTATION_CONTEXT('2D SPACE',''
  ) );
#3045 = ORIENTED_EDGE('',*,*,#3046,.T.);
#3046 = EDGE_CURVE('',#3021,#3047,#3049,.T.);
#3047 = VERTEX_POINT('',#3048);
#3048 = CARTESIAN_POINT('',(97.,-47.,75.));
#3049 = SURFACE_CURVE('',#3050,(#3054,#3060),.PCURVE_S1.);
#3050 = LINE('',#3051,#3052);
#3051 = CARTESIAN_POINT('',(-20.5,-47.,75.));
#3052 = VECTOR('',#3053,1.);
#3053 = DIRECTION('',(-1.,0.,0.));
#3054 = PCURVE('',#942,#3055);
#3055 = DEFINITIONAL_REPRESENTATION('',(#3056),#3059);
#3056 = B_SPLINE_CURVE_WITH_KNOTS('',1,(#3057,#3058),.UNSPECIFIED.,.F.,
  .F.,(2,2),(-123.5,-117.5),.PIECEWISE_BEZIER_KNOTS.);
#3057 = CARTESIAN_POINT('',(241.,1.));
#3058 = CARTESIAN_POINT('',(235.,1.));
#3059 = ( GEOMETRIC_REPRESENTATION_CONTEXT(2) 
PARAMETRIC_REPRESENTATION_CONTEXT() REPRESENTATION_CONTEXT('2D SPACE',''
  ) );
#3060 = PCURVE('',#3061,#3066);
#3061 = PLANE('',#3062);
#3062 = AXIS2_PLACEMENT_3D('',#3063,#3064,#3065);
#3063 = CARTESIAN_POINT('',(97.,-47.,74.));
#3064 = DIRECTION('',(0.,1.,0.));
#3065 = DIRECTION('',(0.,0.,1.));
#3066 = DEFINITIONAL_REPRESENTATION('',(#3067),#3070);
#3067 = B_SPLINE_CURVE_WITH_KNOTS('',1,(#3068,#3069),.UNSPECIFIED.,.F.,
  .F.,(2,2),(-123.5,-117.5),.PIECEWISE_BEZIER_KNOTS.);
#3068 = CARTESIAN_POINT('',(1.,6.));
#3069 = CARTESIAN_POINT('',(1.,0.));
#3070 = ( GEOMETRIC_REPRESENTATION_CONTEXT(2) 
PARAMETRIC_REPRESENTATION_CONTEXT() REPRESENTATION_CONTEXT('2D SPACE',''
  ) );
#3071 = ORIENTED_EDGE('',*,*,#3072,.T.);
#3072 = EDGE_CURVE('',#3047,#3073,#3075,.T.);
#3073 = VERTEX_POINT('',#3074);
#3074 = CARTESIAN_POINT('',(97.,-44.,75.));
#3075 = SURFACE_CURVE('',#3076,(#3080,#3086),.PCURVE_S1.);
#3076 = LINE('',#3077,#3078);
#3077 = CARTESIAN_POINT('',(97.,-47.5,75.));
#3078 = VECTOR('',#3079,1.);
#3079 = DIRECTION('',(0.,1.,0.));
#3080 = PCURVE('',#942,#3081);
#3081 = DEFINITIONAL_REPRESENTATION('',(#3082),#3085);
#3082 = B_SPLINE_CURVE_WITH_KNOTS('',1,(#3083,#3084),.UNSPECIFIED.,.F.,
  .F.,(2,2),(0.5,194.5),.PIECEWISE_BEZIER_KNOTS.);
#3083 = CARTESIAN_POINT('',(235.,1.));
#3084 = CARTESIAN_POINT('',(235.,195.));
#3085 = ( GEOMETRIC_REPRESENTATION_CONTEXT(2) 
PARAMETRIC_REPRESENTATION_CONTEXT() REPRESENTATION_CONTEXT('2D SPACE',''
  ) );
#3086 = PCURVE('',#3087,#3092);
#3087 = PLANE('',#3088);
#3088 = AXIS2_PLACEMENT_3D('',#3089,#3090,#3091);
#3089 = CARTESIAN_POINT('',(97.,-47.,74.));
#3090 = DIRECTION('',(1.,0.,0.));
#3091 = DIRECTION('',(0.,0.,1.));
#3092 = DEFINITIONAL_REPRESENTATION('',(#3093),#3096);
#3093 = B_SPLINE_CURVE_WITH_KNOTS('',1,(#3094,#3095),.UNSPECIFIED.,.F.,
  .F.,(2,2),(0.5,194.5),.PIECEWISE_BEZIER_KNOTS.);
#3094 = CARTESIAN_POINT('',(1.,0.));
#3095 = CARTESIAN_POINT('',(1.,-194.));
#3096 = ( GEOMETRIC_REPRESENTATION_CONTEXT(2) 
PARAMETRIC_REPRESENTATION_CONTEXT() REPRESENTATION_CONTEXT('2D SPACE',''
  ) );
#3097 = ORIENTED_EDGE('',*,*,#3098,.T.);
#3098 = EDGE_CURVE('',#3073,#3099,#3101,.T.);
#3099 = VERTEX_POINT('',#3100);
#3100 = CARTESIAN_POINT('',(63.,-44.,75.));
#3101 = SURFACE_CURVE('',#3102,(#3106,#3112),.PCURVE_S1.);
#3102 = LINE('',#3103,#3104);
#3103 = CARTESIAN_POINT('',(-136.,-44.,75.));
#3104 = VECTOR('',#3105,1.);
#3105 = DIRECTION('',(-1.,0.,0.));
#3106 = PCURVE('',#942,#3107);
#3107 = DEFINITIONAL_REPRESENTATION('',(#3108),#3111);
#3108 = B_SPLINE_CURVE_WITH_KNOTS('',1,(#3109,#3110),.UNSPECIFIED.,.F.,
  .F.,(2,2),(-256.,-16.),.PIECEWISE_BEZIER_KNOTS.);
#3109 = CARTESIAN_POINT('',(258.,4.));
#3110 = CARTESIAN_POINT('',(18.,4.));
#3111 = ( GEOMETRIC_REPRESENTATION_CONTEXT(2) 
PARAMETRIC_REPRESENTATION_CONTEXT() REPRESENTATION_CONTEXT('2D SPACE',''
  ) );
#3112 = PCURVE('',#3113,#3118);
#3113 = PLANE('',#3114);
#3114 = AXIS2_PLACEMENT_3D('',#3115,#3116,#3117);
#3115 = CARTESIAN_POINT('',(-134.,-44.,74.));
#3116 = DIRECTION('',(0.,1.,0.));
#3117 = DIRECTION('',(0.,0.,1.));
#3118 = DEFINITIONAL_REPRESENTATION('',(#3119),#3122);
#3119 = B_SPLINE_CURVE_WITH_KNOTS('',1,(#3120,#3121),.UNSPECIFIED.,.F.,
  .F.,(2,2),(-256.,-16.),.PIECEWISE_BEZIER_KNOTS.);
#3120 = CARTESIAN_POINT('',(1.,254.));
#3121 = CARTESIAN_POINT('',(1.,14.));
#3122 = ( GEOMETRIC_REPRESENTATION_CONTEXT(2) 
PARAMETRIC_REPRESENTATION_CONTEXT() REPRESENTATION_CONTEXT('2D SPACE',''
  ) );
#3123 = ORIENTED_EDGE('',*,*,#3124,.F.);
#3124 = EDGE_CURVE('',#3125,#3099,#3127,.T.);
#3125 = VERTEX_POINT('',#3126);
#3126 = CARTESIAN_POINT('',(63.,-47.,75.));
#3127 = SURFACE_CURVE('',#3128,(#3132,#3138),.PCURVE_S1.);
#3128 = LINE('',#3129,#3130);
#3129 = CARTESIAN_POINT('',(63.,-47.5,75.));
#3130 = VECTOR('',#3131,1.);
#3131 = DIRECTION('',(0.,1.,0.));
#3132 = PCURVE('',#942,#3133);
#3133 = DEFINITIONAL_REPRESENTATION('',(#3134),#3137);
#3134 = B_SPLINE_CURVE_WITH_KNOTS('',1,(#3135,#3136),.UNSPECIFIED.,.F.,
  .F.,(2,2),(0.5,194.5),.PIECEWISE_BEZIER_KNOTS.);
#3135 = CARTESIAN_POINT('',(201.,1.));
#3136 = CARTESIAN_POINT('',(201.,195.));
#3137 = ( GEOMETRIC_REPRESENTATION_CONTEXT(2) 
PARAMETRIC_REPRESENTATION_CONTEXT() REPRESENTATION_CONTEXT('2D SPACE',''
  ) );
#3138 = PCURVE('',#3139,#3144);
#3139 = PLANE('',#3140);
#3140 = AXIS2_PLACEMENT_3D('',#3141,#3142,#3143);
#3141 = CARTESIAN_POINT('',(63.,-47.,74.));
#3142 = DIRECTION('',(1.,0.,0.));
#3143 = DIRECTION('',(0.,0.,1.));
#3144 = DEFINITIONAL_REPRESENTATION('',(#3145),#3148);
#3145 = B_SPLINE_CURVE_WITH_KNOTS('',1,(#3146,#3147),.UNSPECIFIED.,.F.,
  .F.,(2,2),(0.5,194.5),.PIECEWISE_BEZIER_KNOTS.);
#3146 = CARTESIAN_POINT('',(1.,0.));
#3147 = CARTESIAN_POINT('',(1.,-194.));
#3148 = ( GEOMETRIC_REPRESENTATION_CONTEXT(2) 
PARAMETRIC_REPRESENTATION_CONTEXT() REPRESENTATION_CONTEXT('2D SPACE',''
  ) );
#3149 = ORIENTED_EDGE('',*,*,#3150,.T.);
#3150 = EDGE_CURVE('',#3125,#3151,#3153,.T.);
#3151 = VERTEX_POINT('',#3152);
#3152 = CARTESIAN_POINT('',(57.,-47.,75.));
#3153 = SURFACE_CURVE('',#3154,(#3158,#3164),.PCURVE_S1.);
#3154 = LINE('',#3155,#3156);
#3155 = CARTESIAN_POINT('',(-40.5,-47.,75.));
#3156 = VECTOR('',#3157,1.);
#3157 = DIRECTION('',(-1.,0.,0.));
#3158 = PCURVE('',#942,#3159);
#3159 = DEFINITIONAL_REPRESENTATION('',(#3160),#3163);
#3160 = B_SPLINE_CURVE_WITH_KNOTS('',1,(#3161,#3162),.UNSPECIFIED.,.F.,
  .F.,(2,2),(-103.5,-97.5),.PIECEWISE_BEZIER_KNOTS.);
#3161 = CARTESIAN_POINT('',(201.,1.));
#3162 = CARTESIAN_POINT('',(195.,1.));
#3163 = ( GEOMETRIC_REPRESENTATION_CONTEXT(2) 
PARAMETRIC_REPRESENTATION_CONTEXT() REPRESENTATION_CONTEXT('2D SPACE',''
  ) );
#3164 = PCURVE('',#3165,#3170);
#3165 = PLANE('',#3166);
#3166 = AXIS2_PLACEMENT_3D('',#3167,#3168,#3169);
#3167 = CARTESIAN_POINT('',(57.,-47.,74.));
#3168 = DIRECTION('',(0.,1.,0.));
#3169 = DIRECTION('',(0.,0.,1.));
#3170 = DEFINITIONAL_REPRESENTATION('',(#3171),#3174);
#3171 = B_SPLINE_CURVE_WITH_KNOTS('',1,(#3172,#3173),.UNSPECIFIED.,.F.,
  .F.,(2,2),(-103.5,-97.5),.PIECEWISE_BEZIER_KNOTS.);
#3172 = CARTESIAN_POINT('',(1.,6.));
#3173 = CARTESIAN_POINT('',(1.,0.));
#3174 = ( GEOMETRIC_REPRESENTATION_CONTEXT(2) 
PARAMETRIC_REPRESENTATION_CONTEXT() REPRESENTATION_CONTEXT('2D SPACE',''
  ) );
#3175 = ORIENTED_EDGE('',*,*,#3176,.T.);
#3176 = EDGE_CURVE('',#3151,#3177,#3179,.T.);
#3177 = VERTEX_POINT('',#3178);
#3178 = CARTESIAN_POINT('',(57.,-44.,75.));
#3179 = SURFACE_CURVE('',#3180,(#3184,#3190),.PCURVE_S1.);
#3180 = LINE('',#3181,#3182);
#3181 = CARTESIAN_POINT('',(57.,-47.5,75.));
#3182 = VECTOR('',#3183,1.);
#3183 = DIRECTION('',(0.,1.,0.));
#3184 = PCURVE('',#942,#3185);
#3185 = DEFINITIONAL_REPRESENTATION('',(#3186),#3189);
#3186 = B_SPLINE_CURVE_WITH_KNOTS('',1,(#3187,#3188),.UNSPECIFIED.,.F.,
  .F.,(2,2),(0.5,194.5),.PIECEWISE_BEZIER_KNOTS.);
#3187 = CARTESIAN_POINT('',(195.,1.));
#3188 = CARTESIAN_POINT('',(195.,195.));
#3189 = ( GEOMETRIC_REPRESENTATION_CONTEXT(2) 
PARAMETRIC_REPRESENTATION_CONTEXT() REPRESENTATION_CONTEXT('2D SPACE',''
  ) );
#3190 = PCURVE('',#3191,#3196);
#3191 = PLANE('',#3192);
#3192 = AXIS2_PLACEMENT_3D('',#3193,#3194,#3195);
#3193 = CARTESIAN_POINT('',(57.,-47.,74.));
#3194 = DIRECTION('',(1.,0.,0.));
#3195 = DIRECTION('',(0.,0.,1.));
#3196 = DEFINITIONAL_REPRESENTATION('',(#3197),#3200);
#3197 = B_SPLINE_CURVE_WITH_KNOTS('',1,(#3198,#3199),.UNSPECIFIED.,.F.,
  .F.,(2,2),(0.5,194.5),.PIECEWISE_BEZIER_KNOTS.);
#3198 = CARTESIAN_POINT('',(1.,0.));
#3199 = CARTESIAN_POINT('',(1.,-194.));
#3200 = ( GEOMETRIC_REPRESENTATION_CONTEXT(2) 
PARAMETRIC_REPRESENTATION_CONTEXT() REPRESENTATION_CONTEXT('2D SPACE',''
  ) );
#3201 = ORIENTED_EDGE('',*,*,#3202,.T.);
#3202 = EDGE_CURVE('',#3177,#3203,#3205,.T.);
#3203 = VERTEX_POINT('',#3204);
#3204 = CARTESIAN_POINT('',(23.,-44.,75.));
#3205 = SURFACE_CURVE('',#3206,(#3210,#3216),.PCURVE_S1.);
#3206 = LINE('',#3207,#3208);
#3207 = CARTESIAN_POINT('',(-136.,-44.,75.));
#3208 = VECTOR('',#3209,1.);
#3209 = DIRECTION('',(-1.,0.,0.));
#3210 = PCURVE('',#942,#3211);
#3211 = DEFINITIONAL_REPRESENTATION('',(#3212),#3215);
#3212 = B_SPLINE_CURVE_WITH_KNOTS('',1,(#3213,#3214),.UNSPECIFIED.,.F.,
  .F.,(2,2),(-256.,-16.),.PIECEWISE_BEZIER_KNOTS.);
#3213 = CARTESIAN_POINT('',(258.,4.));
#3214 = CARTESIAN_POINT('',(18.,4.));
#3215 = ( GEOMETRIC_REPRESENTATION_CONTEXT(2) 
PARAMETRIC_REPRESENTATION_CONTEXT() REPRESENTATION_CONTEXT('2D SPACE',''
  ) );
#3216 = PCURVE('',#3217,#3222);
#3217 = PLANE('',#3218);
#3218 = AXIS2_PLACEMENT_3D('',#3219,#3220,#3221);
#3219 = CARTESIAN_POINT('',(-134.,-44.,74.));
#3220 = DIRECTION('',(0.,1.,0.));
#3221 = DIRECTION('',(0.,0.,1.));
#3222 = DEFINITIONAL_REPRESENTATION('',(#3223),#3226);
#3223 = B_SPLINE_CURVE_WITH_KNOTS('',1,(#3224,#3225),.UNSPECIFIED.,.F.,
  .F.,(2,2),(-256.,-16.),.PIECEWISE_BEZIER_KNOTS.);
#3224 = CARTESIAN_POINT('',(1.,254.));
#3225 = CARTESIAN_POINT('',(1.,14.));
#3226 = ( GEOMETRIC_REPRESENTATION_CONTEXT(2) 
PARAMETRIC_REPRESENTATION_CONTEXT() REPRESENTATION_CONTEXT('2D SPACE',''
  ) );
#3227 = ORIENTED_EDGE('',*,*,#3228,.F.);
#3228 = EDGE_CURVE('',#3229,#3203,#3231,.T.);
#3229 = VERTEX_POINT('',#3230);
#3230 = CARTESIAN_POINT('',(23.,-47.,75.));
#3231 = SURFACE_CURVE('',#3232,(#3236,#3242),.PCURVE_S1.);
#3232 = LINE('',#3233,#3234);
#3233 = CARTESIAN_POINT('',(23.,-47.5,75.));
#3234 = VECTOR('',#3235,1.);
#3235 = DIRECTION('',(0.,1.,0.));
#3236 = PCURVE('',#942,#3237);
#3237 = DEFINITIONAL_REPRESENTATION('',(#3238),#3241);
#3238 = B_SPLINE_CURVE_WITH_KNOTS('',1,(#3239,#3240),.UNSPECIFIED.,.F.,
  .F.,(2,2),(0.5,194.5),.PIECEWISE_BEZIER_KNOTS.);
#3239 = CARTESIAN_POINT('',(161.,1.));
#3240 = CARTESIAN_POINT('',(161.,195.));
#3241 = ( GEOMETRIC_REPRESENTATION_CONTEXT(2) 
PARAMETRIC_REPRESENTATION_CONTEXT() REPRESENTATION_CONTEXT('2D SPACE',''
  ) );
#3242 = PCURVE('',#3243,#3248);
#3243 = PLANE('',#3244);
#3244 = AXIS2_PLACEMENT_3D('',#3245,#3246,#3247);
#3245 = CARTESIAN_POINT('',(23.,-47.,74.));
#3246 = DIRECTION('',(1.,0.,0.));
#3247 = DIRECTION('',(0.,0.,1.));
#3248 = DEFINITIONAL_REPRESENTATION('',(#3249),#3252);
#3249 = B_SPLINE_CURVE_WITH_KNOTS('',1,(#3250,#3251),.UNSPECIFIED.,.F.,
  .F.,(2,2),(0.5,194.5),.PIECEWISE_BEZIER_KNOTS.);
#3250 = CARTESIAN_POINT('',(1.,0.));
#3251 = CARTESIAN_POINT('',(1.,-194.));
#3252 = ( GEOMETRIC_REPRESENTATION_CONTEXT(2) 
PARAMETRIC_REPRESENTATION_CONTEXT() REPRESENTATION_CONTEXT('2D SPACE',''
  ) );
#3253 = ORIENTED_EDGE('',*,*,#3254,.T.);
#3254 = EDGE_CURVE('',#3229,#3255,#3257,.T.);
#3255 = VERTEX_POINT('',#3256);
#3256 = CARTESIAN_POINT('',(17.,-47.,75.));
#3257 = SURFACE_CURVE('',#3258,(#3262,#3268),.PCURVE_S1.);
#3258 = LINE('',#3259,#3260);
#3259 = CARTESIAN_POINT('',(-60.5,-47.,75.));
#3260 = VECTOR('',#3261,1.);
#3261 = DIRECTION('',(-1.,0.,0.));
#3262 = PCURVE('',#942,#3263);
#3263 = DEFINITIONAL_REPRESENTATION('',(#3264),#3267);
#3264 = B_SPLINE_CURVE_WITH_KNOTS('',1,(#3265,#3266),.UNSPECIFIED.,.F.,
  .F.,(2,2),(-83.5,-77.5),.PIECEWISE_BEZIER_KNOTS.);
#3265 = CARTESIAN_POINT('',(161.,1.));
#3266 = CARTESIAN_POINT('',(155.,1.));
#3267 = ( GEOMETRIC_REPRESENTATION_CONTEXT(2) 
PARAMETRIC_REPRESENTATION_CONTEXT() REPRESENTATION_CONTEXT('2D SPACE',''
  ) );
#3268 = PCURVE('',#3269,#3274);
#3269 = PLANE('',#3270);
#3270 = AXIS2_PLACEMENT_3D('',#3271,#3272,#3273);
#3271 = CARTESIAN_POINT('',(17.,-47.,74.));
#3272 = DIRECTION('',(0.,1.,0.));
#3273 = DIRECTION('',(0.,0.,1.));
#3274 = DEFINITIONAL_REPRESENTATION('',(#3275),#3278);
#3275 = B_SPLINE_CURVE_WITH_KNOTS('',1,(#3276,#3277),.UNSPECIFIED.,.F.,
  .F.,(2,2),(-83.5,-77.5),.PIECEWISE_BEZIER_KNOTS.);
#3276 = CARTESIAN_POINT('',(1.,6.));
#3277 = CARTESIAN_POINT('',(1.,0.));
#3278 = ( GEOMETRIC_REPRESENTATION_CONTEXT(2) 
PARAMETRIC_REPRESENTATION_CONTEXT() REPRESENTATION_CONTEXT('2D SPACE',''
  ) );
#3279 = ORIENTED_EDGE('',*,*,#3280,.T.);
#3280 = EDGE_CURVE('',#3255,#3281,#3283,.T.);
#3281 = VERTEX_POINT('',#3282);
#3282 = CARTESIAN_POINT('',(17.,-44.,75.));
#3283 = SURFACE_CURVE('',#3284,(#3288,#3294),.PCURVE_S1.);
#3284 = LINE('',#3285,#3286);
#3285 = CARTESIAN_POINT('',(17.,-47.5,75.));
#3286 = VECTOR('',#3287,1.);
#3287 = DIRECTION('',(0.,1.,0.));
#3288 = PCURVE('',#942,#3289);
#3289 = DEFINITIONAL_REPRESENTATION('',(#3290),#3293);
#3290 = B_SPLINE_CURVE_WITH_KNOTS('',1,(#3291,#3292),.UNSPECIFIED.,.F.,
  .F.,(2,2),(0.5,194.5),.PIECEWISE_BEZIER_KNOTS.);
#3291 = CARTESIAN_POINT('',(155.,1.));
#3292 = CARTESIAN_POINT('',(155.,195.));
#3293 = ( GEOMETRIC_REPRESENTATION_CONTEXT(2) 
PARAMETRIC_REPRESENTATION_CONTEXT() REPRESENTATION_CONTEXT('2D SPACE',''
  ) );
#3294 = PCURVE('',#3295,#3300);
#3295 = PLANE('',#3296);
#3296 = AXIS2_PLACEMENT_3D('',#3297,#3298,#3299);
#3297 = CARTESIAN_POINT('',(17.,-47.,74.));
#3298 = DIRECTION('',(1.,0.,0.));
#3299 = DIRECTION('',(0.,0.,1.));
#3300 = DEFINITIONAL_REPRESENTATION('',(#3301),#3304);
#3301 = B_SPLINE_CURVE_WITH_KNOTS('',1,(#3302,#3303),.UNSPECIFIED.,.F.,
  .F.,(2,2),(0.5,194.5),.PIECEWISE_BEZIER_KNOTS.);
#3302 = CARTESIAN_POINT('',(1.,0.));
#3303 = CARTESIAN_POINT('',(1.,-194.));
#3304 = ( GEOMETRIC_REPRESENTATION_CONTEXT(2) 
PARAMETRIC_REPRESENTATION_CONTEXT() REPRESENTATION_CONTEXT('2D SPACE',''
  ) );
#3305 = ORIENTED_EDGE('',*,*,#3306,.T.);
#3306 = EDGE_CURVE('',#3281,#3307,#3309,.T.);
#3307 = VERTEX_POINT('',#3308);
#3308 = CARTESIAN_POINT('',(-17.,-44.,75.));
#3309 = SURFACE_CURVE('',#3310,(#3314,#3320),.PCURVE_S1.);
#3310 = LINE('',#3311,#3312);
#3311 = CARTESIAN_POINT('',(-136.,-44.,75.));
#3312 = VECTOR('',#3313,1.);
#3313 = DIRECTION('',(-1.,0.,0.));
#3314 = PCURVE('',#942,#3315);
#3315 = DEFINITIONAL_REPRESENTATION('',(#3316),#3319);
#3316 = B_SPLINE_CURVE_WITH_KNOTS('',1,(#3317,#3318),.UNSPECIFIED.,.F.,
  .F.,(2,2),(-256.,-16.),.PIECEWISE_BEZIER_KNOTS.);
#3317 = CARTESIAN_POINT('',(258.,4.));
#3318 = CARTESIAN_POINT('',(18.,4.));
#3319 = ( GEOMETRIC_REPRESENTATION_CONTEXT(2) 
PARAMETRIC_REPRESENTATION_CONTEXT() REPRESENTATION_CONTEXT('2D SPACE',''
  ) );
#3320 = PCURVE('',#3321,#3326);
#3321 = PLANE('',#3322);
#3322 = AXIS2_PLACEMENT_3D('',#3323,#3324,#3325);
#3323 = CARTESIAN_POINT('',(-134.,-44.,74.));
#3324 = DIRECTION('',(0.,1.,0.));
#3325 = DIRECTION('',(0.,0.,1.));
#3326 = DEFINITIONAL_REPRESENTATION('',(#3327),#3330);
#3327 = B_SPLINE_CURVE_WITH_KNOTS('',1,(#3328,#3329),.UNSPECIFIED.,.F.,
  .F.,(2,2),(-256.,-16.),.PIECEWISE_BEZIER_KNOTS.);
#3328 = CARTESIAN_POINT('',(1.,254.));
#3329 = CARTESIAN_POINT('',(1.,14.));
#3330 = ( GEOMETRIC_REPRESENTATION_CONTEXT(2) 
PARAMETRIC_REPRESENTATION_CONTEXT() REPRESENTATION_CONTEXT('2D SPACE',''
  ) );
#3331 = ORIENTED_EDGE('',*,*,#3332,.F.);
#3332 = EDGE_CURVE('',#3333,#3307,#3335,.T.);
#3333 = VERTEX_POINT('',#3334);
#3334 = CARTESIAN_POINT('',(-17.,-47.,75.));
#3335 = SURFACE_CURVE('',#3336,(#3340,#3346),.PCURVE_S1.);
#3336 = LINE('',#3337,#3338);
#3337 = CARTESIAN_POINT('',(-17.,-47.5,75.));
#3338 = VECTOR('',#3339,1.);
#3339 = DIRECTION('',(0.,1.,0.));
#3340 = PCURVE('',#942,#3341);
#3341 = DEFINITIONAL_REPRESENTATION('',(#3342),#3345);
#3342 = B_SPLINE_CURVE_WITH_KNOTS('',1,(#3343,#3344),.UNSPECIFIED.,.F.,
  .F.,(2,2),(0.5,194.5),.PIECEWISE_BEZIER_KNOTS.);
#3343 = CARTESIAN_POINT('',(121.,1.));
#3344 = CARTESIAN_POINT('',(121.,195.));
#3345 = ( GEOMETRIC_REPRESENTATION_CONTEXT(2) 
PARAMETRIC_REPRESENTATION_CONTEXT() REPRESENTATION_CONTEXT('2D SPACE',''
  ) );
#3346 = PCURVE('',#3347,#3352);
#3347 = PLANE('',#3348);
#3348 = AXIS2_PLACEMENT_3D('',#3349,#3350,#3351);
#3349 = CARTESIAN_POINT('',(-17.,-47.,74.));
#3350 = DIRECTION('',(1.,0.,0.));
#3351 = DIRECTION('',(0.,0.,1.));
#3352 = DEFINITIONAL_REPRESENTATION('',(#3353),#3356);
#3353 = B_SPLINE_CURVE_WITH_KNOTS('',1,(#3354,#3355),.UNSPECIFIED.,.F.,
  .F.,(2,2),(0.5,194.5),.PIECEWISE_BEZIER_KNOTS.);
#3354 = CARTESIAN_POINT('',(1.,0.));
#3355 = CARTESIAN_POINT('',(1.,-194.));
#3356 = ( GEOMETRIC_REPRESENTATION_CONTEXT(2) 
PARAMETRIC_REPRESENTATION_CONTEXT() REPRESENTATION_CONTEXT('2D SPACE',''
  ) );
#3357 = ORIENTED_EDGE('',*,*,#3358,.T.);
#3358 = EDGE_CURVE('',#3333,#3359,#3361,.T.);
#3359 = VERTEX_POINT('',#3360);
#3360 = CARTESIAN_POINT('',(-23.,-47.,75.));
#3361 = SURFACE_CURVE('',#3362,(#3366,#3372),.PCURVE_S1.);
#3362 = LINE('',#3363,#3364);
#3363 = CARTESIAN_POINT('',(-80.5,-47.,75.));
#3364 = VECTOR('',#3365,1.);
#3365 = DIRECTION('',(-1.,0.,0.));
#3366 = PCURVE('',#942,#3367);
#3367 = DEFINITIONAL_REPRESENTATION('',(#3368),#3371);
#3368 = B_SPLINE_CURVE_WITH_KNOTS('',1,(#3369,#3370),.UNSPECIFIED.,.F.,
  .F.,(2,2),(-63.5,-57.5),.PIECEWISE_BEZIER_KNOTS.);
#3369 = CARTESIAN_POINT('',(121.,1.));
#3370 = CARTESIAN_POINT('',(115.,1.));
#3371 = ( GEOMETRIC_REPRESENTATION_CONTEXT(2) 
PARAMETRIC_REPRESENTATION_CONTEXT() REPRESENTATION_CONTEXT('2D SPACE',''
  ) );
#3372 = PCURVE('',#3373,#3378);
#3373 = PLANE('',#3374);
#3374 = AXIS2_PLACEMENT_3D('',#3375,#3376,#3377);
#3375 = CARTESIAN_POINT('',(-23.,-47.,74.));
#3376 = DIRECTION('',(0.,1.,0.));
#3377 = DIRECTION('',(0.,0.,1.));
#3378 = DEFINITIONAL_REPRESENTATION('',(#3379),#3382);
#3379 = B_SPLINE_CURVE_WITH_KNOTS('',1,(#3380,#3381),.UNSPECIFIED.,.F.,
  .F.,(2,2),(-63.5,-57.5),.PIECEWISE_BEZIER_KNOTS.);
#3380 = CARTESIAN_POINT('',(1.,6.));
#3381 = CARTESIAN_POINT('',(1.,0.));
#3382 = ( GEOMETRIC_REPRESENTATION_CONTEXT(2) 
PARAMETRIC_REPRESENTATION_CONTEXT() REPRESENTATION_CONTEXT('2D SPACE',''
  ) );
#3383 = ORIENTED_EDGE('',*,*,#3384,.T.);
#3384 = EDGE_CURVE('',#3359,#3385,#3387,.T.);
#3385 = VERTEX_POINT('',#3386);
#3386 = CARTESIAN_POINT('',(-23.,-44.,75.));
#3387 = SURFACE_CURVE('',#3388,(#3392,#3398),.PCURVE_S1.);
#3388 = LINE('',#3389,#3390);
#3389 = CARTESIAN_POINT('',(-23.,-47.5,75.));
#3390 = VECTOR('',#3391,1.);
#3391 = DIRECTION('',(0.,1.,0.));
#3392 = PCURVE('',#942,#3393);
#3393 = DEFINITIONAL_REPRESENTATION('',(#3394),#3397);
#3394 = B_SPLINE_CURVE_WITH_KNOTS('',1,(#3395,#3396),.UNSPECIFIED.,.F.,
  .F.,(2,2),(0.5,194.5),.PIECEWISE_BEZIER_KNOTS.);
#3395 = CARTESIAN_POINT('',(115.,1.));
#3396 = CARTESIAN_POINT('',(115.,195.));
#3397 = ( GEOMETRIC_REPRESENTATION_CONTEXT(2) 
PARAMETRIC_REPRESENTATION_CONTEXT() REPRESENTATION_CONTEXT('2D SPACE',''
  ) );
#3398 = PCURVE('',#3399,#3404);
#3399 = PLANE('',#3400);
#3400 = AXIS2_PLACEMENT_3D('',#3401,#3402,#3403);
#3401 = CARTESIAN_POINT('',(-23.,-47.,74.));
#3402 = DIRECTION('',(1.,0.,0.));
#3403 = DIRECTION('',(0.,0.,1.));
#3404 = DEFINITIONAL_REPRESENTATION('',(#3405),#3408);
#3405 = B_SPLINE_CURVE_WITH_KNOTS('',1,(#3406,#3407),.UNSPECIFIED.,.F.,
  .F.,(2,2),(0.5,194.5),.PIECEWISE_BEZIER_KNOTS.);
#3406 = CARTESIAN_POINT('',(1.,0.));
#3407 = CARTESIAN_POINT('',(1.,-194.));
#3408 = ( GEOMETRIC_REPRESENTATION_CONTEXT(2) 
PARAMETRIC_REPRESENTATION_CONTEXT() REPRESENTATION_CONTEXT('2D SPACE',''
  ) );
#3409 = ORIENTED_EDGE('',*,*,#3410,.T.);
#3410 = EDGE_CURVE('',#3385,#3411,#3413,.T.);
#3411 = VERTEX_POINT('',#3412);
#3412 = CARTESIAN_POINT('',(-57.,-44.,75.));
#3413 = SURFACE_CURVE('',#3414,(#3418,#3424),.PCURVE_S1.);
#3414 = LINE('',#3415,#3416);
#3415 = CARTESIAN_POINT('',(-136.,-44.,75.));
#3416 = VECTOR('',#3417,1.);
#3417 = DIRECTION('',(-1.,0.,0.));
#3418 = PCURVE('',#942,#3419);
#3419 = DEFINITIONAL_REPRESENTATION('',(#3420),#3423);
#3420 = B_SPLINE_CURVE_WITH_KNOTS('',1,(#3421,#3422),.UNSPECIFIED.,.F.,
  .F.,(2,2),(-256.,-16.),.PIECEWISE_BEZIER_KNOTS.);
#3421 = CARTESIAN_POINT('',(258.,4.));
#3422 = CARTESIAN_POINT('',(18.,4.));
#3423 = ( GEOMETRIC_REPRESENTATION_CONTEXT(2) 
PARAMETRIC_REPRESENTATION_CONTEXT() REPRESENTATION_CONTEXT('2D SPACE',''
  ) );
#3424 = PCURVE('',#3425,#3430);
#3425 = PLANE('',#3426);
#3426 = AXIS2_PLACEMENT_3D('',#3427,#3428,#3429);
#3427 = CARTESIAN_POINT('',(-134.,-44.,74.));
#3428 = DIRECTION('',(0.,1.,0.));
#3429 = DIRECTION('',(0.,0.,1.));
#3430 = DEFINITIONAL_REPRESENTATION('',(#3431),#3434);
#3431 = B_SPLINE_CURVE_WITH_KNOTS('',1,(#3432,#3433),.UNSPECIFIED.,.F.,
  .F.,(2,2),(-256.,-16.),.PIECEWISE_BEZIER_KNOTS.);
#3432 = CARTESIAN_POINT('',(1.,254.));
#3433 = CARTESIAN_POINT('',(1.,14.));
#3434 = ( GEOMETRIC_REPRESENTATION_CONTEXT(2) 
PARAMETRIC_REPRESENTATION_CONTEXT() REPRESENTATION_CONTEXT('2D SPACE',''
  ) );
#3435 = ORIENTED_EDGE('',*,*,#3436,.F.);
#3436 = EDGE_CURVE('',#3437,#3411,#3439,.T.);
#3437 = VERTEX_POINT('',#3438);
#3438 = CARTESIAN_POINT('',(-57.,-47.,75.));
#3439 = SURFACE_CURVE('',#3440,(#3444,#3450),.PCURVE_S1.);
#3440 = LINE('',#3441,#3442);
#3441 = CARTESIAN_POINT('',(-57.,-47.5,75.));
#3442 = VECTOR('',#3443,1.);
#3443 = DIRECTION('',(0.,1.,0.));
#3444 = PCURVE('',#942,#3445);
#3445 = DEFINITIONAL_REPRESENTATION('',(#3446),#3449);
#3446 = B_SPLINE_CURVE_WITH_KNOTS('',1,(#3447,#3448),.UNSPECIFIED.,.F.,
  .F.,(2,2),(0.5,194.5),.PIECEWISE_BEZIER_KNOTS.);
#3447 = CARTESIAN_POINT('',(81.,1.));
#3448 = CARTESIAN_POINT('',(81.,195.));
#3449 = ( GEOMETRIC_REPRESENTATION_CONTEXT(2) 
PARAMETRIC_REPRESENTATION_CONTEXT() REPRESENTATION_CONTEXT('2D SPACE',''
  ) );
#3450 = PCURVE('',#3451,#3456);
#3451 = PLANE('',#3452);
#3452 = AXIS2_PLACEMENT_3D('',#3453,#3454,#3455);
#3453 = CARTESIAN_POINT('',(-57.,-47.,74.));
#3454 = DIRECTION('',(1.,0.,0.));
#3455 = DIRECTION('',(0.,0.,1.));
#3456 = DEFINITIONAL_REPRESENTATION('',(#3457),#3460);
#3457 = B_SPLINE_CURVE_WITH_KNOTS('',1,(#3458,#3459),.UNSPECIFIED.,.F.,
  .F.,(2,2),(0.5,194.5),.PIECEWISE_BEZIER_KNOTS.);
#3458 = CARTESIAN_POINT('',(1.,0.));
#3459 = CARTESIAN_POINT('',(1.,-194.));
#3460 = ( GEOMETRIC_REPRESENTATION_CONTEXT(2) 
PARAMETRIC_REPRESENTATION_CONTEXT() REPRESENTATION_CONTEXT('2D SPACE',''
  ) );
#3461 = ORIENTED_EDGE('',*,*,#3462,.T.);
#3462 = EDGE_CURVE('',#3437,#3463,#3465,.T.);
#3463 = VERTEX_POINT('',#3464);
#3464 = CARTESIAN_POINT('',(-63.,-47.,75.));
#3465 = SURFACE_CURVE('',#3466,(#3470,#3476),.PCURVE_S1.);
#3466 = LINE('',#3467,#3468);
#3467 = CARTESIAN_POINT('',(-100.5,-47.,75.));
#3468 = VECTOR('',#3469,1.);
#3469 = DIRECTION('',(-1.,0.,0.));
#3470 = PCURVE('',#942,#3471);
#3471 = DEFINITIONAL_REPRESENTATION('',(#3472),#3475);
#3472 = B_SPLINE_CURVE_WITH_KNOTS('',1,(#3473,#3474),.UNSPECIFIED.,.F.,
  .F.,(2,2),(-43.5,-37.5),.PIECEWISE_BEZIER_KNOTS.);
#3473 = CARTESIAN_POINT('',(81.,1.));
#3474 = CARTESIAN_POINT('',(75.,1.));
#3475 = ( GEOMETRIC_REPRESENTATION_CONTEXT(2) 
PARAMETRIC_REPRESENTATION_CONTEXT() REPRESENTATION_CONTEXT('2D SPACE',''
  ) );
#3476 = PCURVE('',#3477,#3482);
#3477 = PLANE('',#3478);
#3478 = AXIS2_PLACEMENT_3D('',#3479,#3480,#3481);
#3479 = CARTESIAN_POINT('',(-63.,-47.,74.));
#3480 = DIRECTION('',(0.,1.,0.));
#3481 = DIRECTION('',(0.,0.,1.));
#3482 = DEFINITIONAL_REPRESENTATION('',(#3483),#3486);
#3483 = B_SPLINE_CURVE_WITH_KNOTS('',1,(#3484,#3485),.UNSPECIFIED.,.F.,
  .F.,(2,2),(-43.5,-37.5),.PIECEWISE_BEZIER_KNOTS.);
#3484 = CARTESIAN_POINT('',(1.,6.));
#3485 = CARTESIAN_POINT('',(1.,0.));
#3486 = ( GEOMETRIC_REPRESENTATION_CONTEXT(2) 
PARAMETRIC_REPRESENTATION_CONTEXT() REPRESENTATION_CONTEXT('2D SPACE',''
  ) );
#3487 = ORIENTED_EDGE('',*,*,#3488,.T.);
#3488 = EDGE_CURVE('',#3463,#3489,#3491,.T.);
#3489 = VERTEX_POINT('',#3490);
#3490 = CARTESIAN_POINT('',(-63.,-44.,75.));
#3491 = SURFACE_CURVE('',#3492,(#3496,#3502),.PCURVE_S1.);
#3492 = LINE('',#3493,#3494);
#3493 = CARTESIAN_POINT('',(-63.,-47.5,75.));
#3494 = VECTOR('',#3495,1.);
#3495 = DIRECTION('',(0.,1.,0.));
#3496 = PCURVE('',#942,#3497);
#3497 = DEFINITIONAL_REPRESENTATION('',(#3498),#3501);
#3498 = B_SPLINE_CURVE_WITH_KNOTS('',1,(#3499,#3500),.UNSPECIFIED.,.F.,
  .F.,(2,2),(0.5,194.5),.PIECEWISE_BEZIER_KNOTS.);
#3499 = CARTESIAN_POINT('',(75.,1.));
#3500 = CARTESIAN_POINT('',(75.,195.));
#3501 = ( GEOMETRIC_REPRESENTATION_CONTEXT(2) 
PARAMETRIC_REPRESENTATION_CONTEXT() REPRESENTATION_CONTEXT('2D SPACE',''
  ) );
#3502 = PCURVE('',#3503,#3508);
#3503 = PLANE('',#3504);
#3504 = AXIS2_PLACEMENT_3D('',#3505,#3506,#3507);
#3505 = CARTESIAN_POINT('',(-63.,-47.,74.));
#3506 = DIRECTION('',(1.,0.,0.));
#3507 = DIRECTION('',(0.,0.,1.));
#3508 = DEFINITIONAL_REPRESENTATION('',(#3509),#3512);
#3509 = B_SPLINE_CURVE_WITH_KNOTS('',1,(#3510,#3511),.UNSPECIFIED.,.F.,
  .F.,(2,2),(0.5,194.5),.PIECEWISE_BEZIER_KNOTS.);
#3510 = CARTESIAN_POINT('',(1.,0.));
#3511 = CARTESIAN_POINT('',(1.,-194.));
#3512 = ( GEOMETRIC_REPRESENTATION_CONTEXT(2) 
PARAMETRIC_REPRESENTATION_CONTEXT() REPRESENTATION_CONTEXT('2D SPACE',''
  ) );
#3513 = ORIENTED_EDGE('',*,*,#3514,.T.);
#3514 = EDGE_CURVE('',#3489,#3515,#3517,.T.);
#3515 = VERTEX_POINT('',#3516);
#3516 = CARTESIAN_POINT('',(-97.,-44.,75.));
#3517 = SURFACE_CURVE('',#3518,(#3522,#3528),.PCURVE_S1.);
#3518 = LINE('',#3519,#3520);
#3519 = CARTESIAN_POINT('',(-136.,-44.,75.));
#3520 = VECTOR('',#3521,1.);
#3521 = DIRECTION('',(-1.,0.,0.));
#3522 = PCURVE('',#942,#3523);
#3523 = DEFINITIONAL_REPRESENTATION('',(#3524),#3527);
#3524 = B_SPLINE_CURVE_WITH_KNOTS('',1,(#3525,#3526),.UNSPECIFIED.,.F.,
  .F.,(2,2),(-256.,-16.),.PIECEWISE_BEZIER_KNOTS.);
#3525 = CARTESIAN_POINT('',(258.,4.));
#3526 = CARTESIAN_POINT('',(18.,4.));
#3527 = ( GEOMETRIC_REPRESENTATION_CONTEXT(2) 
PARAMETRIC_REPRESENTATION_CONTEXT() REPRESENTATION_CONTEXT('2D SPACE',''
  ) );
#3528 = PCURVE('',#3529,#3534);
#3529 = PLANE('',#3530);
#3530 = AXIS2_PLACEMENT_3D('',#3531,#3532,#3533);
#3531 = CARTESIAN_POINT('',(-134.,-44.,74.));
#3532 = DIRECTION('',(0.,1.,0.));
#3533 = DIRECTION('',(0.,0.,1.));
#3534 = DEFINITIONAL_REPRESENTATION('',(#3535),#3538);
#3535 = B_SPLINE_CURVE_WITH_KNOTS('',1,(#3536,#3537),.UNSPECIFIED.,.F.,
  .F.,(2,2),(-256.,-16.),.PIECEWISE_BEZIER_KNOTS.);
#3536 = CARTESIAN_POINT('',(1.,254.));
#3537 = CARTESIAN_POINT('',(1.,14.));
#3538 = ( GEOMETRIC_REPRESENTATION_CONTEXT(2) 
PARAMETRIC_REPRESENTATION_CONTEXT() REPRESENTATION_CONTEXT('2D SPACE',''
  ) );
#3539 = ORIENTED_EDGE('',*,*,#3540,.F.);
#3540 = EDGE_CURVE('',#3541,#3515,#3543,.T.);
#3541 = VERTEX_POINT('',#3542);
#3542 = CARTESIAN_POINT('',(-97.,-47.,75.));
#3543 = SURFACE_CURVE('',#3544,(#3548,#3554),.PCURVE_S1.);
#3544 = LINE('',#3545,#3546);
#3545 = CARTESIAN_POINT('',(-97.,-47.5,75.));
#3546 = VECTOR('',#3547,1.);
#3547 = DIRECTION('',(0.,1.,0.));
#3548 = PCURVE('',#942,#3549);
#3549 = DEFINITIONAL_REPRESENTATION('',(#3550),#3553);
#3550 = B_SPLINE_CURVE_WITH_KNOTS('',1,(#3551,#3552),.UNSPECIFIED.,.F.,
  .F.,(2,2),(0.5,194.5),.PIECEWISE_BEZIER_KNOTS.);
#3551 = CARTESIAN_POINT('',(41.,1.));
#3552 = CARTESIAN_POINT('',(41.,195.));
#3553 = ( GEOMETRIC_REPRESENTATION_CONTEXT(2) 
PARAMETRIC_REPRESENTATION_CONTEXT() REPRESENTATION_CONTEXT('2D SPACE',''
  ) );
#3554 = PCURVE('',#3555,#3560);
#3555 = PLANE('',#3556);
#3556 = AXIS2_PLACEMENT_3D('',#3557,#3558,#3559);
#3557 = CARTESIAN_POINT('',(-97.,-47.,74.));
#3558 = DIRECTION('',(1.,0.,0.));
#3559 = DIRECTION('',(0.,0.,1.));
#3560 = DEFINITIONAL_REPRESENTATION('',(#3561),#3564);
#3561 = B_SPLINE_CURVE_WITH_KNOTS('',1,(#3562,#3563),.UNSPECIFIED.,.F.,
  .F.,(2,2),(0.5,194.5),.PIECEWISE_BEZIER_KNOTS.);
#3562 = CARTESIAN_POINT('',(1.,0.));
#3563 = CARTESIAN_POINT('',(1.,-194.));
#3564 = ( GEOMETRIC_REPRESENTATION_CONTEXT(2) 
PARAMETRIC_REPRESENTATION_CONTEXT() REPRESENTATION_CONTEXT('2D SPACE',''
  ) );
#3565 = ORIENTED_EDGE('',*,*,#3566,.T.);
#3566 = EDGE_CURVE('',#3541,#3567,#3569,.T.);
#3567 = VERTEX_POINT('',#3568);
#3568 = CARTESIAN_POINT('',(-103.,-47.,75.));
#3569 = SURFACE_CURVE('',#3570,(#3574,#3580),.PCURVE_S1.);
#3570 = LINE('',#3571,#3572);
#3571 = CARTESIAN_POINT('',(-120.5,-47.,75.));
#3572 = VECTOR('',#3573,1.);
#3573 = DIRECTION('',(-1.,0.,0.));
#3574 = PCURVE('',#942,#3575);
#3575 = DEFINITIONAL_REPRESENTATION('',(#3576),#3579);
#3576 = B_SPLINE_CURVE_WITH_KNOTS('',1,(#3577,#3578),.UNSPECIFIED.,.F.,
  .F.,(2,2),(-23.5,-17.5),.PIECEWISE_BEZIER_KNOTS.);
#3577 = CARTESIAN_POINT('',(41.,1.));
#3578 = CARTESIAN_POINT('',(35.,1.));
#3579 = ( GEOMETRIC_REPRESENTATION_CONTEXT(2) 
PARAMETRIC_REPRESENTATION_CONTEXT() REPRESENTATION_CONTEXT('2D SPACE',''
  ) );
#3580 = PCURVE('',#3581,#3586);
#3581 = PLANE('',#3582);
#3582 = AXIS2_PLACEMENT_3D('',#3583,#3584,#3585);
#3583 = CARTESIAN_POINT('',(-103.,-47.,74.));
#3584 = DIRECTION('',(0.,1.,0.));
#3585 = DIRECTION('',(0.,0.,1.));
#3586 = DEFINITIONAL_REPRESENTATION('',(#3587),#3590);
#3587 = B_SPLINE_CURVE_WITH_KNOTS('',1,(#3588,#3589),.UNSPECIFIED.,.F.,
  .F.,(2,2),(-23.5,-17.5),.PIECEWISE_BEZIER_KNOTS.);
#3588 = CARTESIAN_POINT('',(1.,6.));
#3589 = CARTESIAN_POINT('',(1.,0.));
#3590 = ( GEOMETRIC_REPRESENTATION_CONTEXT(2) 
PARAMETRIC_REPRESENTATION_CONTEXT() REPRESENTATION_CONTEXT('2D SPACE',''
  ) );
#3591 = ORIENTED_EDGE('',*,*,#3592,.T.);
#3592 = EDGE_CURVE('',#3567,#3593,#3595,.T.);
#3593 = VERTEX_POINT('',#3594);
#3594 = CARTESIAN_POINT('',(-103.,-44.,75.));
#3595 = SURFACE_CURVE('',#3596,(#3600,#3606),.PCURVE_S1.);
#3596 = LINE('',#3597,#3598);
#3597 = CARTESIAN_POINT('',(-103.,-47.5,75.));
#3598 = VECTOR('',#3599,1.);
#3599 = DIRECTION('',(0.,1.,0.));
#3600 = PCURVE('',#942,#3601);
#3601 = DEFINITIONAL_REPRESENTATION('',(#3602),#3605);
#3602 = B_SPLINE_CURVE_WITH_KNOTS('',1,(#3603,#3604),.UNSPECIFIED.,.F.,
  .F.,(2,2),(0.5,194.5),.PIECEWISE_BEZIER_KNOTS.);
#3603 = CARTESIAN_POINT('',(35.,1.));
#3604 = CARTESIAN_POINT('',(35.,195.));
#3605 = ( GEOMETRIC_REPRESENTATION_CONTEXT(2) 
PARAMETRIC_REPRESENTATION_CONTEXT() REPRESENTATION_CONTEXT('2D SPACE',''
  ) );
#3606 = PCURVE('',#3607,#3612);
#3607 = PLANE('',#3608);
#3608 = AXIS2_PLACEMENT_3D('',#3609,#3610,#3611);
#3609 = CARTESIAN_POINT('',(-103.,-47.,74.));
#3610 = DIRECTION('',(1.,0.,0.));
#3611 = DIRECTION('',(0.,0.,1.));
#3612 = DEFINITIONAL_REPRESENTATION('',(#3613),#3616);
#3613 = B_SPLINE_CURVE_WITH_KNOTS('',1,(#3614,#3615),.UNSPECIFIED.,.F.,
  .F.,(2,2),(0.5,194.5),.PIECEWISE_BEZIER_KNOTS.);
#3614 = CARTESIAN_POINT('',(1.,0.));
#3615 = CARTESIAN_POINT('',(1.,-194.));
#3616 = ( GEOMETRIC_REPRESENTATION_CONTEXT(2) 
PARAMETRIC_REPRESENTATION_CONTEXT() REPRESENTATION_CONTEXT('2D SPACE',''
  ) );
#3617 = ORIENTED_EDGE('',*,*,#3618,.T.);
#3618 = EDGE_CURVE('',#3593,#1345,#3619,.T.);
#3619 = SURFACE_CURVE('',#3620,(#3624,#3630),.PCURVE_S1.);
#3620 = LINE('',#3621,#3622);
#3621 = CARTESIAN_POINT('',(-136.,-44.,75.));
#3622 = VECTOR('',#3623,1.);
#3623 = DIRECTION('',(-1.,0.,0.));
#3624 = PCURVE('',#942,#3625);
#3625 = DEFINITIONAL_REPRESENTATION('',(#3626),#3629);
#3626 = B_SPLINE_CURVE_WITH_KNOTS('',1,(#3627,#3628),.UNSPECIFIED.,.F.,
  .F.,(2,2),(-256.,-16.),.PIECEWISE_BEZIER_KNOTS.);
#3627 = CARTESIAN_POINT('',(258.,4.));
#3628 = CARTESIAN_POINT('',(18.,4.));
#3629 = ( GEOMETRIC_REPRESENTATION_CONTEXT(2) 
PARAMETRIC_REPRESENTATION_CONTEXT() REPRESENTATION_CONTEXT('2D SPACE',''
  ) );
#3630 = PCURVE('',#3631,#3636);
#3631 = PLANE('',#3632);
#3632 = AXIS2_PLACEMENT_3D('',#3633,#3634,#3635);
#3633 = CARTESIAN_POINT('',(-134.,-44.,74.));
#3634 = DIRECTION('',(0.,1.,0.));
#3635 = DIRECTION('',(0.,0.,1.));
#3636 = DEFINITIONAL_REPRESENTATION('',(#3637),#3640);
#3637 = B_SPLINE_CURVE_WITH_KNOTS('',1,(#3638,#3639),.UNSPECIFIED.,.F.,
  .F.,(2,2),(-256.,-16.),.PIECEWISE_BEZIER_KNOTS.);
#3638 = CARTESIAN_POINT('',(1.,254.));
#3639 = CARTESIAN_POINT('',(1.,14.));
#3640 = ( GEOMETRIC_REPRESENTATION_CONTEXT(2) 
PARAMETRIC_REPRESENTATION_CONTEXT() REPRESENTATION_CONTEXT('2D SPACE',''
  ) );
#3641 = ADVANCED_FACE('',(#3642),#1361,.F.);
#3642 = FACE_BOUND('',#3643,.F.);
#3643 = EDGE_LOOP('',(#3644,#3667,#3668,#3691));
#3644 = ORIENTED_EDGE('',*,*,#3645,.F.);
#3645 = EDGE_CURVE('',#1343,#3646,#3648,.T.);
#3646 = VERTEX_POINT('',#3647);
#3647 = CARTESIAN_POINT('',(-134.,-30.,104.));
#3648 = SURFACE_CURVE('',#3649,(#3653,#3660),.PCURVE_S1.);
#3649 = LINE('',#3650,#3651);
#3650 = CARTESIAN_POINT('',(-134.,-30.,74.));
#3651 = VECTOR('',#3652,1.);
#3652 = DIRECTION('',(0.,0.,1.));
#3653 = PCURVE('',#1361,#3654);
#3654 = DEFINITIONAL_REPRESENTATION('',(#3655),#3659);
#3655 = LINE('',#3656,#3657);
#3656 = CARTESIAN_POINT('',(0.,0.));
#3657 = VECTOR('',#3658,1.);
#3658 = DIRECTION('',(0.,1.));
#3659 = ( GEOMETRIC_REPRESENTATION_CONTEXT(2) 
PARAMETRIC_REPRESENTATION_CONTEXT() REPRESENTATION_CONTEXT('2D SPACE',''
  ) );
#3660 = PCURVE('',#1388,#3661);
#3661 = DEFINITIONAL_REPRESENTATION('',(#3662),#3666);
#3662 = LINE('',#3663,#3664);
#3663 = CARTESIAN_POINT('',(0.,-14.));
#3664 = VECTOR('',#3665,1.);
#3665 = DIRECTION('',(1.,0.));
#3666 = ( GEOMETRIC_REPRESENTATION_CONTEXT(2) 
PARAMETRIC_REPRESENTATION_CONTEXT() REPRESENTATION_CONTEXT('2D SPACE',''
  ) );
#3667 = ORIENTED_EDGE('',*,*,#1342,.T.);
#3668 = ORIENTED_EDGE('',*,*,#3669,.T.);
#3669 = EDGE_CURVE('',#1345,#3670,#3672,.T.);
#3670 = VERTEX_POINT('',#3671);
#3671 = CARTESIAN_POINT('',(-120.,-44.,104.));
#3672 = SURFACE_CURVE('',#3673,(#3677,#3684),.PCURVE_S1.);
#3673 = LINE('',#3674,#3675);
#3674 = CARTESIAN_POINT('',(-120.,-44.,74.));
#3675 = VECTOR('',#3676,1.);
#3676 = DIRECTION('',(0.,0.,1.));
#3677 = PCURVE('',#1361,#3678);
#3678 = DEFINITIONAL_REPRESENTATION('',(#3679),#3683);
#3679 = LINE('',#3680,#3681);
#3680 = CARTESIAN_POINT('',(1.570796326795,0.));
#3681 = VECTOR('',#3682,1.);
#3682 = DIRECTION('',(0.,1.));
#3683 = ( GEOMETRIC_REPRESENTATION_CONTEXT(2) 
PARAMETRIC_REPRESENTATION_CONTEXT() REPRESENTATION_CONTEXT('2D SPACE',''
  ) );
#3684 = PCURVE('',#3631,#3685);
#3685 = DEFINITIONAL_REPRESENTATION('',(#3686),#3690);
#3686 = LINE('',#3687,#3688);
#3687 = CARTESIAN_POINT('',(0.,14.));
#3688 = VECTOR('',#3689,1.);
#3689 = DIRECTION('',(1.,0.));
#3690 = ( GEOMETRIC_REPRESENTATION_CONTEXT(2) 
PARAMETRIC_REPRESENTATION_CONTEXT() REPRESENTATION_CONTEXT('2D SPACE',''
  ) );
#3691 = ORIENTED_EDGE('',*,*,#3692,.F.);
#3692 = EDGE_CURVE('',#3646,#3670,#3693,.T.);
#3693 = SURFACE_CURVE('',#3694,(#3699,#3706),.PCURVE_S1.);
#3694 = CIRCLE('',#3695,14.);
#3695 = AXIS2_PLACEMENT_3D('',#3696,#3697,#3698);
#3696 = CARTESIAN_POINT('',(-120.,-30.,104.));
#3697 = DIRECTION('',(0.,0.,1.));
#3698 = DIRECTION('',(-1.,-0.,0.));
#3699 = PCURVE('',#1361,#3700);
#3700 = DEFINITIONAL_REPRESENTATION('',(#3701),#3705);
#3701 = LINE('',#3702,#3703);
#3702 = CARTESIAN_POINT('',(0.,30.));
#3703 = VECTOR('',#3704,1.);
#3704 = DIRECTION('',(1.,0.));
#3705 = ( GEOMETRIC_REPRESENTATION_CONTEXT(2) 
PARAMETRIC_REPRESENTATION_CONTEXT() REPRESENTATION_CONTEXT('2D SPACE',''
  ) );
#3706 = PCURVE('',#3707,#3712);
#3707 = PLANE('',#3708);
#3708 = AXIS2_PLACEMENT_3D('',#3709,#3710,#3711);
#3709 = CARTESIAN_POINT('',(-140.,-50.,104.));
#3710 = DIRECTION('',(0.,0.,1.));
#3711 = DIRECTION('',(1.,0.,0.));
#3712 = DEFINITIONAL_REPRESENTATION('',(#3713),#3717);
#3713 = CIRCLE('',#3714,14.);
#3714 = AXIS2_PLACEMENT_2D('',#3715,#3716);
#3715 = CARTESIAN_POINT('',(20.,20.));
#3716 = DIRECTION('',(-1.,0.));
#3717 = ( GEOMETRIC_REPRESENTATION_CONTEXT(2) 
PARAMETRIC_REPRESENTATION_CONTEXT() REPRESENTATION_CONTEXT('2D SPACE',''
  ) );
#3718 = ADVANCED_FACE('',(#3719),#3631,.T.);
#3719 = FACE_BOUND('',#3720,.T.);
#3720 = EDGE_LOOP('',(#3721,#3742,#3743,#3744));
#3721 = ORIENTED_EDGE('',*,*,#3722,.T.);
#3722 = EDGE_CURVE('',#3723,#3593,#3725,.T.);
#3723 = VERTEX_POINT('',#3724);
#3724 = CARTESIAN_POINT('',(-103.,-44.,104.));
#3725 = SURFACE_CURVE('',#3726,(#3730,#3736),.PCURVE_S1.);
#3726 = LINE('',#3727,#3728);
#3727 = CARTESIAN_POINT('',(-103.,-44.,74.));
#3728 = VECTOR('',#3729,1.);
#3729 = DIRECTION('',(0.,0.,-1.));
#3730 = PCURVE('',#3631,#3731);
#3731 = DEFINITIONAL_REPRESENTATION('',(#3732),#3735);
#3732 = B_SPLINE_CURVE_WITH_KNOTS('',1,(#3733,#3734),.UNSPECIFIED.,.F.,
  .F.,(2,2),(-30.,-1.),.PIECEWISE_BEZIER_KNOTS.);
#3733 = CARTESIAN_POINT('',(30.,31.));
#3734 = CARTESIAN_POINT('',(1.,31.));
#3735 = ( GEOMETRIC_REPRESENTATION_CONTEXT(2) 
PARAMETRIC_REPRESENTATION_CONTEXT() REPRESENTATION_CONTEXT('2D SPACE',''
  ) );
#3736 = PCURVE('',#3607,#3737);
#3737 = DEFINITIONAL_REPRESENTATION('',(#3738),#3741);
#3738 = B_SPLINE_CURVE_WITH_KNOTS('',1,(#3739,#3740),.UNSPECIFIED.,.F.,
  .F.,(2,2),(-30.,-1.),.PIECEWISE_BEZIER_KNOTS.);
#3739 = CARTESIAN_POINT('',(30.,-3.));
#3740 = CARTESIAN_POINT('',(1.,-3.));
#3741 = ( GEOMETRIC_REPRESENTATION_CONTEXT(2) 
PARAMETRIC_REPRESENTATION_CONTEXT() REPRESENTATION_CONTEXT('2D SPACE',''
  ) );
#3742 = ORIENTED_EDGE('',*,*,#3618,.T.);
#3743 = ORIENTED_EDGE('',*,*,#3669,.T.);
#3744 = ORIENTED_EDGE('',*,*,#3745,.F.);
#3745 = EDGE_CURVE('',#3723,#3670,#3746,.T.);
#3746 = SURFACE_CURVE('',#3747,(#3751,#3757),.PCURVE_S1.);
#3747 = LINE('',#3748,#3749);
#3748 = CARTESIAN_POINT('',(-136.,-44.,104.));
#3749 = VECTOR('',#3750,1.);
#3750 = DIRECTION('',(-1.,0.,0.));
#3751 = PCURVE('',#3631,#3752);
#3752 = DEFINITIONAL_REPRESENTATION('',(#3753),#3756);
#3753 = B_SPLINE_CURVE_WITH_KNOTS('',1,(#3754,#3755),.UNSPECIFIED.,.F.,
  .F.,(2,2),(-256.,-16.),.PIECEWISE_BEZIER_KNOTS.);
#3754 = CARTESIAN_POINT('',(30.,254.));
#3755 = CARTESIAN_POINT('',(30.,14.));
#3756 = ( GEOMETRIC_REPRESENTATION_CONTEXT(2) 
PARAMETRIC_REPRESENTATION_CONTEXT() REPRESENTATION_CONTEXT('2D SPACE',''
  ) );
#3757 = PCURVE('',#3707,#3758);
#3758 = DEFINITIONAL_REPRESENTATION('',(#3759),#3763);
#3759 = LINE('',#3760,#3761);
#3760 = CARTESIAN_POINT('',(4.,6.));
#3761 = VECTOR('',#3762,1.);
#3762 = DIRECTION('',(-1.,0.));
#3763 = ( GEOMETRIC_REPRESENTATION_CONTEXT(2) 
PARAMETRIC_REPRESENTATION_CONTEXT() REPRESENTATION_CONTEXT('2D SPACE',''
  ) );
#3764 = ADVANCED_FACE('',(#3765),#3607,.F.);
#3765 = FACE_BOUND('',#3766,.F.);
#3766 = EDGE_LOOP('',(#3767,#3790,#3818,#3839,#3860,#3861));
#3767 = ORIENTED_EDGE('',*,*,#3768,.F.);
#3768 = EDGE_CURVE('',#3769,#3567,#3771,.T.);
#3769 = VERTEX_POINT('',#3770);
#3770 = CARTESIAN_POINT('',(-103.,-47.,74.));
#3771 = SURFACE_CURVE('',#3772,(#3776,#3783),.PCURVE_S1.);
#3772 = LINE('',#3773,#3774);
#3773 = CARTESIAN_POINT('',(-103.,-47.,74.));
#3774 = VECTOR('',#3775,1.);
#3775 = DIRECTION('',(0.,0.,1.));
#3776 = PCURVE('',#3607,#3777);
#3777 = DEFINITIONAL_REPRESENTATION('',(#3778),#3782);
#3778 = LINE('',#3779,#3780);
#3779 = CARTESIAN_POINT('',(0.,0.));
#3780 = VECTOR('',#3781,1.);
#3781 = DIRECTION('',(1.,0.));
#3782 = ( GEOMETRIC_REPRESENTATION_CONTEXT(2) 
PARAMETRIC_REPRESENTATION_CONTEXT() REPRESENTATION_CONTEXT('2D SPACE',''
  ) );
#3783 = PCURVE('',#3581,#3784);
#3784 = DEFINITIONAL_REPRESENTATION('',(#3785),#3789);
#3785 = LINE('',#3786,#3787);
#3786 = CARTESIAN_POINT('',(0.,0.));
#3787 = VECTOR('',#3788,1.);
#3788 = DIRECTION('',(1.,0.));
#3789 = ( GEOMETRIC_REPRESENTATION_CONTEXT(2) 
PARAMETRIC_REPRESENTATION_CONTEXT() REPRESENTATION_CONTEXT('2D SPACE',''
  ) );
#3790 = ORIENTED_EDGE('',*,*,#3791,.T.);
#3791 = EDGE_CURVE('',#3769,#3792,#3794,.T.);
#3792 = VERTEX_POINT('',#3793);
#3793 = CARTESIAN_POINT('',(-103.,-13.,74.));
#3794 = SURFACE_CURVE('',#3795,(#3799,#3806),.PCURVE_S1.);
#3795 = LINE('',#3796,#3797);
#3796 = CARTESIAN_POINT('',(-103.,-47.,74.));
#3797 = VECTOR('',#3798,1.);
#3798 = DIRECTION('',(0.,1.,0.));
#3799 = PCURVE('',#3607,#3800);
#3800 = DEFINITIONAL_REPRESENTATION('',(#3801),#3805);
#3801 = LINE('',#3802,#3803);
#3802 = CARTESIAN_POINT('',(0.,0.));
#3803 = VECTOR('',#3804,1.);
#3804 = DIRECTION('',(0.,-1.));
#3805 = ( GEOMETRIC_REPRESENTATION_CONTEXT(2) 
PARAMETRIC_REPRESENTATION_CONTEXT() REPRESENTATION_CONTEXT('2D SPACE',''
  ) );
#3806 = PCURVE('',#3807,#3812);
#3807 = PLANE('',#3808);
#3808 = AXIS2_PLACEMENT_3D('',#3809,#3810,#3811);
#3809 = CARTESIAN_POINT('',(-103.,-47.,74.));
#3810 = DIRECTION('',(0.,0.,1.));
#3811 = DIRECTION('',(1.,0.,0.));
#3812 = DEFINITIONAL_REPRESENTATION('',(#3813),#3817);
#3813 = LINE('',#3814,#3815);
#3814 = CARTESIAN_POINT('',(0.,0.));
#3815 = VECTOR('',#3816,1.);
#3816 = DIRECTION('',(0.,1.));
#3817 = ( GEOMETRIC_REPRESENTATION_CONTEXT(2) 
PARAMETRIC_REPRESENTATION_CONTEXT() REPRESENTATION_CONTEXT('2D SPACE',''
  ) );
#3818 = ORIENTED_EDGE('',*,*,#3819,.T.);
#3819 = EDGE_CURVE('',#3792,#3820,#3822,.T.);
#3820 = VERTEX_POINT('',#3821);
#3821 = CARTESIAN_POINT('',(-103.,-13.,104.));
#3822 = SURFACE_CURVE('',#3823,(#3827,#3833),.PCURVE_S1.);
#3823 = LINE('',#3824,#3825);
#3824 = CARTESIAN_POINT('',(-103.,-13.,74.));
#3825 = VECTOR('',#3826,1.);
#3826 = DIRECTION('',(0.,0.,1.));
#3827 = PCURVE('',#3607,#3828);
#3828 = DEFINITIONAL_REPRESENTATION('',(#3829),#3832);
#3829 = B_SPLINE_CURVE_WITH_KNOTS('',1,(#3830,#3831),.UNSPECIFIED.,.F.,
  .F.,(2,2),(0.,30.),.PIECEWISE_BEZIER_KNOTS.);
#3830 = CARTESIAN_POINT('',(0.,-34.));
#3831 = CARTESIAN_POINT('',(30.,-34.));
#3832 = ( GEOMETRIC_REPRESENTATION_CONTEXT(2) 
PARAMETRIC_REPRESENTATION_CONTEXT() REPRESENTATION_CONTEXT('2D SPACE',''
  ) );
#3833 = PCURVE('',#1414,#3834);
#3834 = DEFINITIONAL_REPRESENTATION('',(#3835),#3838);
#3835 = B_SPLINE_CURVE_WITH_KNOTS('',1,(#3836,#3837),.UNSPECIFIED.,.F.,
  .F.,(2,2),(0.,30.),.PIECEWISE_BEZIER_KNOTS.);
#3836 = CARTESIAN_POINT('',(0.,33.));
#3837 = CARTESIAN_POINT('',(30.,33.));
#3838 = ( GEOMETRIC_REPRESENTATION_CONTEXT(2) 
PARAMETRIC_REPRESENTATION_CONTEXT() REPRESENTATION_CONTEXT('2D SPACE',''
  ) );
#3839 = ORIENTED_EDGE('',*,*,#3840,.F.);
#3840 = EDGE_CURVE('',#3723,#3820,#3841,.T.);
#3841 = SURFACE_CURVE('',#3842,(#3846,#3853),.PCURVE_S1.);
#3842 = LINE('',#3843,#3844);
#3843 = CARTESIAN_POINT('',(-103.,-47.,104.));
#3844 = VECTOR('',#3845,1.);
#3845 = DIRECTION('',(0.,1.,0.));
#3846 = PCURVE('',#3607,#3847);
#3847 = DEFINITIONAL_REPRESENTATION('',(#3848),#3852);
#3848 = LINE('',#3849,#3850);
#3849 = CARTESIAN_POINT('',(30.,0.));
#3850 = VECTOR('',#3851,1.);
#3851 = DIRECTION('',(0.,-1.));
#3852 = ( GEOMETRIC_REPRESENTATION_CONTEXT(2) 
PARAMETRIC_REPRESENTATION_CONTEXT() REPRESENTATION_CONTEXT('2D SPACE',''
  ) );
#3853 = PCURVE('',#3707,#3854);
#3854 = DEFINITIONAL_REPRESENTATION('',(#3855),#3859);
#3855 = LINE('',#3856,#3857);
#3856 = CARTESIAN_POINT('',(37.,3.));
#3857 = VECTOR('',#3858,1.);
#3858 = DIRECTION('',(0.,1.));
#3859 = ( GEOMETRIC_REPRESENTATION_CONTEXT(2) 
PARAMETRIC_REPRESENTATION_CONTEXT() REPRESENTATION_CONTEXT('2D SPACE',''
  ) );
#3860 = ORIENTED_EDGE('',*,*,#3722,.T.);
#3861 = ORIENTED_EDGE('',*,*,#3592,.F.);
#3862 = ADVANCED_FACE('',(#3863),#3581,.F.);
#3863 = FACE_BOUND('',#3864,.F.);
#3864 = EDGE_LOOP('',(#3865,#3888,#3909,#3910));
#3865 = ORIENTED_EDGE('',*,*,#3866,.F.);
#3866 = EDGE_CURVE('',#3867,#3541,#3869,.T.);
#3867 = VERTEX_POINT('',#3868);
#3868 = CARTESIAN_POINT('',(-97.,-47.,74.));
#3869 = SURFACE_CURVE('',#3870,(#3874,#3881),.PCURVE_S1.);
#3870 = LINE('',#3871,#3872);
#3871 = CARTESIAN_POINT('',(-97.,-47.,74.));
#3872 = VECTOR('',#3873,1.);
#3873 = DIRECTION('',(0.,0.,1.));
#3874 = PCURVE('',#3581,#3875);
#3875 = DEFINITIONAL_REPRESENTATION('',(#3876),#3880);
#3876 = LINE('',#3877,#3878);
#3877 = CARTESIAN_POINT('',(0.,6.));
#3878 = VECTOR('',#3879,1.);
#3879 = DIRECTION('',(1.,0.));
#3880 = ( GEOMETRIC_REPRESENTATION_CONTEXT(2) 
PARAMETRIC_REPRESENTATION_CONTEXT() REPRESENTATION_CONTEXT('2D SPACE',''
  ) );
#3881 = PCURVE('',#3555,#3882);
#3882 = DEFINITIONAL_REPRESENTATION('',(#3883),#3887);
#3883 = LINE('',#3884,#3885);
#3884 = CARTESIAN_POINT('',(0.,0.));
#3885 = VECTOR('',#3886,1.);
#3886 = DIRECTION('',(1.,0.));
#3887 = ( GEOMETRIC_REPRESENTATION_CONTEXT(2) 
PARAMETRIC_REPRESENTATION_CONTEXT() REPRESENTATION_CONTEXT('2D SPACE',''
  ) );
#3888 = ORIENTED_EDGE('',*,*,#3889,.F.);
#3889 = EDGE_CURVE('',#3769,#3867,#3890,.T.);
#3890 = SURFACE_CURVE('',#3891,(#3895,#3902),.PCURVE_S1.);
#3891 = LINE('',#3892,#3893);
#3892 = CARTESIAN_POINT('',(-103.,-47.,74.));
#3893 = VECTOR('',#3894,1.);
#3894 = DIRECTION('',(1.,0.,0.));
#3895 = PCURVE('',#3581,#3896);
#3896 = DEFINITIONAL_REPRESENTATION('',(#3897),#3901);
#3897 = LINE('',#3898,#3899);
#3898 = CARTESIAN_POINT('',(0.,0.));
#3899 = VECTOR('',#3900,1.);
#3900 = DIRECTION('',(0.,1.));
#3901 = ( GEOMETRIC_REPRESENTATION_CONTEXT(2) 
PARAMETRIC_REPRESENTATION_CONTEXT() REPRESENTATION_CONTEXT('2D SPACE',''
  ) );
#3902 = PCURVE('',#3807,#3903);
#3903 = DEFINITIONAL_REPRESENTATION('',(#3904),#3908);
#3904 = LINE('',#3905,#3906);
#3905 = CARTESIAN_POINT('',(0.,0.));
#3906 = VECTOR('',#3907,1.);
#3907 = DIRECTION('',(1.,0.));
#3908 = ( GEOMETRIC_REPRESENTATION_CONTEXT(2) 
PARAMETRIC_REPRESENTATION_CONTEXT() REPRESENTATION_CONTEXT('2D SPACE',''
  ) );
#3909 = ORIENTED_EDGE('',*,*,#3768,.T.);
#3910 = ORIENTED_EDGE('',*,*,#3566,.F.);
#3911 = ADVANCED_FACE('',(#3912),#3555,.T.);
#3912 = FACE_BOUND('',#3913,.T.);
#3913 = EDGE_LOOP('',(#3914,#3915,#3938,#3964,#3992,#4011));
#3914 = ORIENTED_EDGE('',*,*,#3866,.F.);
#3915 = ORIENTED_EDGE('',*,*,#3916,.T.);
#3916 = EDGE_CURVE('',#3867,#3917,#3919,.T.);
#3917 = VERTEX_POINT('',#3918);
#3918 = CARTESIAN_POINT('',(-97.,-13.,74.));
#3919 = SURFACE_CURVE('',#3920,(#3924,#3931),.PCURVE_S1.);
#3920 = LINE('',#3921,#3922);
#3921 = CARTESIAN_POINT('',(-97.,-47.,74.));
#3922 = VECTOR('',#3923,1.);
#3923 = DIRECTION('',(0.,1.,0.));
#3924 = PCURVE('',#3555,#3925);
#3925 = DEFINITIONAL_REPRESENTATION('',(#3926),#3930);
#3926 = LINE('',#3927,#3928);
#3927 = CARTESIAN_POINT('',(0.,0.));
#3928 = VECTOR('',#3929,1.);
#3929 = DIRECTION('',(0.,-1.));
#3930 = ( GEOMETRIC_REPRESENTATION_CONTEXT(2) 
PARAMETRIC_REPRESENTATION_CONTEXT() REPRESENTATION_CONTEXT('2D SPACE',''
  ) );
#3931 = PCURVE('',#3807,#3932);
#3932 = DEFINITIONAL_REPRESENTATION('',(#3933),#3937);
#3933 = LINE('',#3934,#3935);
#3934 = CARTESIAN_POINT('',(6.,0.));
#3935 = VECTOR('',#3936,1.);
#3936 = DIRECTION('',(0.,1.));
#3937 = ( GEOMETRIC_REPRESENTATION_CONTEXT(2) 
PARAMETRIC_REPRESENTATION_CONTEXT() REPRESENTATION_CONTEXT('2D SPACE',''
  ) );
#3938 = ORIENTED_EDGE('',*,*,#3939,.T.);
#3939 = EDGE_CURVE('',#3917,#3940,#3942,.T.);
#3940 = VERTEX_POINT('',#3941);
#3941 = CARTESIAN_POINT('',(-97.,-13.,104.));
#3942 = SURFACE_CURVE('',#3943,(#3947,#3953),.PCURVE_S1.);
#3943 = LINE('',#3944,#3945);
#3944 = CARTESIAN_POINT('',(-97.,-13.,74.));
#3945 = VECTOR('',#3946,1.);
#3946 = DIRECTION('',(0.,0.,1.));
#3947 = PCURVE('',#3555,#3948);
#3948 = DEFINITIONAL_REPRESENTATION('',(#3949),#3952);
#3949 = B_SPLINE_CURVE_WITH_KNOTS('',1,(#3950,#3951),.UNSPECIFIED.,.F.,
  .F.,(2,2),(0.,30.),.PIECEWISE_BEZIER_KNOTS.);
#3950 = CARTESIAN_POINT('',(0.,-34.));
#3951 = CARTESIAN_POINT('',(30.,-34.));
#3952 = ( GEOMETRIC_REPRESENTATION_CONTEXT(2) 
PARAMETRIC_REPRESENTATION_CONTEXT() REPRESENTATION_CONTEXT('2D SPACE',''
  ) );
#3953 = PCURVE('',#3954,#3959);
#3954 = PLANE('',#3955);
#3955 = AXIS2_PLACEMENT_3D('',#3956,#3957,#3958);
#3956 = CARTESIAN_POINT('',(-136.,-13.,74.));
#3957 = DIRECTION('',(0.,1.,0.));
#3958 = DIRECTION('',(0.,0.,1.));
#3959 = DEFINITIONAL_REPRESENTATION('',(#3960),#3963);
#3960 = B_SPLINE_CURVE_WITH_KNOTS('',1,(#3961,#3962),.UNSPECIFIED.,.F.,
  .F.,(2,2),(0.,30.),.PIECEWISE_BEZIER_KNOTS.);
#3961 = CARTESIAN_POINT('',(0.,39.));
#3962 = CARTESIAN_POINT('',(30.,39.));
#3963 = ( GEOMETRIC_REPRESENTATION_CONTEXT(2) 
PARAMETRIC_REPRESENTATION_CONTEXT() REPRESENTATION_CONTEXT('2D SPACE',''
  ) );
#3964 = ORIENTED_EDGE('',*,*,#3965,.F.);
#3965 = EDGE_CURVE('',#3966,#3940,#3968,.T.);
#3966 = VERTEX_POINT('',#3967);
#3967 = CARTESIAN_POINT('',(-97.,-44.,104.));
#3968 = SURFACE_CURVE('',#3969,(#3973,#3980),.PCURVE_S1.);
#3969 = LINE('',#3970,#3971);
#3970 = CARTESIAN_POINT('',(-97.,-47.,104.));
#3971 = VECTOR('',#3972,1.);
#3972 = DIRECTION('',(0.,1.,0.));
#3973 = PCURVE('',#3555,#3974);
#3974 = DEFINITIONAL_REPRESENTATION('',(#3975),#3979);
#3975 = LINE('',#3976,#3977);
#3976 = CARTESIAN_POINT('',(30.,0.));
#3977 = VECTOR('',#3978,1.);
#3978 = DIRECTION('',(0.,-1.));
#3979 = ( GEOMETRIC_REPRESENTATION_CONTEXT(2) 
PARAMETRIC_REPRESENTATION_CONTEXT() REPRESENTATION_CONTEXT('2D SPACE',''
  ) );
#3980 = PCURVE('',#3981,#3986);
#3981 = PLANE('',#3982);
#3982 = AXIS2_PLACEMENT_3D('',#3983,#3984,#3985);
#3983 = CARTESIAN_POINT('',(-140.,-50.,104.));
#3984 = DIRECTION('',(0.,0.,1.));
#3985 = DIRECTION('',(1.,0.,0.));
#3986 = DEFINITIONAL_REPRESENTATION('',(#3987),#3991);
#3987 = LINE('',#3988,#3989);
#3988 = CARTESIAN_POINT('',(43.,3.));
#3989 = VECTOR('',#3990,1.);
#3990 = DIRECTION('',(0.,1.));
#3991 = ( GEOMETRIC_REPRESENTATION_CONTEXT(2) 
PARAMETRIC_REPRESENTATION_CONTEXT() REPRESENTATION_CONTEXT('2D SPACE',''
  ) );
#3992 = ORIENTED_EDGE('',*,*,#3993,.T.);
#3993 = EDGE_CURVE('',#3966,#3515,#3994,.T.);
#3994 = SURFACE_CURVE('',#3995,(#3999,#4005),.PCURVE_S1.);
#3995 = LINE('',#3996,#3997);
#3996 = CARTESIAN_POINT('',(-97.,-44.,74.));
#3997 = VECTOR('',#3998,1.);
#3998 = DIRECTION('',(0.,0.,-1.));
#3999 = PCURVE('',#3555,#4000);
#4000 = DEFINITIONAL_REPRESENTATION('',(#4001),#4004);
#4001 = B_SPLINE_CURVE_WITH_KNOTS('',1,(#4002,#4003),.UNSPECIFIED.,.F.,
  .F.,(2,2),(-30.,-1.),.PIECEWISE_BEZIER_KNOTS.);
#4002 = CARTESIAN_POINT('',(30.,-3.));
#4003 = CARTESIAN_POINT('',(1.,-3.));
#4004 = ( GEOMETRIC_REPRESENTATION_CONTEXT(2) 
PARAMETRIC_REPRESENTATION_CONTEXT() REPRESENTATION_CONTEXT('2D SPACE',''
  ) );
#4005 = PCURVE('',#3529,#4006);
#4006 = DEFINITIONAL_REPRESENTATION('',(#4007),#4010);
#4007 = B_SPLINE_CURVE_WITH_KNOTS('',1,(#4008,#4009),.UNSPECIFIED.,.F.,
  .F.,(2,2),(-30.,-1.),.PIECEWISE_BEZIER_KNOTS.);
#4008 = CARTESIAN_POINT('',(30.,37.));
#4009 = CARTESIAN_POINT('',(1.,37.));
#4010 = ( GEOMETRIC_REPRESENTATION_CONTEXT(2) 
PARAMETRIC_REPRESENTATION_CONTEXT() REPRESENTATION_CONTEXT('2D SPACE',''
  ) );
#4011 = ORIENTED_EDGE('',*,*,#3540,.F.);
#4012 = ADVANCED_FACE('',(#4013),#3529,.T.);
#4013 = FACE_BOUND('',#4014,.T.);
#4014 = EDGE_LOOP('',(#4015,#4036,#4037,#4038));
#4015 = ORIENTED_EDGE('',*,*,#4016,.T.);
#4016 = EDGE_CURVE('',#4017,#3489,#4019,.T.);
#4017 = VERTEX_POINT('',#4018);
#4018 = CARTESIAN_POINT('',(-63.,-44.,104.));
#4019 = SURFACE_CURVE('',#4020,(#4024,#4030),.PCURVE_S1.);
#4020 = LINE('',#4021,#4022);
#4021 = CARTESIAN_POINT('',(-63.,-44.,74.));
#4022 = VECTOR('',#4023,1.);
#4023 = DIRECTION('',(0.,0.,-1.));
#4024 = PCURVE('',#3529,#4025);
#4025 = DEFINITIONAL_REPRESENTATION('',(#4026),#4029);
#4026 = B_SPLINE_CURVE_WITH_KNOTS('',1,(#4027,#4028),.UNSPECIFIED.,.F.,
  .F.,(2,2),(-30.,-1.),.PIECEWISE_BEZIER_KNOTS.);
#4027 = CARTESIAN_POINT('',(30.,71.));
#4028 = CARTESIAN_POINT('',(1.,71.));
#4029 = ( GEOMETRIC_REPRESENTATION_CONTEXT(2) 
PARAMETRIC_REPRESENTATION_CONTEXT() REPRESENTATION_CONTEXT('2D SPACE',''
  ) );
#4030 = PCURVE('',#3503,#4031);
#4031 = DEFINITIONAL_REPRESENTATION('',(#4032),#4035);
#4032 = B_SPLINE_CURVE_WITH_KNOTS('',1,(#4033,#4034),.UNSPECIFIED.,.F.,
  .F.,(2,2),(-30.,-1.),.PIECEWISE_BEZIER_KNOTS.);
#4033 = CARTESIAN_POINT('',(30.,-3.));
#4034 = CARTESIAN_POINT('',(1.,-3.));
#4035 = ( GEOMETRIC_REPRESENTATION_CONTEXT(2) 
PARAMETRIC_REPRESENTATION_CONTEXT() REPRESENTATION_CONTEXT('2D SPACE',''
  ) );
#4036 = ORIENTED_EDGE('',*,*,#3514,.T.);
#4037 = ORIENTED_EDGE('',*,*,#3993,.F.);
#4038 = ORIENTED_EDGE('',*,*,#4039,.F.);
#4039 = EDGE_CURVE('',#4017,#3966,#4040,.T.);
#4040 = SURFACE_CURVE('',#4041,(#4045,#4051),.PCURVE_S1.);
#4041 = LINE('',#4042,#4043);
#4042 = CARTESIAN_POINT('',(-136.,-44.,104.));
#4043 = VECTOR('',#4044,1.);
#4044 = DIRECTION('',(-1.,0.,0.));
#4045 = PCURVE('',#3529,#4046);
#4046 = DEFINITIONAL_REPRESENTATION('',(#4047),#4050);
#4047 = B_SPLINE_CURVE_WITH_KNOTS('',1,(#4048,#4049),.UNSPECIFIED.,.F.,
  .F.,(2,2),(-256.,-16.),.PIECEWISE_BEZIER_KNOTS.);
#4048 = CARTESIAN_POINT('',(30.,254.));
#4049 = CARTESIAN_POINT('',(30.,14.));
#4050 = ( GEOMETRIC_REPRESENTATION_CONTEXT(2) 
PARAMETRIC_REPRESENTATION_CONTEXT() REPRESENTATION_CONTEXT('2D SPACE',''
  ) );
#4051 = PCURVE('',#3981,#4052);
#4052 = DEFINITIONAL_REPRESENTATION('',(#4053),#4057);
#4053 = LINE('',#4054,#4055);
#4054 = CARTESIAN_POINT('',(4.,6.));
#4055 = VECTOR('',#4056,1.);
#4056 = DIRECTION('',(-1.,0.));
#4057 = ( GEOMETRIC_REPRESENTATION_CONTEXT(2) 
PARAMETRIC_REPRESENTATION_CONTEXT() REPRESENTATION_CONTEXT('2D SPACE',''
  ) );
#4058 = ADVANCED_FACE('',(#4059),#3503,.F.);
#4059 = FACE_BOUND('',#4060,.F.);
#4060 = EDGE_LOOP('',(#4061,#4084,#4107,#4128,#4149,#4150));
#4061 = ORIENTED_EDGE('',*,*,#4062,.F.);
#4062 = EDGE_CURVE('',#4063,#3463,#4065,.T.);
#4063 = VERTEX_POINT('',#4064);
#4064 = CARTESIAN_POINT('',(-63.,-47.,74.));
#4065 = SURFACE_CURVE('',#4066,(#4070,#4077),.PCURVE_S1.);
#4066 = LINE('',#4067,#4068);
#4067 = CARTESIAN_POINT('',(-63.,-47.,74.));
#4068 = VECTOR('',#4069,1.);
#4069 = DIRECTION('',(0.,0.,1.));
#4070 = PCURVE('',#3503,#4071);
#4071 = DEFINITIONAL_REPRESENTATION('',(#4072),#4076);
#4072 = LINE('',#4073,#4074);
#4073 = CARTESIAN_POINT('',(0.,0.));
#4074 = VECTOR('',#4075,1.);
#4075 = DIRECTION('',(1.,0.));
#4076 = ( GEOMETRIC_REPRESENTATION_CONTEXT(2) 
PARAMETRIC_REPRESENTATION_CONTEXT() REPRESENTATION_CONTEXT('2D SPACE',''
  ) );
#4077 = PCURVE('',#3477,#4078);
#4078 = DEFINITIONAL_REPRESENTATION('',(#4079),#4083);
#4079 = LINE('',#4080,#4081);
#4080 = CARTESIAN_POINT('',(0.,0.));
#4081 = VECTOR('',#4082,1.);
#4082 = DIRECTION('',(1.,0.));
#4083 = ( GEOMETRIC_REPRESENTATION_CONTEXT(2) 
PARAMETRIC_REPRESENTATION_CONTEXT() REPRESENTATION_CONTEXT('2D SPACE',''
  ) );
#4084 = ORIENTED_EDGE('',*,*,#4085,.T.);
#4085 = EDGE_CURVE('',#4063,#4086,#4088,.T.);
#4086 = VERTEX_POINT('',#4087);
#4087 = CARTESIAN_POINT('',(-63.,-13.,74.));
#4088 = SURFACE_CURVE('',#4089,(#4093,#4100),.PCURVE_S1.);
#4089 = LINE('',#4090,#4091);
#4090 = CARTESIAN_POINT('',(-63.,-47.,74.));
#4091 = VECTOR('',#4092,1.);
#4092 = DIRECTION('',(0.,1.,0.));
#4093 = PCURVE('',#3503,#4094);
#4094 = DEFINITIONAL_REPRESENTATION('',(#4095),#4099);
#4095 = LINE('',#4096,#4097);
#4096 = CARTESIAN_POINT('',(0.,0.));
#4097 = VECTOR('',#4098,1.);
#4098 = DIRECTION('',(0.,-1.));
#4099 = ( GEOMETRIC_REPRESENTATION_CONTEXT(2) 
PARAMETRIC_REPRESENTATION_CONTEXT() REPRESENTATION_CONTEXT('2D SPACE',''
  ) );
#4100 = PCURVE('',#3807,#4101);
#4101 = DEFINITIONAL_REPRESENTATION('',(#4102),#4106);
#4102 = LINE('',#4103,#4104);
#4103 = CARTESIAN_POINT('',(40.,0.));
#4104 = VECTOR('',#4105,1.);
#4105 = DIRECTION('',(0.,1.));
#4106 = ( GEOMETRIC_REPRESENTATION_CONTEXT(2) 
PARAMETRIC_REPRESENTATION_CONTEXT() REPRESENTATION_CONTEXT('2D SPACE',''
  ) );
#4107 = ORIENTED_EDGE('',*,*,#4108,.T.);
#4108 = EDGE_CURVE('',#4086,#4109,#4111,.T.);
#4109 = VERTEX_POINT('',#4110);
#4110 = CARTESIAN_POINT('',(-63.,-13.,104.));
#4111 = SURFACE_CURVE('',#4112,(#4116,#4122),.PCURVE_S1.);
#4112 = LINE('',#4113,#4114);
#4113 = CARTESIAN_POINT('',(-63.,-13.,74.));
#4114 = VECTOR('',#4115,1.);
#4115 = DIRECTION('',(0.,0.,1.));
#4116 = PCURVE('',#3503,#4117);
#4117 = DEFINITIONAL_REPRESENTATION('',(#4118),#4121);
#4118 = B_SPLINE_CURVE_WITH_KNOTS('',1,(#4119,#4120),.UNSPECIFIED.,.F.,
  .F.,(2,2),(0.,30.),.PIECEWISE_BEZIER_KNOTS.);
#4119 = CARTESIAN_POINT('',(0.,-34.));
#4120 = CARTESIAN_POINT('',(30.,-34.));
#4121 = ( GEOMETRIC_REPRESENTATION_CONTEXT(2) 
PARAMETRIC_REPRESENTATION_CONTEXT() REPRESENTATION_CONTEXT('2D SPACE',''
  ) );
#4122 = PCURVE('',#3954,#4123);
#4123 = DEFINITIONAL_REPRESENTATION('',(#4124),#4127);
#4124 = B_SPLINE_CURVE_WITH_KNOTS('',1,(#4125,#4126),.UNSPECIFIED.,.F.,
  .F.,(2,2),(0.,30.),.PIECEWISE_BEZIER_KNOTS.);
#4125 = CARTESIAN_POINT('',(0.,73.));
#4126 = CARTESIAN_POINT('',(30.,73.));
#4127 = ( GEOMETRIC_REPRESENTATION_CONTEXT(2) 
PARAMETRIC_REPRESENTATION_CONTEXT() REPRESENTATION_CONTEXT('2D SPACE',''
  ) );
#4128 = ORIENTED_EDGE('',*,*,#4129,.F.);
#4129 = EDGE_CURVE('',#4017,#4109,#4130,.T.);
#4130 = SURFACE_CURVE('',#4131,(#4135,#4142),.PCURVE_S1.);
#4131 = LINE('',#4132,#4133);
#4132 = CARTESIAN_POINT('',(-63.,-47.,104.));
#4133 = VECTOR('',#4134,1.);
#4134 = DIRECTION('',(0.,1.,0.));
#4135 = PCURVE('',#3503,#4136);
#4136 = DEFINITIONAL_REPRESENTATION('',(#4137),#4141);
#4137 = LINE('',#4138,#4139);
#4138 = CARTESIAN_POINT('',(30.,0.));
#4139 = VECTOR('',#4140,1.);
#4140 = DIRECTION('',(0.,-1.));
#4141 = ( GEOMETRIC_REPRESENTATION_CONTEXT(2) 
PARAMETRIC_REPRESENTATION_CONTEXT() REPRESENTATION_CONTEXT('2D SPACE',''
  ) );
#4142 = PCURVE('',#3981,#4143);
#4143 = DEFINITIONAL_REPRESENTATION('',(#4144),#4148);
#4144 = LINE('',#4145,#4146);
#4145 = CARTESIAN_POINT('',(77.,3.));
#4146 = VECTOR('',#4147,1.);
#4147 = DIRECTION('',(0.,1.));
#4148 = ( GEOMETRIC_REPRESENTATION_CONTEXT(2) 
PARAMETRIC_REPRESENTATION_CONTEXT() REPRESENTATION_CONTEXT('2D SPACE',''
  ) );
#4149 = ORIENTED_EDGE('',*,*,#4016,.T.);
#4150 = ORIENTED_EDGE('',*,*,#3488,.F.);
#4151 = ADVANCED_FACE('',(#4152),#3477,.F.);
#4152 = FACE_BOUND('',#4153,.F.);
#4153 = EDGE_LOOP('',(#4154,#4177,#4198,#4199));
#4154 = ORIENTED_EDGE('',*,*,#4155,.F.);
#4155 = EDGE_CURVE('',#4156,#3437,#4158,.T.);
#4156 = VERTEX_POINT('',#4157);
#4157 = CARTESIAN_POINT('',(-57.,-47.,74.));
#4158 = SURFACE_CURVE('',#4159,(#4163,#4170),.PCURVE_S1.);
#4159 = LINE('',#4160,#4161);
#4160 = CARTESIAN_POINT('',(-57.,-47.,74.));
#4161 = VECTOR('',#4162,1.);
#4162 = DIRECTION('',(0.,0.,1.));
#4163 = PCURVE('',#3477,#4164);
#4164 = DEFINITIONAL_REPRESENTATION('',(#4165),#4169);
#4165 = LINE('',#4166,#4167);
#4166 = CARTESIAN_POINT('',(0.,6.));
#4167 = VECTOR('',#4168,1.);
#4168 = DIRECTION('',(1.,0.));
#4169 = ( GEOMETRIC_REPRESENTATION_CONTEXT(2) 
PARAMETRIC_REPRESENTATION_CONTEXT() REPRESENTATION_CONTEXT('2D SPACE',''
  ) );
#4170 = PCURVE('',#3451,#4171);
#4171 = DEFINITIONAL_REPRESENTATION('',(#4172),#4176);
#4172 = LINE('',#4173,#4174);
#4173 = CARTESIAN_POINT('',(0.,0.));
#4174 = VECTOR('',#4175,1.);
#4175 = DIRECTION('',(1.,0.));
#4176 = ( GEOMETRIC_REPRESENTATION_CONTEXT(2) 
PARAMETRIC_REPRESENTATION_CONTEXT() REPRESENTATION_CONTEXT('2D SPACE',''
  ) );
#4177 = ORIENTED_EDGE('',*,*,#4178,.F.);
#4178 = EDGE_CURVE('',#4063,#4156,#4179,.T.);
#4179 = SURFACE_CURVE('',#4180,(#4184,#4191),.PCURVE_S1.);
#4180 = LINE('',#4181,#4182);
#4181 = CARTESIAN_POINT('',(-63.,-47.,74.));
#4182 = VECTOR('',#4183,1.);
#4183 = DIRECTION('',(1.,0.,0.));
#4184 = PCURVE('',#3477,#4185);
#4185 = DEFINITIONAL_REPRESENTATION('',(#4186),#4190);
#4186 = LINE('',#4187,#4188);
#4187 = CARTESIAN_POINT('',(0.,0.));
#4188 = VECTOR('',#4189,1.);
#4189 = DIRECTION('',(0.,1.));
#4190 = ( GEOMETRIC_REPRESENTATION_CONTEXT(2) 
PARAMETRIC_REPRESENTATION_CONTEXT() REPRESENTATION_CONTEXT('2D SPACE',''
  ) );
#4191 = PCURVE('',#3807,#4192);
#4192 = DEFINITIONAL_REPRESENTATION('',(#4193),#4197);
#4193 = LINE('',#4194,#4195);
#4194 = CARTESIAN_POINT('',(40.,0.));
#4195 = VECTOR('',#4196,1.);
#4196 = DIRECTION('',(1.,0.));
#4197 = ( GEOMETRIC_REPRESENTATION_CONTEXT(2) 
PARAMETRIC_REPRESENTATION_CONTEXT() REPRESENTATION_CONTEXT('2D SPACE',''
  ) );
#4198 = ORIENTED_EDGE('',*,*,#4062,.T.);
#4199 = ORIENTED_EDGE('',*,*,#3462,.F.);
#4200 = ADVANCED_FACE('',(#4201),#3451,.T.);
#4201 = FACE_BOUND('',#4202,.T.);
#4202 = EDGE_LOOP('',(#4203,#4204,#4227,#4253,#4281,#4300));
#4203 = ORIENTED_EDGE('',*,*,#4155,.F.);
#4204 = ORIENTED_EDGE('',*,*,#4205,.T.);
#4205 = EDGE_CURVE('',#4156,#4206,#4208,.T.);
#4206 = VERTEX_POINT('',#4207);
#4207 = CARTESIAN_POINT('',(-57.,-13.,74.));
#4208 = SURFACE_CURVE('',#4209,(#4213,#4220),.PCURVE_S1.);
#4209 = LINE('',#4210,#4211);
#4210 = CARTESIAN_POINT('',(-57.,-47.,74.));
#4211 = VECTOR('',#4212,1.);
#4212 = DIRECTION('',(0.,1.,0.));
#4213 = PCURVE('',#3451,#4214);
#4214 = DEFINITIONAL_REPRESENTATION('',(#4215),#4219);
#4215 = LINE('',#4216,#4217);
#4216 = CARTESIAN_POINT('',(0.,0.));
#4217 = VECTOR('',#4218,1.);
#4218 = DIRECTION('',(0.,-1.));
#4219 = ( GEOMETRIC_REPRESENTATION_CONTEXT(2) 
PARAMETRIC_REPRESENTATION_CONTEXT() REPRESENTATION_CONTEXT('2D SPACE',''
  ) );
#4220 = PCURVE('',#3807,#4221);
#4221 = DEFINITIONAL_REPRESENTATION('',(#4222),#4226);
#4222 = LINE('',#4223,#4224);
#4223 = CARTESIAN_POINT('',(46.,0.));
#4224 = VECTOR('',#4225,1.);
#4225 = DIRECTION('',(0.,1.));
#4226 = ( GEOMETRIC_REPRESENTATION_CONTEXT(2) 
PARAMETRIC_REPRESENTATION_CONTEXT() REPRESENTATION_CONTEXT('2D SPACE',''
  ) );
#4227 = ORIENTED_EDGE('',*,*,#4228,.T.);
#4228 = EDGE_CURVE('',#4206,#4229,#4231,.T.);
#4229 = VERTEX_POINT('',#4230);
#4230 = CARTESIAN_POINT('',(-57.,-13.,104.));
#4231 = SURFACE_CURVE('',#4232,(#4236,#4242),.PCURVE_S1.);
#4232 = LINE('',#4233,#4234);
#4233 = CARTESIAN_POINT('',(-57.,-13.,74.));
#4234 = VECTOR('',#4235,1.);
#4235 = DIRECTION('',(0.,0.,1.));
#4236 = PCURVE('',#3451,#4237);
#4237 = DEFINITIONAL_REPRESENTATION('',(#4238),#4241);
#4238 = B_SPLINE_CURVE_WITH_KNOTS('',1,(#4239,#4240),.UNSPECIFIED.,.F.,
  .F.,(2,2),(0.,30.),.PIECEWISE_BEZIER_KNOTS.);
#4239 = CARTESIAN_POINT('',(0.,-34.));
#4240 = CARTESIAN_POINT('',(30.,-34.));
#4241 = ( GEOMETRIC_REPRESENTATION_CONTEXT(2) 
PARAMETRIC_REPRESENTATION_CONTEXT() REPRESENTATION_CONTEXT('2D SPACE',''
  ) );
#4242 = PCURVE('',#4243,#4248);
#4243 = PLANE('',#4244);
#4244 = AXIS2_PLACEMENT_3D('',#4245,#4246,#4247);
#4245 = CARTESIAN_POINT('',(-136.,-13.,74.));
#4246 = DIRECTION('',(0.,1.,0.));
#4247 = DIRECTION('',(0.,0.,1.));
#4248 = DEFINITIONAL_REPRESENTATION('',(#4249),#4252);
#4249 = B_SPLINE_CURVE_WITH_KNOTS('',1,(#4250,#4251),.UNSPECIFIED.,.F.,
  .F.,(2,2),(0.,30.),.PIECEWISE_BEZIER_KNOTS.);
#4250 = CARTESIAN_POINT('',(0.,79.));
#4251 = CARTESIAN_POINT('',(30.,79.));
#4252 = ( GEOMETRIC_REPRESENTATION_CONTEXT(2) 
PARAMETRIC_REPRESENTATION_CONTEXT() REPRESENTATION_CONTEXT('2D SPACE',''
  ) );
#4253 = ORIENTED_EDGE('',*,*,#4254,.F.);
#4254 = EDGE_CURVE('',#4255,#4229,#4257,.T.);
#4255 = VERTEX_POINT('',#4256);
#4256 = CARTESIAN_POINT('',(-57.,-44.,104.));
#4257 = SURFACE_CURVE('',#4258,(#4262,#4269),.PCURVE_S1.);
#4258 = LINE('',#4259,#4260);
#4259 = CARTESIAN_POINT('',(-57.,-47.,104.));
#4260 = VECTOR('',#4261,1.);
#4261 = DIRECTION('',(0.,1.,0.));
#4262 = PCURVE('',#3451,#4263);
#4263 = DEFINITIONAL_REPRESENTATION('',(#4264),#4268);
#4264 = LINE('',#4265,#4266);
#4265 = CARTESIAN_POINT('',(30.,0.));
#4266 = VECTOR('',#4267,1.);
#4267 = DIRECTION('',(0.,-1.));
#4268 = ( GEOMETRIC_REPRESENTATION_CONTEXT(2) 
PARAMETRIC_REPRESENTATION_CONTEXT() REPRESENTATION_CONTEXT('2D SPACE',''
  ) );
#4269 = PCURVE('',#4270,#4275);
#4270 = PLANE('',#4271);
#4271 = AXIS2_PLACEMENT_3D('',#4272,#4273,#4274);
#4272 = CARTESIAN_POINT('',(-140.,-50.,104.));
#4273 = DIRECTION('',(0.,0.,1.));
#4274 = DIRECTION('',(1.,0.,0.));
#4275 = DEFINITIONAL_REPRESENTATION('',(#4276),#4280);
#4276 = LINE('',#4277,#4278);
#4277 = CARTESIAN_POINT('',(83.,3.));
#4278 = VECTOR('',#4279,1.);
#4279 = DIRECTION('',(0.,1.));
#4280 = ( GEOMETRIC_REPRESENTATION_CONTEXT(2) 
PARAMETRIC_REPRESENTATION_CONTEXT() REPRESENTATION_CONTEXT('2D SPACE',''
  ) );
#4281 = ORIENTED_EDGE('',*,*,#4282,.T.);
#4282 = EDGE_CURVE('',#4255,#3411,#4283,.T.);
#4283 = SURFACE_CURVE('',#4284,(#4288,#4294),.PCURVE_S1.);
#4284 = LINE('',#4285,#4286);
#4285 = CARTESIAN_POINT('',(-57.,-44.,74.));
#4286 = VECTOR('',#4287,1.);
#4287 = DIRECTION('',(0.,0.,-1.));
#4288 = PCURVE('',#3451,#4289);
#4289 = DEFINITIONAL_REPRESENTATION('',(#4290),#4293);
#4290 = B_SPLINE_CURVE_WITH_KNOTS('',1,(#4291,#4292),.UNSPECIFIED.,.F.,
  .F.,(2,2),(-30.,-1.),.PIECEWISE_BEZIER_KNOTS.);
#4291 = CARTESIAN_POINT('',(30.,-3.));
#4292 = CARTESIAN_POINT('',(1.,-3.));
#4293 = ( GEOMETRIC_REPRESENTATION_CONTEXT(2) 
PARAMETRIC_REPRESENTATION_CONTEXT() REPRESENTATION_CONTEXT('2D SPACE',''
  ) );
#4294 = PCURVE('',#3425,#4295);
#4295 = DEFINITIONAL_REPRESENTATION('',(#4296),#4299);
#4296 = B_SPLINE_CURVE_WITH_KNOTS('',1,(#4297,#4298),.UNSPECIFIED.,.F.,
  .F.,(2,2),(-30.,-1.),.PIECEWISE_BEZIER_KNOTS.);
#4297 = CARTESIAN_POINT('',(30.,77.));
#4298 = CARTESIAN_POINT('',(1.,77.));
#4299 = ( GEOMETRIC_REPRESENTATION_CONTEXT(2) 
PARAMETRIC_REPRESENTATION_CONTEXT() REPRESENTATION_CONTEXT('2D SPACE',''
  ) );
#4300 = ORIENTED_EDGE('',*,*,#3436,.F.);
#4301 = ADVANCED_FACE('',(#4302),#3425,.T.);
#4302 = FACE_BOUND('',#4303,.T.);
#4303 = EDGE_LOOP('',(#4304,#4325,#4326,#4327));
#4304 = ORIENTED_EDGE('',*,*,#4305,.T.);
#4305 = EDGE_CURVE('',#4306,#3385,#4308,.T.);
#4306 = VERTEX_POINT('',#4307);
#4307 = CARTESIAN_POINT('',(-23.,-44.,104.));
#4308 = SURFACE_CURVE('',#4309,(#4313,#4319),.PCURVE_S1.);
#4309 = LINE('',#4310,#4311);
#4310 = CARTESIAN_POINT('',(-23.,-44.,74.));
#4311 = VECTOR('',#4312,1.);
#4312 = DIRECTION('',(0.,0.,-1.));
#4313 = PCURVE('',#3425,#4314);
#4314 = DEFINITIONAL_REPRESENTATION('',(#4315),#4318);
#4315 = B_SPLINE_CURVE_WITH_KNOTS('',1,(#4316,#4317),.UNSPECIFIED.,.F.,
  .F.,(2,2),(-30.,-1.),.PIECEWISE_BEZIER_KNOTS.);
#4316 = CARTESIAN_POINT('',(30.,111.));
#4317 = CARTESIAN_POINT('',(1.,111.));
#4318 = ( GEOMETRIC_REPRESENTATION_CONTEXT(2) 
PARAMETRIC_REPRESENTATION_CONTEXT() REPRESENTATION_CONTEXT('2D SPACE',''
  ) );
#4319 = PCURVE('',#3399,#4320);
#4320 = DEFINITIONAL_REPRESENTATION('',(#4321),#4324);
#4321 = B_SPLINE_CURVE_WITH_KNOTS('',1,(#4322,#4323),.UNSPECIFIED.,.F.,
  .F.,(2,2),(-30.,-1.),.PIECEWISE_BEZIER_KNOTS.);
#4322 = CARTESIAN_POINT('',(30.,-3.));
#4323 = CARTESIAN_POINT('',(1.,-3.));
#4324 = ( GEOMETRIC_REPRESENTATION_CONTEXT(2) 
PARAMETRIC_REPRESENTATION_CONTEXT() REPRESENTATION_CONTEXT('2D SPACE',''
  ) );
#4325 = ORIENTED_EDGE('',*,*,#3410,.T.);
#4326 = ORIENTED_EDGE('',*,*,#4282,.F.);
#4327 = ORIENTED_EDGE('',*,*,#4328,.F.);
#4328 = EDGE_CURVE('',#4306,#4255,#4329,.T.);
#4329 = SURFACE_CURVE('',#4330,(#4334,#4340),.PCURVE_S1.);
#4330 = LINE('',#4331,#4332);
#4331 = CARTESIAN_POINT('',(-136.,-44.,104.));
#4332 = VECTOR('',#4333,1.);
#4333 = DIRECTION('',(-1.,0.,0.));
#4334 = PCURVE('',#3425,#4335);
#4335 = DEFINITIONAL_REPRESENTATION('',(#4336),#4339);
#4336 = B_SPLINE_CURVE_WITH_KNOTS('',1,(#4337,#4338),.UNSPECIFIED.,.F.,
  .F.,(2,2),(-256.,-16.),.PIECEWISE_BEZIER_KNOTS.);
#4337 = CARTESIAN_POINT('',(30.,254.));
#4338 = CARTESIAN_POINT('',(30.,14.));
#4339 = ( GEOMETRIC_REPRESENTATION_CONTEXT(2) 
PARAMETRIC_REPRESENTATION_CONTEXT() REPRESENTATION_CONTEXT('2D SPACE',''
  ) );
#4340 = PCURVE('',#4270,#4341);
#4341 = DEFINITIONAL_REPRESENTATION('',(#4342),#4346);
#4342 = LINE('',#4343,#4344);
#4343 = CARTESIAN_POINT('',(4.,6.));
#4344 = VECTOR('',#4345,1.);
#4345 = DIRECTION('',(-1.,0.));
#4346 = ( GEOMETRIC_REPRESENTATION_CONTEXT(2) 
PARAMETRIC_REPRESENTATION_CONTEXT() REPRESENTATION_CONTEXT('2D SPACE',''
  ) );
#4347 = ADVANCED_FACE('',(#4348),#3399,.F.);
#4348 = FACE_BOUND('',#4349,.F.);
#4349 = EDGE_LOOP('',(#4350,#4373,#4396,#4417,#4438,#4439));
#4350 = ORIENTED_EDGE('',*,*,#4351,.F.);
#4351 = EDGE_CURVE('',#4352,#3359,#4354,.T.);
#4352 = VERTEX_POINT('',#4353);
#4353 = CARTESIAN_POINT('',(-23.,-47.,74.));
#4354 = SURFACE_CURVE('',#4355,(#4359,#4366),.PCURVE_S1.);
#4355 = LINE('',#4356,#4357);
#4356 = CARTESIAN_POINT('',(-23.,-47.,74.));
#4357 = VECTOR('',#4358,1.);
#4358 = DIRECTION('',(0.,0.,1.));
#4359 = PCURVE('',#3399,#4360);
#4360 = DEFINITIONAL_REPRESENTATION('',(#4361),#4365);
#4361 = LINE('',#4362,#4363);
#4362 = CARTESIAN_POINT('',(0.,0.));
#4363 = VECTOR('',#4364,1.);
#4364 = DIRECTION('',(1.,0.));
#4365 = ( GEOMETRIC_REPRESENTATION_CONTEXT(2) 
PARAMETRIC_REPRESENTATION_CONTEXT() REPRESENTATION_CONTEXT('2D SPACE',''
  ) );
#4366 = PCURVE('',#3373,#4367);
#4367 = DEFINITIONAL_REPRESENTATION('',(#4368),#4372);
#4368 = LINE('',#4369,#4370);
#4369 = CARTESIAN_POINT('',(0.,0.));
#4370 = VECTOR('',#4371,1.);
#4371 = DIRECTION('',(1.,0.));
#4372 = ( GEOMETRIC_REPRESENTATION_CONTEXT(2) 
PARAMETRIC_REPRESENTATION_CONTEXT() REPRESENTATION_CONTEXT('2D SPACE',''
  ) );
#4373 = ORIENTED_EDGE('',*,*,#4374,.T.);
#4374 = EDGE_CURVE('',#4352,#4375,#4377,.T.);
#4375 = VERTEX_POINT('',#4376);
#4376 = CARTESIAN_POINT('',(-23.,-13.,74.));
#4377 = SURFACE_CURVE('',#4378,(#4382,#4389),.PCURVE_S1.);
#4378 = LINE('',#4379,#4380);
#4379 = CARTESIAN_POINT('',(-23.,-47.,74.));
#4380 = VECTOR('',#4381,1.);
#4381 = DIRECTION('',(0.,1.,0.));
#4382 = PCURVE('',#3399,#4383);
#4383 = DEFINITIONAL_REPRESENTATION('',(#4384),#4388);
#4384 = LINE('',#4385,#4386);
#4385 = CARTESIAN_POINT('',(0.,0.));
#4386 = VECTOR('',#4387,1.);
#4387 = DIRECTION('',(0.,-1.));
#4388 = ( GEOMETRIC_REPRESENTATION_CONTEXT(2) 
PARAMETRIC_REPRESENTATION_CONTEXT() REPRESENTATION_CONTEXT('2D SPACE',''
  ) );
#4389 = PCURVE('',#3807,#4390);
#4390 = DEFINITIONAL_REPRESENTATION('',(#4391),#4395);
#4391 = LINE('',#4392,#4393);
#4392 = CARTESIAN_POINT('',(80.,0.));
#4393 = VECTOR('',#4394,1.);
#4394 = DIRECTION('',(0.,1.));
#4395 = ( GEOMETRIC_REPRESENTATION_CONTEXT(2) 
PARAMETRIC_REPRESENTATION_CONTEXT() REPRESENTATION_CONTEXT('2D SPACE',''
  ) );
#4396 = ORIENTED_EDGE('',*,*,#4397,.T.);
#4397 = EDGE_CURVE('',#4375,#4398,#4400,.T.);
#4398 = VERTEX_POINT('',#4399);
#4399 = CARTESIAN_POINT('',(-23.,-13.,104.));
#4400 = SURFACE_CURVE('',#4401,(#4405,#4411),.PCURVE_S1.);
#4401 = LINE('',#4402,#4403);
#4402 = CARTESIAN_POINT('',(-23.,-13.,74.));
#4403 = VECTOR('',#4404,1.);
#4404 = DIRECTION('',(0.,0.,1.));
#4405 = PCURVE('',#3399,#4406);
#4406 = DEFINITIONAL_REPRESENTATION('',(#4407),#4410);
#4407 = B_SPLINE_CURVE_WITH_KNOTS('',1,(#4408,#4409),.UNSPECIFIED.,.F.,
  .F.,(2,2),(0.,30.),.PIECEWISE_BEZIER_KNOTS.);
#4408 = CARTESIAN_POINT('',(0.,-34.));
#4409 = CARTESIAN_POINT('',(30.,-34.));
#4410 = ( GEOMETRIC_REPRESENTATION_CONTEXT(2) 
PARAMETRIC_REPRESENTATION_CONTEXT() REPRESENTATION_CONTEXT('2D SPACE',''
  ) );
#4411 = PCURVE('',#4243,#4412);
#4412 = DEFINITIONAL_REPRESENTATION('',(#4413),#4416);
#4413 = B_SPLINE_CURVE_WITH_KNOTS('',1,(#4414,#4415),.UNSPECIFIED.,.F.,
  .F.,(2,2),(0.,30.),.PIECEWISE_BEZIER_KNOTS.);
#4414 = CARTESIAN_POINT('',(0.,113.));
#4415 = CARTESIAN_POINT('',(30.,113.));
#4416 = ( GEOMETRIC_REPRESENTATION_CONTEXT(2) 
PARAMETRIC_REPRESENTATION_CONTEXT() REPRESENTATION_CONTEXT('2D SPACE',''
  ) );
#4417 = ORIENTED_EDGE('',*,*,#4418,.F.);
#4418 = EDGE_CURVE('',#4306,#4398,#4419,.T.);
#4419 = SURFACE_CURVE('',#4420,(#4424,#4431),.PCURVE_S1.);
#4420 = LINE('',#4421,#4422);
#4421 = CARTESIAN_POINT('',(-23.,-47.,104.));
#4422 = VECTOR('',#4423,1.);
#4423 = DIRECTION('',(0.,1.,0.));
#4424 = PCURVE('',#3399,#4425);
#4425 = DEFINITIONAL_REPRESENTATION('',(#4426),#4430);
#4426 = LINE('',#4427,#4428);
#4427 = CARTESIAN_POINT('',(30.,0.));
#4428 = VECTOR('',#4429,1.);
#4429 = DIRECTION('',(0.,-1.));
#4430 = ( GEOMETRIC_REPRESENTATION_CONTEXT(2) 
PARAMETRIC_REPRESENTATION_CONTEXT() REPRESENTATION_CONTEXT('2D SPACE',''
  ) );
#4431 = PCURVE('',#4270,#4432);
#4432 = DEFINITIONAL_REPRESENTATION('',(#4433),#4437);
#4433 = LINE('',#4434,#4435);
#4434 = CARTESIAN_POINT('',(117.,3.));
#4435 = VECTOR('',#4436,1.);
#4436 = DIRECTION('',(0.,1.));
#4437 = ( GEOMETRIC_REPRESENTATION_CONTEXT(2) 
PARAMETRIC_REPRESENTATION_CONTEXT() REPRESENTATION_CONTEXT('2D SPACE',''
  ) );
#4438 = ORIENTED_EDGE('',*,*,#4305,.T.);
#4439 = ORIENTED_EDGE('',*,*,#3384,.F.);
#4440 = ADVANCED_FACE('',(#4441),#3373,.F.);
#4441 = FACE_BOUND('',#4442,.F.);
#4442 = EDGE_LOOP('',(#4443,#4466,#4487,#4488));
#4443 = ORIENTED_EDGE('',*,*,#4444,.F.);
#4444 = EDGE_CURVE('',#4445,#3333,#4447,.T.);
#4445 = VERTEX_POINT('',#4446);
#4446 = CARTESIAN_POINT('',(-17.,-47.,74.));
#4447 = SURFACE_CURVE('',#4448,(#4452,#4459),.PCURVE_S1.);
#4448 = LINE('',#4449,#4450);
#4449 = CARTESIAN_POINT('',(-17.,-47.,74.));
#4450 = VECTOR('',#4451,1.);
#4451 = DIRECTION('',(0.,0.,1.));
#4452 = PCURVE('',#3373,#4453);
#4453 = DEFINITIONAL_REPRESENTATION('',(#4454),#4458);
#4454 = LINE('',#4455,#4456);
#4455 = CARTESIAN_POINT('',(0.,6.));
#4456 = VECTOR('',#4457,1.);
#4457 = DIRECTION('',(1.,0.));
#4458 = ( GEOMETRIC_REPRESENTATION_CONTEXT(2) 
PARAMETRIC_REPRESENTATION_CONTEXT() REPRESENTATION_CONTEXT('2D SPACE',''
  ) );
#4459 = PCURVE('',#3347,#4460);
#4460 = DEFINITIONAL_REPRESENTATION('',(#4461),#4465);
#4461 = LINE('',#4462,#4463);
#4462 = CARTESIAN_POINT('',(0.,0.));
#4463 = VECTOR('',#4464,1.);
#4464 = DIRECTION('',(1.,0.));
#4465 = ( GEOMETRIC_REPRESENTATION_CONTEXT(2) 
PARAMETRIC_REPRESENTATION_CONTEXT() REPRESENTATION_CONTEXT('2D SPACE',''
  ) );
#4466 = ORIENTED_EDGE('',*,*,#4467,.F.);
#4467 = EDGE_CURVE('',#4352,#4445,#4468,.T.);
#4468 = SURFACE_CURVE('',#4469,(#4473,#4480),.PCURVE_S1.);
#4469 = LINE('',#4470,#4471);
#4470 = CARTESIAN_POINT('',(-23.,-47.,74.));
#4471 = VECTOR('',#4472,1.);
#4472 = DIRECTION('',(1.,0.,0.));
#4473 = PCURVE('',#3373,#4474);
#4474 = DEFINITIONAL_REPRESENTATION('',(#4475),#4479);
#4475 = LINE('',#4476,#4477);
#4476 = CARTESIAN_POINT('',(0.,0.));
#4477 = VECTOR('',#4478,1.);
#4478 = DIRECTION('',(0.,1.));
#4479 = ( GEOMETRIC_REPRESENTATION_CONTEXT(2) 
PARAMETRIC_REPRESENTATION_CONTEXT() REPRESENTATION_CONTEXT('2D SPACE',''
  ) );
#4480 = PCURVE('',#3807,#4481);
#4481 = DEFINITIONAL_REPRESENTATION('',(#4482),#4486);
#4482 = LINE('',#4483,#4484);
#4483 = CARTESIAN_POINT('',(80.,0.));
#4484 = VECTOR('',#4485,1.);
#4485 = DIRECTION('',(1.,0.));
#4486 = ( GEOMETRIC_REPRESENTATION_CONTEXT(2) 
PARAMETRIC_REPRESENTATION_CONTEXT() REPRESENTATION_CONTEXT('2D SPACE',''
  ) );
#4487 = ORIENTED_EDGE('',*,*,#4351,.T.);
#4488 = ORIENTED_EDGE('',*,*,#3358,.F.);
#4489 = ADVANCED_FACE('',(#4490),#3347,.T.);
#4490 = FACE_BOUND('',#4491,.T.);
#4491 = EDGE_LOOP('',(#4492,#4493,#4516,#4542,#4570,#4589));
#4492 = ORIENTED_EDGE('',*,*,#4444,.F.);
#4493 = ORIENTED_EDGE('',*,*,#4494,.T.);
#4494 = EDGE_CURVE('',#4445,#4495,#4497,.T.);
#4495 = VERTEX_POINT('',#4496);
#4496 = CARTESIAN_POINT('',(-17.,-13.,74.));
#4497 = SURFACE_CURVE('',#4498,(#4502,#4509),.PCURVE_S1.);
#4498 = LINE('',#4499,#4500);
#4499 = CARTESIAN_POINT('',(-17.,-47.,74.));
#4500 = VECTOR('',#4501,1.);
#4501 = DIRECTION('',(0.,1.,0.));
#4502 = PCURVE('',#3347,#4503);
#4503 = DEFINITIONAL_REPRESENTATION('',(#4504),#4508);
#4504 = LINE('',#4505,#4506);
#4505 = CARTESIAN_POINT('',(0.,0.));
#4506 = VECTOR('',#4507,1.);
#4507 = DIRECTION('',(0.,-1.));
#4508 = ( GEOMETRIC_REPRESENTATION_CONTEXT(2) 
PARAMETRIC_REPRESENTATION_CONTEXT() REPRESENTATION_CONTEXT('2D SPACE',''
  ) );
#4509 = PCURVE('',#3807,#4510);
#4510 = DEFINITIONAL_REPRESENTATION('',(#4511),#4515);
#4511 = LINE('',#4512,#4513);
#4512 = CARTESIAN_POINT('',(86.,0.));
#4513 = VECTOR('',#4514,1.);
#4514 = DIRECTION('',(0.,1.));
#4515 = ( GEOMETRIC_REPRESENTATION_CONTEXT(2) 
PARAMETRIC_REPRESENTATION_CONTEXT() REPRESENTATION_CONTEXT('2D SPACE',''
  ) );
#4516 = ORIENTED_EDGE('',*,*,#4517,.T.);
#4517 = EDGE_CURVE('',#4495,#4518,#4520,.T.);
#4518 = VERTEX_POINT('',#4519);
#4519 = CARTESIAN_POINT('',(-17.,-13.,104.));
#4520 = SURFACE_CURVE('',#4521,(#4525,#4531),.PCURVE_S1.);
#4521 = LINE('',#4522,#4523);
#4522 = CARTESIAN_POINT('',(-17.,-13.,74.));
#4523 = VECTOR('',#4524,1.);
#4524 = DIRECTION('',(0.,0.,1.));
#4525 = PCURVE('',#3347,#4526);
#4526 = DEFINITIONAL_REPRESENTATION('',(#4527),#4530);
#4527 = B_SPLINE_CURVE_WITH_KNOTS('',1,(#4528,#4529),.UNSPECIFIED.,.F.,
  .F.,(2,2),(0.,30.),.PIECEWISE_BEZIER_KNOTS.);
#4528 = CARTESIAN_POINT('',(0.,-34.));
#4529 = CARTESIAN_POINT('',(30.,-34.));
#4530 = ( GEOMETRIC_REPRESENTATION_CONTEXT(2) 
PARAMETRIC_REPRESENTATION_CONTEXT() REPRESENTATION_CONTEXT('2D SPACE',''
  ) );
#4531 = PCURVE('',#4532,#4537);
#4532 = PLANE('',#4533);
#4533 = AXIS2_PLACEMENT_3D('',#4534,#4535,#4536);
#4534 = CARTESIAN_POINT('',(-136.,-13.,74.));
#4535 = DIRECTION('',(0.,1.,0.));
#4536 = DIRECTION('',(0.,0.,1.));
#4537 = DEFINITIONAL_REPRESENTATION('',(#4538),#4541);
#4538 = B_SPLINE_CURVE_WITH_KNOTS('',1,(#4539,#4540),.UNSPECIFIED.,.F.,
  .F.,(2,2),(0.,30.),.PIECEWISE_BEZIER_KNOTS.);
#4539 = CARTESIAN_POINT('',(0.,119.));
#4540 = CARTESIAN_POINT('',(30.,119.));
#4541 = ( GEOMETRIC_REPRESENTATION_CONTEXT(2) 
PARAMETRIC_REPRESENTATION_CONTEXT() REPRESENTATION_CONTEXT('2D SPACE',''
  ) );
#4542 = ORIENTED_EDGE('',*,*,#4543,.F.);
#4543 = EDGE_CURVE('',#4544,#4518,#4546,.T.);
#4544 = VERTEX_POINT('',#4545);
#4545 = CARTESIAN_POINT('',(-17.,-44.,104.));
#4546 = SURFACE_CURVE('',#4547,(#4551,#4558),.PCURVE_S1.);
#4547 = LINE('',#4548,#4549);
#4548 = CARTESIAN_POINT('',(-17.,-47.,104.));
#4549 = VECTOR('',#4550,1.);
#4550 = DIRECTION('',(0.,1.,0.));
#4551 = PCURVE('',#3347,#4552);
#4552 = DEFINITIONAL_REPRESENTATION('',(#4553),#4557);
#4553 = LINE('',#4554,#4555);
#4554 = CARTESIAN_POINT('',(30.,0.));
#4555 = VECTOR('',#4556,1.);
#4556 = DIRECTION('',(0.,-1.));
#4557 = ( GEOMETRIC_REPRESENTATION_CONTEXT(2) 
PARAMETRIC_REPRESENTATION_CONTEXT() REPRESENTATION_CONTEXT('2D SPACE',''
  ) );
#4558 = PCURVE('',#4559,#4564);
#4559 = PLANE('',#4560);
#4560 = AXIS2_PLACEMENT_3D('',#4561,#4562,#4563);
#4561 = CARTESIAN_POINT('',(-140.,-50.,104.));
#4562 = DIRECTION('',(0.,0.,1.));
#4563 = DIRECTION('',(1.,0.,0.));
#4564 = DEFINITIONAL_REPRESENTATION('',(#4565),#4569);
#4565 = LINE('',#4566,#4567);
#4566 = CARTESIAN_POINT('',(123.,3.));
#4567 = VECTOR('',#4568,1.);
#4568 = DIRECTION('',(0.,1.));
#4569 = ( GEOMETRIC_REPRESENTATION_CONTEXT(2) 
PARAMETRIC_REPRESENTATION_CONTEXT() REPRESENTATION_CONTEXT('2D SPACE',''
  ) );
#4570 = ORIENTED_EDGE('',*,*,#4571,.T.);
#4571 = EDGE_CURVE('',#4544,#3307,#4572,.T.);
#4572 = SURFACE_CURVE('',#4573,(#4577,#4583),.PCURVE_S1.);
#4573 = LINE('',#4574,#4575);
#4574 = CARTESIAN_POINT('',(-17.,-44.,74.));
#4575 = VECTOR('',#4576,1.);
#4576 = DIRECTION('',(0.,0.,-1.));
#4577 = PCURVE('',#3347,#4578);
#4578 = DEFINITIONAL_REPRESENTATION('',(#4579),#4582);
#4579 = B_SPLINE_CURVE_WITH_KNOTS('',1,(#4580,#4581),.UNSPECIFIED.,.F.,
  .F.,(2,2),(-30.,-1.),.PIECEWISE_BEZIER_KNOTS.);
#4580 = CARTESIAN_POINT('',(30.,-3.));
#4581 = CARTESIAN_POINT('',(1.,-3.));
#4582 = ( GEOMETRIC_REPRESENTATION_CONTEXT(2) 
PARAMETRIC_REPRESENTATION_CONTEXT() REPRESENTATION_CONTEXT('2D SPACE',''
  ) );
#4583 = PCURVE('',#3321,#4584);
#4584 = DEFINITIONAL_REPRESENTATION('',(#4585),#4588);
#4585 = B_SPLINE_CURVE_WITH_KNOTS('',1,(#4586,#4587),.UNSPECIFIED.,.F.,
  .F.,(2,2),(-30.,-1.),.PIECEWISE_BEZIER_KNOTS.);
#4586 = CARTESIAN_POINT('',(30.,117.));
#4587 = CARTESIAN_POINT('',(1.,117.));
#4588 = ( GEOMETRIC_REPRESENTATION_CONTEXT(2) 
PARAMETRIC_REPRESENTATION_CONTEXT() REPRESENTATION_CONTEXT('2D SPACE',''
  ) );
#4589 = ORIENTED_EDGE('',*,*,#3332,.F.);
#4590 = ADVANCED_FACE('',(#4591),#3321,.T.);
#4591 = FACE_BOUND('',#4592,.T.);
#4592 = EDGE_LOOP('',(#4593,#4614,#4615,#4616));
#4593 = ORIENTED_EDGE('',*,*,#4594,.T.);
#4594 = EDGE_CURVE('',#4595,#3281,#4597,.T.);
#4595 = VERTEX_POINT('',#4596);
#4596 = CARTESIAN_POINT('',(17.,-44.,104.));
#4597 = SURFACE_CURVE('',#4598,(#4602,#4608),.PCURVE_S1.);
#4598 = LINE('',#4599,#4600);
#4599 = CARTESIAN_POINT('',(17.,-44.,74.));
#4600 = VECTOR('',#4601,1.);
#4601 = DIRECTION('',(0.,0.,-1.));
#4602 = PCURVE('',#3321,#4603);
#4603 = DEFINITIONAL_REPRESENTATION('',(#4604),#4607);
#4604 = B_SPLINE_CURVE_WITH_KNOTS('',1,(#4605,#4606),.UNSPECIFIED.,.F.,
  .F.,(2,2),(-30.,-1.),.PIECEWISE_BEZIER_KNOTS.);
#4605 = CARTESIAN_POINT('',(30.,151.));
#4606 = CARTESIAN_POINT('',(1.,151.));
#4607 = ( GEOMETRIC_REPRESENTATION_CONTEXT(2) 
PARAMETRIC_REPRESENTATION_CONTEXT() REPRESENTATION_CONTEXT('2D SPACE',''
  ) );
#4608 = PCURVE('',#3295,#4609);
#4609 = DEFINITIONAL_REPRESENTATION('',(#4610),#4613);
#4610 = B_SPLINE_CURVE_WITH_KNOTS('',1,(#4611,#4612),.UNSPECIFIED.,.F.,
  .F.,(2,2),(-30.,-1.),.PIECEWISE_BEZIER_KNOTS.);
#4611 = CARTESIAN_POINT('',(30.,-3.));
#4612 = CARTESIAN_POINT('',(1.,-3.));
#4613 = ( GEOMETRIC_REPRESENTATION_CONTEXT(2) 
PARAMETRIC_REPRESENTATION_CONTEXT() REPRESENTATION_CONTEXT('2D SPACE',''
  ) );
#4614 = ORIENTED_EDGE('',*,*,#3306,.T.);
#4615 = ORIENTED_EDGE('',*,*,#4571,.F.);
#4616 = ORIENTED_EDGE('',*,*,#4617,.F.);
#4617 = EDGE_CURVE('',#4595,#4544,#4618,.T.);
#4618 = SURFACE_CURVE('',#4619,(#4623,#4629),.PCURVE_S1.);
#4619 = LINE('',#4620,#4621);
#4620 = CARTESIAN_POINT('',(-136.,-44.,104.));
#4621 = VECTOR('',#4622,1.);
#4622 = DIRECTION('',(-1.,0.,0.));
#4623 = PCURVE('',#3321,#4624);
#4624 = DEFINITIONAL_REPRESENTATION('',(#4625),#4628);
#4625 = B_SPLINE_CURVE_WITH_KNOTS('',1,(#4626,#4627),.UNSPECIFIED.,.F.,
  .F.,(2,2),(-256.,-16.),.PIECEWISE_BEZIER_KNOTS.);
#4626 = CARTESIAN_POINT('',(30.,254.));
#4627 = CARTESIAN_POINT('',(30.,14.));
#4628 = ( GEOMETRIC_REPRESENTATION_CONTEXT(2) 
PARAMETRIC_REPRESENTATION_CONTEXT() REPRESENTATION_CONTEXT('2D SPACE',''
  ) );
#4629 = PCURVE('',#4559,#4630);
#4630 = DEFINITIONAL_REPRESENTATION('',(#4631),#4635);
#4631 = LINE('',#4632,#4633);
#4632 = CARTESIAN_POINT('',(4.,6.));
#4633 = VECTOR('',#4634,1.);
#4634 = DIRECTION('',(-1.,0.));
#4635 = ( GEOMETRIC_REPRESENTATION_CONTEXT(2) 
PARAMETRIC_REPRESENTATION_CONTEXT() REPRESENTATION_CONTEXT('2D SPACE',''
  ) );
#4636 = ADVANCED_FACE('',(#4637),#3295,.F.);
#4637 = FACE_BOUND('',#4638,.F.);
#4638 = EDGE_LOOP('',(#4639,#4662,#4685,#4706,#4727,#4728));
#4639 = ORIENTED_EDGE('',*,*,#4640,.F.);
#4640 = EDGE_CURVE('',#4641,#3255,#4643,.T.);
#4641 = VERTEX_POINT('',#4642);
#4642 = CARTESIAN_POINT('',(17.,-47.,74.));
#4643 = SURFACE_CURVE('',#4644,(#4648,#4655),.PCURVE_S1.);
#4644 = LINE('',#4645,#4646);
#4645 = CARTESIAN_POINT('',(17.,-47.,74.));
#4646 = VECTOR('',#4647,1.);
#4647 = DIRECTION('',(0.,0.,1.));
#4648 = PCURVE('',#3295,#4649);
#4649 = DEFINITIONAL_REPRESENTATION('',(#4650),#4654);
#4650 = LINE('',#4651,#4652);
#4651 = CARTESIAN_POINT('',(0.,0.));
#4652 = VECTOR('',#4653,1.);
#4653 = DIRECTION('',(1.,0.));
#4654 = ( GEOMETRIC_REPRESENTATION_CONTEXT(2) 
PARAMETRIC_REPRESENTATION_CONTEXT() REPRESENTATION_CONTEXT('2D SPACE',''
  ) );
#4655 = PCURVE('',#3269,#4656);
#4656 = DEFINITIONAL_REPRESENTATION('',(#4657),#4661);
#4657 = LINE('',#4658,#4659);
#4658 = CARTESIAN_POINT('',(0.,0.));
#4659 = VECTOR('',#4660,1.);
#4660 = DIRECTION('',(1.,0.));
#4661 = ( GEOMETRIC_REPRESENTATION_CONTEXT(2) 
PARAMETRIC_REPRESENTATION_CONTEXT() REPRESENTATION_CONTEXT('2D SPACE',''
  ) );
#4662 = ORIENTED_EDGE('',*,*,#4663,.T.);
#4663 = EDGE_CURVE('',#4641,#4664,#4666,.T.);
#4664 = VERTEX_POINT('',#4665);
#4665 = CARTESIAN_POINT('',(17.,-13.,74.));
#4666 = SURFACE_CURVE('',#4667,(#4671,#4678),.PCURVE_S1.);
#4667 = LINE('',#4668,#4669);
#4668 = CARTESIAN_POINT('',(17.,-47.,74.));
#4669 = VECTOR('',#4670,1.);
#4670 = DIRECTION('',(0.,1.,0.));
#4671 = PCURVE('',#3295,#4672);
#4672 = DEFINITIONAL_REPRESENTATION('',(#4673),#4677);
#4673 = LINE('',#4674,#4675);
#4674 = CARTESIAN_POINT('',(0.,0.));
#4675 = VECTOR('',#4676,1.);
#4676 = DIRECTION('',(0.,-1.));
#4677 = ( GEOMETRIC_REPRESENTATION_CONTEXT(2) 
PARAMETRIC_REPRESENTATION_CONTEXT() REPRESENTATION_CONTEXT('2D SPACE',''
  ) );
#4678 = PCURVE('',#3807,#4679);
#4679 = DEFINITIONAL_REPRESENTATION('',(#4680),#4684);
#4680 = LINE('',#4681,#4682);
#4681 = CARTESIAN_POINT('',(120.,0.));
#4682 = VECTOR('',#4683,1.);
#4683 = DIRECTION('',(0.,1.));
#4684 = ( GEOMETRIC_REPRESENTATION_CONTEXT(2) 
PARAMETRIC_REPRESENTATION_CONTEXT() REPRESENTATION_CONTEXT('2D SPACE',''
  ) );
#4685 = ORIENTED_EDGE('',*,*,#4686,.T.);
#4686 = EDGE_CURVE('',#4664,#4687,#4689,.T.);
#4687 = VERTEX_POINT('',#4688);
#4688 = CARTESIAN_POINT('',(17.,-13.,104.));
#4689 = SURFACE_CURVE('',#4690,(#4694,#4700),.PCURVE_S1.);
#4690 = LINE('',#4691,#4692);
#4691 = CARTESIAN_POINT('',(17.,-13.,74.));
#4692 = VECTOR('',#4693,1.);
#4693 = DIRECTION('',(0.,0.,1.));
#4694 = PCURVE('',#3295,#4695);
#4695 = DEFINITIONAL_REPRESENTATION('',(#4696),#4699);
#4696 = B_SPLINE_CURVE_WITH_KNOTS('',1,(#4697,#4698),.UNSPECIFIED.,.F.,
  .F.,(2,2),(0.,30.),.PIECEWISE_BEZIER_KNOTS.);
#4697 = CARTESIAN_POINT('',(0.,-34.));
#4698 = CARTESIAN_POINT('',(30.,-34.));
#4699 = ( GEOMETRIC_REPRESENTATION_CONTEXT(2) 
PARAMETRIC_REPRESENTATION_CONTEXT() REPRESENTATION_CONTEXT('2D SPACE',''
  ) );
#4700 = PCURVE('',#4532,#4701);
#4701 = DEFINITIONAL_REPRESENTATION('',(#4702),#4705);
#4702 = B_SPLINE_CURVE_WITH_KNOTS('',1,(#4703,#4704),.UNSPECIFIED.,.F.,
  .F.,(2,2),(0.,30.),.PIECEWISE_BEZIER_KNOTS.);
#4703 = CARTESIAN_POINT('',(0.,153.));
#4704 = CARTESIAN_POINT('',(30.,153.));
#4705 = ( GEOMETRIC_REPRESENTATION_CONTEXT(2) 
PARAMETRIC_REPRESENTATION_CONTEXT() REPRESENTATION_CONTEXT('2D SPACE',''
  ) );
#4706 = ORIENTED_EDGE('',*,*,#4707,.F.);
#4707 = EDGE_CURVE('',#4595,#4687,#4708,.T.);
#4708 = SURFACE_CURVE('',#4709,(#4713,#4720),.PCURVE_S1.);
#4709 = LINE('',#4710,#4711);
#4710 = CARTESIAN_POINT('',(17.,-47.,104.));
#4711 = VECTOR('',#4712,1.);
#4712 = DIRECTION('',(0.,1.,0.));
#4713 = PCURVE('',#3295,#4714);
#4714 = DEFINITIONAL_REPRESENTATION('',(#4715),#4719);
#4715 = LINE('',#4716,#4717);
#4716 = CARTESIAN_POINT('',(30.,0.));
#4717 = VECTOR('',#4718,1.);
#4718 = DIRECTION('',(0.,-1.));
#4719 = ( GEOMETRIC_REPRESENTATION_CONTEXT(2) 
PARAMETRIC_REPRESENTATION_CONTEXT() REPRESENTATION_CONTEXT('2D SPACE',''
  ) );
#4720 = PCURVE('',#4559,#4721);
#4721 = DEFINITIONAL_REPRESENTATION('',(#4722),#4726);
#4722 = LINE('',#4723,#4724);
#4723 = CARTESIAN_POINT('',(157.,3.));
#4724 = VECTOR('',#4725,1.);
#4725 = DIRECTION('',(0.,1.));
#4726 = ( GEOMETRIC_REPRESENTATION_CONTEXT(2) 
PARAMETRIC_REPRESENTATION_CONTEXT() REPRESENTATION_CONTEXT('2D SPACE',''
  ) );
#4727 = ORIENTED_EDGE('',*,*,#4594,.T.);
#4728 = ORIENTED_EDGE('',*,*,#3280,.F.);
#4729 = ADVANCED_FACE('',(#4730),#3269,.F.);
#4730 = FACE_BOUND('',#4731,.F.);
#4731 = EDGE_LOOP('',(#4732,#4755,#4776,#4777));
#4732 = ORIENTED_EDGE('',*,*,#4733,.F.);
#4733 = EDGE_CURVE('',#4734,#3229,#4736,.T.);
#4734 = VERTEX_POINT('',#4735);
#4735 = CARTESIAN_POINT('',(23.,-47.,74.));
#4736 = SURFACE_CURVE('',#4737,(#4741,#4748),.PCURVE_S1.);
#4737 = LINE('',#4738,#4739);
#4738 = CARTESIAN_POINT('',(23.,-47.,74.));
#4739 = VECTOR('',#4740,1.);
#4740 = DIRECTION('',(0.,0.,1.));
#4741 = PCURVE('',#3269,#4742);
#4742 = DEFINITIONAL_REPRESENTATION('',(#4743),#4747);
#4743 = LINE('',#4744,#4745);
#4744 = CARTESIAN_POINT('',(0.,6.));
#4745 = VECTOR('',#4746,1.);
#4746 = DIRECTION('',(1.,0.));
#4747 = ( GEOMETRIC_REPRESENTATION_CONTEXT(2) 
PARAMETRIC_REPRESENTATION_CONTEXT() REPRESENTATION_CONTEXT('2D SPACE',''
  ) );
#4748 = PCURVE('',#3243,#4749);
#4749 = DEFINITIONAL_REPRESENTATION('',(#4750),#4754);
#4750 = LINE('',#4751,#4752);
#4751 = CARTESIAN_POINT('',(0.,0.));
#4752 = VECTOR('',#4753,1.);
#4753 = DIRECTION('',(1.,0.));
#4754 = ( GEOMETRIC_REPRESENTATION_CONTEXT(2) 
PARAMETRIC_REPRESENTATION_CONTEXT() REPRESENTATION_CONTEXT('2D SPACE',''
  ) );
#4755 = ORIENTED_EDGE('',*,*,#4756,.F.);
#4756 = EDGE_CURVE('',#4641,#4734,#4757,.T.);
#4757 = SURFACE_CURVE('',#4758,(#4762,#4769),.PCURVE_S1.);
#4758 = LINE('',#4759,#4760);
#4759 = CARTESIAN_POINT('',(17.,-47.,74.));
#4760 = VECTOR('',#4761,1.);
#4761 = DIRECTION('',(1.,0.,0.));
#4762 = PCURVE('',#3269,#4763);
#4763 = DEFINITIONAL_REPRESENTATION('',(#4764),#4768);
#4764 = LINE('',#4765,#4766);
#4765 = CARTESIAN_POINT('',(0.,0.));
#4766 = VECTOR('',#4767,1.);
#4767 = DIRECTION('',(0.,1.));
#4768 = ( GEOMETRIC_REPRESENTATION_CONTEXT(2) 
PARAMETRIC_REPRESENTATION_CONTEXT() REPRESENTATION_CONTEXT('2D SPACE',''
  ) );
#4769 = PCURVE('',#3807,#4770);
#4770 = DEFINITIONAL_REPRESENTATION('',(#4771),#4775);
#4771 = LINE('',#4772,#4773);
#4772 = CARTESIAN_POINT('',(120.,0.));
#4773 = VECTOR('',#4774,1.);
#4774 = DIRECTION('',(1.,0.));
#4775 = ( GEOMETRIC_REPRESENTATION_CONTEXT(2) 
PARAMETRIC_REPRESENTATION_CONTEXT() REPRESENTATION_CONTEXT('2D SPACE',''
  ) );
#4776 = ORIENTED_EDGE('',*,*,#4640,.T.);
#4777 = ORIENTED_EDGE('',*,*,#3254,.F.);
#4778 = ADVANCED_FACE('',(#4779),#3243,.T.);
#4779 = FACE_BOUND('',#4780,.T.);
#4780 = EDGE_LOOP('',(#4781,#4782,#4805,#4831,#4859,#4878));
#4781 = ORIENTED_EDGE('',*,*,#4733,.F.);
#4782 = ORIENTED_EDGE('',*,*,#4783,.T.);
#4783 = EDGE_CURVE('',#4734,#4784,#4786,.T.);
#4784 = VERTEX_POINT('',#4785);
#4785 = CARTESIAN_POINT('',(23.,-13.,74.));
#4786 = SURFACE_CURVE('',#4787,(#4791,#4798),.PCURVE_S1.);
#4787 = LINE('',#4788,#4789);
#4788 = CARTESIAN_POINT('',(23.,-47.,74.));
#4789 = VECTOR('',#4790,1.);
#4790 = DIRECTION('',(0.,1.,0.));
#4791 = PCURVE('',#3243,#4792);
#4792 = DEFINITIONAL_REPRESENTATION('',(#4793),#4797);
#4793 = LINE('',#4794,#4795);
#4794 = CARTESIAN_POINT('',(0.,0.));
#4795 = VECTOR('',#4796,1.);
#4796 = DIRECTION('',(0.,-1.));
#4797 = ( GEOMETRIC_REPRESENTATION_CONTEXT(2) 
PARAMETRIC_REPRESENTATION_CONTEXT() REPRESENTATION_CONTEXT('2D SPACE',''
  ) );
#4798 = PCURVE('',#3807,#4799);
#4799 = DEFINITIONAL_REPRESENTATION('',(#4800),#4804);
#4800 = LINE('',#4801,#4802);
#4801 = CARTESIAN_POINT('',(126.,0.));
#4802 = VECTOR('',#4803,1.);
#4803 = DIRECTION('',(0.,1.));
#4804 = ( GEOMETRIC_REPRESENTATION_CONTEXT(2) 
PARAMETRIC_REPRESENTATION_CONTEXT() REPRESENTATION_CONTEXT('2D SPACE',''
  ) );
#4805 = ORIENTED_EDGE('',*,*,#4806,.T.);
#4806 = EDGE_CURVE('',#4784,#4807,#4809,.T.);
#4807 = VERTEX_POINT('',#4808);
#4808 = CARTESIAN_POINT('',(23.,-13.,104.));
#4809 = SURFACE_CURVE('',#4810,(#4814,#4820),.PCURVE_S1.);
#4810 = LINE('',#4811,#4812);
#4811 = CARTESIAN_POINT('',(23.,-13.,74.));
#4812 = VECTOR('',#4813,1.);
#4813 = DIRECTION('',(0.,0.,1.));
#4814 = PCURVE('',#3243,#4815);
#4815 = DEFINITIONAL_REPRESENTATION('',(#4816),#4819);
#4816 = B_SPLINE_CURVE_WITH_KNOTS('',1,(#4817,#4818),.UNSPECIFIED.,.F.,
  .F.,(2,2),(0.,30.),.PIECEWISE_BEZIER_KNOTS.);
#4817 = CARTESIAN_POINT('',(0.,-34.));
#4818 = CARTESIAN_POINT('',(30.,-34.));
#4819 = ( GEOMETRIC_REPRESENTATION_CONTEXT(2) 
PARAMETRIC_REPRESENTATION_CONTEXT() REPRESENTATION_CONTEXT('2D SPACE',''
  ) );
#4820 = PCURVE('',#4821,#4826);
#4821 = PLANE('',#4822);
#4822 = AXIS2_PLACEMENT_3D('',#4823,#4824,#4825);
#4823 = CARTESIAN_POINT('',(-136.,-13.,74.));
#4824 = DIRECTION('',(0.,1.,0.));
#4825 = DIRECTION('',(0.,0.,1.));
#4826 = DEFINITIONAL_REPRESENTATION('',(#4827),#4830);
#4827 = B_SPLINE_CURVE_WITH_KNOTS('',1,(#4828,#4829),.UNSPECIFIED.,.F.,
  .F.,(2,2),(0.,30.),.PIECEWISE_BEZIER_KNOTS.);
#4828 = CARTESIAN_POINT('',(0.,159.));
#4829 = CARTESIAN_POINT('',(30.,159.));
#4830 = ( GEOMETRIC_REPRESENTATION_CONTEXT(2) 
PARAMETRIC_REPRESENTATION_CONTEXT() REPRESENTATION_CONTEXT('2D SPACE',''
  ) );
#4831 = ORIENTED_EDGE('',*,*,#4832,.F.);
#4832 = EDGE_CURVE('',#4833,#4807,#4835,.T.);
#4833 = VERTEX_POINT('',#4834);
#4834 = CARTESIAN_POINT('',(23.,-44.,104.));
#4835 = SURFACE_CURVE('',#4836,(#4840,#4847),.PCURVE_S1.);
#4836 = LINE('',#4837,#4838);
#4837 = CARTESIAN_POINT('',(23.,-47.,104.));
#4838 = VECTOR('',#4839,1.);
#4839 = DIRECTION('',(0.,1.,0.));
#4840 = PCURVE('',#3243,#4841);
#4841 = DEFINITIONAL_REPRESENTATION('',(#4842),#4846);
#4842 = LINE('',#4843,#4844);
#4843 = CARTESIAN_POINT('',(30.,0.));
#4844 = VECTOR('',#4845,1.);
#4845 = DIRECTION('',(0.,-1.));
#4846 = ( GEOMETRIC_REPRESENTATION_CONTEXT(2) 
PARAMETRIC_REPRESENTATION_CONTEXT() REPRESENTATION_CONTEXT('2D SPACE',''
  ) );
#4847 = PCURVE('',#4848,#4853);
#4848 = PLANE('',#4849);
#4849 = AXIS2_PLACEMENT_3D('',#4850,#4851,#4852);
#4850 = CARTESIAN_POINT('',(-140.,-50.,104.));
#4851 = DIRECTION('',(0.,0.,1.));
#4852 = DIRECTION('',(1.,0.,0.));
#4853 = DEFINITIONAL_REPRESENTATION('',(#4854),#4858);
#4854 = LINE('',#4855,#4856);
#4855 = CARTESIAN_POINT('',(163.,3.));
#4856 = VECTOR('',#4857,1.);
#4857 = DIRECTION('',(0.,1.));
#4858 = ( GEOMETRIC_REPRESENTATION_CONTEXT(2) 
PARAMETRIC_REPRESENTATION_CONTEXT() REPRESENTATION_CONTEXT('2D SPACE',''
  ) );
#4859 = ORIENTED_EDGE('',*,*,#4860,.T.);
#4860 = EDGE_CURVE('',#4833,#3203,#4861,.T.);
#4861 = SURFACE_CURVE('',#4862,(#4866,#4872),.PCURVE_S1.);
#4862 = LINE('',#4863,#4864);
#4863 = CARTESIAN_POINT('',(23.,-44.,74.));
#4864 = VECTOR('',#4865,1.);
#4865 = DIRECTION('',(0.,0.,-1.));
#4866 = PCURVE('',#3243,#4867);
#4867 = DEFINITIONAL_REPRESENTATION('',(#4868),#4871);
#4868 = B_SPLINE_CURVE_WITH_KNOTS('',1,(#4869,#4870),.UNSPECIFIED.,.F.,
  .F.,(2,2),(-30.,-1.),.PIECEWISE_BEZIER_KNOTS.);
#4869 = CARTESIAN_POINT('',(30.,-3.));
#4870 = CARTESIAN_POINT('',(1.,-3.));
#4871 = ( GEOMETRIC_REPRESENTATION_CONTEXT(2) 
PARAMETRIC_REPRESENTATION_CONTEXT() REPRESENTATION_CONTEXT('2D SPACE',''
  ) );
#4872 = PCURVE('',#3217,#4873);
#4873 = DEFINITIONAL_REPRESENTATION('',(#4874),#4877);
#4874 = B_SPLINE_CURVE_WITH_KNOTS('',1,(#4875,#4876),.UNSPECIFIED.,.F.,
  .F.,(2,2),(-30.,-1.),.PIECEWISE_BEZIER_KNOTS.);
#4875 = CARTESIAN_POINT('',(30.,157.));
#4876 = CARTESIAN_POINT('',(1.,157.));
#4877 = ( GEOMETRIC_REPRESENTATION_CONTEXT(2) 
PARAMETRIC_REPRESENTATION_CONTEXT() REPRESENTATION_CONTEXT('2D SPACE',''
  ) );
#4878 = ORIENTED_EDGE('',*,*,#3228,.F.);
#4879 = ADVANCED_FACE('',(#4880),#3217,.T.);
#4880 = FACE_BOUND('',#4881,.T.);
#4881 = EDGE_LOOP('',(#4882,#4903,#4904,#4905));
#4882 = ORIENTED_EDGE('',*,*,#4883,.T.);
#4883 = EDGE_CURVE('',#4884,#3177,#4886,.T.);
#4884 = VERTEX_POINT('',#4885);
#4885 = CARTESIAN_POINT('',(57.,-44.,104.));
#4886 = SURFACE_CURVE('',#4887,(#4891,#4897),.PCURVE_S1.);
#4887 = LINE('',#4888,#4889);
#4888 = CARTESIAN_POINT('',(57.,-44.,74.));
#4889 = VECTOR('',#4890,1.);
#4890 = DIRECTION('',(0.,0.,-1.));
#4891 = PCURVE('',#3217,#4892);
#4892 = DEFINITIONAL_REPRESENTATION('',(#4893),#4896);
#4893 = B_SPLINE_CURVE_WITH_KNOTS('',1,(#4894,#4895),.UNSPECIFIED.,.F.,
  .F.,(2,2),(-30.,-1.),.PIECEWISE_BEZIER_KNOTS.);
#4894 = CARTESIAN_POINT('',(30.,191.));
#4895 = CARTESIAN_POINT('',(1.,191.));
#4896 = ( GEOMETRIC_REPRESENTATION_CONTEXT(2) 
PARAMETRIC_REPRESENTATION_CONTEXT() REPRESENTATION_CONTEXT('2D SPACE',''
  ) );
#4897 = PCURVE('',#3191,#4898);
#4898 = DEFINITIONAL_REPRESENTATION('',(#4899),#4902);
#4899 = B_SPLINE_CURVE_WITH_KNOTS('',1,(#4900,#4901),.UNSPECIFIED.,.F.,
  .F.,(2,2),(-30.,-1.),.PIECEWISE_BEZIER_KNOTS.);
#4900 = CARTESIAN_POINT('',(30.,-3.));
#4901 = CARTESIAN_POINT('',(1.,-3.));
#4902 = ( GEOMETRIC_REPRESENTATION_CONTEXT(2) 
PARAMETRIC_REPRESENTATION_CONTEXT() REPRESENTATION_CONTEXT('2D SPACE',''
  ) );
#4903 = ORIENTED_EDGE('',*,*,#3202,.T.);
#4904 = ORIENTED_EDGE('',*,*,#4860,.F.);
#4905 = ORIENTED_EDGE('',*,*,#4906,.F.);
#4906 = EDGE_CURVE('',#4884,#4833,#4907,.T.);
#4907 = SURFACE_CURVE('',#4908,(#4912,#4918),.PCURVE_S1.);
#4908 = LINE('',#4909,#4910);
#4909 = CARTESIAN_POINT('',(-136.,-44.,104.));
#4910 = VECTOR('',#4911,1.);
#4911 = DIRECTION('',(-1.,0.,0.));
#4912 = PCURVE('',#3217,#4913);
#4913 = DEFINITIONAL_REPRESENTATION('',(#4914),#4917);
#4914 = B_SPLINE_CURVE_WITH_KNOTS('',1,(#4915,#4916),.UNSPECIFIED.,.F.,
  .F.,(2,2),(-256.,-16.),.PIECEWISE_BEZIER_KNOTS.);
#4915 = CARTESIAN_POINT('',(30.,254.));
#4916 = CARTESIAN_POINT('',(30.,14.));
#4917 = ( GEOMETRIC_REPRESENTATION_CONTEXT(2) 
PARAMETRIC_REPRESENTATION_CONTEXT() REPRESENTATION_CONTEXT('2D SPACE',''
  ) );
#4918 = PCURVE('',#4848,#4919);
#4919 = DEFINITIONAL_REPRESENTATION('',(#4920),#4924);
#4920 = LINE('',#4921,#4922);
#4921 = CARTESIAN_POINT('',(4.,6.));
#4922 = VECTOR('',#4923,1.);
#4923 = DIRECTION('',(-1.,0.));
#4924 = ( GEOMETRIC_REPRESENTATION_CONTEXT(2) 
PARAMETRIC_REPRESENTATION_CONTEXT() REPRESENTATION_CONTEXT('2D SPACE',''
  ) );
#4925 = ADVANCED_FACE('',(#4926),#3191,.F.);
#4926 = FACE_BOUND('',#4927,.F.);
#4927 = EDGE_LOOP('',(#4928,#4951,#4974,#4995,#5016,#5017));
#4928 = ORIENTED_EDGE('',*,*,#4929,.F.);
#4929 = EDGE_CURVE('',#4930,#3151,#4932,.T.);
#4930 = VERTEX_POINT('',#4931);
#4931 = CARTESIAN_POINT('',(57.,-47.,74.));
#4932 = SURFACE_CURVE('',#4933,(#4937,#4944),.PCURVE_S1.);
#4933 = LINE('',#4934,#4935);
#4934 = CARTESIAN_POINT('',(57.,-47.,74.));
#4935 = VECTOR('',#4936,1.);
#4936 = DIRECTION('',(0.,0.,1.));
#4937 = PCURVE('',#3191,#4938);
#4938 = DEFINITIONAL_REPRESENTATION('',(#4939),#4943);
#4939 = LINE('',#4940,#4941);
#4940 = CARTESIAN_POINT('',(0.,0.));
#4941 = VECTOR('',#4942,1.);
#4942 = DIRECTION('',(1.,0.));
#4943 = ( GEOMETRIC_REPRESENTATION_CONTEXT(2) 
PARAMETRIC_REPRESENTATION_CONTEXT() REPRESENTATION_CONTEXT('2D SPACE',''
  ) );
#4944 = PCURVE('',#3165,#4945);
#4945 = DEFINITIONAL_REPRESENTATION('',(#4946),#4950);
#4946 = LINE('',#4947,#4948);
#4947 = CARTESIAN_POINT('',(0.,0.));
#4948 = VECTOR('',#4949,1.);
#4949 = DIRECTION('',(1.,0.));
#4950 = ( GEOMETRIC_REPRESENTATION_CONTEXT(2) 
PARAMETRIC_REPRESENTATION_CONTEXT() REPRESENTATION_CONTEXT('2D SPACE',''
  ) );
#4951 = ORIENTED_EDGE('',*,*,#4952,.T.);
#4952 = EDGE_CURVE('',#4930,#4953,#4955,.T.);
#4953 = VERTEX_POINT('',#4954);
#4954 = CARTESIAN_POINT('',(57.,-13.,74.));
#4955 = SURFACE_CURVE('',#4956,(#4960,#4967),.PCURVE_S1.);
#4956 = LINE('',#4957,#4958);
#4957 = CARTESIAN_POINT('',(57.,-47.,74.));
#4958 = VECTOR('',#4959,1.);
#4959 = DIRECTION('',(0.,1.,0.));
#4960 = PCURVE('',#3191,#4961);
#4961 = DEFINITIONAL_REPRESENTATION('',(#4962),#4966);
#4962 = LINE('',#4963,#4964);
#4963 = CARTESIAN_POINT('',(0.,0.));
#4964 = VECTOR('',#4965,1.);
#4965 = DIRECTION('',(0.,-1.));
#4966 = ( GEOMETRIC_REPRESENTATION_CONTEXT(2) 
PARAMETRIC_REPRESENTATION_CONTEXT() REPRESENTATION_CONTEXT('2D SPACE',''
  ) );
#4967 = PCURVE('',#3807,#4968);
#4968 = DEFINITIONAL_REPRESENTATION('',(#4969),#4973);
#4969 = LINE('',#4970,#4971);
#4970 = CARTESIAN_POINT('',(160.,0.));
#4971 = VECTOR('',#4972,1.);
#4972 = DIRECTION('',(0.,1.));
#4973 = ( GEOMETRIC_REPRESENTATION_CONTEXT(2) 
PARAMETRIC_REPRESENTATION_CONTEXT() REPRESENTATION_CONTEXT('2D SPACE',''
  ) );
#4974 = ORIENTED_EDGE('',*,*,#4975,.T.);
#4975 = EDGE_CURVE('',#4953,#4976,#4978,.T.);
#4976 = VERTEX_POINT('',#4977);
#4977 = CARTESIAN_POINT('',(57.,-13.,104.));
#4978 = SURFACE_CURVE('',#4979,(#4983,#4989),.PCURVE_S1.);
#4979 = LINE('',#4980,#4981);
#4980 = CARTESIAN_POINT('',(57.,-13.,74.));
#4981 = VECTOR('',#4982,1.);
#4982 = DIRECTION('',(0.,0.,1.));
#4983 = PCURVE('',#3191,#4984);
#4984 = DEFINITIONAL_REPRESENTATION('',(#4985),#4988);
#4985 = B_SPLINE_CURVE_WITH_KNOTS('',1,(#4986,#4987),.UNSPECIFIED.,.F.,
  .F.,(2,2),(0.,30.),.PIECEWISE_BEZIER_KNOTS.);
#4986 = CARTESIAN_POINT('',(0.,-34.));
#4987 = CARTESIAN_POINT('',(30.,-34.));
#4988 = ( GEOMETRIC_REPRESENTATION_CONTEXT(2) 
PARAMETRIC_REPRESENTATION_CONTEXT() REPRESENTATION_CONTEXT('2D SPACE',''
  ) );
#4989 = PCURVE('',#4821,#4990);
#4990 = DEFINITIONAL_REPRESENTATION('',(#4991),#4994);
#4991 = B_SPLINE_CURVE_WITH_KNOTS('',1,(#4992,#4993),.UNSPECIFIED.,.F.,
  .F.,(2,2),(0.,30.),.PIECEWISE_BEZIER_KNOTS.);
#4992 = CARTESIAN_POINT('',(0.,193.));
#4993 = CARTESIAN_POINT('',(30.,193.));
#4994 = ( GEOMETRIC_REPRESENTATION_CONTEXT(2) 
PARAMETRIC_REPRESENTATION_CONTEXT() REPRESENTATION_CONTEXT('2D SPACE',''
  ) );
#4995 = ORIENTED_EDGE('',*,*,#4996,.F.);
#4996 = EDGE_CURVE('',#4884,#4976,#4997,.T.);
#4997 = SURFACE_CURVE('',#4998,(#5002,#5009),.PCURVE_S1.);
#4998 = LINE('',#4999,#5000);
#4999 = CARTESIAN_POINT('',(57.,-47.,104.));
#5000 = VECTOR('',#5001,1.);
#5001 = DIRECTION('',(0.,1.,0.));
#5002 = PCURVE('',#3191,#5003);
#5003 = DEFINITIONAL_REPRESENTATION('',(#5004),#5008);
#5004 = LINE('',#5005,#5006);
#5005 = CARTESIAN_POINT('',(30.,0.));
#5006 = VECTOR('',#5007,1.);
#5007 = DIRECTION('',(0.,-1.));
#5008 = ( GEOMETRIC_REPRESENTATION_CONTEXT(2) 
PARAMETRIC_REPRESENTATION_CONTEXT() REPRESENTATION_CONTEXT('2D SPACE',''
  ) );
#5009 = PCURVE('',#4848,#5010);
#5010 = DEFINITIONAL_REPRESENTATION('',(#5011),#5015);
#5011 = LINE('',#5012,#5013);
#5012 = CARTESIAN_POINT('',(197.,3.));
#5013 = VECTOR('',#5014,1.);
#5014 = DIRECTION('',(0.,1.));
#5015 = ( GEOMETRIC_REPRESENTATION_CONTEXT(2) 
PARAMETRIC_REPRESENTATION_CONTEXT() REPRESENTATION_CONTEXT('2D SPACE',''
  ) );
#5016 = ORIENTED_EDGE('',*,*,#4883,.T.);
#5017 = ORIENTED_EDGE('',*,*,#3176,.F.);
#5018 = ADVANCED_FACE('',(#5019),#3165,.F.);
#5019 = FACE_BOUND('',#5020,.F.);
#5020 = EDGE_LOOP('',(#5021,#5044,#5065,#5066));
#5021 = ORIENTED_EDGE('',*,*,#5022,.F.);
#5022 = EDGE_CURVE('',#5023,#3125,#5025,.T.);
#5023 = VERTEX_POINT('',#5024);
#5024 = CARTESIAN_POINT('',(63.,-47.,74.));
#5025 = SURFACE_CURVE('',#5026,(#5030,#5037),.PCURVE_S1.);
#5026 = LINE('',#5027,#5028);
#5027 = CARTESIAN_POINT('',(63.,-47.,74.));
#5028 = VECTOR('',#5029,1.);
#5029 = DIRECTION('',(0.,0.,1.));
#5030 = PCURVE('',#3165,#5031);
#5031 = DEFINITIONAL_REPRESENTATION('',(#5032),#5036);
#5032 = LINE('',#5033,#5034);
#5033 = CARTESIAN_POINT('',(0.,6.));
#5034 = VECTOR('',#5035,1.);
#5035 = DIRECTION('',(1.,0.));
#5036 = ( GEOMETRIC_REPRESENTATION_CONTEXT(2) 
PARAMETRIC_REPRESENTATION_CONTEXT() REPRESENTATION_CONTEXT('2D SPACE',''
  ) );
#5037 = PCURVE('',#3139,#5038);
#5038 = DEFINITIONAL_REPRESENTATION('',(#5039),#5043);
#5039 = LINE('',#5040,#5041);
#5040 = CARTESIAN_POINT('',(0.,0.));
#5041 = VECTOR('',#5042,1.);
#5042 = DIRECTION('',(1.,0.));
#5043 = ( GEOMETRIC_REPRESENTATION_CONTEXT(2) 
PARAMETRIC_REPRESENTATION_CONTEXT() REPRESENTATION_CONTEXT('2D SPACE',''
  ) );
#5044 = ORIENTED_EDGE('',*,*,#5045,.F.);
#5045 = EDGE_CURVE('',#4930,#5023,#5046,.T.);
#5046 = SURFACE_CURVE('',#5047,(#5051,#5058),.PCURVE_S1.);
#5047 = LINE('',#5048,#5049);
#5048 = CARTESIAN_POINT('',(57.,-47.,74.));
#5049 = VECTOR('',#5050,1.);
#5050 = DIRECTION('',(1.,0.,0.));
#5051 = PCURVE('',#3165,#5052);
#5052 = DEFINITIONAL_REPRESENTATION('',(#5053),#5057);
#5053 = LINE('',#5054,#5055);
#5054 = CARTESIAN_POINT('',(0.,0.));
#5055 = VECTOR('',#5056,1.);
#5056 = DIRECTION('',(0.,1.));
#5057 = ( GEOMETRIC_REPRESENTATION_CONTEXT(2) 
PARAMETRIC_REPRESENTATION_CONTEXT() REPRESENTATION_CONTEXT('2D SPACE',''
  ) );
#5058 = PCURVE('',#3807,#5059);
#5059 = DEFINITIONAL_REPRESENTATION('',(#5060),#5064);
#5060 = LINE('',#5061,#5062);
#5061 = CARTESIAN_POINT('',(160.,0.));
#5062 = VECTOR('',#5063,1.);
#5063 = DIRECTION('',(1.,0.));
#5064 = ( GEOMETRIC_REPRESENTATION_CONTEXT(2) 
PARAMETRIC_REPRESENTATION_CONTEXT() REPRESENTATION_CONTEXT('2D SPACE',''
  ) );
#5065 = ORIENTED_EDGE('',*,*,#4929,.T.);
#5066 = ORIENTED_EDGE('',*,*,#3150,.F.);
#5067 = ADVANCED_FACE('',(#5068),#3139,.T.);
#5068 = FACE_BOUND('',#5069,.T.);
#5069 = EDGE_LOOP('',(#5070,#5071,#5094,#5120,#5148,#5167));
#5070 = ORIENTED_EDGE('',*,*,#5022,.F.);
#5071 = ORIENTED_EDGE('',*,*,#5072,.T.);
#5072 = EDGE_CURVE('',#5023,#5073,#5075,.T.);
#5073 = VERTEX_POINT('',#5074);
#5074 = CARTESIAN_POINT('',(63.,-13.,74.));
#5075 = SURFACE_CURVE('',#5076,(#5080,#5087),.PCURVE_S1.);
#5076 = LINE('',#5077,#5078);
#5077 = CARTESIAN_POINT('',(63.,-47.,74.));
#5078 = VECTOR('',#5079,1.);
#5079 = DIRECTION('',(0.,1.,0.));
#5080 = PCURVE('',#3139,#5081);
#5081 = DEFINITIONAL_REPRESENTATION('',(#5082),#5086);
#5082 = LINE('',#5083,#5084);
#5083 = CARTESIAN_POINT('',(0.,0.));
#5084 = VECTOR('',#5085,1.);
#5085 = DIRECTION('',(0.,-1.));
#5086 = ( GEOMETRIC_REPRESENTATION_CONTEXT(2) 
PARAMETRIC_REPRESENTATION_CONTEXT() REPRESENTATION_CONTEXT('2D SPACE',''
  ) );
#5087 = PCURVE('',#3807,#5088);
#5088 = DEFINITIONAL_REPRESENTATION('',(#5089),#5093);
#5089 = LINE('',#5090,#5091);
#5090 = CARTESIAN_POINT('',(166.,0.));
#5091 = VECTOR('',#5092,1.);
#5092 = DIRECTION('',(0.,1.));
#5093 = ( GEOMETRIC_REPRESENTATION_CONTEXT(2) 
PARAMETRIC_REPRESENTATION_CONTEXT() REPRESENTATION_CONTEXT('2D SPACE',''
  ) );
#5094 = ORIENTED_EDGE('',*,*,#5095,.T.);
#5095 = EDGE_CURVE('',#5073,#5096,#5098,.T.);
#5096 = VERTEX_POINT('',#5097);
#5097 = CARTESIAN_POINT('',(63.,-13.,104.));
#5098 = SURFACE_CURVE('',#5099,(#5103,#5109),.PCURVE_S1.);
#5099 = LINE('',#5100,#5101);
#5100 = CARTESIAN_POINT('',(63.,-13.,74.));
#5101 = VECTOR('',#5102,1.);
#5102 = DIRECTION('',(0.,0.,1.));
#5103 = PCURVE('',#3139,#5104);
#5104 = DEFINITIONAL_REPRESENTATION('',(#5105),#5108);
#5105 = B_SPLINE_CURVE_WITH_KNOTS('',1,(#5106,#5107),.UNSPECIFIED.,.F.,
  .F.,(2,2),(0.,30.),.PIECEWISE_BEZIER_KNOTS.);
#5106 = CARTESIAN_POINT('',(0.,-34.));
#5107 = CARTESIAN_POINT('',(30.,-34.));
#5108 = ( GEOMETRIC_REPRESENTATION_CONTEXT(2) 
PARAMETRIC_REPRESENTATION_CONTEXT() REPRESENTATION_CONTEXT('2D SPACE',''
  ) );
#5109 = PCURVE('',#5110,#5115);
#5110 = PLANE('',#5111);
#5111 = AXIS2_PLACEMENT_3D('',#5112,#5113,#5114);
#5112 = CARTESIAN_POINT('',(-136.,-13.,74.));
#5113 = DIRECTION('',(0.,1.,0.));
#5114 = DIRECTION('',(0.,0.,1.));
#5115 = DEFINITIONAL_REPRESENTATION('',(#5116),#5119);
#5116 = B_SPLINE_CURVE_WITH_KNOTS('',1,(#5117,#5118),.UNSPECIFIED.,.F.,
  .F.,(2,2),(0.,30.),.PIECEWISE_BEZIER_KNOTS.);
#5117 = CARTESIAN_POINT('',(0.,199.));
#5118 = CARTESIAN_POINT('',(30.,199.));
#5119 = ( GEOMETRIC_REPRESENTATION_CONTEXT(2) 
PARAMETRIC_REPRESENTATION_CONTEXT() REPRESENTATION_CONTEXT('2D SPACE',''
  ) );
#5120 = ORIENTED_EDGE('',*,*,#5121,.F.);
#5121 = EDGE_CURVE('',#5122,#5096,#5124,.T.);
#5122 = VERTEX_POINT('',#5123);
#5123 = CARTESIAN_POINT('',(63.,-44.,104.));
#5124 = SURFACE_CURVE('',#5125,(#5129,#5136),.PCURVE_S1.);
#5125 = LINE('',#5126,#5127);
#5126 = CARTESIAN_POINT('',(63.,-47.,104.));
#5127 = VECTOR('',#5128,1.);
#5128 = DIRECTION('',(0.,1.,0.));
#5129 = PCURVE('',#3139,#5130);
#5130 = DEFINITIONAL_REPRESENTATION('',(#5131),#5135);
#5131 = LINE('',#5132,#5133);
#5132 = CARTESIAN_POINT('',(30.,0.));
#5133 = VECTOR('',#5134,1.);
#5134 = DIRECTION('',(0.,-1.));
#5135 = ( GEOMETRIC_REPRESENTATION_CONTEXT(2) 
PARAMETRIC_REPRESENTATION_CONTEXT() REPRESENTATION_CONTEXT('2D SPACE',''
  ) );
#5136 = PCURVE('',#5137,#5142);
#5137 = PLANE('',#5138);
#5138 = AXIS2_PLACEMENT_3D('',#5139,#5140,#5141);
#5139 = CARTESIAN_POINT('',(-140.,-50.,104.));
#5140 = DIRECTION('',(0.,0.,1.));
#5141 = DIRECTION('',(1.,0.,0.));
#5142 = DEFINITIONAL_REPRESENTATION('',(#5143),#5147);
#5143 = LINE('',#5144,#5145);
#5144 = CARTESIAN_POINT('',(203.,3.));
#5145 = VECTOR('',#5146,1.);
#5146 = DIRECTION('',(0.,1.));
#5147 = ( GEOMETRIC_REPRESENTATION_CONTEXT(2) 
PARAMETRIC_REPRESENTATION_CONTEXT() REPRESENTATION_CONTEXT('2D SPACE',''
  ) );
#5148 = ORIENTED_EDGE('',*,*,#5149,.T.);
#5149 = EDGE_CURVE('',#5122,#3099,#5150,.T.);
#5150 = SURFACE_CURVE('',#5151,(#5155,#5161),.PCURVE_S1.);
#5151 = LINE('',#5152,#5153);
#5152 = CARTESIAN_POINT('',(63.,-44.,74.));
#5153 = VECTOR('',#5154,1.);
#5154 = DIRECTION('',(0.,0.,-1.));
#5155 = PCURVE('',#3139,#5156);
#5156 = DEFINITIONAL_REPRESENTATION('',(#5157),#5160);
#5157 = B_SPLINE_CURVE_WITH_KNOTS('',1,(#5158,#5159),.UNSPECIFIED.,.F.,
  .F.,(2,2),(-30.,-1.),.PIECEWISE_BEZIER_KNOTS.);
#5158 = CARTESIAN_POINT('',(30.,-3.));
#5159 = CARTESIAN_POINT('',(1.,-3.));
#5160 = ( GEOMETRIC_REPRESENTATION_CONTEXT(2) 
PARAMETRIC_REPRESENTATION_CONTEXT() REPRESENTATION_CONTEXT('2D SPACE',''
  ) );
#5161 = PCURVE('',#3113,#5162);
#5162 = DEFINITIONAL_REPRESENTATION('',(#5163),#5166);
#5163 = B_SPLINE_CURVE_WITH_KNOTS('',1,(#5164,#5165),.UNSPECIFIED.,.F.,
  .F.,(2,2),(-30.,-1.),.PIECEWISE_BEZIER_KNOTS.);
#5164 = CARTESIAN_POINT('',(30.,197.));
#5165 = CARTESIAN_POINT('',(1.,197.));
#5166 = ( GEOMETRIC_REPRESENTATION_CONTEXT(2) 
PARAMETRIC_REPRESENTATION_CONTEXT() REPRESENTATION_CONTEXT('2D SPACE',''
  ) );
#5167 = ORIENTED_EDGE('',*,*,#3124,.F.);
#5168 = ADVANCED_FACE('',(#5169),#3113,.T.);
#5169 = FACE_BOUND('',#5170,.T.);
#5170 = EDGE_LOOP('',(#5171,#5192,#5193,#5194));
#5171 = ORIENTED_EDGE('',*,*,#5172,.T.);
#5172 = EDGE_CURVE('',#5173,#3073,#5175,.T.);
#5173 = VERTEX_POINT('',#5174);
#5174 = CARTESIAN_POINT('',(97.,-44.,104.));
#5175 = SURFACE_CURVE('',#5176,(#5180,#5186),.PCURVE_S1.);
#5176 = LINE('',#5177,#5178);
#5177 = CARTESIAN_POINT('',(97.,-44.,74.));
#5178 = VECTOR('',#5179,1.);
#5179 = DIRECTION('',(0.,0.,-1.));
#5180 = PCURVE('',#3113,#5181);
#5181 = DEFINITIONAL_REPRESENTATION('',(#5182),#5185);
#5182 = B_SPLINE_CURVE_WITH_KNOTS('',1,(#5183,#5184),.UNSPECIFIED.,.F.,
  .F.,(2,2),(-30.,-1.),.PIECEWISE_BEZIER_KNOTS.);
#5183 = CARTESIAN_POINT('',(30.,231.));
#5184 = CARTESIAN_POINT('',(1.,231.));
#5185 = ( GEOMETRIC_REPRESENTATION_CONTEXT(2) 
PARAMETRIC_REPRESENTATION_CONTEXT() REPRESENTATION_CONTEXT('2D SPACE',''
  ) );
#5186 = PCURVE('',#3087,#5187);
#5187 = DEFINITIONAL_REPRESENTATION('',(#5188),#5191);
#5188 = B_SPLINE_CURVE_WITH_KNOTS('',1,(#5189,#5190),.UNSPECIFIED.,.F.,
  .F.,(2,2),(-30.,-1.),.PIECEWISE_BEZIER_KNOTS.);
#5189 = CARTESIAN_POINT('',(30.,-3.));
#5190 = CARTESIAN_POINT('',(1.,-3.));
#5191 = ( GEOMETRIC_REPRESENTATION_CONTEXT(2) 
PARAMETRIC_REPRESENTATION_CONTEXT() REPRESENTATION_CONTEXT('2D SPACE',''
  ) );
#5192 = ORIENTED_EDGE('',*,*,#3098,.T.);
#5193 = ORIENTED_EDGE('',*,*,#5149,.F.);
#5194 = ORIENTED_EDGE('',*,*,#5195,.F.);
#5195 = EDGE_CURVE('',#5173,#5122,#5196,.T.);
#5196 = SURFACE_CURVE('',#5197,(#5201,#5207),.PCURVE_S1.);
#5197 = LINE('',#5198,#5199);
#5198 = CARTESIAN_POINT('',(-136.,-44.,104.));
#5199 = VECTOR('',#5200,1.);
#5200 = DIRECTION('',(-1.,0.,0.));
#5201 = PCURVE('',#3113,#5202);
#5202 = DEFINITIONAL_REPRESENTATION('',(#5203),#5206);
#5203 = B_SPLINE_CURVE_WITH_KNOTS('',1,(#5204,#5205),.UNSPECIFIED.,.F.,
  .F.,(2,2),(-256.,-16.),.PIECEWISE_BEZIER_KNOTS.);
#5204 = CARTESIAN_POINT('',(30.,254.));
#5205 = CARTESIAN_POINT('',(30.,14.));
#5206 = ( GEOMETRIC_REPRESENTATION_CONTEXT(2) 
PARAMETRIC_REPRESENTATION_CONTEXT() REPRESENTATION_CONTEXT('2D SPACE',''
  ) );
#5207 = PCURVE('',#5137,#5208);
#5208 = DEFINITIONAL_REPRESENTATION('',(#5209),#5213);
#5209 = LINE('',#5210,#5211);
#5210 = CARTESIAN_POINT('',(4.,6.));
#5211 = VECTOR('',#5212,1.);
#5212 = DIRECTION('',(-1.,0.));
#5213 = ( GEOMETRIC_REPRESENTATION_CONTEXT(2) 
PARAMETRIC_REPRESENTATION_CONTEXT() REPRESENTATION_CONTEXT('2D SPACE',''
  ) );
#5214 = ADVANCED_FACE('',(#5215),#3087,.F.);
#5215 = FACE_BOUND('',#5216,.F.);
#5216 = EDGE_LOOP('',(#5217,#5240,#5263,#5284,#5305,#5306));
#5217 = ORIENTED_EDGE('',*,*,#5218,.F.);
#5218 = EDGE_CURVE('',#5219,#3047,#5221,.T.);
#5219 = VERTEX_POINT('',#5220);
#5220 = CARTESIAN_POINT('',(97.,-47.,74.));
#5221 = SURFACE_CURVE('',#5222,(#5226,#5233),.PCURVE_S1.);
#5222 = LINE('',#5223,#5224);
#5223 = CARTESIAN_POINT('',(97.,-47.,74.));
#5224 = VECTOR('',#5225,1.);
#5225 = DIRECTION('',(0.,0.,1.));
#5226 = PCURVE('',#3087,#5227);
#5227 = DEFINITIONAL_REPRESENTATION('',(#5228),#5232);
#5228 = LINE('',#5229,#5230);
#5229 = CARTESIAN_POINT('',(0.,0.));
#5230 = VECTOR('',#5231,1.);
#5231 = DIRECTION('',(1.,0.));
#5232 = ( GEOMETRIC_REPRESENTATION_CONTEXT(2) 
PARAMETRIC_REPRESENTATION_CONTEXT() REPRESENTATION_CONTEXT('2D SPACE',''
  ) );
#5233 = PCURVE('',#3061,#5234);
#5234 = DEFINITIONAL_REPRESENTATION('',(#5235),#5239);
#5235 = LINE('',#5236,#5237);
#5236 = CARTESIAN_POINT('',(0.,0.));
#5237 = VECTOR('',#5238,1.);
#5238 = DIRECTION('',(1.,0.));
#5239 = ( GEOMETRIC_REPRESENTATION_CONTEXT(2) 
PARAMETRIC_REPRESENTATION_CONTEXT() REPRESENTATION_CONTEXT('2D SPACE',''
  ) );
#5240 = ORIENTED_EDGE('',*,*,#5241,.T.);
#5241 = EDGE_CURVE('',#5219,#5242,#5244,.T.);
#5242 = VERTEX_POINT('',#5243);
#5243 = CARTESIAN_POINT('',(97.,-13.,74.));
#5244 = SURFACE_CURVE('',#5245,(#5249,#5256),.PCURVE_S1.);
#5245 = LINE('',#5246,#5247);
#5246 = CARTESIAN_POINT('',(97.,-47.,74.));
#5247 = VECTOR('',#5248,1.);
#5248 = DIRECTION('',(0.,1.,0.));
#5249 = PCURVE('',#3087,#5250);
#5250 = DEFINITIONAL_REPRESENTATION('',(#5251),#5255);
#5251 = LINE('',#5252,#5253);
#5252 = CARTESIAN_POINT('',(0.,0.));
#5253 = VECTOR('',#5254,1.);
#5254 = DIRECTION('',(0.,-1.));
#5255 = ( GEOMETRIC_REPRESENTATION_CONTEXT(2) 
PARAMETRIC_REPRESENTATION_CONTEXT() REPRESENTATION_CONTEXT('2D SPACE',''
  ) );
#5256 = PCURVE('',#3807,#5257);
#5257 = DEFINITIONAL_REPRESENTATION('',(#5258),#5262);
#5258 = LINE('',#5259,#5260);
#5259 = CARTESIAN_POINT('',(200.,0.));
#5260 = VECTOR('',#5261,1.);
#5261 = DIRECTION('',(0.,1.));
#5262 = ( GEOMETRIC_REPRESENTATION_CONTEXT(2) 
PARAMETRIC_REPRESENTATION_CONTEXT() REPRESENTATION_CONTEXT('2D SPACE',''
  ) );
#5263 = ORIENTED_EDGE('',*,*,#5264,.T.);
#5264 = EDGE_CURVE('',#5242,#5265,#5267,.T.);
#5265 = VERTEX_POINT('',#5266);
#5266 = CARTESIAN_POINT('',(97.,-13.,104.));
#5267 = SURFACE_CURVE('',#5268,(#5272,#5278),.PCURVE_S1.);
#5268 = LINE('',#5269,#5270);
#5269 = CARTESIAN_POINT('',(97.,-13.,74.));
#5270 = VECTOR('',#5271,1.);
#5271 = DIRECTION('',(0.,0.,1.));
#5272 = PCURVE('',#3087,#5273);
#5273 = DEFINITIONAL_REPRESENTATION('',(#5274),#5277);
#5274 = B_SPLINE_CURVE_WITH_KNOTS('',1,(#5275,#5276),.UNSPECIFIED.,.F.,
  .F.,(2,2),(0.,30.),.PIECEWISE_BEZIER_KNOTS.);
#5275 = CARTESIAN_POINT('',(0.,-34.));
#5276 = CARTESIAN_POINT('',(30.,-34.));
#5277 = ( GEOMETRIC_REPRESENTATION_CONTEXT(2) 
PARAMETRIC_REPRESENTATION_CONTEXT() REPRESENTATION_CONTEXT('2D SPACE',''
  ) );
#5278 = PCURVE('',#5110,#5279);
#5279 = DEFINITIONAL_REPRESENTATION('',(#5280),#5283);
#5280 = B_SPLINE_CURVE_WITH_KNOTS('',1,(#5281,#5282),.UNSPECIFIED.,.F.,
  .F.,(2,2),(0.,30.),.PIECEWISE_BEZIER_KNOTS.);
#5281 = CARTESIAN_POINT('',(0.,233.));
#5282 = CARTESIAN_POINT('',(30.,233.));
#5283 = ( GEOMETRIC_REPRESENTATION_CONTEXT(2) 
PARAMETRIC_REPRESENTATION_CONTEXT() REPRESENTATION_CONTEXT('2D SPACE',''
  ) );
#5284 = ORIENTED_EDGE('',*,*,#5285,.F.);
#5285 = EDGE_CURVE('',#5173,#5265,#5286,.T.);
#5286 = SURFACE_CURVE('',#5287,(#5291,#5298),.PCURVE_S1.);
#5287 = LINE('',#5288,#5289);
#5288 = CARTESIAN_POINT('',(97.,-47.,104.));
#5289 = VECTOR('',#5290,1.);
#5290 = DIRECTION('',(0.,1.,0.));
#5291 = PCURVE('',#3087,#5292);
#5292 = DEFINITIONAL_REPRESENTATION('',(#5293),#5297);
#5293 = LINE('',#5294,#5295);
#5294 = CARTESIAN_POINT('',(30.,0.));
#5295 = VECTOR('',#5296,1.);
#5296 = DIRECTION('',(0.,-1.));
#5297 = ( GEOMETRIC_REPRESENTATION_CONTEXT(2) 
PARAMETRIC_REPRESENTATION_CONTEXT() REPRESENTATION_CONTEXT('2D SPACE',''
  ) );
#5298 = PCURVE('',#5137,#5299);
#5299 = DEFINITIONAL_REPRESENTATION('',(#5300),#5304);
#5300 = LINE('',#5301,#5302);
#5301 = CARTESIAN_POINT('',(237.,3.));
#5302 = VECTOR('',#5303,1.);
#5303 = DIRECTION('',(0.,1.));
#5304 = ( GEOMETRIC_REPRESENTATION_CONTEXT(2) 
PARAMETRIC_REPRESENTATION_CONTEXT() REPRESENTATION_CONTEXT('2D SPACE',''
  ) );
#5305 = ORIENTED_EDGE('',*,*,#5172,.T.);
#5306 = ORIENTED_EDGE('',*,*,#3072,.F.);
#5307 = ADVANCED_FACE('',(#5308),#3061,.F.);
#5308 = FACE_BOUND('',#5309,.F.);
#5309 = EDGE_LOOP('',(#5310,#5333,#5354,#5355));
#5310 = ORIENTED_EDGE('',*,*,#5311,.F.);
#5311 = EDGE_CURVE('',#5312,#3021,#5314,.T.);
#5312 = VERTEX_POINT('',#5313);
#5313 = CARTESIAN_POINT('',(103.,-47.,74.));
#5314 = SURFACE_CURVE('',#5315,(#5319,#5326),.PCURVE_S1.);
#5315 = LINE('',#5316,#5317);
#5316 = CARTESIAN_POINT('',(103.,-47.,74.));
#5317 = VECTOR('',#5318,1.);
#5318 = DIRECTION('',(0.,0.,1.));
#5319 = PCURVE('',#3061,#5320);
#5320 = DEFINITIONAL_REPRESENTATION('',(#5321),#5325);
#5321 = LINE('',#5322,#5323);
#5322 = CARTESIAN_POINT('',(0.,6.));
#5323 = VECTOR('',#5324,1.);
#5324 = DIRECTION('',(1.,0.));
#5325 = ( GEOMETRIC_REPRESENTATION_CONTEXT(2) 
PARAMETRIC_REPRESENTATION_CONTEXT() REPRESENTATION_CONTEXT('2D SPACE',''
  ) );
#5326 = PCURVE('',#3035,#5327);
#5327 = DEFINITIONAL_REPRESENTATION('',(#5328),#5332);
#5328 = LINE('',#5329,#5330);
#5329 = CARTESIAN_POINT('',(0.,0.));
#5330 = VECTOR('',#5331,1.);
#5331 = DIRECTION('',(1.,0.));
#5332 = ( GEOMETRIC_REPRESENTATION_CONTEXT(2) 
PARAMETRIC_REPRESENTATION_CONTEXT() REPRESENTATION_CONTEXT('2D SPACE',''
  ) );
#5333 = ORIENTED_EDGE('',*,*,#5334,.F.);
#5334 = EDGE_CURVE('',#5219,#5312,#5335,.T.);
#5335 = SURFACE_CURVE('',#5336,(#5340,#5347),.PCURVE_S1.);
#5336 = LINE('',#5337,#5338);
#5337 = CARTESIAN_POINT('',(97.,-47.,74.));
#5338 = VECTOR('',#5339,1.);
#5339 = DIRECTION('',(1.,0.,0.));
#5340 = PCURVE('',#3061,#5341);
#5341 = DEFINITIONAL_REPRESENTATION('',(#5342),#5346);
#5342 = LINE('',#5343,#5344);
#5343 = CARTESIAN_POINT('',(0.,0.));
#5344 = VECTOR('',#5345,1.);
#5345 = DIRECTION('',(0.,1.));
#5346 = ( GEOMETRIC_REPRESENTATION_CONTEXT(2) 
PARAMETRIC_REPRESENTATION_CONTEXT() REPRESENTATION_CONTEXT('2D SPACE',''
  ) );
#5347 = PCURVE('',#3807,#5348);
#5348 = DEFINITIONAL_REPRESENTATION('',(#5349),#5353);
#5349 = LINE('',#5350,#5351);
#5350 = CARTESIAN_POINT('',(200.,0.));
#5351 = VECTOR('',#5352,1.);
#5352 = DIRECTION('',(1.,0.));
#5353 = ( GEOMETRIC_REPRESENTATION_CONTEXT(2) 
PARAMETRIC_REPRESENTATION_CONTEXT() REPRESENTATION_CONTEXT('2D SPACE',''
  ) );
#5354 = ORIENTED_EDGE('',*,*,#5218,.T.);
#5355 = ORIENTED_EDGE('',*,*,#3046,.F.);
#5356 = ADVANCED_FACE('',(#5357),#3035,.T.);
#5357 = FACE_BOUND('',#5358,.T.);
#5358 = EDGE_LOOP('',(#5359,#5360,#5383,#5404,#5432,#5451));
#5359 = ORIENTED_EDGE('',*,*,#5311,.F.);
#5360 = ORIENTED_EDGE('',*,*,#5361,.T.);
#5361 = EDGE_CURVE('',#5312,#5362,#5364,.T.);
#5362 = VERTEX_POINT('',#5363);
#5363 = CARTESIAN_POINT('',(103.,-13.,74.));
#5364 = SURFACE_CURVE('',#5365,(#5369,#5376),.PCURVE_S1.);
#5365 = LINE('',#5366,#5367);
#5366 = CARTESIAN_POINT('',(103.,-47.,74.));
#5367 = VECTOR('',#5368,1.);
#5368 = DIRECTION('',(0.,1.,0.));
#5369 = PCURVE('',#3035,#5370);
#5370 = DEFINITIONAL_REPRESENTATION('',(#5371),#5375);
#5371 = LINE('',#5372,#5373);
#5372 = CARTESIAN_POINT('',(0.,0.));
#5373 = VECTOR('',#5374,1.);
#5374 = DIRECTION('',(0.,-1.));
#5375 = ( GEOMETRIC_REPRESENTATION_CONTEXT(2) 
PARAMETRIC_REPRESENTATION_CONTEXT() REPRESENTATION_CONTEXT('2D SPACE',''
  ) );
#5376 = PCURVE('',#3807,#5377);
#5377 = DEFINITIONAL_REPRESENTATION('',(#5378),#5382);
#5378 = LINE('',#5379,#5380);
#5379 = CARTESIAN_POINT('',(206.,0.));
#5380 = VECTOR('',#5381,1.);
#5381 = DIRECTION('',(0.,1.));
#5382 = ( GEOMETRIC_REPRESENTATION_CONTEXT(2) 
PARAMETRIC_REPRESENTATION_CONTEXT() REPRESENTATION_CONTEXT('2D SPACE',''
  ) );
#5383 = ORIENTED_EDGE('',*,*,#5384,.T.);
#5384 = EDGE_CURVE('',#5362,#5385,#5387,.T.);
#5385 = VERTEX_POINT('',#5386);
#5386 = CARTESIAN_POINT('',(103.,-13.,104.));
#5387 = SURFACE_CURVE('',#5388,(#5392,#5398),.PCURVE_S1.);
#5388 = LINE('',#5389,#5390);
#5389 = CARTESIAN_POINT('',(103.,-13.,74.));
#5390 = VECTOR('',#5391,1.);
#5391 = DIRECTION('',(0.,0.,1.));
#5392 = PCURVE('',#3035,#5393);
#5393 = DEFINITIONAL_REPRESENTATION('',(#5394),#5397);
#5394 = B_SPLINE_CURVE_WITH_KNOTS('',1,(#5395,#5396),.UNSPECIFIED.,.F.,
  .F.,(2,2),(0.,30.),.PIECEWISE_BEZIER_KNOTS.);
#5395 = CARTESIAN_POINT('',(0.,-34.));
#5396 = CARTESIAN_POINT('',(30.,-34.));
#5397 = ( GEOMETRIC_REPRESENTATION_CONTEXT(2) 
PARAMETRIC_REPRESENTATION_CONTEXT() REPRESENTATION_CONTEXT('2D SPACE',''
  ) );
#5398 = PCURVE('',#2928,#5399);
#5399 = DEFINITIONAL_REPRESENTATION('',(#5400),#5403);
#5400 = B_SPLINE_CURVE_WITH_KNOTS('',1,(#5401,#5402),.UNSPECIFIED.,.F.,
  .F.,(2,2),(0.,30.),.PIECEWISE_BEZIER_KNOTS.);
#5401 = CARTESIAN_POINT('',(0.,239.));
#5402 = CARTESIAN_POINT('',(30.,239.));
#5403 = ( GEOMETRIC_REPRESENTATION_CONTEXT(2) 
PARAMETRIC_REPRESENTATION_CONTEXT() REPRESENTATION_CONTEXT('2D SPACE',''
  ) );
#5404 = ORIENTED_EDGE('',*,*,#5405,.F.);
#5405 = EDGE_CURVE('',#5406,#5385,#5408,.T.);
#5406 = VERTEX_POINT('',#5407);
#5407 = CARTESIAN_POINT('',(103.,-44.,104.));
#5408 = SURFACE_CURVE('',#5409,(#5413,#5420),.PCURVE_S1.);
#5409 = LINE('',#5410,#5411);
#5410 = CARTESIAN_POINT('',(103.,-47.,104.));
#5411 = VECTOR('',#5412,1.);
#5412 = DIRECTION('',(0.,1.,0.));
#5413 = PCURVE('',#3035,#5414);
#5414 = DEFINITIONAL_REPRESENTATION('',(#5415),#5419);
#5415 = LINE('',#5416,#5417);
#5416 = CARTESIAN_POINT('',(30.,0.));
#5417 = VECTOR('',#5418,1.);
#5418 = DIRECTION('',(0.,-1.));
#5419 = ( GEOMETRIC_REPRESENTATION_CONTEXT(2) 
PARAMETRIC_REPRESENTATION_CONTEXT() REPRESENTATION_CONTEXT('2D SPACE',''
  ) );
#5420 = PCURVE('',#5421,#5426);
#5421 = PLANE('',#5422);
#5422 = AXIS2_PLACEMENT_3D('',#5423,#5424,#5425);
#5423 = CARTESIAN_POINT('',(-140.,-50.,104.));
#5424 = DIRECTION('',(0.,0.,1.));
#5425 = DIRECTION('',(1.,0.,0.));
#5426 = DEFINITIONAL_REPRESENTATION('',(#5427),#5431);
#5427 = LINE('',#5428,#5429);
#5428 = CARTESIAN_POINT('',(243.,3.));
#5429 = VECTOR('',#5430,1.);
#5430 = DIRECTION('',(0.,1.));
#5431 = ( GEOMETRIC_REPRESENTATION_CONTEXT(2) 
PARAMETRIC_REPRESENTATION_CONTEXT() REPRESENTATION_CONTEXT('2D SPACE',''
  ) );
#5432 = ORIENTED_EDGE('',*,*,#5433,.T.);
#5433 = EDGE_CURVE('',#5406,#2995,#5434,.T.);
#5434 = SURFACE_CURVE('',#5435,(#5439,#5445),.PCURVE_S1.);
#5435 = LINE('',#5436,#5437);
#5436 = CARTESIAN_POINT('',(103.,-44.,74.));
#5437 = VECTOR('',#5438,1.);
#5438 = DIRECTION('',(0.,0.,-1.));
#5439 = PCURVE('',#3035,#5440);
#5440 = DEFINITIONAL_REPRESENTATION('',(#5441),#5444);
#5441 = B_SPLINE_CURVE_WITH_KNOTS('',1,(#5442,#5443),.UNSPECIFIED.,.F.,
  .F.,(2,2),(-30.,-1.),.PIECEWISE_BEZIER_KNOTS.);
#5442 = CARTESIAN_POINT('',(30.,-3.));
#5443 = CARTESIAN_POINT('',(1.,-3.));
#5444 = ( GEOMETRIC_REPRESENTATION_CONTEXT(2) 
PARAMETRIC_REPRESENTATION_CONTEXT() REPRESENTATION_CONTEXT('2D SPACE',''
  ) );
#5445 = PCURVE('',#3009,#5446);
#5446 = DEFINITIONAL_REPRESENTATION('',(#5447),#5450);
#5447 = B_SPLINE_CURVE_WITH_KNOTS('',1,(#5448,#5449),.UNSPECIFIED.,.F.,
  .F.,(2,2),(-30.,-1.),.PIECEWISE_BEZIER_KNOTS.);
#5448 = CARTESIAN_POINT('',(30.,237.));
#5449 = CARTESIAN_POINT('',(1.,237.));
#5450 = ( GEOMETRIC_REPRESENTATION_CONTEXT(2) 
PARAMETRIC_REPRESENTATION_CONTEXT() REPRESENTATION_CONTEXT('2D SPACE',''
  ) );
#5451 = ORIENTED_EDGE('',*,*,#3020,.F.);
#5452 = ADVANCED_FACE('',(#5453),#3009,.T.);
#5453 = FACE_BOUND('',#5454,.T.);
#5454 = EDGE_LOOP('',(#5455,#5478,#5479,#5480));
#5455 = ORIENTED_EDGE('',*,*,#5456,.F.);
#5456 = EDGE_CURVE('',#2966,#5457,#5459,.T.);
#5457 = VERTEX_POINT('',#5458);
#5458 = CARTESIAN_POINT('',(120.,-44.,104.));
#5459 = SURFACE_CURVE('',#5460,(#5464,#5471),.PCURVE_S1.);
#5460 = LINE('',#5461,#5462);
#5461 = CARTESIAN_POINT('',(120.,-44.,74.));
#5462 = VECTOR('',#5463,1.);
#5463 = DIRECTION('',(0.,0.,1.));
#5464 = PCURVE('',#3009,#5465);
#5465 = DEFINITIONAL_REPRESENTATION('',(#5466),#5470);
#5466 = LINE('',#5467,#5468);
#5467 = CARTESIAN_POINT('',(0.,254.));
#5468 = VECTOR('',#5469,1.);
#5469 = DIRECTION('',(1.,0.));
#5470 = ( GEOMETRIC_REPRESENTATION_CONTEXT(2) 
PARAMETRIC_REPRESENTATION_CONTEXT() REPRESENTATION_CONTEXT('2D SPACE',''
  ) );
#5471 = PCURVE('',#2982,#5472);
#5472 = DEFINITIONAL_REPRESENTATION('',(#5473),#5477);
#5473 = LINE('',#5474,#5475);
#5474 = CARTESIAN_POINT('',(-1.570796326795,0.));
#5475 = VECTOR('',#5476,1.);
#5476 = DIRECTION('',(-0.,1.));
#5477 = ( GEOMETRIC_REPRESENTATION_CONTEXT(2) 
PARAMETRIC_REPRESENTATION_CONTEXT() REPRESENTATION_CONTEXT('2D SPACE',''
  ) );
#5478 = ORIENTED_EDGE('',*,*,#2994,.T.);
#5479 = ORIENTED_EDGE('',*,*,#5433,.F.);
#5480 = ORIENTED_EDGE('',*,*,#5481,.F.);
#5481 = EDGE_CURVE('',#5457,#5406,#5482,.T.);
#5482 = SURFACE_CURVE('',#5483,(#5487,#5493),.PCURVE_S1.);
#5483 = LINE('',#5484,#5485);
#5484 = CARTESIAN_POINT('',(-136.,-44.,104.));
#5485 = VECTOR('',#5486,1.);
#5486 = DIRECTION('',(-1.,0.,0.));
#5487 = PCURVE('',#3009,#5488);
#5488 = DEFINITIONAL_REPRESENTATION('',(#5489),#5492);
#5489 = B_SPLINE_CURVE_WITH_KNOTS('',1,(#5490,#5491),.UNSPECIFIED.,.F.,
  .F.,(2,2),(-256.,-16.),.PIECEWISE_BEZIER_KNOTS.);
#5490 = CARTESIAN_POINT('',(30.,254.));
#5491 = CARTESIAN_POINT('',(30.,14.));
#5492 = ( GEOMETRIC_REPRESENTATION_CONTEXT(2) 
PARAMETRIC_REPRESENTATION_CONTEXT() REPRESENTATION_CONTEXT('2D SPACE',''
  ) );
#5493 = PCURVE('',#5421,#5494);
#5494 = DEFINITIONAL_REPRESENTATION('',(#5495),#5499);
#5495 = LINE('',#5496,#5497);
#5496 = CARTESIAN_POINT('',(4.,6.));
#5497 = VECTOR('',#5498,1.);
#5498 = DIRECTION('',(-1.,0.));
#5499 = ( GEOMETRIC_REPRESENTATION_CONTEXT(2) 
PARAMETRIC_REPRESENTATION_CONTEXT() REPRESENTATION_CONTEXT('2D SPACE',''
  ) );
#5500 = ADVANCED_FACE('',(#5501),#2982,.F.);
#5501 = FACE_BOUND('',#5502,.T.);
#5502 = EDGE_LOOP('',(#5503,#5526,#5527,#5528));
#5503 = ORIENTED_EDGE('',*,*,#5504,.F.);
#5504 = EDGE_CURVE('',#2940,#5505,#5507,.T.);
#5505 = VERTEX_POINT('',#5506);
#5506 = CARTESIAN_POINT('',(134.,-30.,104.));
#5507 = SURFACE_CURVE('',#5508,(#5512,#5519),.PCURVE_S1.);
#5508 = LINE('',#5509,#5510);
#5509 = CARTESIAN_POINT('',(134.,-30.,74.));
#5510 = VECTOR('',#5511,1.);
#5511 = DIRECTION('',(0.,0.,1.));
#5512 = PCURVE('',#2982,#5513);
#5513 = DEFINITIONAL_REPRESENTATION('',(#5514),#5518);
#5514 = LINE('',#5515,#5516);
#5515 = CARTESIAN_POINT('',(-0.,0.));
#5516 = VECTOR('',#5517,1.);
#5517 = DIRECTION('',(-0.,1.));
#5518 = ( GEOMETRIC_REPRESENTATION_CONTEXT(2) 
PARAMETRIC_REPRESENTATION_CONTEXT() REPRESENTATION_CONTEXT('2D SPACE',''
  ) );
#5519 = PCURVE('',#2954,#5520);
#5520 = DEFINITIONAL_REPRESENTATION('',(#5521),#5525);
#5521 = LINE('',#5522,#5523);
#5522 = CARTESIAN_POINT('',(0.,-14.));
#5523 = VECTOR('',#5524,1.);
#5524 = DIRECTION('',(1.,0.));
#5525 = ( GEOMETRIC_REPRESENTATION_CONTEXT(2) 
PARAMETRIC_REPRESENTATION_CONTEXT() REPRESENTATION_CONTEXT('2D SPACE',''
  ) );
#5526 = ORIENTED_EDGE('',*,*,#2965,.F.);
#5527 = ORIENTED_EDGE('',*,*,#5456,.T.);
#5528 = ORIENTED_EDGE('',*,*,#5529,.T.);
#5529 = EDGE_CURVE('',#5457,#5505,#5530,.T.);
#5530 = SURFACE_CURVE('',#5531,(#5536,#5543),.PCURVE_S1.);
#5531 = CIRCLE('',#5532,14.);
#5532 = AXIS2_PLACEMENT_3D('',#5533,#5534,#5535);
#5533 = CARTESIAN_POINT('',(120.,-30.,104.));
#5534 = DIRECTION('',(0.,0.,1.));
#5535 = DIRECTION('',(1.,0.,-0.));
#5536 = PCURVE('',#2982,#5537);
#5537 = DEFINITIONAL_REPRESENTATION('',(#5538),#5542);
#5538 = LINE('',#5539,#5540);
#5539 = CARTESIAN_POINT('',(-6.28318530718,30.));
#5540 = VECTOR('',#5541,1.);
#5541 = DIRECTION('',(1.,-0.));
#5542 = ( GEOMETRIC_REPRESENTATION_CONTEXT(2) 
PARAMETRIC_REPRESENTATION_CONTEXT() REPRESENTATION_CONTEXT('2D SPACE',''
  ) );
#5543 = PCURVE('',#5421,#5544);
#5544 = DEFINITIONAL_REPRESENTATION('',(#5545),#5549);
#5545 = CIRCLE('',#5546,14.);
#5546 = AXIS2_PLACEMENT_2D('',#5547,#5548);
#5547 = CARTESIAN_POINT('',(260.,20.));
#5548 = DIRECTION('',(1.,0.));
#5549 = ( GEOMETRIC_REPRESENTATION_CONTEXT(2) 
PARAMETRIC_REPRESENTATION_CONTEXT() REPRESENTATION_CONTEXT('2D SPACE',''
  ) );
#5550 = ADVANCED_FACE('',(#5551),#2954,.F.);
#5551 = FACE_BOUND('',#5552,.F.);
#5552 = EDGE_LOOP('',(#5553,#5575,#5576,#5577));
#5553 = ORIENTED_EDGE('',*,*,#5554,.F.);
#5554 = EDGE_CURVE('',#5505,#5555,#5557,.T.);
#5555 = VERTEX_POINT('',#5556);
#5556 = CARTESIAN_POINT('',(134.,-13.,104.));
#5557 = SURFACE_CURVE('',#5558,(#5562,#5568),.PCURVE_S1.);
#5558 = LINE('',#5559,#5560);
#5559 = CARTESIAN_POINT('',(134.,-46.,104.));
#5560 = VECTOR('',#5561,1.);
#5561 = DIRECTION('',(0.,1.,0.));
#5562 = PCURVE('',#2954,#5563);
#5563 = DEFINITIONAL_REPRESENTATION('',(#5564),#5567);
#5564 = B_SPLINE_CURVE_WITH_KNOTS('',1,(#5565,#5566),.UNSPECIFIED.,.F.,
  .F.,(2,2),(16.,176.),.PIECEWISE_BEZIER_KNOTS.);
#5565 = CARTESIAN_POINT('',(30.,-14.));
#5566 = CARTESIAN_POINT('',(30.,-174.));
#5567 = ( GEOMETRIC_REPRESENTATION_CONTEXT(2) 
PARAMETRIC_REPRESENTATION_CONTEXT() REPRESENTATION_CONTEXT('2D SPACE',''
  ) );
#5568 = PCURVE('',#5421,#5569);
#5569 = DEFINITIONAL_REPRESENTATION('',(#5570),#5574);
#5570 = LINE('',#5571,#5572);
#5571 = CARTESIAN_POINT('',(274.,4.));
#5572 = VECTOR('',#5573,1.);
#5573 = DIRECTION('',(0.,1.));
#5574 = ( GEOMETRIC_REPRESENTATION_CONTEXT(2) 
PARAMETRIC_REPRESENTATION_CONTEXT() REPRESENTATION_CONTEXT('2D SPACE',''
  ) );
#5575 = ORIENTED_EDGE('',*,*,#5504,.F.);
#5576 = ORIENTED_EDGE('',*,*,#2939,.T.);
#5577 = ORIENTED_EDGE('',*,*,#5578,.T.);
#5578 = EDGE_CURVE('',#2914,#5555,#5579,.T.);
#5579 = SURFACE_CURVE('',#5580,(#5584,#5590),.PCURVE_S1.);
#5580 = LINE('',#5581,#5582);
#5581 = CARTESIAN_POINT('',(134.,-13.,74.));
#5582 = VECTOR('',#5583,1.);
#5583 = DIRECTION('',(0.,0.,1.));
#5584 = PCURVE('',#2954,#5585);
#5585 = DEFINITIONAL_REPRESENTATION('',(#5586),#5589);
#5586 = B_SPLINE_CURVE_WITH_KNOTS('',1,(#5587,#5588),.UNSPECIFIED.,.F.,
  .F.,(2,2),(1.,30.),.PIECEWISE_BEZIER_KNOTS.);
#5587 = CARTESIAN_POINT('',(1.,-31.));
#5588 = CARTESIAN_POINT('',(30.,-31.));
#5589 = ( GEOMETRIC_REPRESENTATION_CONTEXT(2) 
PARAMETRIC_REPRESENTATION_CONTEXT() REPRESENTATION_CONTEXT('2D SPACE',''
  ) );
#5590 = PCURVE('',#2928,#5591);
#5591 = DEFINITIONAL_REPRESENTATION('',(#5592),#5595);
#5592 = B_SPLINE_CURVE_WITH_KNOTS('',1,(#5593,#5594),.UNSPECIFIED.,.F.,
  .F.,(2,2),(1.,30.),.PIECEWISE_BEZIER_KNOTS.);
#5593 = CARTESIAN_POINT('',(1.,270.));
#5594 = CARTESIAN_POINT('',(30.,270.));
#5595 = ( GEOMETRIC_REPRESENTATION_CONTEXT(2) 
PARAMETRIC_REPRESENTATION_CONTEXT() REPRESENTATION_CONTEXT('2D SPACE',''
  ) );
#5596 = ADVANCED_FACE('',(#5597),#2928,.F.);
#5597 = FACE_BOUND('',#5598,.F.);
#5598 = EDGE_LOOP('',(#5599,#5622,#5623,#5644,#5645,#5646));
#5599 = ORIENTED_EDGE('',*,*,#5600,.F.);
#5600 = EDGE_CURVE('',#5362,#5601,#5603,.T.);
#5601 = VERTEX_POINT('',#5602);
#5602 = CARTESIAN_POINT('',(136.,-13.,74.));
#5603 = SURFACE_CURVE('',#5604,(#5608,#5615),.PCURVE_S1.);
#5604 = LINE('',#5605,#5606);
#5605 = CARTESIAN_POINT('',(-136.,-13.,74.));
#5606 = VECTOR('',#5607,1.);
#5607 = DIRECTION('',(1.,0.,0.));
#5608 = PCURVE('',#2928,#5609);
#5609 = DEFINITIONAL_REPRESENTATION('',(#5610),#5614);
#5610 = LINE('',#5611,#5612);
#5611 = CARTESIAN_POINT('',(0.,0.));
#5612 = VECTOR('',#5613,1.);
#5613 = DIRECTION('',(0.,1.));
#5614 = ( GEOMETRIC_REPRESENTATION_CONTEXT(2) 
PARAMETRIC_REPRESENTATION_CONTEXT() REPRESENTATION_CONTEXT('2D SPACE',''
  ) );
#5615 = PCURVE('',#3807,#5616);
#5616 = DEFINITIONAL_REPRESENTATION('',(#5617),#5621);
#5617 = LINE('',#5618,#5619);
#5618 = CARTESIAN_POINT('',(-33.,34.));
#5619 = VECTOR('',#5620,1.);
#5620 = DIRECTION('',(1.,0.));
#5621 = ( GEOMETRIC_REPRESENTATION_CONTEXT(2) 
PARAMETRIC_REPRESENTATION_CONTEXT() REPRESENTATION_CONTEXT('2D SPACE',''
  ) );
#5622 = ORIENTED_EDGE('',*,*,#5384,.T.);
#5623 = ORIENTED_EDGE('',*,*,#5624,.T.);
#5624 = EDGE_CURVE('',#5385,#5555,#5625,.T.);
#5625 = SURFACE_CURVE('',#5626,(#5630,#5637),.PCURVE_S1.);
#5626 = LINE('',#5627,#5628);
#5627 = CARTESIAN_POINT('',(-136.,-13.,104.));
#5628 = VECTOR('',#5629,1.);
#5629 = DIRECTION('',(1.,0.,0.));
#5630 = PCURVE('',#2928,#5631);
#5631 = DEFINITIONAL_REPRESENTATION('',(#5632),#5636);
#5632 = LINE('',#5633,#5634);
#5633 = CARTESIAN_POINT('',(30.,0.));
#5634 = VECTOR('',#5635,1.);
#5635 = DIRECTION('',(0.,1.));
#5636 = ( GEOMETRIC_REPRESENTATION_CONTEXT(2) 
PARAMETRIC_REPRESENTATION_CONTEXT() REPRESENTATION_CONTEXT('2D SPACE',''
  ) );
#5637 = PCURVE('',#5421,#5638);
#5638 = DEFINITIONAL_REPRESENTATION('',(#5639),#5643);
#5639 = LINE('',#5640,#5641);
#5640 = CARTESIAN_POINT('',(4.,37.));
#5641 = VECTOR('',#5642,1.);
#5642 = DIRECTION('',(1.,0.));
#5643 = ( GEOMETRIC_REPRESENTATION_CONTEXT(2) 
PARAMETRIC_REPRESENTATION_CONTEXT() REPRESENTATION_CONTEXT('2D SPACE',''
  ) );
#5644 = ORIENTED_EDGE('',*,*,#5578,.F.);
#5645 = ORIENTED_EDGE('',*,*,#2913,.F.);
#5646 = ORIENTED_EDGE('',*,*,#5647,.F.);
#5647 = EDGE_CURVE('',#5601,#2888,#5648,.T.);
#5648 = SURFACE_CURVE('',#5649,(#5653,#5660),.PCURVE_S1.);
#5649 = LINE('',#5650,#5651);
#5650 = CARTESIAN_POINT('',(136.,-13.,74.));
#5651 = VECTOR('',#5652,1.);
#5652 = DIRECTION('',(0.,0.,1.));
#5653 = PCURVE('',#2928,#5654);
#5654 = DEFINITIONAL_REPRESENTATION('',(#5655),#5659);
#5655 = LINE('',#5656,#5657);
#5656 = CARTESIAN_POINT('',(0.,272.));
#5657 = VECTOR('',#5658,1.);
#5658 = DIRECTION('',(1.,0.));
#5659 = ( GEOMETRIC_REPRESENTATION_CONTEXT(2) 
PARAMETRIC_REPRESENTATION_CONTEXT() REPRESENTATION_CONTEXT('2D SPACE',''
  ) );
#5660 = PCURVE('',#2902,#5661);
#5661 = DEFINITIONAL_REPRESENTATION('',(#5662),#5666);
#5662 = LINE('',#5663,#5664);
#5663 = CARTESIAN_POINT('',(0.,0.));
#5664 = VECTOR('',#5665,1.);
#5665 = DIRECTION('',(1.,0.));
#5666 = ( GEOMETRIC_REPRESENTATION_CONTEXT(2) 
PARAMETRIC_REPRESENTATION_CONTEXT() REPRESENTATION_CONTEXT('2D SPACE',''
  ) );
#5667 = ADVANCED_FACE('',(#5668),#2902,.T.);
#5668 = FACE_BOUND('',#5669,.T.);
#5669 = EDGE_LOOP('',(#5670,#5671,#5694,#5715));
#5670 = ORIENTED_EDGE('',*,*,#5647,.F.);
#5671 = ORIENTED_EDGE('',*,*,#5672,.T.);
#5672 = EDGE_CURVE('',#5601,#5673,#5675,.T.);
#5673 = VERTEX_POINT('',#5674);
#5674 = CARTESIAN_POINT('',(136.,-7.,74.));
#5675 = SURFACE_CURVE('',#5676,(#5680,#5687),.PCURVE_S1.);
#5676 = LINE('',#5677,#5678);
#5677 = CARTESIAN_POINT('',(136.,-13.,74.));
#5678 = VECTOR('',#5679,1.);
#5679 = DIRECTION('',(0.,1.,0.));
#5680 = PCURVE('',#2902,#5681);
#5681 = DEFINITIONAL_REPRESENTATION('',(#5682),#5686);
#5682 = LINE('',#5683,#5684);
#5683 = CARTESIAN_POINT('',(0.,0.));
#5684 = VECTOR('',#5685,1.);
#5685 = DIRECTION('',(0.,-1.));
#5686 = ( GEOMETRIC_REPRESENTATION_CONTEXT(2) 
PARAMETRIC_REPRESENTATION_CONTEXT() REPRESENTATION_CONTEXT('2D SPACE',''
  ) );
#5687 = PCURVE('',#3807,#5688);
#5688 = DEFINITIONAL_REPRESENTATION('',(#5689),#5693);
#5689 = LINE('',#5690,#5691);
#5690 = CARTESIAN_POINT('',(239.,34.));
#5691 = VECTOR('',#5692,1.);
#5692 = DIRECTION('',(0.,1.));
#5693 = ( GEOMETRIC_REPRESENTATION_CONTEXT(2) 
PARAMETRIC_REPRESENTATION_CONTEXT() REPRESENTATION_CONTEXT('2D SPACE',''
  ) );
#5694 = ORIENTED_EDGE('',*,*,#5695,.T.);
#5695 = EDGE_CURVE('',#5673,#2862,#5696,.T.);
#5696 = SURFACE_CURVE('',#5697,(#5701,#5708),.PCURVE_S1.);
#5697 = LINE('',#5698,#5699);
#5698 = CARTESIAN_POINT('',(136.,-7.,74.));
#5699 = VECTOR('',#5700,1.);
#5700 = DIRECTION('',(0.,0.,1.));
#5701 = PCURVE('',#2902,#5702);
#5702 = DEFINITIONAL_REPRESENTATION('',(#5703),#5707);
#5703 = LINE('',#5704,#5705);
#5704 = CARTESIAN_POINT('',(0.,-6.));
#5705 = VECTOR('',#5706,1.);
#5706 = DIRECTION('',(1.,0.));
#5707 = ( GEOMETRIC_REPRESENTATION_CONTEXT(2) 
PARAMETRIC_REPRESENTATION_CONTEXT() REPRESENTATION_CONTEXT('2D SPACE',''
  ) );
#5708 = PCURVE('',#2876,#5709);
#5709 = DEFINITIONAL_REPRESENTATION('',(#5710),#5714);
#5710 = LINE('',#5711,#5712);
#5711 = CARTESIAN_POINT('',(0.,272.));
#5712 = VECTOR('',#5713,1.);
#5713 = DIRECTION('',(1.,0.));
#5714 = ( GEOMETRIC_REPRESENTATION_CONTEXT(2) 
PARAMETRIC_REPRESENTATION_CONTEXT() REPRESENTATION_CONTEXT('2D SPACE',''
  ) );
#5715 = ORIENTED_EDGE('',*,*,#2887,.F.);
#5716 = ADVANCED_FACE('',(#5717),#2876,.T.);
#5717 = FACE_BOUND('',#5718,.T.);
#5718 = EDGE_LOOP('',(#5719,#5742,#5768,#5796,#5815,#5816));
#5719 = ORIENTED_EDGE('',*,*,#5720,.F.);
#5720 = EDGE_CURVE('',#5721,#5673,#5723,.T.);
#5721 = VERTEX_POINT('',#5722);
#5722 = CARTESIAN_POINT('',(103.,-7.,74.));
#5723 = SURFACE_CURVE('',#5724,(#5728,#5735),.PCURVE_S1.);
#5724 = LINE('',#5725,#5726);
#5725 = CARTESIAN_POINT('',(-136.,-7.,74.));
#5726 = VECTOR('',#5727,1.);
#5727 = DIRECTION('',(1.,0.,0.));
#5728 = PCURVE('',#2876,#5729);
#5729 = DEFINITIONAL_REPRESENTATION('',(#5730),#5734);
#5730 = LINE('',#5731,#5732);
#5731 = CARTESIAN_POINT('',(0.,0.));
#5732 = VECTOR('',#5733,1.);
#5733 = DIRECTION('',(0.,1.));
#5734 = ( GEOMETRIC_REPRESENTATION_CONTEXT(2) 
PARAMETRIC_REPRESENTATION_CONTEXT() REPRESENTATION_CONTEXT('2D SPACE',''
  ) );
#5735 = PCURVE('',#3807,#5736);
#5736 = DEFINITIONAL_REPRESENTATION('',(#5737),#5741);
#5737 = LINE('',#5738,#5739);
#5738 = CARTESIAN_POINT('',(-33.,40.));
#5739 = VECTOR('',#5740,1.);
#5740 = DIRECTION('',(1.,0.));
#5741 = ( GEOMETRIC_REPRESENTATION_CONTEXT(2) 
PARAMETRIC_REPRESENTATION_CONTEXT() REPRESENTATION_CONTEXT('2D SPACE',''
  ) );
#5742 = ORIENTED_EDGE('',*,*,#5743,.T.);
#5743 = EDGE_CURVE('',#5721,#5744,#5746,.T.);
#5744 = VERTEX_POINT('',#5745);
#5745 = CARTESIAN_POINT('',(103.,-7.,104.));
#5746 = SURFACE_CURVE('',#5747,(#5751,#5757),.PCURVE_S1.);
#5747 = LINE('',#5748,#5749);
#5748 = CARTESIAN_POINT('',(103.,-7.,74.));
#5749 = VECTOR('',#5750,1.);
#5750 = DIRECTION('',(0.,0.,1.));
#5751 = PCURVE('',#2876,#5752);
#5752 = DEFINITIONAL_REPRESENTATION('',(#5753),#5756);
#5753 = B_SPLINE_CURVE_WITH_KNOTS('',1,(#5754,#5755),.UNSPECIFIED.,.F.,
  .F.,(2,2),(0.,30.),.PIECEWISE_BEZIER_KNOTS.);
#5754 = CARTESIAN_POINT('',(0.,239.));
#5755 = CARTESIAN_POINT('',(30.,239.));
#5756 = ( GEOMETRIC_REPRESENTATION_CONTEXT(2) 
PARAMETRIC_REPRESENTATION_CONTEXT() REPRESENTATION_CONTEXT('2D SPACE',''
  ) );
#5757 = PCURVE('',#5758,#5763);
#5758 = PLANE('',#5759);
#5759 = AXIS2_PLACEMENT_3D('',#5760,#5761,#5762);
#5760 = CARTESIAN_POINT('',(103.,-47.,74.));
#5761 = DIRECTION('',(1.,0.,0.));
#5762 = DIRECTION('',(0.,0.,1.));
#5763 = DEFINITIONAL_REPRESENTATION('',(#5764),#5767);
#5764 = B_SPLINE_CURVE_WITH_KNOTS('',1,(#5765,#5766),.UNSPECIFIED.,.F.,
  .F.,(2,2),(0.,30.),.PIECEWISE_BEZIER_KNOTS.);
#5765 = CARTESIAN_POINT('',(0.,-40.));
#5766 = CARTESIAN_POINT('',(30.,-40.));
#5767 = ( GEOMETRIC_REPRESENTATION_CONTEXT(2) 
PARAMETRIC_REPRESENTATION_CONTEXT() REPRESENTATION_CONTEXT('2D SPACE',''
  ) );
#5768 = ORIENTED_EDGE('',*,*,#5769,.T.);
#5769 = EDGE_CURVE('',#5744,#5770,#5772,.T.);
#5770 = VERTEX_POINT('',#5771);
#5771 = CARTESIAN_POINT('',(134.,-7.,104.));
#5772 = SURFACE_CURVE('',#5773,(#5777,#5784),.PCURVE_S1.);
#5773 = LINE('',#5774,#5775);
#5774 = CARTESIAN_POINT('',(-136.,-7.,104.));
#5775 = VECTOR('',#5776,1.);
#5776 = DIRECTION('',(1.,0.,0.));
#5777 = PCURVE('',#2876,#5778);
#5778 = DEFINITIONAL_REPRESENTATION('',(#5779),#5783);
#5779 = LINE('',#5780,#5781);
#5780 = CARTESIAN_POINT('',(30.,0.));
#5781 = VECTOR('',#5782,1.);
#5782 = DIRECTION('',(0.,1.));
#5783 = ( GEOMETRIC_REPRESENTATION_CONTEXT(2) 
PARAMETRIC_REPRESENTATION_CONTEXT() REPRESENTATION_CONTEXT('2D SPACE',''
  ) );
#5784 = PCURVE('',#5785,#5790);
#5785 = PLANE('',#5786);
#5786 = AXIS2_PLACEMENT_3D('',#5787,#5788,#5789);
#5787 = CARTESIAN_POINT('',(-140.,-50.,104.));
#5788 = DIRECTION('',(0.,0.,1.));
#5789 = DIRECTION('',(1.,0.,0.));
#5790 = DEFINITIONAL_REPRESENTATION('',(#5791),#5795);
#5791 = LINE('',#5792,#5793);
#5792 = CARTESIAN_POINT('',(4.,43.));
#5793 = VECTOR('',#5794,1.);
#5794 = DIRECTION('',(1.,0.));
#5795 = ( GEOMETRIC_REPRESENTATION_CONTEXT(2) 
PARAMETRIC_REPRESENTATION_CONTEXT() REPRESENTATION_CONTEXT('2D SPACE',''
  ) );
#5796 = ORIENTED_EDGE('',*,*,#5797,.F.);
#5797 = EDGE_CURVE('',#2836,#5770,#5798,.T.);
#5798 = SURFACE_CURVE('',#5799,(#5803,#5809),.PCURVE_S1.);
#5799 = LINE('',#5800,#5801);
#5800 = CARTESIAN_POINT('',(134.,-7.,74.));
#5801 = VECTOR('',#5802,1.);
#5802 = DIRECTION('',(0.,0.,1.));
#5803 = PCURVE('',#2876,#5804);
#5804 = DEFINITIONAL_REPRESENTATION('',(#5805),#5808);
#5805 = B_SPLINE_CURVE_WITH_KNOTS('',1,(#5806,#5807),.UNSPECIFIED.,.F.,
  .F.,(2,2),(1.,30.),.PIECEWISE_BEZIER_KNOTS.);
#5806 = CARTESIAN_POINT('',(1.,270.));
#5807 = CARTESIAN_POINT('',(30.,270.));
#5808 = ( GEOMETRIC_REPRESENTATION_CONTEXT(2) 
PARAMETRIC_REPRESENTATION_CONTEXT() REPRESENTATION_CONTEXT('2D SPACE',''
  ) );
#5809 = PCURVE('',#2850,#5810);
#5810 = DEFINITIONAL_REPRESENTATION('',(#5811),#5814);
#5811 = B_SPLINE_CURVE_WITH_KNOTS('',1,(#5812,#5813),.UNSPECIFIED.,.F.,
  .F.,(2,2),(1.,30.),.PIECEWISE_BEZIER_KNOTS.);
#5812 = CARTESIAN_POINT('',(1.,-37.));
#5813 = CARTESIAN_POINT('',(30.,-37.));
#5814 = ( GEOMETRIC_REPRESENTATION_CONTEXT(2) 
PARAMETRIC_REPRESENTATION_CONTEXT() REPRESENTATION_CONTEXT('2D SPACE',''
  ) );
#5815 = ORIENTED_EDGE('',*,*,#2861,.F.);
#5816 = ORIENTED_EDGE('',*,*,#5695,.F.);
#5817 = ADVANCED_FACE('',(#5818),#2850,.F.);
#5818 = FACE_BOUND('',#5819,.F.);
#5819 = EDGE_LOOP('',(#5820,#5842,#5843,#5844));
#5820 = ORIENTED_EDGE('',*,*,#5821,.F.);
#5821 = EDGE_CURVE('',#5770,#5822,#5824,.T.);
#5822 = VERTEX_POINT('',#5823);
#5823 = CARTESIAN_POINT('',(134.,27.,104.));
#5824 = SURFACE_CURVE('',#5825,(#5829,#5835),.PCURVE_S1.);
#5825 = LINE('',#5826,#5827);
#5826 = CARTESIAN_POINT('',(134.,-46.,104.));
#5827 = VECTOR('',#5828,1.);
#5828 = DIRECTION('',(0.,1.,0.));
#5829 = PCURVE('',#2850,#5830);
#5830 = DEFINITIONAL_REPRESENTATION('',(#5831),#5834);
#5831 = B_SPLINE_CURVE_WITH_KNOTS('',1,(#5832,#5833),.UNSPECIFIED.,.F.,
  .F.,(2,2),(16.,176.),.PIECEWISE_BEZIER_KNOTS.);
#5832 = CARTESIAN_POINT('',(30.,-14.));
#5833 = CARTESIAN_POINT('',(30.,-174.));
#5834 = ( GEOMETRIC_REPRESENTATION_CONTEXT(2) 
PARAMETRIC_REPRESENTATION_CONTEXT() REPRESENTATION_CONTEXT('2D SPACE',''
  ) );
#5835 = PCURVE('',#5785,#5836);
#5836 = DEFINITIONAL_REPRESENTATION('',(#5837),#5841);
#5837 = LINE('',#5838,#5839);
#5838 = CARTESIAN_POINT('',(274.,4.));
#5839 = VECTOR('',#5840,1.);
#5840 = DIRECTION('',(0.,1.));
#5841 = ( GEOMETRIC_REPRESENTATION_CONTEXT(2) 
PARAMETRIC_REPRESENTATION_CONTEXT() REPRESENTATION_CONTEXT('2D SPACE',''
  ) );
#5842 = ORIENTED_EDGE('',*,*,#5797,.F.);
#5843 = ORIENTED_EDGE('',*,*,#2835,.T.);
#5844 = ORIENTED_EDGE('',*,*,#5845,.T.);
#5845 = EDGE_CURVE('',#2810,#5822,#5846,.T.);
#5846 = SURFACE_CURVE('',#5847,(#5851,#5857),.PCURVE_S1.);
#5847 = LINE('',#5848,#5849);
#5848 = CARTESIAN_POINT('',(134.,27.,74.));
#5849 = VECTOR('',#5850,1.);
#5850 = DIRECTION('',(0.,0.,1.));
#5851 = PCURVE('',#2850,#5852);
#5852 = DEFINITIONAL_REPRESENTATION('',(#5853),#5856);
#5853 = B_SPLINE_CURVE_WITH_KNOTS('',1,(#5854,#5855),.UNSPECIFIED.,.F.,
  .F.,(2,2),(1.,30.),.PIECEWISE_BEZIER_KNOTS.);
#5854 = CARTESIAN_POINT('',(1.,-71.));
#5855 = CARTESIAN_POINT('',(30.,-71.));
#5856 = ( GEOMETRIC_REPRESENTATION_CONTEXT(2) 
PARAMETRIC_REPRESENTATION_CONTEXT() REPRESENTATION_CONTEXT('2D SPACE',''
  ) );
#5857 = PCURVE('',#2824,#5858);
#5858 = DEFINITIONAL_REPRESENTATION('',(#5859),#5862);
#5859 = B_SPLINE_CURVE_WITH_KNOTS('',1,(#5860,#5861),.UNSPECIFIED.,.F.,
  .F.,(2,2),(1.,30.),.PIECEWISE_BEZIER_KNOTS.);
#5860 = CARTESIAN_POINT('',(1.,270.));
#5861 = CARTESIAN_POINT('',(30.,270.));
#5862 = ( GEOMETRIC_REPRESENTATION_CONTEXT(2) 
PARAMETRIC_REPRESENTATION_CONTEXT() REPRESENTATION_CONTEXT('2D SPACE',''
  ) );
#5863 = ADVANCED_FACE('',(#5864),#2824,.F.);
#5864 = FACE_BOUND('',#5865,.F.);
#5865 = EDGE_LOOP('',(#5866,#5891,#5912,#5933,#5934,#5935));
#5866 = ORIENTED_EDGE('',*,*,#5867,.F.);
#5867 = EDGE_CURVE('',#5868,#5870,#5872,.T.);
#5868 = VERTEX_POINT('',#5869);
#5869 = CARTESIAN_POINT('',(103.,27.,74.));
#5870 = VERTEX_POINT('',#5871);
#5871 = CARTESIAN_POINT('',(136.,27.,74.));
#5872 = SURFACE_CURVE('',#5873,(#5877,#5884),.PCURVE_S1.);
#5873 = LINE('',#5874,#5875);
#5874 = CARTESIAN_POINT('',(-136.,27.,74.));
#5875 = VECTOR('',#5876,1.);
#5876 = DIRECTION('',(1.,0.,0.));
#5877 = PCURVE('',#2824,#5878);
#5878 = DEFINITIONAL_REPRESENTATION('',(#5879),#5883);
#5879 = LINE('',#5880,#5881);
#5880 = CARTESIAN_POINT('',(0.,0.));
#5881 = VECTOR('',#5882,1.);
#5882 = DIRECTION('',(0.,1.));
#5883 = ( GEOMETRIC_REPRESENTATION_CONTEXT(2) 
PARAMETRIC_REPRESENTATION_CONTEXT() REPRESENTATION_CONTEXT('2D SPACE',''
  ) );
#5884 = PCURVE('',#3807,#5885);
#5885 = DEFINITIONAL_REPRESENTATION('',(#5886),#5890);
#5886 = LINE('',#5887,#5888);
#5887 = CARTESIAN_POINT('',(-33.,74.));
#5888 = VECTOR('',#5889,1.);
#5889 = DIRECTION('',(1.,0.));
#5890 = ( GEOMETRIC_REPRESENTATION_CONTEXT(2) 
PARAMETRIC_REPRESENTATION_CONTEXT() REPRESENTATION_CONTEXT('2D SPACE',''
  ) );
#5891 = ORIENTED_EDGE('',*,*,#5892,.T.);
#5892 = EDGE_CURVE('',#5868,#5893,#5895,.T.);
#5893 = VERTEX_POINT('',#5894);
#5894 = CARTESIAN_POINT('',(103.,27.,104.));
#5895 = SURFACE_CURVE('',#5896,(#5900,#5906),.PCURVE_S1.);
#5896 = LINE('',#5897,#5898);
#5897 = CARTESIAN_POINT('',(103.,27.,74.));
#5898 = VECTOR('',#5899,1.);
#5899 = DIRECTION('',(0.,0.,1.));
#5900 = PCURVE('',#2824,#5901);
#5901 = DEFINITIONAL_REPRESENTATION('',(#5902),#5905);
#5902 = B_SPLINE_CURVE_WITH_KNOTS('',1,(#5903,#5904),.UNSPECIFIED.,.F.,
  .F.,(2,2),(0.,30.),.PIECEWISE_BEZIER_KNOTS.);
#5903 = CARTESIAN_POINT('',(0.,239.));
#5904 = CARTESIAN_POINT('',(30.,239.));
#5905 = ( GEOMETRIC_REPRESENTATION_CONTEXT(2) 
PARAMETRIC_REPRESENTATION_CONTEXT() REPRESENTATION_CONTEXT('2D SPACE',''
  ) );
#5906 = PCURVE('',#5758,#5907);
#5907 = DEFINITIONAL_REPRESENTATION('',(#5908),#5911);
#5908 = B_SPLINE_CURVE_WITH_KNOTS('',1,(#5909,#5910),.UNSPECIFIED.,.F.,
  .F.,(2,2),(0.,30.),.PIECEWISE_BEZIER_KNOTS.);
#5909 = CARTESIAN_POINT('',(0.,-74.));
#5910 = CARTESIAN_POINT('',(30.,-74.));
#5911 = ( GEOMETRIC_REPRESENTATION_CONTEXT(2) 
PARAMETRIC_REPRESENTATION_CONTEXT() REPRESENTATION_CONTEXT('2D SPACE',''
  ) );
#5912 = ORIENTED_EDGE('',*,*,#5913,.T.);
#5913 = EDGE_CURVE('',#5893,#5822,#5914,.T.);
#5914 = SURFACE_CURVE('',#5915,(#5919,#5926),.PCURVE_S1.);
#5915 = LINE('',#5916,#5917);
#5916 = CARTESIAN_POINT('',(-136.,27.,104.));
#5917 = VECTOR('',#5918,1.);
#5918 = DIRECTION('',(1.,0.,0.));
#5919 = PCURVE('',#2824,#5920);
#5920 = DEFINITIONAL_REPRESENTATION('',(#5921),#5925);
#5921 = LINE('',#5922,#5923);
#5922 = CARTESIAN_POINT('',(30.,0.));
#5923 = VECTOR('',#5924,1.);
#5924 = DIRECTION('',(0.,1.));
#5925 = ( GEOMETRIC_REPRESENTATION_CONTEXT(2) 
PARAMETRIC_REPRESENTATION_CONTEXT() REPRESENTATION_CONTEXT('2D SPACE',''
  ) );
#5926 = PCURVE('',#5785,#5927);
#5927 = DEFINITIONAL_REPRESENTATION('',(#5928),#5932);
#5928 = LINE('',#5929,#5930);
#5929 = CARTESIAN_POINT('',(4.,77.));
#5930 = VECTOR('',#5931,1.);
#5931 = DIRECTION('',(1.,0.));
#5932 = ( GEOMETRIC_REPRESENTATION_CONTEXT(2) 
PARAMETRIC_REPRESENTATION_CONTEXT() REPRESENTATION_CONTEXT('2D SPACE',''
  ) );
#5933 = ORIENTED_EDGE('',*,*,#5845,.F.);
#5934 = ORIENTED_EDGE('',*,*,#2809,.F.);
#5935 = ORIENTED_EDGE('',*,*,#5936,.F.);
#5936 = EDGE_CURVE('',#5870,#2784,#5937,.T.);
#5937 = SURFACE_CURVE('',#5938,(#5942,#5949),.PCURVE_S1.);
#5938 = LINE('',#5939,#5940);
#5939 = CARTESIAN_POINT('',(136.,27.,74.));
#5940 = VECTOR('',#5941,1.);
#5941 = DIRECTION('',(0.,0.,1.));
#5942 = PCURVE('',#2824,#5943);
#5943 = DEFINITIONAL_REPRESENTATION('',(#5944),#5948);
#5944 = LINE('',#5945,#5946);
#5945 = CARTESIAN_POINT('',(0.,272.));
#5946 = VECTOR('',#5947,1.);
#5947 = DIRECTION('',(1.,0.));
#5948 = ( GEOMETRIC_REPRESENTATION_CONTEXT(2) 
PARAMETRIC_REPRESENTATION_CONTEXT() REPRESENTATION_CONTEXT('2D SPACE',''
  ) );
#5949 = PCURVE('',#2798,#5950);
#5950 = DEFINITIONAL_REPRESENTATION('',(#5951),#5955);
#5951 = LINE('',#5952,#5953);
#5952 = CARTESIAN_POINT('',(0.,0.));
#5953 = VECTOR('',#5954,1.);
#5954 = DIRECTION('',(1.,0.));
#5955 = ( GEOMETRIC_REPRESENTATION_CONTEXT(2) 
PARAMETRIC_REPRESENTATION_CONTEXT() REPRESENTATION_CONTEXT('2D SPACE',''
  ) );
#5956 = ADVANCED_FACE('',(#5957),#2798,.T.);
#5957 = FACE_BOUND('',#5958,.T.);
#5958 = EDGE_LOOP('',(#5959,#5960,#5983,#6004));
#5959 = ORIENTED_EDGE('',*,*,#5936,.F.);
#5960 = ORIENTED_EDGE('',*,*,#5961,.T.);
#5961 = EDGE_CURVE('',#5870,#5962,#5964,.T.);
#5962 = VERTEX_POINT('',#5963);
#5963 = CARTESIAN_POINT('',(136.,33.,74.));
#5964 = SURFACE_CURVE('',#5965,(#5969,#5976),.PCURVE_S1.);
#5965 = LINE('',#5966,#5967);
#5966 = CARTESIAN_POINT('',(136.,27.,74.));
#5967 = VECTOR('',#5968,1.);
#5968 = DIRECTION('',(0.,1.,0.));
#5969 = PCURVE('',#2798,#5970);
#5970 = DEFINITIONAL_REPRESENTATION('',(#5971),#5975);
#5971 = LINE('',#5972,#5973);
#5972 = CARTESIAN_POINT('',(0.,0.));
#5973 = VECTOR('',#5974,1.);
#5974 = DIRECTION('',(0.,-1.));
#5975 = ( GEOMETRIC_REPRESENTATION_CONTEXT(2) 
PARAMETRIC_REPRESENTATION_CONTEXT() REPRESENTATION_CONTEXT('2D SPACE',''
  ) );
#5976 = PCURVE('',#3807,#5977);
#5977 = DEFINITIONAL_REPRESENTATION('',(#5978),#5982);
#5978 = LINE('',#5979,#5980);
#5979 = CARTESIAN_POINT('',(239.,74.));
#5980 = VECTOR('',#5981,1.);
#5981 = DIRECTION('',(0.,1.));
#5982 = ( GEOMETRIC_REPRESENTATION_CONTEXT(2) 
PARAMETRIC_REPRESENTATION_CONTEXT() REPRESENTATION_CONTEXT('2D SPACE',''
  ) );
#5983 = ORIENTED_EDGE('',*,*,#5984,.T.);
#5984 = EDGE_CURVE('',#5962,#2758,#5985,.T.);
#5985 = SURFACE_CURVE('',#5986,(#5990,#5997),.PCURVE_S1.);
#5986 = LINE('',#5987,#5988);
#5987 = CARTESIAN_POINT('',(136.,33.,74.));
#5988 = VECTOR('',#5989,1.);
#5989 = DIRECTION('',(0.,0.,1.));
#5990 = PCURVE('',#2798,#5991);
#5991 = DEFINITIONAL_REPRESENTATION('',(#5992),#5996);
#5992 = LINE('',#5993,#5994);
#5993 = CARTESIAN_POINT('',(0.,-6.));
#5994 = VECTOR('',#5995,1.);
#5995 = DIRECTION('',(1.,0.));
#5996 = ( GEOMETRIC_REPRESENTATION_CONTEXT(2) 
PARAMETRIC_REPRESENTATION_CONTEXT() REPRESENTATION_CONTEXT('2D SPACE',''
  ) );
#5997 = PCURVE('',#2772,#5998);
#5998 = DEFINITIONAL_REPRESENTATION('',(#5999),#6003);
#5999 = LINE('',#6000,#6001);
#6000 = CARTESIAN_POINT('',(0.,272.));
#6001 = VECTOR('',#6002,1.);
#6002 = DIRECTION('',(1.,0.));
#6003 = ( GEOMETRIC_REPRESENTATION_CONTEXT(2) 
PARAMETRIC_REPRESENTATION_CONTEXT() REPRESENTATION_CONTEXT('2D SPACE',''
  ) );
#6004 = ORIENTED_EDGE('',*,*,#2783,.F.);
#6005 = ADVANCED_FACE('',(#6006),#2772,.T.);
#6006 = FACE_BOUND('',#6007,.T.);
#6007 = EDGE_LOOP('',(#6008,#6031,#6057,#6085,#6104,#6105));
#6008 = ORIENTED_EDGE('',*,*,#6009,.F.);
#6009 = EDGE_CURVE('',#6010,#5962,#6012,.T.);
#6010 = VERTEX_POINT('',#6011);
#6011 = CARTESIAN_POINT('',(103.,33.,74.));
#6012 = SURFACE_CURVE('',#6013,(#6017,#6024),.PCURVE_S1.);
#6013 = LINE('',#6014,#6015);
#6014 = CARTESIAN_POINT('',(-136.,33.,74.));
#6015 = VECTOR('',#6016,1.);
#6016 = DIRECTION('',(1.,0.,0.));
#6017 = PCURVE('',#2772,#6018);
#6018 = DEFINITIONAL_REPRESENTATION('',(#6019),#6023);
#6019 = LINE('',#6020,#6021);
#6020 = CARTESIAN_POINT('',(0.,0.));
#6021 = VECTOR('',#6022,1.);
#6022 = DIRECTION('',(0.,1.));
#6023 = ( GEOMETRIC_REPRESENTATION_CONTEXT(2) 
PARAMETRIC_REPRESENTATION_CONTEXT() REPRESENTATION_CONTEXT('2D SPACE',''
  ) );
#6024 = PCURVE('',#3807,#6025);
#6025 = DEFINITIONAL_REPRESENTATION('',(#6026),#6030);
#6026 = LINE('',#6027,#6028);
#6027 = CARTESIAN_POINT('',(-33.,80.));
#6028 = VECTOR('',#6029,1.);
#6029 = DIRECTION('',(1.,0.));
#6030 = ( GEOMETRIC_REPRESENTATION_CONTEXT(2) 
PARAMETRIC_REPRESENTATION_CONTEXT() REPRESENTATION_CONTEXT('2D SPACE',''
  ) );
#6031 = ORIENTED_EDGE('',*,*,#6032,.T.);
#6032 = EDGE_CURVE('',#6010,#6033,#6035,.T.);
#6033 = VERTEX_POINT('',#6034);
#6034 = CARTESIAN_POINT('',(103.,33.,104.));
#6035 = SURFACE_CURVE('',#6036,(#6040,#6046),.PCURVE_S1.);
#6036 = LINE('',#6037,#6038);
#6037 = CARTESIAN_POINT('',(103.,33.,74.));
#6038 = VECTOR('',#6039,1.);
#6039 = DIRECTION('',(0.,0.,1.));
#6040 = PCURVE('',#2772,#6041);
#6041 = DEFINITIONAL_REPRESENTATION('',(#6042),#6045);
#6042 = B_SPLINE_CURVE_WITH_KNOTS('',1,(#6043,#6044),.UNSPECIFIED.,.F.,
  .F.,(2,2),(0.,30.),.PIECEWISE_BEZIER_KNOTS.);
#6043 = CARTESIAN_POINT('',(0.,239.));
#6044 = CARTESIAN_POINT('',(30.,239.));
#6045 = ( GEOMETRIC_REPRESENTATION_CONTEXT(2) 
PARAMETRIC_REPRESENTATION_CONTEXT() REPRESENTATION_CONTEXT('2D SPACE',''
  ) );
#6046 = PCURVE('',#6047,#6052);
#6047 = PLANE('',#6048);
#6048 = AXIS2_PLACEMENT_3D('',#6049,#6050,#6051);
#6049 = CARTESIAN_POINT('',(103.,-47.,74.));
#6050 = DIRECTION('',(1.,0.,0.));
#6051 = DIRECTION('',(0.,0.,1.));
#6052 = DEFINITIONAL_REPRESENTATION('',(#6053),#6056);
#6053 = B_SPLINE_CURVE_WITH_KNOTS('',1,(#6054,#6055),.UNSPECIFIED.,.F.,
  .F.,(2,2),(0.,30.),.PIECEWISE_BEZIER_KNOTS.);
#6054 = CARTESIAN_POINT('',(0.,-80.));
#6055 = CARTESIAN_POINT('',(30.,-80.));
#6056 = ( GEOMETRIC_REPRESENTATION_CONTEXT(2) 
PARAMETRIC_REPRESENTATION_CONTEXT() REPRESENTATION_CONTEXT('2D SPACE',''
  ) );
#6057 = ORIENTED_EDGE('',*,*,#6058,.T.);
#6058 = EDGE_CURVE('',#6033,#6059,#6061,.T.);
#6059 = VERTEX_POINT('',#6060);
#6060 = CARTESIAN_POINT('',(134.,33.,104.));
#6061 = SURFACE_CURVE('',#6062,(#6066,#6073),.PCURVE_S1.);
#6062 = LINE('',#6063,#6064);
#6063 = CARTESIAN_POINT('',(-136.,33.,104.));
#6064 = VECTOR('',#6065,1.);
#6065 = DIRECTION('',(1.,0.,0.));
#6066 = PCURVE('',#2772,#6067);
#6067 = DEFINITIONAL_REPRESENTATION('',(#6068),#6072);
#6068 = LINE('',#6069,#6070);
#6069 = CARTESIAN_POINT('',(30.,0.));
#6070 = VECTOR('',#6071,1.);
#6071 = DIRECTION('',(0.,1.));
#6072 = ( GEOMETRIC_REPRESENTATION_CONTEXT(2) 
PARAMETRIC_REPRESENTATION_CONTEXT() REPRESENTATION_CONTEXT('2D SPACE',''
  ) );
#6073 = PCURVE('',#6074,#6079);
#6074 = PLANE('',#6075);
#6075 = AXIS2_PLACEMENT_3D('',#6076,#6077,#6078);
#6076 = CARTESIAN_POINT('',(-140.,-50.,104.));
#6077 = DIRECTION('',(0.,0.,1.));
#6078 = DIRECTION('',(1.,0.,0.));
#6079 = DEFINITIONAL_REPRESENTATION('',(#6080),#6084);
#6080 = LINE('',#6081,#6082);
#6081 = CARTESIAN_POINT('',(4.,83.));
#6082 = VECTOR('',#6083,1.);
#6083 = DIRECTION('',(1.,0.));
#6084 = ( GEOMETRIC_REPRESENTATION_CONTEXT(2) 
PARAMETRIC_REPRESENTATION_CONTEXT() REPRESENTATION_CONTEXT('2D SPACE',''
  ) );
#6085 = ORIENTED_EDGE('',*,*,#6086,.F.);
#6086 = EDGE_CURVE('',#2732,#6059,#6087,.T.);
#6087 = SURFACE_CURVE('',#6088,(#6092,#6098),.PCURVE_S1.);
#6088 = LINE('',#6089,#6090);
#6089 = CARTESIAN_POINT('',(134.,33.,74.));
#6090 = VECTOR('',#6091,1.);
#6091 = DIRECTION('',(0.,0.,1.));
#6092 = PCURVE('',#2772,#6093);
#6093 = DEFINITIONAL_REPRESENTATION('',(#6094),#6097);
#6094 = B_SPLINE_CURVE_WITH_KNOTS('',1,(#6095,#6096),.UNSPECIFIED.,.F.,
  .F.,(2,2),(1.,30.),.PIECEWISE_BEZIER_KNOTS.);
#6095 = CARTESIAN_POINT('',(1.,270.));
#6096 = CARTESIAN_POINT('',(30.,270.));
#6097 = ( GEOMETRIC_REPRESENTATION_CONTEXT(2) 
PARAMETRIC_REPRESENTATION_CONTEXT() REPRESENTATION_CONTEXT('2D SPACE',''
  ) );
#6098 = PCURVE('',#2746,#6099);
#6099 = DEFINITIONAL_REPRESENTATION('',(#6100),#6103);
#6100 = B_SPLINE_CURVE_WITH_KNOTS('',1,(#6101,#6102),.UNSPECIFIED.,.F.,
  .F.,(2,2),(1.,30.),.PIECEWISE_BEZIER_KNOTS.);
#6101 = CARTESIAN_POINT('',(1.,-77.));
#6102 = CARTESIAN_POINT('',(30.,-77.));
#6103 = ( GEOMETRIC_REPRESENTATION_CONTEXT(2) 
PARAMETRIC_REPRESENTATION_CONTEXT() REPRESENTATION_CONTEXT('2D SPACE',''
  ) );
#6104 = ORIENTED_EDGE('',*,*,#2757,.F.);
#6105 = ORIENTED_EDGE('',*,*,#5984,.F.);
#6106 = ADVANCED_FACE('',(#6107),#2746,.F.);
#6107 = FACE_BOUND('',#6108,.F.);
#6108 = EDGE_LOOP('',(#6109,#6131,#6132,#6133));
#6109 = ORIENTED_EDGE('',*,*,#6110,.F.);
#6110 = EDGE_CURVE('',#6059,#6111,#6113,.T.);
#6111 = VERTEX_POINT('',#6112);
#6112 = CARTESIAN_POINT('',(134.,67.,104.));
#6113 = SURFACE_CURVE('',#6114,(#6118,#6124),.PCURVE_S1.);
#6114 = LINE('',#6115,#6116);
#6115 = CARTESIAN_POINT('',(134.,-46.,104.));
#6116 = VECTOR('',#6117,1.);
#6117 = DIRECTION('',(0.,1.,0.));
#6118 = PCURVE('',#2746,#6119);
#6119 = DEFINITIONAL_REPRESENTATION('',(#6120),#6123);
#6120 = B_SPLINE_CURVE_WITH_KNOTS('',1,(#6121,#6122),.UNSPECIFIED.,.F.,
  .F.,(2,2),(16.,176.),.PIECEWISE_BEZIER_KNOTS.);
#6121 = CARTESIAN_POINT('',(30.,-14.));
#6122 = CARTESIAN_POINT('',(30.,-174.));
#6123 = ( GEOMETRIC_REPRESENTATION_CONTEXT(2) 
PARAMETRIC_REPRESENTATION_CONTEXT() REPRESENTATION_CONTEXT('2D SPACE',''
  ) );
#6124 = PCURVE('',#6074,#6125);
#6125 = DEFINITIONAL_REPRESENTATION('',(#6126),#6130);
#6126 = LINE('',#6127,#6128);
#6127 = CARTESIAN_POINT('',(274.,4.));
#6128 = VECTOR('',#6129,1.);
#6129 = DIRECTION('',(0.,1.));
#6130 = ( GEOMETRIC_REPRESENTATION_CONTEXT(2) 
PARAMETRIC_REPRESENTATION_CONTEXT() REPRESENTATION_CONTEXT('2D SPACE',''
  ) );
#6131 = ORIENTED_EDGE('',*,*,#6086,.F.);
#6132 = ORIENTED_EDGE('',*,*,#2731,.T.);
#6133 = ORIENTED_EDGE('',*,*,#6134,.T.);
#6134 = EDGE_CURVE('',#2706,#6111,#6135,.T.);
#6135 = SURFACE_CURVE('',#6136,(#6140,#6146),.PCURVE_S1.);
#6136 = LINE('',#6137,#6138);
#6137 = CARTESIAN_POINT('',(134.,67.,74.));
#6138 = VECTOR('',#6139,1.);
#6139 = DIRECTION('',(0.,0.,1.));
#6140 = PCURVE('',#2746,#6141);
#6141 = DEFINITIONAL_REPRESENTATION('',(#6142),#6145);
#6142 = B_SPLINE_CURVE_WITH_KNOTS('',1,(#6143,#6144),.UNSPECIFIED.,.F.,
  .F.,(2,2),(1.,30.),.PIECEWISE_BEZIER_KNOTS.);
#6143 = CARTESIAN_POINT('',(1.,-111.));
#6144 = CARTESIAN_POINT('',(30.,-111.));
#6145 = ( GEOMETRIC_REPRESENTATION_CONTEXT(2) 
PARAMETRIC_REPRESENTATION_CONTEXT() REPRESENTATION_CONTEXT('2D SPACE',''
  ) );
#6146 = PCURVE('',#2720,#6147);
#6147 = DEFINITIONAL_REPRESENTATION('',(#6148),#6151);
#6148 = B_SPLINE_CURVE_WITH_KNOTS('',1,(#6149,#6150),.UNSPECIFIED.,.F.,
  .F.,(2,2),(1.,30.),.PIECEWISE_BEZIER_KNOTS.);
#6149 = CARTESIAN_POINT('',(1.,270.));
#6150 = CARTESIAN_POINT('',(30.,270.));
#6151 = ( GEOMETRIC_REPRESENTATION_CONTEXT(2) 
PARAMETRIC_REPRESENTATION_CONTEXT() REPRESENTATION_CONTEXT('2D SPACE',''
  ) );
#6152 = ADVANCED_FACE('',(#6153),#2720,.F.);
#6153 = FACE_BOUND('',#6154,.F.);
#6154 = EDGE_LOOP('',(#6155,#6180,#6201,#6222,#6223,#6224));
#6155 = ORIENTED_EDGE('',*,*,#6156,.F.);
#6156 = EDGE_CURVE('',#6157,#6159,#6161,.T.);
#6157 = VERTEX_POINT('',#6158);
#6158 = CARTESIAN_POINT('',(103.,67.,74.));
#6159 = VERTEX_POINT('',#6160);
#6160 = CARTESIAN_POINT('',(136.,67.,74.));
#6161 = SURFACE_CURVE('',#6162,(#6166,#6173),.PCURVE_S1.);
#6162 = LINE('',#6163,#6164);
#6163 = CARTESIAN_POINT('',(-136.,67.,74.));
#6164 = VECTOR('',#6165,1.);
#6165 = DIRECTION('',(1.,0.,0.));
#6166 = PCURVE('',#2720,#6167);
#6167 = DEFINITIONAL_REPRESENTATION('',(#6168),#6172);
#6168 = LINE('',#6169,#6170);
#6169 = CARTESIAN_POINT('',(0.,0.));
#6170 = VECTOR('',#6171,1.);
#6171 = DIRECTION('',(0.,1.));
#6172 = ( GEOMETRIC_REPRESENTATION_CONTEXT(2) 
PARAMETRIC_REPRESENTATION_CONTEXT() REPRESENTATION_CONTEXT('2D SPACE',''
  ) );
#6173 = PCURVE('',#3807,#6174);
#6174 = DEFINITIONAL_REPRESENTATION('',(#6175),#6179);
#6175 = LINE('',#6176,#6177);
#6176 = CARTESIAN_POINT('',(-33.,114.));
#6177 = VECTOR('',#6178,1.);
#6178 = DIRECTION('',(1.,0.));
#6179 = ( GEOMETRIC_REPRESENTATION_CONTEXT(2) 
PARAMETRIC_REPRESENTATION_CONTEXT() REPRESENTATION_CONTEXT('2D SPACE',''
  ) );
#6180 = ORIENTED_EDGE('',*,*,#6181,.T.);
#6181 = EDGE_CURVE('',#6157,#6182,#6184,.T.);
#6182 = VERTEX_POINT('',#6183);
#6183 = CARTESIAN_POINT('',(103.,67.,104.));
#6184 = SURFACE_CURVE('',#6185,(#6189,#6195),.PCURVE_S1.);
#6185 = LINE('',#6186,#6187);
#6186 = CARTESIAN_POINT('',(103.,67.,74.));
#6187 = VECTOR('',#6188,1.);
#6188 = DIRECTION('',(0.,0.,1.));
#6189 = PCURVE('',#2720,#6190);
#6190 = DEFINITIONAL_REPRESENTATION('',(#6191),#6194);
#6191 = B_SPLINE_CURVE_WITH_KNOTS('',1,(#6192,#6193),.UNSPECIFIED.,.F.,
  .F.,(2,2),(0.,30.),.PIECEWISE_BEZIER_KNOTS.);
#6192 = CARTESIAN_POINT('',(0.,239.));
#6193 = CARTESIAN_POINT('',(30.,239.));
#6194 = ( GEOMETRIC_REPRESENTATION_CONTEXT(2) 
PARAMETRIC_REPRESENTATION_CONTEXT() REPRESENTATION_CONTEXT('2D SPACE',''
  ) );
#6195 = PCURVE('',#6047,#6196);
#6196 = DEFINITIONAL_REPRESENTATION('',(#6197),#6200);
#6197 = B_SPLINE_CURVE_WITH_KNOTS('',1,(#6198,#6199),.UNSPECIFIED.,.F.,
  .F.,(2,2),(0.,30.),.PIECEWISE_BEZIER_KNOTS.);
#6198 = CARTESIAN_POINT('',(0.,-114.));
#6199 = CARTESIAN_POINT('',(30.,-114.));
#6200 = ( GEOMETRIC_REPRESENTATION_CONTEXT(2) 
PARAMETRIC_REPRESENTATION_CONTEXT() REPRESENTATION_CONTEXT('2D SPACE',''
  ) );
#6201 = ORIENTED_EDGE('',*,*,#6202,.T.);
#6202 = EDGE_CURVE('',#6182,#6111,#6203,.T.);
#6203 = SURFACE_CURVE('',#6204,(#6208,#6215),.PCURVE_S1.);
#6204 = LINE('',#6205,#6206);
#6205 = CARTESIAN_POINT('',(-136.,67.,104.));
#6206 = VECTOR('',#6207,1.);
#6207 = DIRECTION('',(1.,0.,0.));
#6208 = PCURVE('',#2720,#6209);
#6209 = DEFINITIONAL_REPRESENTATION('',(#6210),#6214);
#6210 = LINE('',#6211,#6212);
#6211 = CARTESIAN_POINT('',(30.,0.));
#6212 = VECTOR('',#6213,1.);
#6213 = DIRECTION('',(0.,1.));
#6214 = ( GEOMETRIC_REPRESENTATION_CONTEXT(2) 
PARAMETRIC_REPRESENTATION_CONTEXT() REPRESENTATION_CONTEXT('2D SPACE',''
  ) );
#6215 = PCURVE('',#6074,#6216);
#6216 = DEFINITIONAL_REPRESENTATION('',(#6217),#6221);
#6217 = LINE('',#6218,#6219);
#6218 = CARTESIAN_POINT('',(4.,117.));
#6219 = VECTOR('',#6220,1.);
#6220 = DIRECTION('',(1.,0.));
#6221 = ( GEOMETRIC_REPRESENTATION_CONTEXT(2) 
PARAMETRIC_REPRESENTATION_CONTEXT() REPRESENTATION_CONTEXT('2D SPACE',''
  ) );
#6222 = ORIENTED_EDGE('',*,*,#6134,.F.);
#6223 = ORIENTED_EDGE('',*,*,#2705,.F.);
#6224 = ORIENTED_EDGE('',*,*,#6225,.F.);
#6225 = EDGE_CURVE('',#6159,#2680,#6226,.T.);
#6226 = SURFACE_CURVE('',#6227,(#6231,#6238),.PCURVE_S1.);
#6227 = LINE('',#6228,#6229);
#6228 = CARTESIAN_POINT('',(136.,67.,74.));
#6229 = VECTOR('',#6230,1.);
#6230 = DIRECTION('',(0.,0.,1.));
#6231 = PCURVE('',#2720,#6232);
#6232 = DEFINITIONAL_REPRESENTATION('',(#6233),#6237);
#6233 = LINE('',#6234,#6235);
#6234 = CARTESIAN_POINT('',(0.,272.));
#6235 = VECTOR('',#6236,1.);
#6236 = DIRECTION('',(1.,0.));
#6237 = ( GEOMETRIC_REPRESENTATION_CONTEXT(2) 
PARAMETRIC_REPRESENTATION_CONTEXT() REPRESENTATION_CONTEXT('2D SPACE',''
  ) );
#6238 = PCURVE('',#2694,#6239);
#6239 = DEFINITIONAL_REPRESENTATION('',(#6240),#6244);
#6240 = LINE('',#6241,#6242);
#6241 = CARTESIAN_POINT('',(0.,0.));
#6242 = VECTOR('',#6243,1.);
#6243 = DIRECTION('',(1.,0.));
#6244 = ( GEOMETRIC_REPRESENTATION_CONTEXT(2) 
PARAMETRIC_REPRESENTATION_CONTEXT() REPRESENTATION_CONTEXT('2D SPACE',''
  ) );
#6245 = ADVANCED_FACE('',(#6246),#2694,.T.);
#6246 = FACE_BOUND('',#6247,.T.);
#6247 = EDGE_LOOP('',(#6248,#6249,#6272,#6293));
#6248 = ORIENTED_EDGE('',*,*,#6225,.F.);
#6249 = ORIENTED_EDGE('',*,*,#6250,.T.);
#6250 = EDGE_CURVE('',#6159,#6251,#6253,.T.);
#6251 = VERTEX_POINT('',#6252);
#6252 = CARTESIAN_POINT('',(136.,73.,74.));
#6253 = SURFACE_CURVE('',#6254,(#6258,#6265),.PCURVE_S1.);
#6254 = LINE('',#6255,#6256);
#6255 = CARTESIAN_POINT('',(136.,67.,74.));
#6256 = VECTOR('',#6257,1.);
#6257 = DIRECTION('',(0.,1.,0.));
#6258 = PCURVE('',#2694,#6259);
#6259 = DEFINITIONAL_REPRESENTATION('',(#6260),#6264);
#6260 = LINE('',#6261,#6262);
#6261 = CARTESIAN_POINT('',(0.,0.));
#6262 = VECTOR('',#6263,1.);
#6263 = DIRECTION('',(0.,-1.));
#6264 = ( GEOMETRIC_REPRESENTATION_CONTEXT(2) 
PARAMETRIC_REPRESENTATION_CONTEXT() REPRESENTATION_CONTEXT('2D SPACE',''
  ) );
#6265 = PCURVE('',#3807,#6266);
#6266 = DEFINITIONAL_REPRESENTATION('',(#6267),#6271);
#6267 = LINE('',#6268,#6269);
#6268 = CARTESIAN_POINT('',(239.,114.));
#6269 = VECTOR('',#6270,1.);
#6270 = DIRECTION('',(0.,1.));
#6271 = ( GEOMETRIC_REPRESENTATION_CONTEXT(2) 
PARAMETRIC_REPRESENTATION_CONTEXT() REPRESENTATION_CONTEXT('2D SPACE',''
  ) );
#6272 = ORIENTED_EDGE('',*,*,#6273,.T.);
#6273 = EDGE_CURVE('',#6251,#2654,#6274,.T.);
#6274 = SURFACE_CURVE('',#6275,(#6279,#6286),.PCURVE_S1.);
#6275 = LINE('',#6276,#6277);
#6276 = CARTESIAN_POINT('',(136.,73.,74.));
#6277 = VECTOR('',#6278,1.);
#6278 = DIRECTION('',(0.,0.,1.));
#6279 = PCURVE('',#2694,#6280);
#6280 = DEFINITIONAL_REPRESENTATION('',(#6281),#6285);
#6281 = LINE('',#6282,#6283);
#6282 = CARTESIAN_POINT('',(0.,-6.));
#6283 = VECTOR('',#6284,1.);
#6284 = DIRECTION('',(1.,0.));
#6285 = ( GEOMETRIC_REPRESENTATION_CONTEXT(2) 
PARAMETRIC_REPRESENTATION_CONTEXT() REPRESENTATION_CONTEXT('2D SPACE',''
  ) );
#6286 = PCURVE('',#2668,#6287);
#6287 = DEFINITIONAL_REPRESENTATION('',(#6288),#6292);
#6288 = LINE('',#6289,#6290);
#6289 = CARTESIAN_POINT('',(0.,272.));
#6290 = VECTOR('',#6291,1.);
#6291 = DIRECTION('',(1.,0.));
#6292 = ( GEOMETRIC_REPRESENTATION_CONTEXT(2) 
PARAMETRIC_REPRESENTATION_CONTEXT() REPRESENTATION_CONTEXT('2D SPACE',''
  ) );
#6293 = ORIENTED_EDGE('',*,*,#2679,.F.);
#6294 = ADVANCED_FACE('',(#6295),#2668,.T.);
#6295 = FACE_BOUND('',#6296,.T.);
#6296 = EDGE_LOOP('',(#6297,#6320,#6346,#6374,#6393,#6394));
#6297 = ORIENTED_EDGE('',*,*,#6298,.F.);
#6298 = EDGE_CURVE('',#6299,#6251,#6301,.T.);
#6299 = VERTEX_POINT('',#6300);
#6300 = CARTESIAN_POINT('',(103.,73.,74.));
#6301 = SURFACE_CURVE('',#6302,(#6306,#6313),.PCURVE_S1.);
#6302 = LINE('',#6303,#6304);
#6303 = CARTESIAN_POINT('',(-136.,73.,74.));
#6304 = VECTOR('',#6305,1.);
#6305 = DIRECTION('',(1.,0.,0.));
#6306 = PCURVE('',#2668,#6307);
#6307 = DEFINITIONAL_REPRESENTATION('',(#6308),#6312);
#6308 = LINE('',#6309,#6310);
#6309 = CARTESIAN_POINT('',(0.,0.));
#6310 = VECTOR('',#6311,1.);
#6311 = DIRECTION('',(0.,1.));
#6312 = ( GEOMETRIC_REPRESENTATION_CONTEXT(2) 
PARAMETRIC_REPRESENTATION_CONTEXT() REPRESENTATION_CONTEXT('2D SPACE',''
  ) );
#6313 = PCURVE('',#3807,#6314);
#6314 = DEFINITIONAL_REPRESENTATION('',(#6315),#6319);
#6315 = LINE('',#6316,#6317);
#6316 = CARTESIAN_POINT('',(-33.,120.));
#6317 = VECTOR('',#6318,1.);
#6318 = DIRECTION('',(1.,0.));
#6319 = ( GEOMETRIC_REPRESENTATION_CONTEXT(2) 
PARAMETRIC_REPRESENTATION_CONTEXT() REPRESENTATION_CONTEXT('2D SPACE',''
  ) );
#6320 = ORIENTED_EDGE('',*,*,#6321,.T.);
#6321 = EDGE_CURVE('',#6299,#6322,#6324,.T.);
#6322 = VERTEX_POINT('',#6323);
#6323 = CARTESIAN_POINT('',(103.,73.,104.));
#6324 = SURFACE_CURVE('',#6325,(#6329,#6335),.PCURVE_S1.);
#6325 = LINE('',#6326,#6327);
#6326 = CARTESIAN_POINT('',(103.,73.,74.));
#6327 = VECTOR('',#6328,1.);
#6328 = DIRECTION('',(0.,0.,1.));
#6329 = PCURVE('',#2668,#6330);
#6330 = DEFINITIONAL_REPRESENTATION('',(#6331),#6334);
#6331 = B_SPLINE_CURVE_WITH_KNOTS('',1,(#6332,#6333),.UNSPECIFIED.,.F.,
  .F.,(2,2),(0.,30.),.PIECEWISE_BEZIER_KNOTS.);
#6332 = CARTESIAN_POINT('',(0.,239.));
#6333 = CARTESIAN_POINT('',(30.,239.));
#6334 = ( GEOMETRIC_REPRESENTATION_CONTEXT(2) 
PARAMETRIC_REPRESENTATION_CONTEXT() REPRESENTATION_CONTEXT('2D SPACE',''
  ) );
#6335 = PCURVE('',#6336,#6341);
#6336 = PLANE('',#6337);
#6337 = AXIS2_PLACEMENT_3D('',#6338,#6339,#6340);
#6338 = CARTESIAN_POINT('',(103.,-47.,74.));
#6339 = DIRECTION('',(1.,0.,0.));
#6340 = DIRECTION('',(0.,0.,1.));
#6341 = DEFINITIONAL_REPRESENTATION('',(#6342),#6345);
#6342 = B_SPLINE_CURVE_WITH_KNOTS('',1,(#6343,#6344),.UNSPECIFIED.,.F.,
  .F.,(2,2),(0.,30.),.PIECEWISE_BEZIER_KNOTS.);
#6343 = CARTESIAN_POINT('',(0.,-120.));
#6344 = CARTESIAN_POINT('',(30.,-120.));
#6345 = ( GEOMETRIC_REPRESENTATION_CONTEXT(2) 
PARAMETRIC_REPRESENTATION_CONTEXT() REPRESENTATION_CONTEXT('2D SPACE',''
  ) );
#6346 = ORIENTED_EDGE('',*,*,#6347,.T.);
#6347 = EDGE_CURVE('',#6322,#6348,#6350,.T.);
#6348 = VERTEX_POINT('',#6349);
#6349 = CARTESIAN_POINT('',(134.,73.,104.));
#6350 = SURFACE_CURVE('',#6351,(#6355,#6362),.PCURVE_S1.);
#6351 = LINE('',#6352,#6353);
#6352 = CARTESIAN_POINT('',(-136.,73.,104.));
#6353 = VECTOR('',#6354,1.);
#6354 = DIRECTION('',(1.,0.,0.));
#6355 = PCURVE('',#2668,#6356);
#6356 = DEFINITIONAL_REPRESENTATION('',(#6357),#6361);
#6357 = LINE('',#6358,#6359);
#6358 = CARTESIAN_POINT('',(30.,0.));
#6359 = VECTOR('',#6360,1.);
#6360 = DIRECTION('',(0.,1.));
#6361 = ( GEOMETRIC_REPRESENTATION_CONTEXT(2) 
PARAMETRIC_REPRESENTATION_CONTEXT() REPRESENTATION_CONTEXT('2D SPACE',''
  ) );
#6362 = PCURVE('',#6363,#6368);
#6363 = PLANE('',#6364);
#6364 = AXIS2_PLACEMENT_3D('',#6365,#6366,#6367);
#6365 = CARTESIAN_POINT('',(-140.,-50.,104.));
#6366 = DIRECTION('',(0.,0.,1.));
#6367 = DIRECTION('',(1.,0.,0.));
#6368 = DEFINITIONAL_REPRESENTATION('',(#6369),#6373);
#6369 = LINE('',#6370,#6371);
#6370 = CARTESIAN_POINT('',(4.,123.));
#6371 = VECTOR('',#6372,1.);
#6372 = DIRECTION('',(1.,0.));
#6373 = ( GEOMETRIC_REPRESENTATION_CONTEXT(2) 
PARAMETRIC_REPRESENTATION_CONTEXT() REPRESENTATION_CONTEXT('2D SPACE',''
  ) );
#6374 = ORIENTED_EDGE('',*,*,#6375,.F.);
#6375 = EDGE_CURVE('',#2628,#6348,#6376,.T.);
#6376 = SURFACE_CURVE('',#6377,(#6381,#6387),.PCURVE_S1.);
#6377 = LINE('',#6378,#6379);
#6378 = CARTESIAN_POINT('',(134.,73.,74.));
#6379 = VECTOR('',#6380,1.);
#6380 = DIRECTION('',(0.,0.,1.));
#6381 = PCURVE('',#2668,#6382);
#6382 = DEFINITIONAL_REPRESENTATION('',(#6383),#6386);
#6383 = B_SPLINE_CURVE_WITH_KNOTS('',1,(#6384,#6385),.UNSPECIFIED.,.F.,
  .F.,(2,2),(1.,30.),.PIECEWISE_BEZIER_KNOTS.);
#6384 = CARTESIAN_POINT('',(1.,270.));
#6385 = CARTESIAN_POINT('',(30.,270.));
#6386 = ( GEOMETRIC_REPRESENTATION_CONTEXT(2) 
PARAMETRIC_REPRESENTATION_CONTEXT() REPRESENTATION_CONTEXT('2D SPACE',''
  ) );
#6387 = PCURVE('',#2642,#6388);
#6388 = DEFINITIONAL_REPRESENTATION('',(#6389),#6392);
#6389 = B_SPLINE_CURVE_WITH_KNOTS('',1,(#6390,#6391),.UNSPECIFIED.,.F.,
  .F.,(2,2),(1.,30.),.PIECEWISE_BEZIER_KNOTS.);
#6390 = CARTESIAN_POINT('',(1.,-117.));
#6391 = CARTESIAN_POINT('',(30.,-117.));
#6392 = ( GEOMETRIC_REPRESENTATION_CONTEXT(2) 
PARAMETRIC_REPRESENTATION_CONTEXT() REPRESENTATION_CONTEXT('2D SPACE',''
  ) );
#6393 = ORIENTED_EDGE('',*,*,#2653,.F.);
#6394 = ORIENTED_EDGE('',*,*,#6273,.F.);
#6395 = ADVANCED_FACE('',(#6396),#2642,.F.);
#6396 = FACE_BOUND('',#6397,.F.);
#6397 = EDGE_LOOP('',(#6398,#6420,#6421,#6422));
#6398 = ORIENTED_EDGE('',*,*,#6399,.F.);
#6399 = EDGE_CURVE('',#6348,#6400,#6402,.T.);
#6400 = VERTEX_POINT('',#6401);
#6401 = CARTESIAN_POINT('',(134.,107.,104.));
#6402 = SURFACE_CURVE('',#6403,(#6407,#6413),.PCURVE_S1.);
#6403 = LINE('',#6404,#6405);
#6404 = CARTESIAN_POINT('',(134.,-46.,104.));
#6405 = VECTOR('',#6406,1.);
#6406 = DIRECTION('',(0.,1.,0.));
#6407 = PCURVE('',#2642,#6408);
#6408 = DEFINITIONAL_REPRESENTATION('',(#6409),#6412);
#6409 = B_SPLINE_CURVE_WITH_KNOTS('',1,(#6410,#6411),.UNSPECIFIED.,.F.,
  .F.,(2,2),(16.,176.),.PIECEWISE_BEZIER_KNOTS.);
#6410 = CARTESIAN_POINT('',(30.,-14.));
#6411 = CARTESIAN_POINT('',(30.,-174.));
#6412 = ( GEOMETRIC_REPRESENTATION_CONTEXT(2) 
PARAMETRIC_REPRESENTATION_CONTEXT() REPRESENTATION_CONTEXT('2D SPACE',''
  ) );
#6413 = PCURVE('',#6363,#6414);
#6414 = DEFINITIONAL_REPRESENTATION('',(#6415),#6419);
#6415 = LINE('',#6416,#6417);
#6416 = CARTESIAN_POINT('',(274.,4.));
#6417 = VECTOR('',#6418,1.);
#6418 = DIRECTION('',(0.,1.));
#6419 = ( GEOMETRIC_REPRESENTATION_CONTEXT(2) 
PARAMETRIC_REPRESENTATION_CONTEXT() REPRESENTATION_CONTEXT('2D SPACE',''
  ) );
#6420 = ORIENTED_EDGE('',*,*,#6375,.F.);
#6421 = ORIENTED_EDGE('',*,*,#2627,.T.);
#6422 = ORIENTED_EDGE('',*,*,#6423,.T.);
#6423 = EDGE_CURVE('',#2602,#6400,#6424,.T.);
#6424 = SURFACE_CURVE('',#6425,(#6429,#6435),.PCURVE_S1.);
#6425 = LINE('',#6426,#6427);
#6426 = CARTESIAN_POINT('',(134.,107.,74.));
#6427 = VECTOR('',#6428,1.);
#6428 = DIRECTION('',(0.,0.,1.));
#6429 = PCURVE('',#2642,#6430);
#6430 = DEFINITIONAL_REPRESENTATION('',(#6431),#6434);
#6431 = B_SPLINE_CURVE_WITH_KNOTS('',1,(#6432,#6433),.UNSPECIFIED.,.F.,
  .F.,(2,2),(1.,30.),.PIECEWISE_BEZIER_KNOTS.);
#6432 = CARTESIAN_POINT('',(1.,-151.));
#6433 = CARTESIAN_POINT('',(30.,-151.));
#6434 = ( GEOMETRIC_REPRESENTATION_CONTEXT(2) 
PARAMETRIC_REPRESENTATION_CONTEXT() REPRESENTATION_CONTEXT('2D SPACE',''
  ) );
#6435 = PCURVE('',#2616,#6436);
#6436 = DEFINITIONAL_REPRESENTATION('',(#6437),#6440);
#6437 = B_SPLINE_CURVE_WITH_KNOTS('',1,(#6438,#6439),.UNSPECIFIED.,.F.,
  .F.,(2,2),(1.,30.),.PIECEWISE_BEZIER_KNOTS.);
#6438 = CARTESIAN_POINT('',(1.,270.));
#6439 = CARTESIAN_POINT('',(30.,270.));
#6440 = ( GEOMETRIC_REPRESENTATION_CONTEXT(2) 
PARAMETRIC_REPRESENTATION_CONTEXT() REPRESENTATION_CONTEXT('2D SPACE',''
  ) );
#6441 = ADVANCED_FACE('',(#6442),#2616,.F.);
#6442 = FACE_BOUND('',#6443,.F.);
#6443 = EDGE_LOOP('',(#6444,#6469,#6490,#6511,#6512,#6513));
#6444 = ORIENTED_EDGE('',*,*,#6445,.F.);
#6445 = EDGE_CURVE('',#6446,#6448,#6450,.T.);
#6446 = VERTEX_POINT('',#6447);
#6447 = CARTESIAN_POINT('',(103.,107.,74.));
#6448 = VERTEX_POINT('',#6449);
#6449 = CARTESIAN_POINT('',(136.,107.,74.));
#6450 = SURFACE_CURVE('',#6451,(#6455,#6462),.PCURVE_S1.);
#6451 = LINE('',#6452,#6453);
#6452 = CARTESIAN_POINT('',(-136.,107.,74.));
#6453 = VECTOR('',#6454,1.);
#6454 = DIRECTION('',(1.,0.,0.));
#6455 = PCURVE('',#2616,#6456);
#6456 = DEFINITIONAL_REPRESENTATION('',(#6457),#6461);
#6457 = LINE('',#6458,#6459);
#6458 = CARTESIAN_POINT('',(0.,0.));
#6459 = VECTOR('',#6460,1.);
#6460 = DIRECTION('',(0.,1.));
#6461 = ( GEOMETRIC_REPRESENTATION_CONTEXT(2) 
PARAMETRIC_REPRESENTATION_CONTEXT() REPRESENTATION_CONTEXT('2D SPACE',''
  ) );
#6462 = PCURVE('',#3807,#6463);
#6463 = DEFINITIONAL_REPRESENTATION('',(#6464),#6468);
#6464 = LINE('',#6465,#6466);
#6465 = CARTESIAN_POINT('',(-33.,154.));
#6466 = VECTOR('',#6467,1.);
#6467 = DIRECTION('',(1.,0.));
#6468 = ( GEOMETRIC_REPRESENTATION_CONTEXT(2) 
PARAMETRIC_REPRESENTATION_CONTEXT() REPRESENTATION_CONTEXT('2D SPACE',''
  ) );
#6469 = ORIENTED_EDGE('',*,*,#6470,.T.);
#6470 = EDGE_CURVE('',#6446,#6471,#6473,.T.);
#6471 = VERTEX_POINT('',#6472);
#6472 = CARTESIAN_POINT('',(103.,107.,104.));
#6473 = SURFACE_CURVE('',#6474,(#6478,#6484),.PCURVE_S1.);
#6474 = LINE('',#6475,#6476);
#6475 = CARTESIAN_POINT('',(103.,107.,74.));
#6476 = VECTOR('',#6477,1.);
#6477 = DIRECTION('',(0.,0.,1.));
#6478 = PCURVE('',#2616,#6479);
#6479 = DEFINITIONAL_REPRESENTATION('',(#6480),#6483);
#6480 = B_SPLINE_CURVE_WITH_KNOTS('',1,(#6481,#6482),.UNSPECIFIED.,.F.,
  .F.,(2,2),(0.,30.),.PIECEWISE_BEZIER_KNOTS.);
#6481 = CARTESIAN_POINT('',(0.,239.));
#6482 = CARTESIAN_POINT('',(30.,239.));
#6483 = ( GEOMETRIC_REPRESENTATION_CONTEXT(2) 
PARAMETRIC_REPRESENTATION_CONTEXT() REPRESENTATION_CONTEXT('2D SPACE',''
  ) );
#6484 = PCURVE('',#6336,#6485);
#6485 = DEFINITIONAL_REPRESENTATION('',(#6486),#6489);
#6486 = B_SPLINE_CURVE_WITH_KNOTS('',1,(#6487,#6488),.UNSPECIFIED.,.F.,
  .F.,(2,2),(0.,30.),.PIECEWISE_BEZIER_KNOTS.);
#6487 = CARTESIAN_POINT('',(0.,-154.));
#6488 = CARTESIAN_POINT('',(30.,-154.));
#6489 = ( GEOMETRIC_REPRESENTATION_CONTEXT(2) 
PARAMETRIC_REPRESENTATION_CONTEXT() REPRESENTATION_CONTEXT('2D SPACE',''
  ) );
#6490 = ORIENTED_EDGE('',*,*,#6491,.T.);
#6491 = EDGE_CURVE('',#6471,#6400,#6492,.T.);
#6492 = SURFACE_CURVE('',#6493,(#6497,#6504),.PCURVE_S1.);
#6493 = LINE('',#6494,#6495);
#6494 = CARTESIAN_POINT('',(-136.,107.,104.));
#6495 = VECTOR('',#6496,1.);
#6496 = DIRECTION('',(1.,0.,0.));
#6497 = PCURVE('',#2616,#6498);
#6498 = DEFINITIONAL_REPRESENTATION('',(#6499),#6503);
#6499 = LINE('',#6500,#6501);
#6500 = CARTESIAN_POINT('',(30.,0.));
#6501 = VECTOR('',#6502,1.);
#6502 = DIRECTION('',(0.,1.));
#6503 = ( GEOMETRIC_REPRESENTATION_CONTEXT(2) 
PARAMETRIC_REPRESENTATION_CONTEXT() REPRESENTATION_CONTEXT('2D SPACE',''
  ) );
#6504 = PCURVE('',#6363,#6505);
#6505 = DEFINITIONAL_REPRESENTATION('',(#6506),#6510);
#6506 = LINE('',#6507,#6508);
#6507 = CARTESIAN_POINT('',(4.,157.));
#6508 = VECTOR('',#6509,1.);
#6509 = DIRECTION('',(1.,0.));
#6510 = ( GEOMETRIC_REPRESENTATION_CONTEXT(2) 
PARAMETRIC_REPRESENTATION_CONTEXT() REPRESENTATION_CONTEXT('2D SPACE',''
  ) );
#6511 = ORIENTED_EDGE('',*,*,#6423,.F.);
#6512 = ORIENTED_EDGE('',*,*,#2601,.F.);
#6513 = ORIENTED_EDGE('',*,*,#6514,.F.);
#6514 = EDGE_CURVE('',#6448,#2576,#6515,.T.);
#6515 = SURFACE_CURVE('',#6516,(#6520,#6527),.PCURVE_S1.);
#6516 = LINE('',#6517,#6518);
#6517 = CARTESIAN_POINT('',(136.,107.,74.));
#6518 = VECTOR('',#6519,1.);
#6519 = DIRECTION('',(0.,0.,1.));
#6520 = PCURVE('',#2616,#6521);
#6521 = DEFINITIONAL_REPRESENTATION('',(#6522),#6526);
#6522 = LINE('',#6523,#6524);
#6523 = CARTESIAN_POINT('',(0.,272.));
#6524 = VECTOR('',#6525,1.);
#6525 = DIRECTION('',(1.,0.));
#6526 = ( GEOMETRIC_REPRESENTATION_CONTEXT(2) 
PARAMETRIC_REPRESENTATION_CONTEXT() REPRESENTATION_CONTEXT('2D SPACE',''
  ) );
#6527 = PCURVE('',#2590,#6528);
#6528 = DEFINITIONAL_REPRESENTATION('',(#6529),#6533);
#6529 = LINE('',#6530,#6531);
#6530 = CARTESIAN_POINT('',(0.,0.));
#6531 = VECTOR('',#6532,1.);
#6532 = DIRECTION('',(1.,0.));
#6533 = ( GEOMETRIC_REPRESENTATION_CONTEXT(2) 
PARAMETRIC_REPRESENTATION_CONTEXT() REPRESENTATION_CONTEXT('2D SPACE',''
  ) );
#6534 = ADVANCED_FACE('',(#6535),#2590,.T.);
#6535 = FACE_BOUND('',#6536,.T.);
#6536 = EDGE_LOOP('',(#6537,#6538,#6561,#6582));
#6537 = ORIENTED_EDGE('',*,*,#6514,.F.);
#6538 = ORIENTED_EDGE('',*,*,#6539,.T.);
#6539 = EDGE_CURVE('',#6448,#6540,#6542,.T.);
#6540 = VERTEX_POINT('',#6541);
#6541 = CARTESIAN_POINT('',(136.,113.,74.));
#6542 = SURFACE_CURVE('',#6543,(#6547,#6554),.PCURVE_S1.);
#6543 = LINE('',#6544,#6545);
#6544 = CARTESIAN_POINT('',(136.,107.,74.));
#6545 = VECTOR('',#6546,1.);
#6546 = DIRECTION('',(0.,1.,0.));
#6547 = PCURVE('',#2590,#6548);
#6548 = DEFINITIONAL_REPRESENTATION('',(#6549),#6553);
#6549 = LINE('',#6550,#6551);
#6550 = CARTESIAN_POINT('',(0.,0.));
#6551 = VECTOR('',#6552,1.);
#6552 = DIRECTION('',(0.,-1.));
#6553 = ( GEOMETRIC_REPRESENTATION_CONTEXT(2) 
PARAMETRIC_REPRESENTATION_CONTEXT() REPRESENTATION_CONTEXT('2D SPACE',''
  ) );
#6554 = PCURVE('',#3807,#6555);
#6555 = DEFINITIONAL_REPRESENTATION('',(#6556),#6560);
#6556 = LINE('',#6557,#6558);
#6557 = CARTESIAN_POINT('',(239.,154.));
#6558 = VECTOR('',#6559,1.);
#6559 = DIRECTION('',(0.,1.));
#6560 = ( GEOMETRIC_REPRESENTATION_CONTEXT(2) 
PARAMETRIC_REPRESENTATION_CONTEXT() REPRESENTATION_CONTEXT('2D SPACE',''
  ) );
#6561 = ORIENTED_EDGE('',*,*,#6562,.T.);
#6562 = EDGE_CURVE('',#6540,#2550,#6563,.T.);
#6563 = SURFACE_CURVE('',#6564,(#6568,#6575),.PCURVE_S1.);
#6564 = LINE('',#6565,#6566);
#6565 = CARTESIAN_POINT('',(136.,113.,74.));
#6566 = VECTOR('',#6567,1.);
#6567 = DIRECTION('',(0.,0.,1.));
#6568 = PCURVE('',#2590,#6569);
#6569 = DEFINITIONAL_REPRESENTATION('',(#6570),#6574);
#6570 = LINE('',#6571,#6572);
#6571 = CARTESIAN_POINT('',(0.,-6.));
#6572 = VECTOR('',#6573,1.);
#6573 = DIRECTION('',(1.,0.));
#6574 = ( GEOMETRIC_REPRESENTATION_CONTEXT(2) 
PARAMETRIC_REPRESENTATION_CONTEXT() REPRESENTATION_CONTEXT('2D SPACE',''
  ) );
#6575 = PCURVE('',#2564,#6576);
#6576 = DEFINITIONAL_REPRESENTATION('',(#6577),#6581);
#6577 = LINE('',#6578,#6579);
#6578 = CARTESIAN_POINT('',(0.,272.));
#6579 = VECTOR('',#6580,1.);
#6580 = DIRECTION('',(1.,0.));
#6581 = ( GEOMETRIC_REPRESENTATION_CONTEXT(2) 
PARAMETRIC_REPRESENTATION_CONTEXT() REPRESENTATION_CONTEXT('2D SPACE',''
  ) );
#6582 = ORIENTED_EDGE('',*,*,#2575,.F.);
#6583 = ADVANCED_FACE('',(#6584),#2564,.T.);
#6584 = FACE_BOUND('',#6585,.T.);
#6585 = EDGE_LOOP('',(#6586,#6609,#6630,#6658,#6677,#6678));
#6586 = ORIENTED_EDGE('',*,*,#6587,.F.);
#6587 = EDGE_CURVE('',#6588,#6540,#6590,.T.);
#6588 = VERTEX_POINT('',#6589);
#6589 = CARTESIAN_POINT('',(103.,113.,74.));
#6590 = SURFACE_CURVE('',#6591,(#6595,#6602),.PCURVE_S1.);
#6591 = LINE('',#6592,#6593);
#6592 = CARTESIAN_POINT('',(-136.,113.,74.));
#6593 = VECTOR('',#6594,1.);
#6594 = DIRECTION('',(1.,0.,0.));
#6595 = PCURVE('',#2564,#6596);
#6596 = DEFINITIONAL_REPRESENTATION('',(#6597),#6601);
#6597 = LINE('',#6598,#6599);
#6598 = CARTESIAN_POINT('',(0.,0.));
#6599 = VECTOR('',#6600,1.);
#6600 = DIRECTION('',(0.,1.));
#6601 = ( GEOMETRIC_REPRESENTATION_CONTEXT(2) 
PARAMETRIC_REPRESENTATION_CONTEXT() REPRESENTATION_CONTEXT('2D SPACE',''
  ) );
#6602 = PCURVE('',#3807,#6603);
#6603 = DEFINITIONAL_REPRESENTATION('',(#6604),#6608);
#6604 = LINE('',#6605,#6606);
#6605 = CARTESIAN_POINT('',(-33.,160.));
#6606 = VECTOR('',#6607,1.);
#6607 = DIRECTION('',(1.,0.));
#6608 = ( GEOMETRIC_REPRESENTATION_CONTEXT(2) 
PARAMETRIC_REPRESENTATION_CONTEXT() REPRESENTATION_CONTEXT('2D SPACE',''
  ) );
#6609 = ORIENTED_EDGE('',*,*,#6610,.T.);
#6610 = EDGE_CURVE('',#6588,#6611,#6613,.T.);
#6611 = VERTEX_POINT('',#6612);
#6612 = CARTESIAN_POINT('',(103.,113.,104.));
#6613 = SURFACE_CURVE('',#6614,(#6618,#6624),.PCURVE_S1.);
#6614 = LINE('',#6615,#6616);
#6615 = CARTESIAN_POINT('',(103.,113.,74.));
#6616 = VECTOR('',#6617,1.);
#6617 = DIRECTION('',(0.,0.,1.));
#6618 = PCURVE('',#2564,#6619);
#6619 = DEFINITIONAL_REPRESENTATION('',(#6620),#6623);
#6620 = B_SPLINE_CURVE_WITH_KNOTS('',1,(#6621,#6622),.UNSPECIFIED.,.F.,
  .F.,(2,2),(0.,30.),.PIECEWISE_BEZIER_KNOTS.);
#6621 = CARTESIAN_POINT('',(0.,239.));
#6622 = CARTESIAN_POINT('',(30.,239.));
#6623 = ( GEOMETRIC_REPRESENTATION_CONTEXT(2) 
PARAMETRIC_REPRESENTATION_CONTEXT() REPRESENTATION_CONTEXT('2D SPACE',''
  ) );
#6624 = PCURVE('',#2457,#6625);
#6625 = DEFINITIONAL_REPRESENTATION('',(#6626),#6629);
#6626 = B_SPLINE_CURVE_WITH_KNOTS('',1,(#6627,#6628),.UNSPECIFIED.,.F.,
  .F.,(2,2),(0.,30.),.PIECEWISE_BEZIER_KNOTS.);
#6627 = CARTESIAN_POINT('',(0.,-160.));
#6628 = CARTESIAN_POINT('',(30.,-160.));
#6629 = ( GEOMETRIC_REPRESENTATION_CONTEXT(2) 
PARAMETRIC_REPRESENTATION_CONTEXT() REPRESENTATION_CONTEXT('2D SPACE',''
  ) );
#6630 = ORIENTED_EDGE('',*,*,#6631,.T.);
#6631 = EDGE_CURVE('',#6611,#6632,#6634,.T.);
#6632 = VERTEX_POINT('',#6633);
#6633 = CARTESIAN_POINT('',(134.,113.,104.));
#6634 = SURFACE_CURVE('',#6635,(#6639,#6646),.PCURVE_S1.);
#6635 = LINE('',#6636,#6637);
#6636 = CARTESIAN_POINT('',(-136.,113.,104.));
#6637 = VECTOR('',#6638,1.);
#6638 = DIRECTION('',(1.,0.,0.));
#6639 = PCURVE('',#2564,#6640);
#6640 = DEFINITIONAL_REPRESENTATION('',(#6641),#6645);
#6641 = LINE('',#6642,#6643);
#6642 = CARTESIAN_POINT('',(30.,0.));
#6643 = VECTOR('',#6644,1.);
#6644 = DIRECTION('',(0.,1.));
#6645 = ( GEOMETRIC_REPRESENTATION_CONTEXT(2) 
PARAMETRIC_REPRESENTATION_CONTEXT() REPRESENTATION_CONTEXT('2D SPACE',''
  ) );
#6646 = PCURVE('',#6647,#6652);
#6647 = PLANE('',#6648);
#6648 = AXIS2_PLACEMENT_3D('',#6649,#6650,#6651);
#6649 = CARTESIAN_POINT('',(-140.,-50.,104.));
#6650 = DIRECTION('',(0.,0.,1.));
#6651 = DIRECTION('',(1.,0.,0.));
#6652 = DEFINITIONAL_REPRESENTATION('',(#6653),#6657);
#6653 = LINE('',#6654,#6655);
#6654 = CARTESIAN_POINT('',(4.,163.));
#6655 = VECTOR('',#6656,1.);
#6656 = DIRECTION('',(1.,0.));
#6657 = ( GEOMETRIC_REPRESENTATION_CONTEXT(2) 
PARAMETRIC_REPRESENTATION_CONTEXT() REPRESENTATION_CONTEXT('2D SPACE',''
  ) );
#6658 = ORIENTED_EDGE('',*,*,#6659,.F.);
#6659 = EDGE_CURVE('',#2524,#6632,#6660,.T.);
#6660 = SURFACE_CURVE('',#6661,(#6665,#6671),.PCURVE_S1.);
#6661 = LINE('',#6662,#6663);
#6662 = CARTESIAN_POINT('',(134.,113.,74.));
#6663 = VECTOR('',#6664,1.);
#6664 = DIRECTION('',(0.,0.,1.));
#6665 = PCURVE('',#2564,#6666);
#6666 = DEFINITIONAL_REPRESENTATION('',(#6667),#6670);
#6667 = B_SPLINE_CURVE_WITH_KNOTS('',1,(#6668,#6669),.UNSPECIFIED.,.F.,
  .F.,(2,2),(1.,30.),.PIECEWISE_BEZIER_KNOTS.);
#6668 = CARTESIAN_POINT('',(1.,270.));
#6669 = CARTESIAN_POINT('',(30.,270.));
#6670 = ( GEOMETRIC_REPRESENTATION_CONTEXT(2) 
PARAMETRIC_REPRESENTATION_CONTEXT() REPRESENTATION_CONTEXT('2D SPACE',''
  ) );
#6671 = PCURVE('',#2538,#6672);
#6672 = DEFINITIONAL_REPRESENTATION('',(#6673),#6676);
#6673 = B_SPLINE_CURVE_WITH_KNOTS('',1,(#6674,#6675),.UNSPECIFIED.,.F.,
  .F.,(2,2),(1.,30.),.PIECEWISE_BEZIER_KNOTS.);
#6674 = CARTESIAN_POINT('',(1.,-157.));
#6675 = CARTESIAN_POINT('',(30.,-157.));
#6676 = ( GEOMETRIC_REPRESENTATION_CONTEXT(2) 
PARAMETRIC_REPRESENTATION_CONTEXT() REPRESENTATION_CONTEXT('2D SPACE',''
  ) );
#6677 = ORIENTED_EDGE('',*,*,#2549,.F.);
#6678 = ORIENTED_EDGE('',*,*,#6562,.F.);
#6679 = ADVANCED_FACE('',(#6680),#2538,.F.);
#6680 = FACE_BOUND('',#6681,.F.);
#6681 = EDGE_LOOP('',(#6682,#6704,#6705,#6706));
#6682 = ORIENTED_EDGE('',*,*,#6683,.F.);
#6683 = EDGE_CURVE('',#6632,#6684,#6686,.T.);
#6684 = VERTEX_POINT('',#6685);
#6685 = CARTESIAN_POINT('',(134.,130.,104.));
#6686 = SURFACE_CURVE('',#6687,(#6691,#6697),.PCURVE_S1.);
#6687 = LINE('',#6688,#6689);
#6688 = CARTESIAN_POINT('',(134.,-46.,104.));
#6689 = VECTOR('',#6690,1.);
#6690 = DIRECTION('',(0.,1.,0.));
#6691 = PCURVE('',#2538,#6692);
#6692 = DEFINITIONAL_REPRESENTATION('',(#6693),#6696);
#6693 = B_SPLINE_CURVE_WITH_KNOTS('',1,(#6694,#6695),.UNSPECIFIED.,.F.,
  .F.,(2,2),(16.,176.),.PIECEWISE_BEZIER_KNOTS.);
#6694 = CARTESIAN_POINT('',(30.,-14.));
#6695 = CARTESIAN_POINT('',(30.,-174.));
#6696 = ( GEOMETRIC_REPRESENTATION_CONTEXT(2) 
PARAMETRIC_REPRESENTATION_CONTEXT() REPRESENTATION_CONTEXT('2D SPACE',''
  ) );
#6697 = PCURVE('',#6647,#6698);
#6698 = DEFINITIONAL_REPRESENTATION('',(#6699),#6703);
#6699 = LINE('',#6700,#6701);
#6700 = CARTESIAN_POINT('',(274.,4.));
#6701 = VECTOR('',#6702,1.);
#6702 = DIRECTION('',(0.,1.));
#6703 = ( GEOMETRIC_REPRESENTATION_CONTEXT(2) 
PARAMETRIC_REPRESENTATION_CONTEXT() REPRESENTATION_CONTEXT('2D SPACE',''
  ) );
#6704 = ORIENTED_EDGE('',*,*,#6659,.F.);
#6705 = ORIENTED_EDGE('',*,*,#2523,.T.);
#6706 = ORIENTED_EDGE('',*,*,#6707,.T.);
#6707 = EDGE_CURVE('',#2495,#6684,#6708,.T.);
#6708 = SURFACE_CURVE('',#6709,(#6713,#6720),.PCURVE_S1.);
#6709 = LINE('',#6710,#6711);
#6710 = CARTESIAN_POINT('',(134.,130.,74.));
#6711 = VECTOR('',#6712,1.);
#6712 = DIRECTION('',(0.,0.,1.));
#6713 = PCURVE('',#2538,#6714);
#6714 = DEFINITIONAL_REPRESENTATION('',(#6715),#6719);
#6715 = LINE('',#6716,#6717);
#6716 = CARTESIAN_POINT('',(0.,-174.));
#6717 = VECTOR('',#6718,1.);
#6718 = DIRECTION('',(1.,0.));
#6719 = ( GEOMETRIC_REPRESENTATION_CONTEXT(2) 
PARAMETRIC_REPRESENTATION_CONTEXT() REPRESENTATION_CONTEXT('2D SPACE',''
  ) );
#6720 = PCURVE('',#2511,#6721);
#6721 = DEFINITIONAL_REPRESENTATION('',(#6722),#6726);
#6722 = LINE('',#6723,#6724);
#6723 = CARTESIAN_POINT('',(0.,0.));
#6724 = VECTOR('',#6725,1.);
#6725 = DIRECTION('',(0.,1.));
#6726 = ( GEOMETRIC_REPRESENTATION_CONTEXT(2) 
PARAMETRIC_REPRESENTATION_CONTEXT() REPRESENTATION_CONTEXT('2D SPACE',''
  ) );
#6727 = ADVANCED_FACE('',(#6728),#2511,.F.);
#6728 = FACE_BOUND('',#6729,.F.);
#6729 = EDGE_LOOP('',(#6730,#6731,#6732,#6755));
#6730 = ORIENTED_EDGE('',*,*,#6707,.F.);
#6731 = ORIENTED_EDGE('',*,*,#2494,.T.);
#6732 = ORIENTED_EDGE('',*,*,#6733,.T.);
#6733 = EDGE_CURVE('',#2469,#6734,#6736,.T.);
#6734 = VERTEX_POINT('',#6735);
#6735 = CARTESIAN_POINT('',(120.,144.,104.));
#6736 = SURFACE_CURVE('',#6737,(#6741,#6748),.PCURVE_S1.);
#6737 = LINE('',#6738,#6739);
#6738 = CARTESIAN_POINT('',(120.,144.,74.));
#6739 = VECTOR('',#6740,1.);
#6740 = DIRECTION('',(0.,0.,1.));
#6741 = PCURVE('',#2511,#6742);
#6742 = DEFINITIONAL_REPRESENTATION('',(#6743),#6747);
#6743 = LINE('',#6744,#6745);
#6744 = CARTESIAN_POINT('',(1.570796326795,0.));
#6745 = VECTOR('',#6746,1.);
#6746 = DIRECTION('',(0.,1.));
#6747 = ( GEOMETRIC_REPRESENTATION_CONTEXT(2) 
PARAMETRIC_REPRESENTATION_CONTEXT() REPRESENTATION_CONTEXT('2D SPACE',''
  ) );
#6748 = PCURVE('',#2483,#6749);
#6749 = DEFINITIONAL_REPRESENTATION('',(#6750),#6754);
#6750 = LINE('',#6751,#6752);
#6751 = CARTESIAN_POINT('',(0.,254.));
#6752 = VECTOR('',#6753,1.);
#6753 = DIRECTION('',(1.,0.));
#6754 = ( GEOMETRIC_REPRESENTATION_CONTEXT(2) 
PARAMETRIC_REPRESENTATION_CONTEXT() REPRESENTATION_CONTEXT('2D SPACE',''
  ) );
#6755 = ORIENTED_EDGE('',*,*,#6756,.F.);
#6756 = EDGE_CURVE('',#6684,#6734,#6757,.T.);
#6757 = SURFACE_CURVE('',#6758,(#6763,#6770),.PCURVE_S1.);
#6758 = CIRCLE('',#6759,14.);
#6759 = AXIS2_PLACEMENT_3D('',#6760,#6761,#6762);
#6760 = CARTESIAN_POINT('',(120.,130.,104.));
#6761 = DIRECTION('',(0.,0.,1.));
#6762 = DIRECTION('',(1.,0.,-0.));
#6763 = PCURVE('',#2511,#6764);
#6764 = DEFINITIONAL_REPRESENTATION('',(#6765),#6769);
#6765 = LINE('',#6766,#6767);
#6766 = CARTESIAN_POINT('',(0.,30.));
#6767 = VECTOR('',#6768,1.);
#6768 = DIRECTION('',(1.,0.));
#6769 = ( GEOMETRIC_REPRESENTATION_CONTEXT(2) 
PARAMETRIC_REPRESENTATION_CONTEXT() REPRESENTATION_CONTEXT('2D SPACE',''
  ) );
#6770 = PCURVE('',#6647,#6771);
#6771 = DEFINITIONAL_REPRESENTATION('',(#6772),#6776);
#6772 = CIRCLE('',#6773,14.);
#6773 = AXIS2_PLACEMENT_2D('',#6774,#6775);
#6774 = CARTESIAN_POINT('',(260.,180.));
#6775 = DIRECTION('',(1.,0.));
#6776 = ( GEOMETRIC_REPRESENTATION_CONTEXT(2) 
PARAMETRIC_REPRESENTATION_CONTEXT() REPRESENTATION_CONTEXT('2D SPACE',''
  ) );
#6777 = ADVANCED_FACE('',(#6778),#2483,.F.);
#6778 = FACE_BOUND('',#6779,.F.);
#6779 = EDGE_LOOP('',(#6780,#6781,#6782,#6803));
#6780 = ORIENTED_EDGE('',*,*,#6733,.F.);
#6781 = ORIENTED_EDGE('',*,*,#2468,.T.);
#6782 = ORIENTED_EDGE('',*,*,#6783,.F.);
#6783 = EDGE_CURVE('',#6784,#2443,#6786,.T.);
#6784 = VERTEX_POINT('',#6785);
#6785 = CARTESIAN_POINT('',(103.,144.,104.));
#6786 = SURFACE_CURVE('',#6787,(#6791,#6797),.PCURVE_S1.);
#6787 = LINE('',#6788,#6789);
#6788 = CARTESIAN_POINT('',(103.,144.,74.));
#6789 = VECTOR('',#6790,1.);
#6790 = DIRECTION('',(0.,0.,-1.));
#6791 = PCURVE('',#2483,#6792);
#6792 = DEFINITIONAL_REPRESENTATION('',(#6793),#6796);
#6793 = B_SPLINE_CURVE_WITH_KNOTS('',1,(#6794,#6795),.UNSPECIFIED.,.F.,
  .F.,(2,2),(-30.,-1.),.PIECEWISE_BEZIER_KNOTS.);
#6794 = CARTESIAN_POINT('',(30.,237.));
#6795 = CARTESIAN_POINT('',(1.,237.));
#6796 = ( GEOMETRIC_REPRESENTATION_CONTEXT(2) 
PARAMETRIC_REPRESENTATION_CONTEXT() REPRESENTATION_CONTEXT('2D SPACE',''
  ) );
#6797 = PCURVE('',#2457,#6798);
#6798 = DEFINITIONAL_REPRESENTATION('',(#6799),#6802);
#6799 = B_SPLINE_CURVE_WITH_KNOTS('',1,(#6800,#6801),.UNSPECIFIED.,.F.,
  .F.,(2,2),(-30.,-1.),.PIECEWISE_BEZIER_KNOTS.);
#6800 = CARTESIAN_POINT('',(30.,-191.));
#6801 = CARTESIAN_POINT('',(1.,-191.));
#6802 = ( GEOMETRIC_REPRESENTATION_CONTEXT(2) 
PARAMETRIC_REPRESENTATION_CONTEXT() REPRESENTATION_CONTEXT('2D SPACE',''
  ) );
#6803 = ORIENTED_EDGE('',*,*,#6804,.F.);
#6804 = EDGE_CURVE('',#6734,#6784,#6805,.T.);
#6805 = SURFACE_CURVE('',#6806,(#6810,#6816),.PCURVE_S1.);
#6806 = LINE('',#6807,#6808);
#6807 = CARTESIAN_POINT('',(-136.,144.,104.));
#6808 = VECTOR('',#6809,1.);
#6809 = DIRECTION('',(-1.,0.,0.));
#6810 = PCURVE('',#2483,#6811);
#6811 = DEFINITIONAL_REPRESENTATION('',(#6812),#6815);
#6812 = B_SPLINE_CURVE_WITH_KNOTS('',1,(#6813,#6814),.UNSPECIFIED.,.F.,
  .F.,(2,2),(-256.,-16.),.PIECEWISE_BEZIER_KNOTS.);
#6813 = CARTESIAN_POINT('',(30.,254.));
#6814 = CARTESIAN_POINT('',(30.,14.));
#6815 = ( GEOMETRIC_REPRESENTATION_CONTEXT(2) 
PARAMETRIC_REPRESENTATION_CONTEXT() REPRESENTATION_CONTEXT('2D SPACE',''
  ) );
#6816 = PCURVE('',#6647,#6817);
#6817 = DEFINITIONAL_REPRESENTATION('',(#6818),#6822);
#6818 = LINE('',#6819,#6820);
#6819 = CARTESIAN_POINT('',(4.,194.));
#6820 = VECTOR('',#6821,1.);
#6821 = DIRECTION('',(-1.,0.));
#6822 = ( GEOMETRIC_REPRESENTATION_CONTEXT(2) 
PARAMETRIC_REPRESENTATION_CONTEXT() REPRESENTATION_CONTEXT('2D SPACE',''
  ) );
#6823 = ADVANCED_FACE('',(#6824),#2457,.T.);
#6824 = FACE_BOUND('',#6825,.T.);
#6825 = EDGE_LOOP('',(#6826,#6827,#6850,#6871,#6872,#6873));
#6826 = ORIENTED_EDGE('',*,*,#6610,.F.);
#6827 = ORIENTED_EDGE('',*,*,#6828,.T.);
#6828 = EDGE_CURVE('',#6588,#6829,#6831,.T.);
#6829 = VERTEX_POINT('',#6830);
#6830 = CARTESIAN_POINT('',(103.,147.,74.));
#6831 = SURFACE_CURVE('',#6832,(#6836,#6843),.PCURVE_S1.);
#6832 = LINE('',#6833,#6834);
#6833 = CARTESIAN_POINT('',(103.,-47.,74.));
#6834 = VECTOR('',#6835,1.);
#6835 = DIRECTION('',(0.,1.,0.));
#6836 = PCURVE('',#2457,#6837);
#6837 = DEFINITIONAL_REPRESENTATION('',(#6838),#6842);
#6838 = LINE('',#6839,#6840);
#6839 = CARTESIAN_POINT('',(0.,0.));
#6840 = VECTOR('',#6841,1.);
#6841 = DIRECTION('',(0.,-1.));
#6842 = ( GEOMETRIC_REPRESENTATION_CONTEXT(2) 
PARAMETRIC_REPRESENTATION_CONTEXT() REPRESENTATION_CONTEXT('2D SPACE',''
  ) );
#6843 = PCURVE('',#3807,#6844);
#6844 = DEFINITIONAL_REPRESENTATION('',(#6845),#6849);
#6845 = LINE('',#6846,#6847);
#6846 = CARTESIAN_POINT('',(206.,0.));
#6847 = VECTOR('',#6848,1.);
#6848 = DIRECTION('',(0.,1.));
#6849 = ( GEOMETRIC_REPRESENTATION_CONTEXT(2) 
PARAMETRIC_REPRESENTATION_CONTEXT() REPRESENTATION_CONTEXT('2D SPACE',''
  ) );
#6850 = ORIENTED_EDGE('',*,*,#6851,.T.);
#6851 = EDGE_CURVE('',#6829,#2417,#6852,.T.);
#6852 = SURFACE_CURVE('',#6853,(#6857,#6864),.PCURVE_S1.);
#6853 = LINE('',#6854,#6855);
#6854 = CARTESIAN_POINT('',(103.,147.,74.));
#6855 = VECTOR('',#6856,1.);
#6856 = DIRECTION('',(0.,0.,1.));
#6857 = PCURVE('',#2457,#6858);
#6858 = DEFINITIONAL_REPRESENTATION('',(#6859),#6863);
#6859 = LINE('',#6860,#6861);
#6860 = CARTESIAN_POINT('',(0.,-194.));
#6861 = VECTOR('',#6862,1.);
#6862 = DIRECTION('',(1.,0.));
#6863 = ( GEOMETRIC_REPRESENTATION_CONTEXT(2) 
PARAMETRIC_REPRESENTATION_CONTEXT() REPRESENTATION_CONTEXT('2D SPACE',''
  ) );
#6864 = PCURVE('',#2431,#6865);
#6865 = DEFINITIONAL_REPRESENTATION('',(#6866),#6870);
#6866 = LINE('',#6867,#6868);
#6867 = CARTESIAN_POINT('',(0.,6.));
#6868 = VECTOR('',#6869,1.);
#6869 = DIRECTION('',(1.,0.));
#6870 = ( GEOMETRIC_REPRESENTATION_CONTEXT(2) 
PARAMETRIC_REPRESENTATION_CONTEXT() REPRESENTATION_CONTEXT('2D SPACE',''
  ) );
#6871 = ORIENTED_EDGE('',*,*,#2442,.F.);
#6872 = ORIENTED_EDGE('',*,*,#6783,.F.);
#6873 = ORIENTED_EDGE('',*,*,#6874,.F.);
#6874 = EDGE_CURVE('',#6611,#6784,#6875,.T.);
#6875 = SURFACE_CURVE('',#6876,(#6880,#6887),.PCURVE_S1.);
#6876 = LINE('',#6877,#6878);
#6877 = CARTESIAN_POINT('',(103.,-47.,104.));
#6878 = VECTOR('',#6879,1.);
#6879 = DIRECTION('',(0.,1.,0.));
#6880 = PCURVE('',#2457,#6881);
#6881 = DEFINITIONAL_REPRESENTATION('',(#6882),#6886);
#6882 = LINE('',#6883,#6884);
#6883 = CARTESIAN_POINT('',(30.,0.));
#6884 = VECTOR('',#6885,1.);
#6885 = DIRECTION('',(0.,-1.));
#6886 = ( GEOMETRIC_REPRESENTATION_CONTEXT(2) 
PARAMETRIC_REPRESENTATION_CONTEXT() REPRESENTATION_CONTEXT('2D SPACE',''
  ) );
#6887 = PCURVE('',#6647,#6888);
#6888 = DEFINITIONAL_REPRESENTATION('',(#6889),#6893);
#6889 = LINE('',#6890,#6891);
#6890 = CARTESIAN_POINT('',(243.,3.));
#6891 = VECTOR('',#6892,1.);
#6892 = DIRECTION('',(0.,1.));
#6893 = ( GEOMETRIC_REPRESENTATION_CONTEXT(2) 
PARAMETRIC_REPRESENTATION_CONTEXT() REPRESENTATION_CONTEXT('2D SPACE',''
  ) );
#6894 = ADVANCED_FACE('',(#6895),#2431,.T.);
#6895 = FACE_BOUND('',#6896,.T.);
#6896 = EDGE_LOOP('',(#6897,#6898,#6921,#6942));
#6897 = ORIENTED_EDGE('',*,*,#6851,.F.);
#6898 = ORIENTED_EDGE('',*,*,#6899,.F.);
#6899 = EDGE_CURVE('',#6900,#6829,#6902,.T.);
#6900 = VERTEX_POINT('',#6901);
#6901 = CARTESIAN_POINT('',(97.,147.,74.));
#6902 = SURFACE_CURVE('',#6903,(#6907,#6914),.PCURVE_S1.);
#6903 = LINE('',#6904,#6905);
#6904 = CARTESIAN_POINT('',(97.,147.,74.));
#6905 = VECTOR('',#6906,1.);
#6906 = DIRECTION('',(1.,0.,0.));
#6907 = PCURVE('',#2431,#6908);
#6908 = DEFINITIONAL_REPRESENTATION('',(#6909),#6913);
#6909 = LINE('',#6910,#6911);
#6910 = CARTESIAN_POINT('',(0.,0.));
#6911 = VECTOR('',#6912,1.);
#6912 = DIRECTION('',(0.,1.));
#6913 = ( GEOMETRIC_REPRESENTATION_CONTEXT(2) 
PARAMETRIC_REPRESENTATION_CONTEXT() REPRESENTATION_CONTEXT('2D SPACE',''
  ) );
#6914 = PCURVE('',#3807,#6915);
#6915 = DEFINITIONAL_REPRESENTATION('',(#6916),#6920);
#6916 = LINE('',#6917,#6918);
#6917 = CARTESIAN_POINT('',(200.,194.));
#6918 = VECTOR('',#6919,1.);
#6919 = DIRECTION('',(1.,0.));
#6920 = ( GEOMETRIC_REPRESENTATION_CONTEXT(2) 
PARAMETRIC_REPRESENTATION_CONTEXT() REPRESENTATION_CONTEXT('2D SPACE',''
  ) );
#6921 = ORIENTED_EDGE('',*,*,#6922,.T.);
#6922 = EDGE_CURVE('',#6900,#2391,#6923,.T.);
#6923 = SURFACE_CURVE('',#6924,(#6928,#6935),.PCURVE_S1.);
#6924 = LINE('',#6925,#6926);
#6925 = CARTESIAN_POINT('',(97.,147.,74.));
#6926 = VECTOR('',#6927,1.);
#6927 = DIRECTION('',(0.,0.,1.));
#6928 = PCURVE('',#2431,#6929);
#6929 = DEFINITIONAL_REPRESENTATION('',(#6930),#6934);
#6930 = LINE('',#6931,#6932);
#6931 = CARTESIAN_POINT('',(0.,0.));
#6932 = VECTOR('',#6933,1.);
#6933 = DIRECTION('',(1.,0.));
#6934 = ( GEOMETRIC_REPRESENTATION_CONTEXT(2) 
PARAMETRIC_REPRESENTATION_CONTEXT() REPRESENTATION_CONTEXT('2D SPACE',''
  ) );
#6935 = PCURVE('',#2405,#6936);
#6936 = DEFINITIONAL_REPRESENTATION('',(#6937),#6941);
#6937 = LINE('',#6938,#6939);
#6938 = CARTESIAN_POINT('',(0.,-194.));
#6939 = VECTOR('',#6940,1.);
#6940 = DIRECTION('',(1.,0.));
#6941 = ( GEOMETRIC_REPRESENTATION_CONTEXT(2) 
PARAMETRIC_REPRESENTATION_CONTEXT() REPRESENTATION_CONTEXT('2D SPACE',''
  ) );
#6942 = ORIENTED_EDGE('',*,*,#2416,.F.);
#6943 = ADVANCED_FACE('',(#6944),#2405,.F.);
#6944 = FACE_BOUND('',#6945,.F.);
#6945 = EDGE_LOOP('',(#6946,#6974,#6995,#6996,#6997,#7018));
#6946 = ORIENTED_EDGE('',*,*,#6947,.F.);
#6947 = EDGE_CURVE('',#6948,#6950,#6952,.T.);
#6948 = VERTEX_POINT('',#6949);
#6949 = CARTESIAN_POINT('',(97.,113.,74.));
#6950 = VERTEX_POINT('',#6951);
#6951 = CARTESIAN_POINT('',(97.,113.,104.));
#6952 = SURFACE_CURVE('',#6953,(#6957,#6963),.PCURVE_S1.);
#6953 = LINE('',#6954,#6955);
#6954 = CARTESIAN_POINT('',(97.,113.,74.));
#6955 = VECTOR('',#6956,1.);
#6956 = DIRECTION('',(0.,0.,1.));
#6957 = PCURVE('',#2405,#6958);
#6958 = DEFINITIONAL_REPRESENTATION('',(#6959),#6962);
#6959 = B_SPLINE_CURVE_WITH_KNOTS('',1,(#6960,#6961),.UNSPECIFIED.,.F.,
  .F.,(2,2),(0.,30.),.PIECEWISE_BEZIER_KNOTS.);
#6960 = CARTESIAN_POINT('',(0.,-160.));
#6961 = CARTESIAN_POINT('',(30.,-160.));
#6962 = ( GEOMETRIC_REPRESENTATION_CONTEXT(2) 
PARAMETRIC_REPRESENTATION_CONTEXT() REPRESENTATION_CONTEXT('2D SPACE',''
  ) );
#6963 = PCURVE('',#6964,#6969);
#6964 = PLANE('',#6965);
#6965 = AXIS2_PLACEMENT_3D('',#6966,#6967,#6968);
#6966 = CARTESIAN_POINT('',(-136.,113.,74.));
#6967 = DIRECTION('',(0.,1.,0.));
#6968 = DIRECTION('',(0.,0.,1.));
#6969 = DEFINITIONAL_REPRESENTATION('',(#6970),#6973);
#6970 = B_SPLINE_CURVE_WITH_KNOTS('',1,(#6971,#6972),.UNSPECIFIED.,.F.,
  .F.,(2,2),(0.,30.),.PIECEWISE_BEZIER_KNOTS.);
#6971 = CARTESIAN_POINT('',(0.,233.));
#6972 = CARTESIAN_POINT('',(30.,233.));
#6973 = ( GEOMETRIC_REPRESENTATION_CONTEXT(2) 
PARAMETRIC_REPRESENTATION_CONTEXT() REPRESENTATION_CONTEXT('2D SPACE',''
  ) );
#6974 = ORIENTED_EDGE('',*,*,#6975,.T.);
#6975 = EDGE_CURVE('',#6948,#6900,#6976,.T.);
#6976 = SURFACE_CURVE('',#6977,(#6981,#6988),.PCURVE_S1.);
#6977 = LINE('',#6978,#6979);
#6978 = CARTESIAN_POINT('',(97.,-47.,74.));
#6979 = VECTOR('',#6980,1.);
#6980 = DIRECTION('',(0.,1.,0.));
#6981 = PCURVE('',#2405,#6982);
#6982 = DEFINITIONAL_REPRESENTATION('',(#6983),#6987);
#6983 = LINE('',#6984,#6985);
#6984 = CARTESIAN_POINT('',(0.,0.));
#6985 = VECTOR('',#6986,1.);
#6986 = DIRECTION('',(0.,-1.));
#6987 = ( GEOMETRIC_REPRESENTATION_CONTEXT(2) 
PARAMETRIC_REPRESENTATION_CONTEXT() REPRESENTATION_CONTEXT('2D SPACE',''
  ) );
#6988 = PCURVE('',#3807,#6989);
#6989 = DEFINITIONAL_REPRESENTATION('',(#6990),#6994);
#6990 = LINE('',#6991,#6992);
#6991 = CARTESIAN_POINT('',(200.,0.));
#6992 = VECTOR('',#6993,1.);
#6993 = DIRECTION('',(0.,1.));
#6994 = ( GEOMETRIC_REPRESENTATION_CONTEXT(2) 
PARAMETRIC_REPRESENTATION_CONTEXT() REPRESENTATION_CONTEXT('2D SPACE',''
  ) );
#6995 = ORIENTED_EDGE('',*,*,#6922,.T.);
#6996 = ORIENTED_EDGE('',*,*,#2390,.F.);
#6997 = ORIENTED_EDGE('',*,*,#6998,.F.);
#6998 = EDGE_CURVE('',#6999,#2365,#7001,.T.);
#6999 = VERTEX_POINT('',#7000);
#7000 = CARTESIAN_POINT('',(97.,144.,104.));
#7001 = SURFACE_CURVE('',#7002,(#7006,#7012),.PCURVE_S1.);
#7002 = LINE('',#7003,#7004);
#7003 = CARTESIAN_POINT('',(97.,144.,74.));
#7004 = VECTOR('',#7005,1.);
#7005 = DIRECTION('',(0.,0.,-1.));
#7006 = PCURVE('',#2405,#7007);
#7007 = DEFINITIONAL_REPRESENTATION('',(#7008),#7011);
#7008 = B_SPLINE_CURVE_WITH_KNOTS('',1,(#7009,#7010),.UNSPECIFIED.,.F.,
  .F.,(2,2),(-30.,-1.),.PIECEWISE_BEZIER_KNOTS.);
#7009 = CARTESIAN_POINT('',(30.,-191.));
#7010 = CARTESIAN_POINT('',(1.,-191.));
#7011 = ( GEOMETRIC_REPRESENTATION_CONTEXT(2) 
PARAMETRIC_REPRESENTATION_CONTEXT() REPRESENTATION_CONTEXT('2D SPACE',''
  ) );
#7012 = PCURVE('',#2379,#7013);
#7013 = DEFINITIONAL_REPRESENTATION('',(#7014),#7017);
#7014 = B_SPLINE_CURVE_WITH_KNOTS('',1,(#7015,#7016),.UNSPECIFIED.,.F.,
  .F.,(2,2),(-30.,-1.),.PIECEWISE_BEZIER_KNOTS.);
#7015 = CARTESIAN_POINT('',(30.,231.));
#7016 = CARTESIAN_POINT('',(1.,231.));
#7017 = ( GEOMETRIC_REPRESENTATION_CONTEXT(2) 
PARAMETRIC_REPRESENTATION_CONTEXT() REPRESENTATION_CONTEXT('2D SPACE',''
  ) );
#7018 = ORIENTED_EDGE('',*,*,#7019,.F.);
#7019 = EDGE_CURVE('',#6950,#6999,#7020,.T.);
#7020 = SURFACE_CURVE('',#7021,(#7025,#7032),.PCURVE_S1.);
#7021 = LINE('',#7022,#7023);
#7022 = CARTESIAN_POINT('',(97.,-47.,104.));
#7023 = VECTOR('',#7024,1.);
#7024 = DIRECTION('',(0.,1.,0.));
#7025 = PCURVE('',#2405,#7026);
#7026 = DEFINITIONAL_REPRESENTATION('',(#7027),#7031);
#7027 = LINE('',#7028,#7029);
#7028 = CARTESIAN_POINT('',(30.,0.));
#7029 = VECTOR('',#7030,1.);
#7030 = DIRECTION('',(0.,-1.));
#7031 = ( GEOMETRIC_REPRESENTATION_CONTEXT(2) 
PARAMETRIC_REPRESENTATION_CONTEXT() REPRESENTATION_CONTEXT('2D SPACE',''
  ) );
#7032 = PCURVE('',#7033,#7038);
#7033 = PLANE('',#7034);
#7034 = AXIS2_PLACEMENT_3D('',#7035,#7036,#7037);
#7035 = CARTESIAN_POINT('',(-140.,-50.,104.));
#7036 = DIRECTION('',(0.,0.,1.));
#7037 = DIRECTION('',(1.,0.,0.));
#7038 = DEFINITIONAL_REPRESENTATION('',(#7039),#7043);
#7039 = LINE('',#7040,#7041);
#7040 = CARTESIAN_POINT('',(237.,3.));
#7041 = VECTOR('',#7042,1.);
#7042 = DIRECTION('',(0.,1.));
#7043 = ( GEOMETRIC_REPRESENTATION_CONTEXT(2) 
PARAMETRIC_REPRESENTATION_CONTEXT() REPRESENTATION_CONTEXT('2D SPACE',''
  ) );
#7044 = ADVANCED_FACE('',(#7045),#2379,.F.);
#7045 = FACE_BOUND('',#7046,.F.);
#7046 = EDGE_LOOP('',(#7047,#7048,#7049,#7070));
#7047 = ORIENTED_EDGE('',*,*,#6998,.T.);
#7048 = ORIENTED_EDGE('',*,*,#2364,.T.);
#7049 = ORIENTED_EDGE('',*,*,#7050,.F.);
#7050 = EDGE_CURVE('',#7051,#2339,#7053,.T.);
#7051 = VERTEX_POINT('',#7052);
#7052 = CARTESIAN_POINT('',(63.,144.,104.));
#7053 = SURFACE_CURVE('',#7054,(#7058,#7064),.PCURVE_S1.);
#7054 = LINE('',#7055,#7056);
#7055 = CARTESIAN_POINT('',(63.,144.,74.));
#7056 = VECTOR('',#7057,1.);
#7057 = DIRECTION('',(0.,0.,-1.));
#7058 = PCURVE('',#2379,#7059);
#7059 = DEFINITIONAL_REPRESENTATION('',(#7060),#7063);
#7060 = B_SPLINE_CURVE_WITH_KNOTS('',1,(#7061,#7062),.UNSPECIFIED.,.F.,
  .F.,(2,2),(-30.,-1.),.PIECEWISE_BEZIER_KNOTS.);
#7061 = CARTESIAN_POINT('',(30.,197.));
#7062 = CARTESIAN_POINT('',(1.,197.));
#7063 = ( GEOMETRIC_REPRESENTATION_CONTEXT(2) 
PARAMETRIC_REPRESENTATION_CONTEXT() REPRESENTATION_CONTEXT('2D SPACE',''
  ) );
#7064 = PCURVE('',#2353,#7065);
#7065 = DEFINITIONAL_REPRESENTATION('',(#7066),#7069);
#7066 = B_SPLINE_CURVE_WITH_KNOTS('',1,(#7067,#7068),.UNSPECIFIED.,.F.,
  .F.,(2,2),(-30.,-1.),.PIECEWISE_BEZIER_KNOTS.);
#7067 = CARTESIAN_POINT('',(30.,-191.));
#7068 = CARTESIAN_POINT('',(1.,-191.));
#7069 = ( GEOMETRIC_REPRESENTATION_CONTEXT(2) 
PARAMETRIC_REPRESENTATION_CONTEXT() REPRESENTATION_CONTEXT('2D SPACE',''
  ) );
#7070 = ORIENTED_EDGE('',*,*,#7071,.F.);
#7071 = EDGE_CURVE('',#6999,#7051,#7072,.T.);
#7072 = SURFACE_CURVE('',#7073,(#7077,#7083),.PCURVE_S1.);
#7073 = LINE('',#7074,#7075);
#7074 = CARTESIAN_POINT('',(-136.,144.,104.));
#7075 = VECTOR('',#7076,1.);
#7076 = DIRECTION('',(-1.,0.,0.));
#7077 = PCURVE('',#2379,#7078);
#7078 = DEFINITIONAL_REPRESENTATION('',(#7079),#7082);
#7079 = B_SPLINE_CURVE_WITH_KNOTS('',1,(#7080,#7081),.UNSPECIFIED.,.F.,
  .F.,(2,2),(-256.,-16.),.PIECEWISE_BEZIER_KNOTS.);
#7080 = CARTESIAN_POINT('',(30.,254.));
#7081 = CARTESIAN_POINT('',(30.,14.));
#7082 = ( GEOMETRIC_REPRESENTATION_CONTEXT(2) 
PARAMETRIC_REPRESENTATION_CONTEXT() REPRESENTATION_CONTEXT('2D SPACE',''
  ) );
#7083 = PCURVE('',#7033,#7084);
#7084 = DEFINITIONAL_REPRESENTATION('',(#7085),#7089);
#7085 = LINE('',#7086,#7087);
#7086 = CARTESIAN_POINT('',(4.,194.));
#7087 = VECTOR('',#7088,1.);
#7088 = DIRECTION('',(-1.,0.));
#7089 = ( GEOMETRIC_REPRESENTATION_CONTEXT(2) 
PARAMETRIC_REPRESENTATION_CONTEXT() REPRESENTATION_CONTEXT('2D SPACE',''
  ) );
#7090 = ADVANCED_FACE('',(#7091),#2353,.T.);
#7091 = FACE_BOUND('',#7092,.T.);
#7092 = EDGE_LOOP('',(#7093,#7116,#7139,#7160,#7161,#7162));
#7093 = ORIENTED_EDGE('',*,*,#7094,.F.);
#7094 = EDGE_CURVE('',#7095,#7097,#7099,.T.);
#7095 = VERTEX_POINT('',#7096);
#7096 = CARTESIAN_POINT('',(63.,113.,74.));
#7097 = VERTEX_POINT('',#7098);
#7098 = CARTESIAN_POINT('',(63.,113.,104.));
#7099 = SURFACE_CURVE('',#7100,(#7104,#7110),.PCURVE_S1.);
#7100 = LINE('',#7101,#7102);
#7101 = CARTESIAN_POINT('',(63.,113.,74.));
#7102 = VECTOR('',#7103,1.);
#7103 = DIRECTION('',(0.,0.,1.));
#7104 = PCURVE('',#2353,#7105);
#7105 = DEFINITIONAL_REPRESENTATION('',(#7106),#7109);
#7106 = B_SPLINE_CURVE_WITH_KNOTS('',1,(#7107,#7108),.UNSPECIFIED.,.F.,
  .F.,(2,2),(0.,30.),.PIECEWISE_BEZIER_KNOTS.);
#7107 = CARTESIAN_POINT('',(0.,-160.));
#7108 = CARTESIAN_POINT('',(30.,-160.));
#7109 = ( GEOMETRIC_REPRESENTATION_CONTEXT(2) 
PARAMETRIC_REPRESENTATION_CONTEXT() REPRESENTATION_CONTEXT('2D SPACE',''
  ) );
#7110 = PCURVE('',#6964,#7111);
#7111 = DEFINITIONAL_REPRESENTATION('',(#7112),#7115);
#7112 = B_SPLINE_CURVE_WITH_KNOTS('',1,(#7113,#7114),.UNSPECIFIED.,.F.,
  .F.,(2,2),(0.,30.),.PIECEWISE_BEZIER_KNOTS.);
#7113 = CARTESIAN_POINT('',(0.,199.));
#7114 = CARTESIAN_POINT('',(30.,199.));
#7115 = ( GEOMETRIC_REPRESENTATION_CONTEXT(2) 
PARAMETRIC_REPRESENTATION_CONTEXT() REPRESENTATION_CONTEXT('2D SPACE',''
  ) );
#7116 = ORIENTED_EDGE('',*,*,#7117,.T.);
#7117 = EDGE_CURVE('',#7095,#7118,#7120,.T.);
#7118 = VERTEX_POINT('',#7119);
#7119 = CARTESIAN_POINT('',(63.,147.,74.));
#7120 = SURFACE_CURVE('',#7121,(#7125,#7132),.PCURVE_S1.);
#7121 = LINE('',#7122,#7123);
#7122 = CARTESIAN_POINT('',(63.,-47.,74.));
#7123 = VECTOR('',#7124,1.);
#7124 = DIRECTION('',(0.,1.,0.));
#7125 = PCURVE('',#2353,#7126);
#7126 = DEFINITIONAL_REPRESENTATION('',(#7127),#7131);
#7127 = LINE('',#7128,#7129);
#7128 = CARTESIAN_POINT('',(0.,0.));
#7129 = VECTOR('',#7130,1.);
#7130 = DIRECTION('',(0.,-1.));
#7131 = ( GEOMETRIC_REPRESENTATION_CONTEXT(2) 
PARAMETRIC_REPRESENTATION_CONTEXT() REPRESENTATION_CONTEXT('2D SPACE',''
  ) );
#7132 = PCURVE('',#3807,#7133);
#7133 = DEFINITIONAL_REPRESENTATION('',(#7134),#7138);
#7134 = LINE('',#7135,#7136);
#7135 = CARTESIAN_POINT('',(166.,0.));
#7136 = VECTOR('',#7137,1.);
#7137 = DIRECTION('',(0.,1.));
#7138 = ( GEOMETRIC_REPRESENTATION_CONTEXT(2) 
PARAMETRIC_REPRESENTATION_CONTEXT() REPRESENTATION_CONTEXT('2D SPACE',''
  ) );
#7139 = ORIENTED_EDGE('',*,*,#7140,.T.);
#7140 = EDGE_CURVE('',#7118,#2313,#7141,.T.);
#7141 = SURFACE_CURVE('',#7142,(#7146,#7153),.PCURVE_S1.);
#7142 = LINE('',#7143,#7144);
#7143 = CARTESIAN_POINT('',(63.,147.,74.));
#7144 = VECTOR('',#7145,1.);
#7145 = DIRECTION('',(0.,0.,1.));
#7146 = PCURVE('',#2353,#7147);
#7147 = DEFINITIONAL_REPRESENTATION('',(#7148),#7152);
#7148 = LINE('',#7149,#7150);
#7149 = CARTESIAN_POINT('',(0.,-194.));
#7150 = VECTOR('',#7151,1.);
#7151 = DIRECTION('',(1.,0.));
#7152 = ( GEOMETRIC_REPRESENTATION_CONTEXT(2) 
PARAMETRIC_REPRESENTATION_CONTEXT() REPRESENTATION_CONTEXT('2D SPACE',''
  ) );
#7153 = PCURVE('',#2327,#7154);
#7154 = DEFINITIONAL_REPRESENTATION('',(#7155),#7159);
#7155 = LINE('',#7156,#7157);
#7156 = CARTESIAN_POINT('',(0.,6.));
#7157 = VECTOR('',#7158,1.);
#7158 = DIRECTION('',(1.,0.));
#7159 = ( GEOMETRIC_REPRESENTATION_CONTEXT(2) 
PARAMETRIC_REPRESENTATION_CONTEXT() REPRESENTATION_CONTEXT('2D SPACE',''
  ) );
#7160 = ORIENTED_EDGE('',*,*,#2338,.F.);
#7161 = ORIENTED_EDGE('',*,*,#7050,.F.);
#7162 = ORIENTED_EDGE('',*,*,#7163,.F.);
#7163 = EDGE_CURVE('',#7097,#7051,#7164,.T.);
#7164 = SURFACE_CURVE('',#7165,(#7169,#7176),.PCURVE_S1.);
#7165 = LINE('',#7166,#7167);
#7166 = CARTESIAN_POINT('',(63.,-47.,104.));
#7167 = VECTOR('',#7168,1.);
#7168 = DIRECTION('',(0.,1.,0.));
#7169 = PCURVE('',#2353,#7170);
#7170 = DEFINITIONAL_REPRESENTATION('',(#7171),#7175);
#7171 = LINE('',#7172,#7173);
#7172 = CARTESIAN_POINT('',(30.,0.));
#7173 = VECTOR('',#7174,1.);
#7174 = DIRECTION('',(0.,-1.));
#7175 = ( GEOMETRIC_REPRESENTATION_CONTEXT(2) 
PARAMETRIC_REPRESENTATION_CONTEXT() REPRESENTATION_CONTEXT('2D SPACE',''
  ) );
#7176 = PCURVE('',#7033,#7177);
#7177 = DEFINITIONAL_REPRESENTATION('',(#7178),#7182);
#7178 = LINE('',#7179,#7180);
#7179 = CARTESIAN_POINT('',(203.,3.));
#7180 = VECTOR('',#7181,1.);
#7181 = DIRECTION('',(0.,1.));
#7182 = ( GEOMETRIC_REPRESENTATION_CONTEXT(2) 
PARAMETRIC_REPRESENTATION_CONTEXT() REPRESENTATION_CONTEXT('2D SPACE',''
  ) );
#7183 = ADVANCED_FACE('',(#7184),#2327,.T.);
#7184 = FACE_BOUND('',#7185,.T.);
#7185 = EDGE_LOOP('',(#7186,#7187,#7210,#7231));
#7186 = ORIENTED_EDGE('',*,*,#7140,.F.);
#7187 = ORIENTED_EDGE('',*,*,#7188,.F.);
#7188 = EDGE_CURVE('',#7189,#7118,#7191,.T.);
#7189 = VERTEX_POINT('',#7190);
#7190 = CARTESIAN_POINT('',(57.,147.,74.));
#7191 = SURFACE_CURVE('',#7192,(#7196,#7203),.PCURVE_S1.);
#7192 = LINE('',#7193,#7194);
#7193 = CARTESIAN_POINT('',(57.,147.,74.));
#7194 = VECTOR('',#7195,1.);
#7195 = DIRECTION('',(1.,0.,0.));
#7196 = PCURVE('',#2327,#7197);
#7197 = DEFINITIONAL_REPRESENTATION('',(#7198),#7202);
#7198 = LINE('',#7199,#7200);
#7199 = CARTESIAN_POINT('',(0.,0.));
#7200 = VECTOR('',#7201,1.);
#7201 = DIRECTION('',(0.,1.));
#7202 = ( GEOMETRIC_REPRESENTATION_CONTEXT(2) 
PARAMETRIC_REPRESENTATION_CONTEXT() REPRESENTATION_CONTEXT('2D SPACE',''
  ) );
#7203 = PCURVE('',#3807,#7204);
#7204 = DEFINITIONAL_REPRESENTATION('',(#7205),#7209);
#7205 = LINE('',#7206,#7207);
#7206 = CARTESIAN_POINT('',(160.,194.));
#7207 = VECTOR('',#7208,1.);
#7208 = DIRECTION('',(1.,0.));
#7209 = ( GEOMETRIC_REPRESENTATION_CONTEXT(2) 
PARAMETRIC_REPRESENTATION_CONTEXT() REPRESENTATION_CONTEXT('2D SPACE',''
  ) );
#7210 = ORIENTED_EDGE('',*,*,#7211,.T.);
#7211 = EDGE_CURVE('',#7189,#2287,#7212,.T.);
#7212 = SURFACE_CURVE('',#7213,(#7217,#7224),.PCURVE_S1.);
#7213 = LINE('',#7214,#7215);
#7214 = CARTESIAN_POINT('',(57.,147.,74.));
#7215 = VECTOR('',#7216,1.);
#7216 = DIRECTION('',(0.,0.,1.));
#7217 = PCURVE('',#2327,#7218);
#7218 = DEFINITIONAL_REPRESENTATION('',(#7219),#7223);
#7219 = LINE('',#7220,#7221);
#7220 = CARTESIAN_POINT('',(0.,0.));
#7221 = VECTOR('',#7222,1.);
#7222 = DIRECTION('',(1.,0.));
#7223 = ( GEOMETRIC_REPRESENTATION_CONTEXT(2) 
PARAMETRIC_REPRESENTATION_CONTEXT() REPRESENTATION_CONTEXT('2D SPACE',''
  ) );
#7224 = PCURVE('',#2301,#7225);
#7225 = DEFINITIONAL_REPRESENTATION('',(#7226),#7230);
#7226 = LINE('',#7227,#7228);
#7227 = CARTESIAN_POINT('',(0.,-194.));
#7228 = VECTOR('',#7229,1.);
#7229 = DIRECTION('',(1.,0.));
#7230 = ( GEOMETRIC_REPRESENTATION_CONTEXT(2) 
PARAMETRIC_REPRESENTATION_CONTEXT() REPRESENTATION_CONTEXT('2D SPACE',''
  ) );
#7231 = ORIENTED_EDGE('',*,*,#2312,.F.);
#7232 = ADVANCED_FACE('',(#7233),#2301,.F.);
#7233 = FACE_BOUND('',#7234,.F.);
#7234 = EDGE_LOOP('',(#7235,#7263,#7284,#7285,#7286,#7307));
#7235 = ORIENTED_EDGE('',*,*,#7236,.F.);
#7236 = EDGE_CURVE('',#7237,#7239,#7241,.T.);
#7237 = VERTEX_POINT('',#7238);
#7238 = CARTESIAN_POINT('',(57.,113.,74.));
#7239 = VERTEX_POINT('',#7240);
#7240 = CARTESIAN_POINT('',(57.,113.,104.));
#7241 = SURFACE_CURVE('',#7242,(#7246,#7252),.PCURVE_S1.);
#7242 = LINE('',#7243,#7244);
#7243 = CARTESIAN_POINT('',(57.,113.,74.));
#7244 = VECTOR('',#7245,1.);
#7245 = DIRECTION('',(0.,0.,1.));
#7246 = PCURVE('',#2301,#7247);
#7247 = DEFINITIONAL_REPRESENTATION('',(#7248),#7251);
#7248 = B_SPLINE_CURVE_WITH_KNOTS('',1,(#7249,#7250),.UNSPECIFIED.,.F.,
  .F.,(2,2),(0.,30.),.PIECEWISE_BEZIER_KNOTS.);
#7249 = CARTESIAN_POINT('',(0.,-160.));
#7250 = CARTESIAN_POINT('',(30.,-160.));
#7251 = ( GEOMETRIC_REPRESENTATION_CONTEXT(2) 
PARAMETRIC_REPRESENTATION_CONTEXT() REPRESENTATION_CONTEXT('2D SPACE',''
  ) );
#7252 = PCURVE('',#7253,#7258);
#7253 = PLANE('',#7254);
#7254 = AXIS2_PLACEMENT_3D('',#7255,#7256,#7257);
#7255 = CARTESIAN_POINT('',(-136.,113.,74.));
#7256 = DIRECTION('',(0.,1.,0.));
#7257 = DIRECTION('',(0.,0.,1.));
#7258 = DEFINITIONAL_REPRESENTATION('',(#7259),#7262);
#7259 = B_SPLINE_CURVE_WITH_KNOTS('',1,(#7260,#7261),.UNSPECIFIED.,.F.,
  .F.,(2,2),(0.,30.),.PIECEWISE_BEZIER_KNOTS.);
#7260 = CARTESIAN_POINT('',(0.,193.));
#7261 = CARTESIAN_POINT('',(30.,193.));
#7262 = ( GEOMETRIC_REPRESENTATION_CONTEXT(2) 
PARAMETRIC_REPRESENTATION_CONTEXT() REPRESENTATION_CONTEXT('2D SPACE',''
  ) );
#7263 = ORIENTED_EDGE('',*,*,#7264,.T.);
#7264 = EDGE_CURVE('',#7237,#7189,#7265,.T.);
#7265 = SURFACE_CURVE('',#7266,(#7270,#7277),.PCURVE_S1.);
#7266 = LINE('',#7267,#7268);
#7267 = CARTESIAN_POINT('',(57.,-47.,74.));
#7268 = VECTOR('',#7269,1.);
#7269 = DIRECTION('',(0.,1.,0.));
#7270 = PCURVE('',#2301,#7271);
#7271 = DEFINITIONAL_REPRESENTATION('',(#7272),#7276);
#7272 = LINE('',#7273,#7274);
#7273 = CARTESIAN_POINT('',(0.,0.));
#7274 = VECTOR('',#7275,1.);
#7275 = DIRECTION('',(0.,-1.));
#7276 = ( GEOMETRIC_REPRESENTATION_CONTEXT(2) 
PARAMETRIC_REPRESENTATION_CONTEXT() REPRESENTATION_CONTEXT('2D SPACE',''
  ) );
#7277 = PCURVE('',#3807,#7278);
#7278 = DEFINITIONAL_REPRESENTATION('',(#7279),#7283);
#7279 = LINE('',#7280,#7281);
#7280 = CARTESIAN_POINT('',(160.,0.));
#7281 = VECTOR('',#7282,1.);
#7282 = DIRECTION('',(0.,1.));
#7283 = ( GEOMETRIC_REPRESENTATION_CONTEXT(2) 
PARAMETRIC_REPRESENTATION_CONTEXT() REPRESENTATION_CONTEXT('2D SPACE',''
  ) );
#7284 = ORIENTED_EDGE('',*,*,#7211,.T.);
#7285 = ORIENTED_EDGE('',*,*,#2286,.F.);
#7286 = ORIENTED_EDGE('',*,*,#7287,.F.);
#7287 = EDGE_CURVE('',#7288,#2261,#7290,.T.);
#7288 = VERTEX_POINT('',#7289);
#7289 = CARTESIAN_POINT('',(57.,144.,104.));
#7290 = SURFACE_CURVE('',#7291,(#7295,#7301),.PCURVE_S1.);
#7291 = LINE('',#7292,#7293);
#7292 = CARTESIAN_POINT('',(57.,144.,74.));
#7293 = VECTOR('',#7294,1.);
#7294 = DIRECTION('',(0.,0.,-1.));
#7295 = PCURVE('',#2301,#7296);
#7296 = DEFINITIONAL_REPRESENTATION('',(#7297),#7300);
#7297 = B_SPLINE_CURVE_WITH_KNOTS('',1,(#7298,#7299),.UNSPECIFIED.,.F.,
  .F.,(2,2),(-30.,-1.),.PIECEWISE_BEZIER_KNOTS.);
#7298 = CARTESIAN_POINT('',(30.,-191.));
#7299 = CARTESIAN_POINT('',(1.,-191.));
#7300 = ( GEOMETRIC_REPRESENTATION_CONTEXT(2) 
PARAMETRIC_REPRESENTATION_CONTEXT() REPRESENTATION_CONTEXT('2D SPACE',''
  ) );
#7301 = PCURVE('',#2275,#7302);
#7302 = DEFINITIONAL_REPRESENTATION('',(#7303),#7306);
#7303 = B_SPLINE_CURVE_WITH_KNOTS('',1,(#7304,#7305),.UNSPECIFIED.,.F.,
  .F.,(2,2),(-30.,-1.),.PIECEWISE_BEZIER_KNOTS.);
#7304 = CARTESIAN_POINT('',(30.,191.));
#7305 = CARTESIAN_POINT('',(1.,191.));
#7306 = ( GEOMETRIC_REPRESENTATION_CONTEXT(2) 
PARAMETRIC_REPRESENTATION_CONTEXT() REPRESENTATION_CONTEXT('2D SPACE',''
  ) );
#7307 = ORIENTED_EDGE('',*,*,#7308,.F.);
#7308 = EDGE_CURVE('',#7239,#7288,#7309,.T.);
#7309 = SURFACE_CURVE('',#7310,(#7314,#7321),.PCURVE_S1.);
#7310 = LINE('',#7311,#7312);
#7311 = CARTESIAN_POINT('',(57.,-47.,104.));
#7312 = VECTOR('',#7313,1.);
#7313 = DIRECTION('',(0.,1.,0.));
#7314 = PCURVE('',#2301,#7315);
#7315 = DEFINITIONAL_REPRESENTATION('',(#7316),#7320);
#7316 = LINE('',#7317,#7318);
#7317 = CARTESIAN_POINT('',(30.,0.));
#7318 = VECTOR('',#7319,1.);
#7319 = DIRECTION('',(0.,-1.));
#7320 = ( GEOMETRIC_REPRESENTATION_CONTEXT(2) 
PARAMETRIC_REPRESENTATION_CONTEXT() REPRESENTATION_CONTEXT('2D SPACE',''
  ) );
#7321 = PCURVE('',#7322,#7327);
#7322 = PLANE('',#7323);
#7323 = AXIS2_PLACEMENT_3D('',#7324,#7325,#7326);
#7324 = CARTESIAN_POINT('',(-140.,-50.,104.));
#7325 = DIRECTION('',(0.,0.,1.));
#7326 = DIRECTION('',(1.,0.,0.));
#7327 = DEFINITIONAL_REPRESENTATION('',(#7328),#7332);
#7328 = LINE('',#7329,#7330);
#7329 = CARTESIAN_POINT('',(197.,3.));
#7330 = VECTOR('',#7331,1.);
#7331 = DIRECTION('',(0.,1.));
#7332 = ( GEOMETRIC_REPRESENTATION_CONTEXT(2) 
PARAMETRIC_REPRESENTATION_CONTEXT() REPRESENTATION_CONTEXT('2D SPACE',''
  ) );
#7333 = ADVANCED_FACE('',(#7334),#2275,.F.);
#7334 = FACE_BOUND('',#7335,.F.);
#7335 = EDGE_LOOP('',(#7336,#7337,#7338,#7359));
#7336 = ORIENTED_EDGE('',*,*,#7287,.T.);
#7337 = ORIENTED_EDGE('',*,*,#2260,.T.);
#7338 = ORIENTED_EDGE('',*,*,#7339,.F.);
#7339 = EDGE_CURVE('',#7340,#2235,#7342,.T.);
#7340 = VERTEX_POINT('',#7341);
#7341 = CARTESIAN_POINT('',(23.,144.,104.));
#7342 = SURFACE_CURVE('',#7343,(#7347,#7353),.PCURVE_S1.);
#7343 = LINE('',#7344,#7345);
#7344 = CARTESIAN_POINT('',(23.,144.,74.));
#7345 = VECTOR('',#7346,1.);
#7346 = DIRECTION('',(0.,0.,-1.));
#7347 = PCURVE('',#2275,#7348);
#7348 = DEFINITIONAL_REPRESENTATION('',(#7349),#7352);
#7349 = B_SPLINE_CURVE_WITH_KNOTS('',1,(#7350,#7351),.UNSPECIFIED.,.F.,
  .F.,(2,2),(-30.,-1.),.PIECEWISE_BEZIER_KNOTS.);
#7350 = CARTESIAN_POINT('',(30.,157.));
#7351 = CARTESIAN_POINT('',(1.,157.));
#7352 = ( GEOMETRIC_REPRESENTATION_CONTEXT(2) 
PARAMETRIC_REPRESENTATION_CONTEXT() REPRESENTATION_CONTEXT('2D SPACE',''
  ) );
#7353 = PCURVE('',#2249,#7354);
#7354 = DEFINITIONAL_REPRESENTATION('',(#7355),#7358);
#7355 = B_SPLINE_CURVE_WITH_KNOTS('',1,(#7356,#7357),.UNSPECIFIED.,.F.,
  .F.,(2,2),(-30.,-1.),.PIECEWISE_BEZIER_KNOTS.);
#7356 = CARTESIAN_POINT('',(30.,-191.));
#7357 = CARTESIAN_POINT('',(1.,-191.));
#7358 = ( GEOMETRIC_REPRESENTATION_CONTEXT(2) 
PARAMETRIC_REPRESENTATION_CONTEXT() REPRESENTATION_CONTEXT('2D SPACE',''
  ) );
#7359 = ORIENTED_EDGE('',*,*,#7360,.F.);
#7360 = EDGE_CURVE('',#7288,#7340,#7361,.T.);
#7361 = SURFACE_CURVE('',#7362,(#7366,#7372),.PCURVE_S1.);
#7362 = LINE('',#7363,#7364);
#7363 = CARTESIAN_POINT('',(-136.,144.,104.));
#7364 = VECTOR('',#7365,1.);
#7365 = DIRECTION('',(-1.,0.,0.));
#7366 = PCURVE('',#2275,#7367);
#7367 = DEFINITIONAL_REPRESENTATION('',(#7368),#7371);
#7368 = B_SPLINE_CURVE_WITH_KNOTS('',1,(#7369,#7370),.UNSPECIFIED.,.F.,
  .F.,(2,2),(-256.,-16.),.PIECEWISE_BEZIER_KNOTS.);
#7369 = CARTESIAN_POINT('',(30.,254.));
#7370 = CARTESIAN_POINT('',(30.,14.));
#7371 = ( GEOMETRIC_REPRESENTATION_CONTEXT(2) 
PARAMETRIC_REPRESENTATION_CONTEXT() REPRESENTATION_CONTEXT('2D SPACE',''
  ) );
#7372 = PCURVE('',#7322,#7373);
#7373 = DEFINITIONAL_REPRESENTATION('',(#7374),#7378);
#7374 = LINE('',#7375,#7376);
#7375 = CARTESIAN_POINT('',(4.,194.));
#7376 = VECTOR('',#7377,1.);
#7377 = DIRECTION('',(-1.,0.));
#7378 = ( GEOMETRIC_REPRESENTATION_CONTEXT(2) 
PARAMETRIC_REPRESENTATION_CONTEXT() REPRESENTATION_CONTEXT('2D SPACE',''
  ) );
#7379 = ADVANCED_FACE('',(#7380),#2249,.T.);
#7380 = FACE_BOUND('',#7381,.T.);
#7381 = EDGE_LOOP('',(#7382,#7405,#7428,#7449,#7450,#7451));
#7382 = ORIENTED_EDGE('',*,*,#7383,.F.);
#7383 = EDGE_CURVE('',#7384,#7386,#7388,.T.);
#7384 = VERTEX_POINT('',#7385);
#7385 = CARTESIAN_POINT('',(23.,113.,74.));
#7386 = VERTEX_POINT('',#7387);
#7387 = CARTESIAN_POINT('',(23.,113.,104.));
#7388 = SURFACE_CURVE('',#7389,(#7393,#7399),.PCURVE_S1.);
#7389 = LINE('',#7390,#7391);
#7390 = CARTESIAN_POINT('',(23.,113.,74.));
#7391 = VECTOR('',#7392,1.);
#7392 = DIRECTION('',(0.,0.,1.));
#7393 = PCURVE('',#2249,#7394);
#7394 = DEFINITIONAL_REPRESENTATION('',(#7395),#7398);
#7395 = B_SPLINE_CURVE_WITH_KNOTS('',1,(#7396,#7397),.UNSPECIFIED.,.F.,
  .F.,(2,2),(0.,30.),.PIECEWISE_BEZIER_KNOTS.);
#7396 = CARTESIAN_POINT('',(0.,-160.));
#7397 = CARTESIAN_POINT('',(30.,-160.));
#7398 = ( GEOMETRIC_REPRESENTATION_CONTEXT(2) 
PARAMETRIC_REPRESENTATION_CONTEXT() REPRESENTATION_CONTEXT('2D SPACE',''
  ) );
#7399 = PCURVE('',#7253,#7400);
#7400 = DEFINITIONAL_REPRESENTATION('',(#7401),#7404);
#7401 = B_SPLINE_CURVE_WITH_KNOTS('',1,(#7402,#7403),.UNSPECIFIED.,.F.,
  .F.,(2,2),(0.,30.),.PIECEWISE_BEZIER_KNOTS.);
#7402 = CARTESIAN_POINT('',(0.,159.));
#7403 = CARTESIAN_POINT('',(30.,159.));
#7404 = ( GEOMETRIC_REPRESENTATION_CONTEXT(2) 
PARAMETRIC_REPRESENTATION_CONTEXT() REPRESENTATION_CONTEXT('2D SPACE',''
  ) );
#7405 = ORIENTED_EDGE('',*,*,#7406,.T.);
#7406 = EDGE_CURVE('',#7384,#7407,#7409,.T.);
#7407 = VERTEX_POINT('',#7408);
#7408 = CARTESIAN_POINT('',(23.,147.,74.));
#7409 = SURFACE_CURVE('',#7410,(#7414,#7421),.PCURVE_S1.);
#7410 = LINE('',#7411,#7412);
#7411 = CARTESIAN_POINT('',(23.,-47.,74.));
#7412 = VECTOR('',#7413,1.);
#7413 = DIRECTION('',(0.,1.,0.));
#7414 = PCURVE('',#2249,#7415);
#7415 = DEFINITIONAL_REPRESENTATION('',(#7416),#7420);
#7416 = LINE('',#7417,#7418);
#7417 = CARTESIAN_POINT('',(0.,0.));
#7418 = VECTOR('',#7419,1.);
#7419 = DIRECTION('',(0.,-1.));
#7420 = ( GEOMETRIC_REPRESENTATION_CONTEXT(2) 
PARAMETRIC_REPRESENTATION_CONTEXT() REPRESENTATION_CONTEXT('2D SPACE',''
  ) );
#7421 = PCURVE('',#3807,#7422);
#7422 = DEFINITIONAL_REPRESENTATION('',(#7423),#7427);
#7423 = LINE('',#7424,#7425);
#7424 = CARTESIAN_POINT('',(126.,0.));
#7425 = VECTOR('',#7426,1.);
#7426 = DIRECTION('',(0.,1.));
#7427 = ( GEOMETRIC_REPRESENTATION_CONTEXT(2) 
PARAMETRIC_REPRESENTATION_CONTEXT() REPRESENTATION_CONTEXT('2D SPACE',''
  ) );
#7428 = ORIENTED_EDGE('',*,*,#7429,.T.);
#7429 = EDGE_CURVE('',#7407,#2209,#7430,.T.);
#7430 = SURFACE_CURVE('',#7431,(#7435,#7442),.PCURVE_S1.);
#7431 = LINE('',#7432,#7433);
#7432 = CARTESIAN_POINT('',(23.,147.,74.));
#7433 = VECTOR('',#7434,1.);
#7434 = DIRECTION('',(0.,0.,1.));
#7435 = PCURVE('',#2249,#7436);
#7436 = DEFINITIONAL_REPRESENTATION('',(#7437),#7441);
#7437 = LINE('',#7438,#7439);
#7438 = CARTESIAN_POINT('',(0.,-194.));
#7439 = VECTOR('',#7440,1.);
#7440 = DIRECTION('',(1.,0.));
#7441 = ( GEOMETRIC_REPRESENTATION_CONTEXT(2) 
PARAMETRIC_REPRESENTATION_CONTEXT() REPRESENTATION_CONTEXT('2D SPACE',''
  ) );
#7442 = PCURVE('',#2223,#7443);
#7443 = DEFINITIONAL_REPRESENTATION('',(#7444),#7448);
#7444 = LINE('',#7445,#7446);
#7445 = CARTESIAN_POINT('',(0.,6.));
#7446 = VECTOR('',#7447,1.);
#7447 = DIRECTION('',(1.,0.));
#7448 = ( GEOMETRIC_REPRESENTATION_CONTEXT(2) 
PARAMETRIC_REPRESENTATION_CONTEXT() REPRESENTATION_CONTEXT('2D SPACE',''
  ) );
#7449 = ORIENTED_EDGE('',*,*,#2234,.F.);
#7450 = ORIENTED_EDGE('',*,*,#7339,.F.);
#7451 = ORIENTED_EDGE('',*,*,#7452,.F.);
#7452 = EDGE_CURVE('',#7386,#7340,#7453,.T.);
#7453 = SURFACE_CURVE('',#7454,(#7458,#7465),.PCURVE_S1.);
#7454 = LINE('',#7455,#7456);
#7455 = CARTESIAN_POINT('',(23.,-47.,104.));
#7456 = VECTOR('',#7457,1.);
#7457 = DIRECTION('',(0.,1.,0.));
#7458 = PCURVE('',#2249,#7459);
#7459 = DEFINITIONAL_REPRESENTATION('',(#7460),#7464);
#7460 = LINE('',#7461,#7462);
#7461 = CARTESIAN_POINT('',(30.,0.));
#7462 = VECTOR('',#7463,1.);
#7463 = DIRECTION('',(0.,-1.));
#7464 = ( GEOMETRIC_REPRESENTATION_CONTEXT(2) 
PARAMETRIC_REPRESENTATION_CONTEXT() REPRESENTATION_CONTEXT('2D SPACE',''
  ) );
#7465 = PCURVE('',#7322,#7466);
#7466 = DEFINITIONAL_REPRESENTATION('',(#7467),#7471);
#7467 = LINE('',#7468,#7469);
#7468 = CARTESIAN_POINT('',(163.,3.));
#7469 = VECTOR('',#7470,1.);
#7470 = DIRECTION('',(0.,1.));
#7471 = ( GEOMETRIC_REPRESENTATION_CONTEXT(2) 
PARAMETRIC_REPRESENTATION_CONTEXT() REPRESENTATION_CONTEXT('2D SPACE',''
  ) );
#7472 = ADVANCED_FACE('',(#7473),#2223,.T.);
#7473 = FACE_BOUND('',#7474,.T.);
#7474 = EDGE_LOOP('',(#7475,#7476,#7499,#7520));
#7475 = ORIENTED_EDGE('',*,*,#7429,.F.);
#7476 = ORIENTED_EDGE('',*,*,#7477,.F.);
#7477 = EDGE_CURVE('',#7478,#7407,#7480,.T.);
#7478 = VERTEX_POINT('',#7479);
#7479 = CARTESIAN_POINT('',(17.,147.,74.));
#7480 = SURFACE_CURVE('',#7481,(#7485,#7492),.PCURVE_S1.);
#7481 = LINE('',#7482,#7483);
#7482 = CARTESIAN_POINT('',(17.,147.,74.));
#7483 = VECTOR('',#7484,1.);
#7484 = DIRECTION('',(1.,0.,0.));
#7485 = PCURVE('',#2223,#7486);
#7486 = DEFINITIONAL_REPRESENTATION('',(#7487),#7491);
#7487 = LINE('',#7488,#7489);
#7488 = CARTESIAN_POINT('',(0.,0.));
#7489 = VECTOR('',#7490,1.);
#7490 = DIRECTION('',(0.,1.));
#7491 = ( GEOMETRIC_REPRESENTATION_CONTEXT(2) 
PARAMETRIC_REPRESENTATION_CONTEXT() REPRESENTATION_CONTEXT('2D SPACE',''
  ) );
#7492 = PCURVE('',#3807,#7493);
#7493 = DEFINITIONAL_REPRESENTATION('',(#7494),#7498);
#7494 = LINE('',#7495,#7496);
#7495 = CARTESIAN_POINT('',(120.,194.));
#7496 = VECTOR('',#7497,1.);
#7497 = DIRECTION('',(1.,0.));
#7498 = ( GEOMETRIC_REPRESENTATION_CONTEXT(2) 
PARAMETRIC_REPRESENTATION_CONTEXT() REPRESENTATION_CONTEXT('2D SPACE',''
  ) );
#7499 = ORIENTED_EDGE('',*,*,#7500,.T.);
#7500 = EDGE_CURVE('',#7478,#2183,#7501,.T.);
#7501 = SURFACE_CURVE('',#7502,(#7506,#7513),.PCURVE_S1.);
#7502 = LINE('',#7503,#7504);
#7503 = CARTESIAN_POINT('',(17.,147.,74.));
#7504 = VECTOR('',#7505,1.);
#7505 = DIRECTION('',(0.,0.,1.));
#7506 = PCURVE('',#2223,#7507);
#7507 = DEFINITIONAL_REPRESENTATION('',(#7508),#7512);
#7508 = LINE('',#7509,#7510);
#7509 = CARTESIAN_POINT('',(0.,0.));
#7510 = VECTOR('',#7511,1.);
#7511 = DIRECTION('',(1.,0.));
#7512 = ( GEOMETRIC_REPRESENTATION_CONTEXT(2) 
PARAMETRIC_REPRESENTATION_CONTEXT() REPRESENTATION_CONTEXT('2D SPACE',''
  ) );
#7513 = PCURVE('',#2197,#7514);
#7514 = DEFINITIONAL_REPRESENTATION('',(#7515),#7519);
#7515 = LINE('',#7516,#7517);
#7516 = CARTESIAN_POINT('',(0.,-194.));
#7517 = VECTOR('',#7518,1.);
#7518 = DIRECTION('',(1.,0.));
#7519 = ( GEOMETRIC_REPRESENTATION_CONTEXT(2) 
PARAMETRIC_REPRESENTATION_CONTEXT() REPRESENTATION_CONTEXT('2D SPACE',''
  ) );
#7520 = ORIENTED_EDGE('',*,*,#2208,.F.);
#7521 = ADVANCED_FACE('',(#7522),#2197,.F.);
#7522 = FACE_BOUND('',#7523,.F.);
#7523 = EDGE_LOOP('',(#7524,#7552,#7573,#7574,#7575,#7596));
#7524 = ORIENTED_EDGE('',*,*,#7525,.F.);
#7525 = EDGE_CURVE('',#7526,#7528,#7530,.T.);
#7526 = VERTEX_POINT('',#7527);
#7527 = CARTESIAN_POINT('',(17.,113.,74.));
#7528 = VERTEX_POINT('',#7529);
#7529 = CARTESIAN_POINT('',(17.,113.,104.));
#7530 = SURFACE_CURVE('',#7531,(#7535,#7541),.PCURVE_S1.);
#7531 = LINE('',#7532,#7533);
#7532 = CARTESIAN_POINT('',(17.,113.,74.));
#7533 = VECTOR('',#7534,1.);
#7534 = DIRECTION('',(0.,0.,1.));
#7535 = PCURVE('',#2197,#7536);
#7536 = DEFINITIONAL_REPRESENTATION('',(#7537),#7540);
#7537 = B_SPLINE_CURVE_WITH_KNOTS('',1,(#7538,#7539),.UNSPECIFIED.,.F.,
  .F.,(2,2),(0.,30.),.PIECEWISE_BEZIER_KNOTS.);
#7538 = CARTESIAN_POINT('',(0.,-160.));
#7539 = CARTESIAN_POINT('',(30.,-160.));
#7540 = ( GEOMETRIC_REPRESENTATION_CONTEXT(2) 
PARAMETRIC_REPRESENTATION_CONTEXT() REPRESENTATION_CONTEXT('2D SPACE',''
  ) );
#7541 = PCURVE('',#7542,#7547);
#7542 = PLANE('',#7543);
#7543 = AXIS2_PLACEMENT_3D('',#7544,#7545,#7546);
#7544 = CARTESIAN_POINT('',(-136.,113.,74.));
#7545 = DIRECTION('',(0.,1.,0.));
#7546 = DIRECTION('',(0.,0.,1.));
#7547 = DEFINITIONAL_REPRESENTATION('',(#7548),#7551);
#7548 = B_SPLINE_CURVE_WITH_KNOTS('',1,(#7549,#7550),.UNSPECIFIED.,.F.,
  .F.,(2,2),(0.,30.),.PIECEWISE_BEZIER_KNOTS.);
#7549 = CARTESIAN_POINT('',(0.,153.));
#7550 = CARTESIAN_POINT('',(30.,153.));
#7551 = ( GEOMETRIC_REPRESENTATION_CONTEXT(2) 
PARAMETRIC_REPRESENTATION_CONTEXT() REPRESENTATION_CONTEXT('2D SPACE',''
  ) );
#7552 = ORIENTED_EDGE('',*,*,#7553,.T.);
#7553 = EDGE_CURVE('',#7526,#7478,#7554,.T.);
#7554 = SURFACE_CURVE('',#7555,(#7559,#7566),.PCURVE_S1.);
#7555 = LINE('',#7556,#7557);
#7556 = CARTESIAN_POINT('',(17.,-47.,74.));
#7557 = VECTOR('',#7558,1.);
#7558 = DIRECTION('',(0.,1.,0.));
#7559 = PCURVE('',#2197,#7560);
#7560 = DEFINITIONAL_REPRESENTATION('',(#7561),#7565);
#7561 = LINE('',#7562,#7563);
#7562 = CARTESIAN_POINT('',(0.,0.));
#7563 = VECTOR('',#7564,1.);
#7564 = DIRECTION('',(0.,-1.));
#7565 = ( GEOMETRIC_REPRESENTATION_CONTEXT(2) 
PARAMETRIC_REPRESENTATION_CONTEXT() REPRESENTATION_CONTEXT('2D SPACE',''
  ) );
#7566 = PCURVE('',#3807,#7567);
#7567 = DEFINITIONAL_REPRESENTATION('',(#7568),#7572);
#7568 = LINE('',#7569,#7570);
#7569 = CARTESIAN_POINT('',(120.,0.));
#7570 = VECTOR('',#7571,1.);
#7571 = DIRECTION('',(0.,1.));
#7572 = ( GEOMETRIC_REPRESENTATION_CONTEXT(2) 
PARAMETRIC_REPRESENTATION_CONTEXT() REPRESENTATION_CONTEXT('2D SPACE',''
  ) );
#7573 = ORIENTED_EDGE('',*,*,#7500,.T.);
#7574 = ORIENTED_EDGE('',*,*,#2182,.F.);
#7575 = ORIENTED_EDGE('',*,*,#7576,.F.);
#7576 = EDGE_CURVE('',#7577,#2157,#7579,.T.);
#7577 = VERTEX_POINT('',#7578);
#7578 = CARTESIAN_POINT('',(17.,144.,104.));
#7579 = SURFACE_CURVE('',#7580,(#7584,#7590),.PCURVE_S1.);
#7580 = LINE('',#7581,#7582);
#7581 = CARTESIAN_POINT('',(17.,144.,74.));
#7582 = VECTOR('',#7583,1.);
#7583 = DIRECTION('',(0.,0.,-1.));
#7584 = PCURVE('',#2197,#7585);
#7585 = DEFINITIONAL_REPRESENTATION('',(#7586),#7589);
#7586 = B_SPLINE_CURVE_WITH_KNOTS('',1,(#7587,#7588),.UNSPECIFIED.,.F.,
  .F.,(2,2),(-30.,-1.),.PIECEWISE_BEZIER_KNOTS.);
#7587 = CARTESIAN_POINT('',(30.,-191.));
#7588 = CARTESIAN_POINT('',(1.,-191.));
#7589 = ( GEOMETRIC_REPRESENTATION_CONTEXT(2) 
PARAMETRIC_REPRESENTATION_CONTEXT() REPRESENTATION_CONTEXT('2D SPACE',''
  ) );
#7590 = PCURVE('',#2171,#7591);
#7591 = DEFINITIONAL_REPRESENTATION('',(#7592),#7595);
#7592 = B_SPLINE_CURVE_WITH_KNOTS('',1,(#7593,#7594),.UNSPECIFIED.,.F.,
  .F.,(2,2),(-30.,-1.),.PIECEWISE_BEZIER_KNOTS.);
#7593 = CARTESIAN_POINT('',(30.,151.));
#7594 = CARTESIAN_POINT('',(1.,151.));
#7595 = ( GEOMETRIC_REPRESENTATION_CONTEXT(2) 
PARAMETRIC_REPRESENTATION_CONTEXT() REPRESENTATION_CONTEXT('2D SPACE',''
  ) );
#7596 = ORIENTED_EDGE('',*,*,#7597,.F.);
#7597 = EDGE_CURVE('',#7528,#7577,#7598,.T.);
#7598 = SURFACE_CURVE('',#7599,(#7603,#7610),.PCURVE_S1.);
#7599 = LINE('',#7600,#7601);
#7600 = CARTESIAN_POINT('',(17.,-47.,104.));
#7601 = VECTOR('',#7602,1.);
#7602 = DIRECTION('',(0.,1.,0.));
#7603 = PCURVE('',#2197,#7604);
#7604 = DEFINITIONAL_REPRESENTATION('',(#7605),#7609);
#7605 = LINE('',#7606,#7607);
#7606 = CARTESIAN_POINT('',(30.,0.));
#7607 = VECTOR('',#7608,1.);
#7608 = DIRECTION('',(0.,-1.));
#7609 = ( GEOMETRIC_REPRESENTATION_CONTEXT(2) 
PARAMETRIC_REPRESENTATION_CONTEXT() REPRESENTATION_CONTEXT('2D SPACE',''
  ) );
#7610 = PCURVE('',#7611,#7616);
#7611 = PLANE('',#7612);
#7612 = AXIS2_PLACEMENT_3D('',#7613,#7614,#7615);
#7613 = CARTESIAN_POINT('',(-140.,-50.,104.));
#7614 = DIRECTION('',(0.,0.,1.));
#7615 = DIRECTION('',(1.,0.,0.));
#7616 = DEFINITIONAL_REPRESENTATION('',(#7617),#7621);
#7617 = LINE('',#7618,#7619);
#7618 = CARTESIAN_POINT('',(157.,3.));
#7619 = VECTOR('',#7620,1.);
#7620 = DIRECTION('',(0.,1.));
#7621 = ( GEOMETRIC_REPRESENTATION_CONTEXT(2) 
PARAMETRIC_REPRESENTATION_CONTEXT() REPRESENTATION_CONTEXT('2D SPACE',''
  ) );
#7622 = ADVANCED_FACE('',(#7623),#2171,.F.);
#7623 = FACE_BOUND('',#7624,.F.);
#7624 = EDGE_LOOP('',(#7625,#7626,#7627,#7648));
#7625 = ORIENTED_EDGE('',*,*,#7576,.T.);
#7626 = ORIENTED_EDGE('',*,*,#2156,.T.);
#7627 = ORIENTED_EDGE('',*,*,#7628,.F.);
#7628 = EDGE_CURVE('',#7629,#2131,#7631,.T.);
#7629 = VERTEX_POINT('',#7630);
#7630 = CARTESIAN_POINT('',(-17.,144.,104.));
#7631 = SURFACE_CURVE('',#7632,(#7636,#7642),.PCURVE_S1.);
#7632 = LINE('',#7633,#7634);
#7633 = CARTESIAN_POINT('',(-17.,144.,74.));
#7634 = VECTOR('',#7635,1.);
#7635 = DIRECTION('',(0.,0.,-1.));
#7636 = PCURVE('',#2171,#7637);
#7637 = DEFINITIONAL_REPRESENTATION('',(#7638),#7641);
#7638 = B_SPLINE_CURVE_WITH_KNOTS('',1,(#7639,#7640),.UNSPECIFIED.,.F.,
  .F.,(2,2),(-30.,-1.),.PIECEWISE_BEZIER_KNOTS.);
#7639 = CARTESIAN_POINT('',(30.,117.));
#7640 = CARTESIAN_POINT('',(1.,117.));
#7641 = ( GEOMETRIC_REPRESENTATION_CONTEXT(2) 
PARAMETRIC_REPRESENTATION_CONTEXT() REPRESENTATION_CONTEXT('2D SPACE',''
  ) );
#7642 = PCURVE('',#2145,#7643);
#7643 = DEFINITIONAL_REPRESENTATION('',(#7644),#7647);
#7644 = B_SPLINE_CURVE_WITH_KNOTS('',1,(#7645,#7646),.UNSPECIFIED.,.F.,
  .F.,(2,2),(-30.,-1.),.PIECEWISE_BEZIER_KNOTS.);
#7645 = CARTESIAN_POINT('',(30.,-191.));
#7646 = CARTESIAN_POINT('',(1.,-191.));
#7647 = ( GEOMETRIC_REPRESENTATION_CONTEXT(2) 
PARAMETRIC_REPRESENTATION_CONTEXT() REPRESENTATION_CONTEXT('2D SPACE',''
  ) );
#7648 = ORIENTED_EDGE('',*,*,#7649,.F.);
#7649 = EDGE_CURVE('',#7577,#7629,#7650,.T.);
#7650 = SURFACE_CURVE('',#7651,(#7655,#7661),.PCURVE_S1.);
#7651 = LINE('',#7652,#7653);
#7652 = CARTESIAN_POINT('',(-136.,144.,104.));
#7653 = VECTOR('',#7654,1.);
#7654 = DIRECTION('',(-1.,0.,0.));
#7655 = PCURVE('',#2171,#7656);
#7656 = DEFINITIONAL_REPRESENTATION('',(#7657),#7660);
#7657 = B_SPLINE_CURVE_WITH_KNOTS('',1,(#7658,#7659),.UNSPECIFIED.,.F.,
  .F.,(2,2),(-256.,-16.),.PIECEWISE_BEZIER_KNOTS.);
#7658 = CARTESIAN_POINT('',(30.,254.));
#7659 = CARTESIAN_POINT('',(30.,14.));
#7660 = ( GEOMETRIC_REPRESENTATION_CONTEXT(2) 
PARAMETRIC_REPRESENTATION_CONTEXT() REPRESENTATION_CONTEXT('2D SPACE',''
  ) );
#7661 = PCURVE('',#7611,#7662);
#7662 = DEFINITIONAL_REPRESENTATION('',(#7663),#7667);
#7663 = LINE('',#7664,#7665);
#7664 = CARTESIAN_POINT('',(4.,194.));
#7665 = VECTOR('',#7666,1.);
#7666 = DIRECTION('',(-1.,0.));
#7667 = ( GEOMETRIC_REPRESENTATION_CONTEXT(2) 
PARAMETRIC_REPRESENTATION_CONTEXT() REPRESENTATION_CONTEXT('2D SPACE',''
  ) );
#7668 = ADVANCED_FACE('',(#7669),#2145,.T.);
#7669 = FACE_BOUND('',#7670,.T.);
#7670 = EDGE_LOOP('',(#7671,#7694,#7717,#7738,#7739,#7740));
#7671 = ORIENTED_EDGE('',*,*,#7672,.F.);
#7672 = EDGE_CURVE('',#7673,#7675,#7677,.T.);
#7673 = VERTEX_POINT('',#7674);
#7674 = CARTESIAN_POINT('',(-17.,113.,74.));
#7675 = VERTEX_POINT('',#7676);
#7676 = CARTESIAN_POINT('',(-17.,113.,104.));
#7677 = SURFACE_CURVE('',#7678,(#7682,#7688),.PCURVE_S1.);
#7678 = LINE('',#7679,#7680);
#7679 = CARTESIAN_POINT('',(-17.,113.,74.));
#7680 = VECTOR('',#7681,1.);
#7681 = DIRECTION('',(0.,0.,1.));
#7682 = PCURVE('',#2145,#7683);
#7683 = DEFINITIONAL_REPRESENTATION('',(#7684),#7687);
#7684 = B_SPLINE_CURVE_WITH_KNOTS('',1,(#7685,#7686),.UNSPECIFIED.,.F.,
  .F.,(2,2),(0.,30.),.PIECEWISE_BEZIER_KNOTS.);
#7685 = CARTESIAN_POINT('',(0.,-160.));
#7686 = CARTESIAN_POINT('',(30.,-160.));
#7687 = ( GEOMETRIC_REPRESENTATION_CONTEXT(2) 
PARAMETRIC_REPRESENTATION_CONTEXT() REPRESENTATION_CONTEXT('2D SPACE',''
  ) );
#7688 = PCURVE('',#7542,#7689);
#7689 = DEFINITIONAL_REPRESENTATION('',(#7690),#7693);
#7690 = B_SPLINE_CURVE_WITH_KNOTS('',1,(#7691,#7692),.UNSPECIFIED.,.F.,
  .F.,(2,2),(0.,30.),.PIECEWISE_BEZIER_KNOTS.);
#7691 = CARTESIAN_POINT('',(0.,119.));
#7692 = CARTESIAN_POINT('',(30.,119.));
#7693 = ( GEOMETRIC_REPRESENTATION_CONTEXT(2) 
PARAMETRIC_REPRESENTATION_CONTEXT() REPRESENTATION_CONTEXT('2D SPACE',''
  ) );
#7694 = ORIENTED_EDGE('',*,*,#7695,.T.);
#7695 = EDGE_CURVE('',#7673,#7696,#7698,.T.);
#7696 = VERTEX_POINT('',#7697);
#7697 = CARTESIAN_POINT('',(-17.,147.,74.));
#7698 = SURFACE_CURVE('',#7699,(#7703,#7710),.PCURVE_S1.);
#7699 = LINE('',#7700,#7701);
#7700 = CARTESIAN_POINT('',(-17.,-47.,74.));
#7701 = VECTOR('',#7702,1.);
#7702 = DIRECTION('',(0.,1.,0.));
#7703 = PCURVE('',#2145,#7704);
#7704 = DEFINITIONAL_REPRESENTATION('',(#7705),#7709);
#7705 = LINE('',#7706,#7707);
#7706 = CARTESIAN_POINT('',(0.,0.));
#7707 = VECTOR('',#7708,1.);
#7708 = DIRECTION('',(0.,-1.));
#7709 = ( GEOMETRIC_REPRESENTATION_CONTEXT(2) 
PARAMETRIC_REPRESENTATION_CONTEXT() REPRESENTATION_CONTEXT('2D SPACE',''
  ) );
#7710 = PCURVE('',#3807,#7711);
#7711 = DEFINITIONAL_REPRESENTATION('',(#7712),#7716);
#7712 = LINE('',#7713,#7714);
#7713 = CARTESIAN_POINT('',(86.,0.));
#7714 = VECTOR('',#7715,1.);
#7715 = DIRECTION('',(0.,1.));
#7716 = ( GEOMETRIC_REPRESENTATION_CONTEXT(2) 
PARAMETRIC_REPRESENTATION_CONTEXT() REPRESENTATION_CONTEXT('2D SPACE',''
  ) );
#7717 = ORIENTED_EDGE('',*,*,#7718,.T.);
#7718 = EDGE_CURVE('',#7696,#2105,#7719,.T.);
#7719 = SURFACE_CURVE('',#7720,(#7724,#7731),.PCURVE_S1.);
#7720 = LINE('',#7721,#7722);
#7721 = CARTESIAN_POINT('',(-17.,147.,74.));
#7722 = VECTOR('',#7723,1.);
#7723 = DIRECTION('',(0.,0.,1.));
#7724 = PCURVE('',#2145,#7725);
#7725 = DEFINITIONAL_REPRESENTATION('',(#7726),#7730);
#7726 = LINE('',#7727,#7728);
#7727 = CARTESIAN_POINT('',(0.,-194.));
#7728 = VECTOR('',#7729,1.);
#7729 = DIRECTION('',(1.,0.));
#7730 = ( GEOMETRIC_REPRESENTATION_CONTEXT(2) 
PARAMETRIC_REPRESENTATION_CONTEXT() REPRESENTATION_CONTEXT('2D SPACE',''
  ) );
#7731 = PCURVE('',#2119,#7732);
#7732 = DEFINITIONAL_REPRESENTATION('',(#7733),#7737);
#7733 = LINE('',#7734,#7735);
#7734 = CARTESIAN_POINT('',(0.,6.));
#7735 = VECTOR('',#7736,1.);
#7736 = DIRECTION('',(1.,0.));
#7737 = ( GEOMETRIC_REPRESENTATION_CONTEXT(2) 
PARAMETRIC_REPRESENTATION_CONTEXT() REPRESENTATION_CONTEXT('2D SPACE',''
  ) );
#7738 = ORIENTED_EDGE('',*,*,#2130,.F.);
#7739 = ORIENTED_EDGE('',*,*,#7628,.F.);
#7740 = ORIENTED_EDGE('',*,*,#7741,.F.);
#7741 = EDGE_CURVE('',#7675,#7629,#7742,.T.);
#7742 = SURFACE_CURVE('',#7743,(#7747,#7754),.PCURVE_S1.);
#7743 = LINE('',#7744,#7745);
#7744 = CARTESIAN_POINT('',(-17.,-47.,104.));
#7745 = VECTOR('',#7746,1.);
#7746 = DIRECTION('',(0.,1.,0.));
#7747 = PCURVE('',#2145,#7748);
#7748 = DEFINITIONAL_REPRESENTATION('',(#7749),#7753);
#7749 = LINE('',#7750,#7751);
#7750 = CARTESIAN_POINT('',(30.,0.));
#7751 = VECTOR('',#7752,1.);
#7752 = DIRECTION('',(0.,-1.));
#7753 = ( GEOMETRIC_REPRESENTATION_CONTEXT(2) 
PARAMETRIC_REPRESENTATION_CONTEXT() REPRESENTATION_CONTEXT('2D SPACE',''
  ) );
#7754 = PCURVE('',#7611,#7755);
#7755 = DEFINITIONAL_REPRESENTATION('',(#7756),#7760);
#7756 = LINE('',#7757,#7758);
#7757 = CARTESIAN_POINT('',(123.,3.));
#7758 = VECTOR('',#7759,1.);
#7759 = DIRECTION('',(0.,1.));
#7760 = ( GEOMETRIC_REPRESENTATION_CONTEXT(2) 
PARAMETRIC_REPRESENTATION_CONTEXT() REPRESENTATION_CONTEXT('2D SPACE',''
  ) );
#7761 = ADVANCED_FACE('',(#7762),#2119,.T.);
#7762 = FACE_BOUND('',#7763,.T.);
#7763 = EDGE_LOOP('',(#7764,#7765,#7788,#7809));
#7764 = ORIENTED_EDGE('',*,*,#7718,.F.);
#7765 = ORIENTED_EDGE('',*,*,#7766,.F.);
#7766 = EDGE_CURVE('',#7767,#7696,#7769,.T.);
#7767 = VERTEX_POINT('',#7768);
#7768 = CARTESIAN_POINT('',(-23.,147.,74.));
#7769 = SURFACE_CURVE('',#7770,(#7774,#7781),.PCURVE_S1.);
#7770 = LINE('',#7771,#7772);
#7771 = CARTESIAN_POINT('',(-23.,147.,74.));
#7772 = VECTOR('',#7773,1.);
#7773 = DIRECTION('',(1.,0.,0.));
#7774 = PCURVE('',#2119,#7775);
#7775 = DEFINITIONAL_REPRESENTATION('',(#7776),#7780);
#7776 = LINE('',#7777,#7778);
#7777 = CARTESIAN_POINT('',(0.,0.));
#7778 = VECTOR('',#7779,1.);
#7779 = DIRECTION('',(0.,1.));
#7780 = ( GEOMETRIC_REPRESENTATION_CONTEXT(2) 
PARAMETRIC_REPRESENTATION_CONTEXT() REPRESENTATION_CONTEXT('2D SPACE',''
  ) );
#7781 = PCURVE('',#3807,#7782);
#7782 = DEFINITIONAL_REPRESENTATION('',(#7783),#7787);
#7783 = LINE('',#7784,#7785);
#7784 = CARTESIAN_POINT('',(80.,194.));
#7785 = VECTOR('',#7786,1.);
#7786 = DIRECTION('',(1.,0.));
#7787 = ( GEOMETRIC_REPRESENTATION_CONTEXT(2) 
PARAMETRIC_REPRESENTATION_CONTEXT() REPRESENTATION_CONTEXT('2D SPACE',''
  ) );
#7788 = ORIENTED_EDGE('',*,*,#7789,.T.);
#7789 = EDGE_CURVE('',#7767,#2079,#7790,.T.);
#7790 = SURFACE_CURVE('',#7791,(#7795,#7802),.PCURVE_S1.);
#7791 = LINE('',#7792,#7793);
#7792 = CARTESIAN_POINT('',(-23.,147.,74.));
#7793 = VECTOR('',#7794,1.);
#7794 = DIRECTION('',(0.,0.,1.));
#7795 = PCURVE('',#2119,#7796);
#7796 = DEFINITIONAL_REPRESENTATION('',(#7797),#7801);
#7797 = LINE('',#7798,#7799);
#7798 = CARTESIAN_POINT('',(0.,0.));
#7799 = VECTOR('',#7800,1.);
#7800 = DIRECTION('',(1.,0.));
#7801 = ( GEOMETRIC_REPRESENTATION_CONTEXT(2) 
PARAMETRIC_REPRESENTATION_CONTEXT() REPRESENTATION_CONTEXT('2D SPACE',''
  ) );
#7802 = PCURVE('',#2093,#7803);
#7803 = DEFINITIONAL_REPRESENTATION('',(#7804),#7808);
#7804 = LINE('',#7805,#7806);
#7805 = CARTESIAN_POINT('',(0.,-194.));
#7806 = VECTOR('',#7807,1.);
#7807 = DIRECTION('',(1.,0.));
#7808 = ( GEOMETRIC_REPRESENTATION_CONTEXT(2) 
PARAMETRIC_REPRESENTATION_CONTEXT() REPRESENTATION_CONTEXT('2D SPACE',''
  ) );
#7809 = ORIENTED_EDGE('',*,*,#2104,.F.);
#7810 = ADVANCED_FACE('',(#7811),#2093,.F.);
#7811 = FACE_BOUND('',#7812,.F.);
#7812 = EDGE_LOOP('',(#7813,#7841,#7862,#7863,#7864,#7885));
#7813 = ORIENTED_EDGE('',*,*,#7814,.F.);
#7814 = EDGE_CURVE('',#7815,#7817,#7819,.T.);
#7815 = VERTEX_POINT('',#7816);
#7816 = CARTESIAN_POINT('',(-23.,113.,74.));
#7817 = VERTEX_POINT('',#7818);
#7818 = CARTESIAN_POINT('',(-23.,113.,104.));
#7819 = SURFACE_CURVE('',#7820,(#7824,#7830),.PCURVE_S1.);
#7820 = LINE('',#7821,#7822);
#7821 = CARTESIAN_POINT('',(-23.,113.,74.));
#7822 = VECTOR('',#7823,1.);
#7823 = DIRECTION('',(0.,0.,1.));
#7824 = PCURVE('',#2093,#7825);
#7825 = DEFINITIONAL_REPRESENTATION('',(#7826),#7829);
#7826 = B_SPLINE_CURVE_WITH_KNOTS('',1,(#7827,#7828),.UNSPECIFIED.,.F.,
  .F.,(2,2),(0.,30.),.PIECEWISE_BEZIER_KNOTS.);
#7827 = CARTESIAN_POINT('',(0.,-160.));
#7828 = CARTESIAN_POINT('',(30.,-160.));
#7829 = ( GEOMETRIC_REPRESENTATION_CONTEXT(2) 
PARAMETRIC_REPRESENTATION_CONTEXT() REPRESENTATION_CONTEXT('2D SPACE',''
  ) );
#7830 = PCURVE('',#7831,#7836);
#7831 = PLANE('',#7832);
#7832 = AXIS2_PLACEMENT_3D('',#7833,#7834,#7835);
#7833 = CARTESIAN_POINT('',(-136.,113.,74.));
#7834 = DIRECTION('',(0.,1.,0.));
#7835 = DIRECTION('',(0.,0.,1.));
#7836 = DEFINITIONAL_REPRESENTATION('',(#7837),#7840);
#7837 = B_SPLINE_CURVE_WITH_KNOTS('',1,(#7838,#7839),.UNSPECIFIED.,.F.,
  .F.,(2,2),(0.,30.),.PIECEWISE_BEZIER_KNOTS.);
#7838 = CARTESIAN_POINT('',(0.,113.));
#7839 = CARTESIAN_POINT('',(30.,113.));
#7840 = ( GEOMETRIC_REPRESENTATION_CONTEXT(2) 
PARAMETRIC_REPRESENTATION_CONTEXT() REPRESENTATION_CONTEXT('2D SPACE',''
  ) );
#7841 = ORIENTED_EDGE('',*,*,#7842,.T.);
#7842 = EDGE_CURVE('',#7815,#7767,#7843,.T.);
#7843 = SURFACE_CURVE('',#7844,(#7848,#7855),.PCURVE_S1.);
#7844 = LINE('',#7845,#7846);
#7845 = CARTESIAN_POINT('',(-23.,-47.,74.));
#7846 = VECTOR('',#7847,1.);
#7847 = DIRECTION('',(0.,1.,0.));
#7848 = PCURVE('',#2093,#7849);
#7849 = DEFINITIONAL_REPRESENTATION('',(#7850),#7854);
#7850 = LINE('',#7851,#7852);
#7851 = CARTESIAN_POINT('',(0.,0.));
#7852 = VECTOR('',#7853,1.);
#7853 = DIRECTION('',(0.,-1.));
#7854 = ( GEOMETRIC_REPRESENTATION_CONTEXT(2) 
PARAMETRIC_REPRESENTATION_CONTEXT() REPRESENTATION_CONTEXT('2D SPACE',''
  ) );
#7855 = PCURVE('',#3807,#7856);
#7856 = DEFINITIONAL_REPRESENTATION('',(#7857),#7861);
#7857 = LINE('',#7858,#7859);
#7858 = CARTESIAN_POINT('',(80.,0.));
#7859 = VECTOR('',#7860,1.);
#7860 = DIRECTION('',(0.,1.));
#7861 = ( GEOMETRIC_REPRESENTATION_CONTEXT(2) 
PARAMETRIC_REPRESENTATION_CONTEXT() REPRESENTATION_CONTEXT('2D SPACE',''
  ) );
#7862 = ORIENTED_EDGE('',*,*,#7789,.T.);
#7863 = ORIENTED_EDGE('',*,*,#2078,.F.);
#7864 = ORIENTED_EDGE('',*,*,#7865,.F.);
#7865 = EDGE_CURVE('',#7866,#2053,#7868,.T.);
#7866 = VERTEX_POINT('',#7867);
#7867 = CARTESIAN_POINT('',(-23.,144.,104.));
#7868 = SURFACE_CURVE('',#7869,(#7873,#7879),.PCURVE_S1.);
#7869 = LINE('',#7870,#7871);
#7870 = CARTESIAN_POINT('',(-23.,144.,74.));
#7871 = VECTOR('',#7872,1.);
#7872 = DIRECTION('',(0.,0.,-1.));
#7873 = PCURVE('',#2093,#7874);
#7874 = DEFINITIONAL_REPRESENTATION('',(#7875),#7878);
#7875 = B_SPLINE_CURVE_WITH_KNOTS('',1,(#7876,#7877),.UNSPECIFIED.,.F.,
  .F.,(2,2),(-30.,-1.),.PIECEWISE_BEZIER_KNOTS.);
#7876 = CARTESIAN_POINT('',(30.,-191.));
#7877 = CARTESIAN_POINT('',(1.,-191.));
#7878 = ( GEOMETRIC_REPRESENTATION_CONTEXT(2) 
PARAMETRIC_REPRESENTATION_CONTEXT() REPRESENTATION_CONTEXT('2D SPACE',''
  ) );
#7879 = PCURVE('',#2067,#7880);
#7880 = DEFINITIONAL_REPRESENTATION('',(#7881),#7884);
#7881 = B_SPLINE_CURVE_WITH_KNOTS('',1,(#7882,#7883),.UNSPECIFIED.,.F.,
  .F.,(2,2),(-30.,-1.),.PIECEWISE_BEZIER_KNOTS.);
#7882 = CARTESIAN_POINT('',(30.,111.));
#7883 = CARTESIAN_POINT('',(1.,111.));
#7884 = ( GEOMETRIC_REPRESENTATION_CONTEXT(2) 
PARAMETRIC_REPRESENTATION_CONTEXT() REPRESENTATION_CONTEXT('2D SPACE',''
  ) );
#7885 = ORIENTED_EDGE('',*,*,#7886,.F.);
#7886 = EDGE_CURVE('',#7817,#7866,#7887,.T.);
#7887 = SURFACE_CURVE('',#7888,(#7892,#7899),.PCURVE_S1.);
#7888 = LINE('',#7889,#7890);
#7889 = CARTESIAN_POINT('',(-23.,-47.,104.));
#7890 = VECTOR('',#7891,1.);
#7891 = DIRECTION('',(0.,1.,0.));
#7892 = PCURVE('',#2093,#7893);
#7893 = DEFINITIONAL_REPRESENTATION('',(#7894),#7898);
#7894 = LINE('',#7895,#7896);
#7895 = CARTESIAN_POINT('',(30.,0.));
#7896 = VECTOR('',#7897,1.);
#7897 = DIRECTION('',(0.,-1.));
#7898 = ( GEOMETRIC_REPRESENTATION_CONTEXT(2) 
PARAMETRIC_REPRESENTATION_CONTEXT() REPRESENTATION_CONTEXT('2D SPACE',''
  ) );
#7899 = PCURVE('',#7900,#7905);
#7900 = PLANE('',#7901);
#7901 = AXIS2_PLACEMENT_3D('',#7902,#7903,#7904);
#7902 = CARTESIAN_POINT('',(-140.,-50.,104.));
#7903 = DIRECTION('',(0.,0.,1.));
#7904 = DIRECTION('',(1.,0.,0.));
#7905 = DEFINITIONAL_REPRESENTATION('',(#7906),#7910);
#7906 = LINE('',#7907,#7908);
#7907 = CARTESIAN_POINT('',(117.,3.));
#7908 = VECTOR('',#7909,1.);
#7909 = DIRECTION('',(0.,1.));
#7910 = ( GEOMETRIC_REPRESENTATION_CONTEXT(2) 
PARAMETRIC_REPRESENTATION_CONTEXT() REPRESENTATION_CONTEXT('2D SPACE',''
  ) );
#7911 = ADVANCED_FACE('',(#7912),#2067,.F.);
#7912 = FACE_BOUND('',#7913,.F.);
#7913 = EDGE_LOOP('',(#7914,#7915,#7916,#7937));
#7914 = ORIENTED_EDGE('',*,*,#7865,.T.);
#7915 = ORIENTED_EDGE('',*,*,#2052,.T.);
#7916 = ORIENTED_EDGE('',*,*,#7917,.F.);
#7917 = EDGE_CURVE('',#7918,#2027,#7920,.T.);
#7918 = VERTEX_POINT('',#7919);
#7919 = CARTESIAN_POINT('',(-57.,144.,104.));
#7920 = SURFACE_CURVE('',#7921,(#7925,#7931),.PCURVE_S1.);
#7921 = LINE('',#7922,#7923);
#7922 = CARTESIAN_POINT('',(-57.,144.,74.));
#7923 = VECTOR('',#7924,1.);
#7924 = DIRECTION('',(0.,0.,-1.));
#7925 = PCURVE('',#2067,#7926);
#7926 = DEFINITIONAL_REPRESENTATION('',(#7927),#7930);
#7927 = B_SPLINE_CURVE_WITH_KNOTS('',1,(#7928,#7929),.UNSPECIFIED.,.F.,
  .F.,(2,2),(-30.,-1.),.PIECEWISE_BEZIER_KNOTS.);
#7928 = CARTESIAN_POINT('',(30.,77.));
#7929 = CARTESIAN_POINT('',(1.,77.));
#7930 = ( GEOMETRIC_REPRESENTATION_CONTEXT(2) 
PARAMETRIC_REPRESENTATION_CONTEXT() REPRESENTATION_CONTEXT('2D SPACE',''
  ) );
#7931 = PCURVE('',#2041,#7932);
#7932 = DEFINITIONAL_REPRESENTATION('',(#7933),#7936);
#7933 = B_SPLINE_CURVE_WITH_KNOTS('',1,(#7934,#7935),.UNSPECIFIED.,.F.,
  .F.,(2,2),(-30.,-1.),.PIECEWISE_BEZIER_KNOTS.);
#7934 = CARTESIAN_POINT('',(30.,-191.));
#7935 = CARTESIAN_POINT('',(1.,-191.));
#7936 = ( GEOMETRIC_REPRESENTATION_CONTEXT(2) 
PARAMETRIC_REPRESENTATION_CONTEXT() REPRESENTATION_CONTEXT('2D SPACE',''
  ) );
#7937 = ORIENTED_EDGE('',*,*,#7938,.F.);
#7938 = EDGE_CURVE('',#7866,#7918,#7939,.T.);
#7939 = SURFACE_CURVE('',#7940,(#7944,#7950),.PCURVE_S1.);
#7940 = LINE('',#7941,#7942);
#7941 = CARTESIAN_POINT('',(-136.,144.,104.));
#7942 = VECTOR('',#7943,1.);
#7943 = DIRECTION('',(-1.,0.,0.));
#7944 = PCURVE('',#2067,#7945);
#7945 = DEFINITIONAL_REPRESENTATION('',(#7946),#7949);
#7946 = B_SPLINE_CURVE_WITH_KNOTS('',1,(#7947,#7948),.UNSPECIFIED.,.F.,
  .F.,(2,2),(-256.,-16.),.PIECEWISE_BEZIER_KNOTS.);
#7947 = CARTESIAN_POINT('',(30.,254.));
#7948 = CARTESIAN_POINT('',(30.,14.));
#7949 = ( GEOMETRIC_REPRESENTATION_CONTEXT(2) 
PARAMETRIC_REPRESENTATION_CONTEXT() REPRESENTATION_CONTEXT('2D SPACE',''
  ) );
#7950 = PCURVE('',#7900,#7951);
#7951 = DEFINITIONAL_REPRESENTATION('',(#7952),#7956);
#7952 = LINE('',#7953,#7954);
#7953 = CARTESIAN_POINT('',(4.,194.));
#7954 = VECTOR('',#7955,1.);
#7955 = DIRECTION('',(-1.,0.));
#7956 = ( GEOMETRIC_REPRESENTATION_CONTEXT(2) 
PARAMETRIC_REPRESENTATION_CONTEXT() REPRESENTATION_CONTEXT('2D SPACE',''
  ) );
#7957 = ADVANCED_FACE('',(#7958),#2041,.T.);
#7958 = FACE_BOUND('',#7959,.T.);
#7959 = EDGE_LOOP('',(#7960,#7983,#8006,#8027,#8028,#8029));
#7960 = ORIENTED_EDGE('',*,*,#7961,.F.);
#7961 = EDGE_CURVE('',#7962,#7964,#7966,.T.);
#7962 = VERTEX_POINT('',#7963);
#7963 = CARTESIAN_POINT('',(-57.,113.,74.));
#7964 = VERTEX_POINT('',#7965);
#7965 = CARTESIAN_POINT('',(-57.,113.,104.));
#7966 = SURFACE_CURVE('',#7967,(#7971,#7977),.PCURVE_S1.);
#7967 = LINE('',#7968,#7969);
#7968 = CARTESIAN_POINT('',(-57.,113.,74.));
#7969 = VECTOR('',#7970,1.);
#7970 = DIRECTION('',(0.,0.,1.));
#7971 = PCURVE('',#2041,#7972);
#7972 = DEFINITIONAL_REPRESENTATION('',(#7973),#7976);
#7973 = B_SPLINE_CURVE_WITH_KNOTS('',1,(#7974,#7975),.UNSPECIFIED.,.F.,
  .F.,(2,2),(0.,30.),.PIECEWISE_BEZIER_KNOTS.);
#7974 = CARTESIAN_POINT('',(0.,-160.));
#7975 = CARTESIAN_POINT('',(30.,-160.));
#7976 = ( GEOMETRIC_REPRESENTATION_CONTEXT(2) 
PARAMETRIC_REPRESENTATION_CONTEXT() REPRESENTATION_CONTEXT('2D SPACE',''
  ) );
#7977 = PCURVE('',#7831,#7978);
#7978 = DEFINITIONAL_REPRESENTATION('',(#7979),#7982);
#7979 = B_SPLINE_CURVE_WITH_KNOTS('',1,(#7980,#7981),.UNSPECIFIED.,.F.,
  .F.,(2,2),(0.,30.),.PIECEWISE_BEZIER_KNOTS.);
#7980 = CARTESIAN_POINT('',(0.,79.));
#7981 = CARTESIAN_POINT('',(30.,79.));
#7982 = ( GEOMETRIC_REPRESENTATION_CONTEXT(2) 
PARAMETRIC_REPRESENTATION_CONTEXT() REPRESENTATION_CONTEXT('2D SPACE',''
  ) );
#7983 = ORIENTED_EDGE('',*,*,#7984,.T.);
#7984 = EDGE_CURVE('',#7962,#7985,#7987,.T.);
#7985 = VERTEX_POINT('',#7986);
#7986 = CARTESIAN_POINT('',(-57.,147.,74.));
#7987 = SURFACE_CURVE('',#7988,(#7992,#7999),.PCURVE_S1.);
#7988 = LINE('',#7989,#7990);
#7989 = CARTESIAN_POINT('',(-57.,-47.,74.));
#7990 = VECTOR('',#7991,1.);
#7991 = DIRECTION('',(0.,1.,0.));
#7992 = PCURVE('',#2041,#7993);
#7993 = DEFINITIONAL_REPRESENTATION('',(#7994),#7998);
#7994 = LINE('',#7995,#7996);
#7995 = CARTESIAN_POINT('',(0.,0.));
#7996 = VECTOR('',#7997,1.);
#7997 = DIRECTION('',(0.,-1.));
#7998 = ( GEOMETRIC_REPRESENTATION_CONTEXT(2) 
PARAMETRIC_REPRESENTATION_CONTEXT() REPRESENTATION_CONTEXT('2D SPACE',''
  ) );
#7999 = PCURVE('',#3807,#8000);
#8000 = DEFINITIONAL_REPRESENTATION('',(#8001),#8005);
#8001 = LINE('',#8002,#8003);
#8002 = CARTESIAN_POINT('',(46.,0.));
#8003 = VECTOR('',#8004,1.);
#8004 = DIRECTION('',(0.,1.));
#8005 = ( GEOMETRIC_REPRESENTATION_CONTEXT(2) 
PARAMETRIC_REPRESENTATION_CONTEXT() REPRESENTATION_CONTEXT('2D SPACE',''
  ) );
#8006 = ORIENTED_EDGE('',*,*,#8007,.T.);
#8007 = EDGE_CURVE('',#7985,#2001,#8008,.T.);
#8008 = SURFACE_CURVE('',#8009,(#8013,#8020),.PCURVE_S1.);
#8009 = LINE('',#8010,#8011);
#8010 = CARTESIAN_POINT('',(-57.,147.,74.));
#8011 = VECTOR('',#8012,1.);
#8012 = DIRECTION('',(0.,0.,1.));
#8013 = PCURVE('',#2041,#8014);
#8014 = DEFINITIONAL_REPRESENTATION('',(#8015),#8019);
#8015 = LINE('',#8016,#8017);
#8016 = CARTESIAN_POINT('',(0.,-194.));
#8017 = VECTOR('',#8018,1.);
#8018 = DIRECTION('',(1.,0.));
#8019 = ( GEOMETRIC_REPRESENTATION_CONTEXT(2) 
PARAMETRIC_REPRESENTATION_CONTEXT() REPRESENTATION_CONTEXT('2D SPACE',''
  ) );
#8020 = PCURVE('',#2015,#8021);
#8021 = DEFINITIONAL_REPRESENTATION('',(#8022),#8026);
#8022 = LINE('',#8023,#8024);
#8023 = CARTESIAN_POINT('',(0.,6.));
#8024 = VECTOR('',#8025,1.);
#8025 = DIRECTION('',(1.,0.));
#8026 = ( GEOMETRIC_REPRESENTATION_CONTEXT(2) 
PARAMETRIC_REPRESENTATION_CONTEXT() REPRESENTATION_CONTEXT('2D SPACE',''
  ) );
#8027 = ORIENTED_EDGE('',*,*,#2026,.F.);
#8028 = ORIENTED_EDGE('',*,*,#7917,.F.);
#8029 = ORIENTED_EDGE('',*,*,#8030,.F.);
#8030 = EDGE_CURVE('',#7964,#7918,#8031,.T.);
#8031 = SURFACE_CURVE('',#8032,(#8036,#8043),.PCURVE_S1.);
#8032 = LINE('',#8033,#8034);
#8033 = CARTESIAN_POINT('',(-57.,-47.,104.));
#8034 = VECTOR('',#8035,1.);
#8035 = DIRECTION('',(0.,1.,0.));
#8036 = PCURVE('',#2041,#8037);
#8037 = DEFINITIONAL_REPRESENTATION('',(#8038),#8042);
#8038 = LINE('',#8039,#8040);
#8039 = CARTESIAN_POINT('',(30.,0.));
#8040 = VECTOR('',#8041,1.);
#8041 = DIRECTION('',(0.,-1.));
#8042 = ( GEOMETRIC_REPRESENTATION_CONTEXT(2) 
PARAMETRIC_REPRESENTATION_CONTEXT() REPRESENTATION_CONTEXT('2D SPACE',''
  ) );
#8043 = PCURVE('',#7900,#8044);
#8044 = DEFINITIONAL_REPRESENTATION('',(#8045),#8049);
#8045 = LINE('',#8046,#8047);
#8046 = CARTESIAN_POINT('',(83.,3.));
#8047 = VECTOR('',#8048,1.);
#8048 = DIRECTION('',(0.,1.));
#8049 = ( GEOMETRIC_REPRESENTATION_CONTEXT(2) 
PARAMETRIC_REPRESENTATION_CONTEXT() REPRESENTATION_CONTEXT('2D SPACE',''
  ) );
#8050 = ADVANCED_FACE('',(#8051),#2015,.T.);
#8051 = FACE_BOUND('',#8052,.T.);
#8052 = EDGE_LOOP('',(#8053,#8054,#8077,#8098));
#8053 = ORIENTED_EDGE('',*,*,#8007,.F.);
#8054 = ORIENTED_EDGE('',*,*,#8055,.F.);
#8055 = EDGE_CURVE('',#8056,#7985,#8058,.T.);
#8056 = VERTEX_POINT('',#8057);
#8057 = CARTESIAN_POINT('',(-63.,147.,74.));
#8058 = SURFACE_CURVE('',#8059,(#8063,#8070),.PCURVE_S1.);
#8059 = LINE('',#8060,#8061);
#8060 = CARTESIAN_POINT('',(-63.,147.,74.));
#8061 = VECTOR('',#8062,1.);
#8062 = DIRECTION('',(1.,0.,0.));
#8063 = PCURVE('',#2015,#8064);
#8064 = DEFINITIONAL_REPRESENTATION('',(#8065),#8069);
#8065 = LINE('',#8066,#8067);
#8066 = CARTESIAN_POINT('',(0.,0.));
#8067 = VECTOR('',#8068,1.);
#8068 = DIRECTION('',(0.,1.));
#8069 = ( GEOMETRIC_REPRESENTATION_CONTEXT(2) 
PARAMETRIC_REPRESENTATION_CONTEXT() REPRESENTATION_CONTEXT('2D SPACE',''
  ) );
#8070 = PCURVE('',#3807,#8071);
#8071 = DEFINITIONAL_REPRESENTATION('',(#8072),#8076);
#8072 = LINE('',#8073,#8074);
#8073 = CARTESIAN_POINT('',(40.,194.));
#8074 = VECTOR('',#8075,1.);
#8075 = DIRECTION('',(1.,0.));
#8076 = ( GEOMETRIC_REPRESENTATION_CONTEXT(2) 
PARAMETRIC_REPRESENTATION_CONTEXT() REPRESENTATION_CONTEXT('2D SPACE',''
  ) );
#8077 = ORIENTED_EDGE('',*,*,#8078,.T.);
#8078 = EDGE_CURVE('',#8056,#1975,#8079,.T.);
#8079 = SURFACE_CURVE('',#8080,(#8084,#8091),.PCURVE_S1.);
#8080 = LINE('',#8081,#8082);
#8081 = CARTESIAN_POINT('',(-63.,147.,74.));
#8082 = VECTOR('',#8083,1.);
#8083 = DIRECTION('',(0.,0.,1.));
#8084 = PCURVE('',#2015,#8085);
#8085 = DEFINITIONAL_REPRESENTATION('',(#8086),#8090);
#8086 = LINE('',#8087,#8088);
#8087 = CARTESIAN_POINT('',(0.,0.));
#8088 = VECTOR('',#8089,1.);
#8089 = DIRECTION('',(1.,0.));
#8090 = ( GEOMETRIC_REPRESENTATION_CONTEXT(2) 
PARAMETRIC_REPRESENTATION_CONTEXT() REPRESENTATION_CONTEXT('2D SPACE',''
  ) );
#8091 = PCURVE('',#1989,#8092);
#8092 = DEFINITIONAL_REPRESENTATION('',(#8093),#8097);
#8093 = LINE('',#8094,#8095);
#8094 = CARTESIAN_POINT('',(0.,-194.));
#8095 = VECTOR('',#8096,1.);
#8096 = DIRECTION('',(1.,0.));
#8097 = ( GEOMETRIC_REPRESENTATION_CONTEXT(2) 
PARAMETRIC_REPRESENTATION_CONTEXT() REPRESENTATION_CONTEXT('2D SPACE',''
  ) );
#8098 = ORIENTED_EDGE('',*,*,#2000,.F.);
#8099 = ADVANCED_FACE('',(#8100),#1989,.F.);
#8100 = FACE_BOUND('',#8101,.F.);
#8101 = EDGE_LOOP('',(#8102,#8130,#8151,#8152,#8153,#8174));
#8102 = ORIENTED_EDGE('',*,*,#8103,.F.);
#8103 = EDGE_CURVE('',#8104,#8106,#8108,.T.);
#8104 = VERTEX_POINT('',#8105);
#8105 = CARTESIAN_POINT('',(-63.,113.,74.));
#8106 = VERTEX_POINT('',#8107);
#8107 = CARTESIAN_POINT('',(-63.,113.,104.));
#8108 = SURFACE_CURVE('',#8109,(#8113,#8119),.PCURVE_S1.);
#8109 = LINE('',#8110,#8111);
#8110 = CARTESIAN_POINT('',(-63.,113.,74.));
#8111 = VECTOR('',#8112,1.);
#8112 = DIRECTION('',(0.,0.,1.));
#8113 = PCURVE('',#1989,#8114);
#8114 = DEFINITIONAL_REPRESENTATION('',(#8115),#8118);
#8115 = B_SPLINE_CURVE_WITH_KNOTS('',1,(#8116,#8117),.UNSPECIFIED.,.F.,
  .F.,(2,2),(0.,30.),.PIECEWISE_BEZIER_KNOTS.);
#8116 = CARTESIAN_POINT('',(0.,-160.));
#8117 = CARTESIAN_POINT('',(30.,-160.));
#8118 = ( GEOMETRIC_REPRESENTATION_CONTEXT(2) 
PARAMETRIC_REPRESENTATION_CONTEXT() REPRESENTATION_CONTEXT('2D SPACE',''
  ) );
#8119 = PCURVE('',#8120,#8125);
#8120 = PLANE('',#8121);
#8121 = AXIS2_PLACEMENT_3D('',#8122,#8123,#8124);
#8122 = CARTESIAN_POINT('',(-136.,113.,74.));
#8123 = DIRECTION('',(0.,1.,0.));
#8124 = DIRECTION('',(0.,0.,1.));
#8125 = DEFINITIONAL_REPRESENTATION('',(#8126),#8129);
#8126 = B_SPLINE_CURVE_WITH_KNOTS('',1,(#8127,#8128),.UNSPECIFIED.,.F.,
  .F.,(2,2),(0.,30.),.PIECEWISE_BEZIER_KNOTS.);
#8127 = CARTESIAN_POINT('',(0.,73.));
#8128 = CARTESIAN_POINT('',(30.,73.));
#8129 = ( GEOMETRIC_REPRESENTATION_CONTEXT(2) 
PARAMETRIC_REPRESENTATION_CONTEXT() REPRESENTATION_CONTEXT('2D SPACE',''
  ) );
#8130 = ORIENTED_EDGE('',*,*,#8131,.T.);
#8131 = EDGE_CURVE('',#8104,#8056,#8132,.T.);
#8132 = SURFACE_CURVE('',#8133,(#8137,#8144),.PCURVE_S1.);
#8133 = LINE('',#8134,#8135);
#8134 = CARTESIAN_POINT('',(-63.,-47.,74.));
#8135 = VECTOR('',#8136,1.);
#8136 = DIRECTION('',(0.,1.,0.));
#8137 = PCURVE('',#1989,#8138);
#8138 = DEFINITIONAL_REPRESENTATION('',(#8139),#8143);
#8139 = LINE('',#8140,#8141);
#8140 = CARTESIAN_POINT('',(0.,0.));
#8141 = VECTOR('',#8142,1.);
#8142 = DIRECTION('',(0.,-1.));
#8143 = ( GEOMETRIC_REPRESENTATION_CONTEXT(2) 
PARAMETRIC_REPRESENTATION_CONTEXT() REPRESENTATION_CONTEXT('2D SPACE',''
  ) );
#8144 = PCURVE('',#3807,#8145);
#8145 = DEFINITIONAL_REPRESENTATION('',(#8146),#8150);
#8146 = LINE('',#8147,#8148);
#8147 = CARTESIAN_POINT('',(40.,0.));
#8148 = VECTOR('',#8149,1.);
#8149 = DIRECTION('',(0.,1.));
#8150 = ( GEOMETRIC_REPRESENTATION_CONTEXT(2) 
PARAMETRIC_REPRESENTATION_CONTEXT() REPRESENTATION_CONTEXT('2D SPACE',''
  ) );
#8151 = ORIENTED_EDGE('',*,*,#8078,.T.);
#8152 = ORIENTED_EDGE('',*,*,#1974,.F.);
#8153 = ORIENTED_EDGE('',*,*,#8154,.F.);
#8154 = EDGE_CURVE('',#8155,#1949,#8157,.T.);
#8155 = VERTEX_POINT('',#8156);
#8156 = CARTESIAN_POINT('',(-63.,144.,104.));
#8157 = SURFACE_CURVE('',#8158,(#8162,#8168),.PCURVE_S1.);
#8158 = LINE('',#8159,#8160);
#8159 = CARTESIAN_POINT('',(-63.,144.,74.));
#8160 = VECTOR('',#8161,1.);
#8161 = DIRECTION('',(0.,0.,-1.));
#8162 = PCURVE('',#1989,#8163);
#8163 = DEFINITIONAL_REPRESENTATION('',(#8164),#8167);
#8164 = B_SPLINE_CURVE_WITH_KNOTS('',1,(#8165,#8166),.UNSPECIFIED.,.F.,
  .F.,(2,2),(-30.,-1.),.PIECEWISE_BEZIER_KNOTS.);
#8165 = CARTESIAN_POINT('',(30.,-191.));
#8166 = CARTESIAN_POINT('',(1.,-191.));
#8167 = ( GEOMETRIC_REPRESENTATION_CONTEXT(2) 
PARAMETRIC_REPRESENTATION_CONTEXT() REPRESENTATION_CONTEXT('2D SPACE',''
  ) );
#8168 = PCURVE('',#1963,#8169);
#8169 = DEFINITIONAL_REPRESENTATION('',(#8170),#8173);
#8170 = B_SPLINE_CURVE_WITH_KNOTS('',1,(#8171,#8172),.UNSPECIFIED.,.F.,
  .F.,(2,2),(-30.,-1.),.PIECEWISE_BEZIER_KNOTS.);
#8171 = CARTESIAN_POINT('',(30.,71.));
#8172 = CARTESIAN_POINT('',(1.,71.));
#8173 = ( GEOMETRIC_REPRESENTATION_CONTEXT(2) 
PARAMETRIC_REPRESENTATION_CONTEXT() REPRESENTATION_CONTEXT('2D SPACE',''
  ) );
#8174 = ORIENTED_EDGE('',*,*,#8175,.F.);
#8175 = EDGE_CURVE('',#8106,#8155,#8176,.T.);
#8176 = SURFACE_CURVE('',#8177,(#8181,#8188),.PCURVE_S1.);
#8177 = LINE('',#8178,#8179);
#8178 = CARTESIAN_POINT('',(-63.,-47.,104.));
#8179 = VECTOR('',#8180,1.);
#8180 = DIRECTION('',(0.,1.,0.));
#8181 = PCURVE('',#1989,#8182);
#8182 = DEFINITIONAL_REPRESENTATION('',(#8183),#8187);
#8183 = LINE('',#8184,#8185);
#8184 = CARTESIAN_POINT('',(30.,0.));
#8185 = VECTOR('',#8186,1.);
#8186 = DIRECTION('',(0.,-1.));
#8187 = ( GEOMETRIC_REPRESENTATION_CONTEXT(2) 
PARAMETRIC_REPRESENTATION_CONTEXT() REPRESENTATION_CONTEXT('2D SPACE',''
  ) );
#8188 = PCURVE('',#8189,#8194);
#8189 = PLANE('',#8190);
#8190 = AXIS2_PLACEMENT_3D('',#8191,#8192,#8193);
#8191 = CARTESIAN_POINT('',(-140.,-50.,104.));
#8192 = DIRECTION('',(0.,0.,1.));
#8193 = DIRECTION('',(1.,0.,0.));
#8194 = DEFINITIONAL_REPRESENTATION('',(#8195),#8199);
#8195 = LINE('',#8196,#8197);
#8196 = CARTESIAN_POINT('',(77.,3.));
#8197 = VECTOR('',#8198,1.);
#8198 = DIRECTION('',(0.,1.));
#8199 = ( GEOMETRIC_REPRESENTATION_CONTEXT(2) 
PARAMETRIC_REPRESENTATION_CONTEXT() REPRESENTATION_CONTEXT('2D SPACE',''
  ) );
#8200 = ADVANCED_FACE('',(#8201),#1963,.F.);
#8201 = FACE_BOUND('',#8202,.F.);
#8202 = EDGE_LOOP('',(#8203,#8204,#8205,#8226));
#8203 = ORIENTED_EDGE('',*,*,#8154,.T.);
#8204 = ORIENTED_EDGE('',*,*,#1948,.T.);
#8205 = ORIENTED_EDGE('',*,*,#8206,.F.);
#8206 = EDGE_CURVE('',#8207,#1923,#8209,.T.);
#8207 = VERTEX_POINT('',#8208);
#8208 = CARTESIAN_POINT('',(-97.,144.,104.));
#8209 = SURFACE_CURVE('',#8210,(#8214,#8220),.PCURVE_S1.);
#8210 = LINE('',#8211,#8212);
#8211 = CARTESIAN_POINT('',(-97.,144.,74.));
#8212 = VECTOR('',#8213,1.);
#8213 = DIRECTION('',(0.,0.,-1.));
#8214 = PCURVE('',#1963,#8215);
#8215 = DEFINITIONAL_REPRESENTATION('',(#8216),#8219);
#8216 = B_SPLINE_CURVE_WITH_KNOTS('',1,(#8217,#8218),.UNSPECIFIED.,.F.,
  .F.,(2,2),(-30.,-1.),.PIECEWISE_BEZIER_KNOTS.);
#8217 = CARTESIAN_POINT('',(30.,37.));
#8218 = CARTESIAN_POINT('',(1.,37.));
#8219 = ( GEOMETRIC_REPRESENTATION_CONTEXT(2) 
PARAMETRIC_REPRESENTATION_CONTEXT() REPRESENTATION_CONTEXT('2D SPACE',''
  ) );
#8220 = PCURVE('',#1937,#8221);
#8221 = DEFINITIONAL_REPRESENTATION('',(#8222),#8225);
#8222 = B_SPLINE_CURVE_WITH_KNOTS('',1,(#8223,#8224),.UNSPECIFIED.,.F.,
  .F.,(2,2),(-30.,-1.),.PIECEWISE_BEZIER_KNOTS.);
#8223 = CARTESIAN_POINT('',(30.,-191.));
#8224 = CARTESIAN_POINT('',(1.,-191.));
#8225 = ( GEOMETRIC_REPRESENTATION_CONTEXT(2) 
PARAMETRIC_REPRESENTATION_CONTEXT() REPRESENTATION_CONTEXT('2D SPACE',''
  ) );
#8226 = ORIENTED_EDGE('',*,*,#8227,.F.);
#8227 = EDGE_CURVE('',#8155,#8207,#8228,.T.);
#8228 = SURFACE_CURVE('',#8229,(#8233,#8239),.PCURVE_S1.);
#8229 = LINE('',#8230,#8231);
#8230 = CARTESIAN_POINT('',(-136.,144.,104.));
#8231 = VECTOR('',#8232,1.);
#8232 = DIRECTION('',(-1.,0.,0.));
#8233 = PCURVE('',#1963,#8234);
#8234 = DEFINITIONAL_REPRESENTATION('',(#8235),#8238);
#8235 = B_SPLINE_CURVE_WITH_KNOTS('',1,(#8236,#8237),.UNSPECIFIED.,.F.,
  .F.,(2,2),(-256.,-16.),.PIECEWISE_BEZIER_KNOTS.);
#8236 = CARTESIAN_POINT('',(30.,254.));
#8237 = CARTESIAN_POINT('',(30.,14.));
#8238 = ( GEOMETRIC_REPRESENTATION_CONTEXT(2) 
PARAMETRIC_REPRESENTATION_CONTEXT() REPRESENTATION_CONTEXT('2D SPACE',''
  ) );
#8239 = PCURVE('',#8189,#8240);
#8240 = DEFINITIONAL_REPRESENTATION('',(#8241),#8245);
#8241 = LINE('',#8242,#8243);
#8242 = CARTESIAN_POINT('',(4.,194.));
#8243 = VECTOR('',#8244,1.);
#8244 = DIRECTION('',(-1.,0.));
#8245 = ( GEOMETRIC_REPRESENTATION_CONTEXT(2) 
PARAMETRIC_REPRESENTATION_CONTEXT() REPRESENTATION_CONTEXT('2D SPACE',''
  ) );
#8246 = ADVANCED_FACE('',(#8247),#1937,.T.);
#8247 = FACE_BOUND('',#8248,.T.);
#8248 = EDGE_LOOP('',(#8249,#8272,#8295,#8316,#8317,#8318));
#8249 = ORIENTED_EDGE('',*,*,#8250,.F.);
#8250 = EDGE_CURVE('',#8251,#8253,#8255,.T.);
#8251 = VERTEX_POINT('',#8252);
#8252 = CARTESIAN_POINT('',(-97.,113.,74.));
#8253 = VERTEX_POINT('',#8254);
#8254 = CARTESIAN_POINT('',(-97.,113.,104.));
#8255 = SURFACE_CURVE('',#8256,(#8260,#8266),.PCURVE_S1.);
#8256 = LINE('',#8257,#8258);
#8257 = CARTESIAN_POINT('',(-97.,113.,74.));
#8258 = VECTOR('',#8259,1.);
#8259 = DIRECTION('',(0.,0.,1.));
#8260 = PCURVE('',#1937,#8261);
#8261 = DEFINITIONAL_REPRESENTATION('',(#8262),#8265);
#8262 = B_SPLINE_CURVE_WITH_KNOTS('',1,(#8263,#8264),.UNSPECIFIED.,.F.,
  .F.,(2,2),(0.,30.),.PIECEWISE_BEZIER_KNOTS.);
#8263 = CARTESIAN_POINT('',(0.,-160.));
#8264 = CARTESIAN_POINT('',(30.,-160.));
#8265 = ( GEOMETRIC_REPRESENTATION_CONTEXT(2) 
PARAMETRIC_REPRESENTATION_CONTEXT() REPRESENTATION_CONTEXT('2D SPACE',''
  ) );
#8266 = PCURVE('',#8120,#8267);
#8267 = DEFINITIONAL_REPRESENTATION('',(#8268),#8271);
#8268 = B_SPLINE_CURVE_WITH_KNOTS('',1,(#8269,#8270),.UNSPECIFIED.,.F.,
  .F.,(2,2),(0.,30.),.PIECEWISE_BEZIER_KNOTS.);
#8269 = CARTESIAN_POINT('',(0.,39.));
#8270 = CARTESIAN_POINT('',(30.,39.));
#8271 = ( GEOMETRIC_REPRESENTATION_CONTEXT(2) 
PARAMETRIC_REPRESENTATION_CONTEXT() REPRESENTATION_CONTEXT('2D SPACE',''
  ) );
#8272 = ORIENTED_EDGE('',*,*,#8273,.T.);
#8273 = EDGE_CURVE('',#8251,#8274,#8276,.T.);
#8274 = VERTEX_POINT('',#8275);
#8275 = CARTESIAN_POINT('',(-97.,147.,74.));
#8276 = SURFACE_CURVE('',#8277,(#8281,#8288),.PCURVE_S1.);
#8277 = LINE('',#8278,#8279);
#8278 = CARTESIAN_POINT('',(-97.,-47.,74.));
#8279 = VECTOR('',#8280,1.);
#8280 = DIRECTION('',(0.,1.,0.));
#8281 = PCURVE('',#1937,#8282);
#8282 = DEFINITIONAL_REPRESENTATION('',(#8283),#8287);
#8283 = LINE('',#8284,#8285);
#8284 = CARTESIAN_POINT('',(0.,0.));
#8285 = VECTOR('',#8286,1.);
#8286 = DIRECTION('',(0.,-1.));
#8287 = ( GEOMETRIC_REPRESENTATION_CONTEXT(2) 
PARAMETRIC_REPRESENTATION_CONTEXT() REPRESENTATION_CONTEXT('2D SPACE',''
  ) );
#8288 = PCURVE('',#3807,#8289);
#8289 = DEFINITIONAL_REPRESENTATION('',(#8290),#8294);
#8290 = LINE('',#8291,#8292);
#8291 = CARTESIAN_POINT('',(6.,0.));
#8292 = VECTOR('',#8293,1.);
#8293 = DIRECTION('',(0.,1.));
#8294 = ( GEOMETRIC_REPRESENTATION_CONTEXT(2) 
PARAMETRIC_REPRESENTATION_CONTEXT() REPRESENTATION_CONTEXT('2D SPACE',''
  ) );
#8295 = ORIENTED_EDGE('',*,*,#8296,.T.);
#8296 = EDGE_CURVE('',#8274,#1897,#8297,.T.);
#8297 = SURFACE_CURVE('',#8298,(#8302,#8309),.PCURVE_S1.);
#8298 = LINE('',#8299,#8300);
#8299 = CARTESIAN_POINT('',(-97.,147.,74.));
#8300 = VECTOR('',#8301,1.);
#8301 = DIRECTION('',(0.,0.,1.));
#8302 = PCURVE('',#1937,#8303);
#8303 = DEFINITIONAL_REPRESENTATION('',(#8304),#8308);
#8304 = LINE('',#8305,#8306);
#8305 = CARTESIAN_POINT('',(0.,-194.));
#8306 = VECTOR('',#8307,1.);
#8307 = DIRECTION('',(1.,0.));
#8308 = ( GEOMETRIC_REPRESENTATION_CONTEXT(2) 
PARAMETRIC_REPRESENTATION_CONTEXT() REPRESENTATION_CONTEXT('2D SPACE',''
  ) );
#8309 = PCURVE('',#1911,#8310);
#8310 = DEFINITIONAL_REPRESENTATION('',(#8311),#8315);
#8311 = LINE('',#8312,#8313);
#8312 = CARTESIAN_POINT('',(0.,6.));
#8313 = VECTOR('',#8314,1.);
#8314 = DIRECTION('',(1.,0.));
#8315 = ( GEOMETRIC_REPRESENTATION_CONTEXT(2) 
PARAMETRIC_REPRESENTATION_CONTEXT() REPRESENTATION_CONTEXT('2D SPACE',''
  ) );
#8316 = ORIENTED_EDGE('',*,*,#1922,.F.);
#8317 = ORIENTED_EDGE('',*,*,#8206,.F.);
#8318 = ORIENTED_EDGE('',*,*,#8319,.F.);
#8319 = EDGE_CURVE('',#8253,#8207,#8320,.T.);
#8320 = SURFACE_CURVE('',#8321,(#8325,#8332),.PCURVE_S1.);
#8321 = LINE('',#8322,#8323);
#8322 = CARTESIAN_POINT('',(-97.,-47.,104.));
#8323 = VECTOR('',#8324,1.);
#8324 = DIRECTION('',(0.,1.,0.));
#8325 = PCURVE('',#1937,#8326);
#8326 = DEFINITIONAL_REPRESENTATION('',(#8327),#8331);
#8327 = LINE('',#8328,#8329);
#8328 = CARTESIAN_POINT('',(30.,0.));
#8329 = VECTOR('',#8330,1.);
#8330 = DIRECTION('',(0.,-1.));
#8331 = ( GEOMETRIC_REPRESENTATION_CONTEXT(2) 
PARAMETRIC_REPRESENTATION_CONTEXT() REPRESENTATION_CONTEXT('2D SPACE',''
  ) );
#8332 = PCURVE('',#8189,#8333);
#8333 = DEFINITIONAL_REPRESENTATION('',(#8334),#8338);
#8334 = LINE('',#8335,#8336);
#8335 = CARTESIAN_POINT('',(43.,3.));
#8336 = VECTOR('',#8337,1.);
#8337 = DIRECTION('',(0.,1.));
#8338 = ( GEOMETRIC_REPRESENTATION_CONTEXT(2) 
PARAMETRIC_REPRESENTATION_CONTEXT() REPRESENTATION_CONTEXT('2D SPACE',''
  ) );
#8339 = ADVANCED_FACE('',(#8340),#1911,.T.);
#8340 = FACE_BOUND('',#8341,.T.);
#8341 = EDGE_LOOP('',(#8342,#8343,#8366,#8387));
#8342 = ORIENTED_EDGE('',*,*,#8296,.F.);
#8343 = ORIENTED_EDGE('',*,*,#8344,.F.);
#8344 = EDGE_CURVE('',#8345,#8274,#8347,.T.);
#8345 = VERTEX_POINT('',#8346);
#8346 = CARTESIAN_POINT('',(-103.,147.,74.));
#8347 = SURFACE_CURVE('',#8348,(#8352,#8359),.PCURVE_S1.);
#8348 = LINE('',#8349,#8350);
#8349 = CARTESIAN_POINT('',(-103.,147.,74.));
#8350 = VECTOR('',#8351,1.);
#8351 = DIRECTION('',(1.,0.,0.));
#8352 = PCURVE('',#1911,#8353);
#8353 = DEFINITIONAL_REPRESENTATION('',(#8354),#8358);
#8354 = LINE('',#8355,#8356);
#8355 = CARTESIAN_POINT('',(0.,0.));
#8356 = VECTOR('',#8357,1.);
#8357 = DIRECTION('',(0.,1.));
#8358 = ( GEOMETRIC_REPRESENTATION_CONTEXT(2) 
PARAMETRIC_REPRESENTATION_CONTEXT() REPRESENTATION_CONTEXT('2D SPACE',''
  ) );
#8359 = PCURVE('',#3807,#8360);
#8360 = DEFINITIONAL_REPRESENTATION('',(#8361),#8365);
#8361 = LINE('',#8362,#8363);
#8362 = CARTESIAN_POINT('',(0.,194.));
#8363 = VECTOR('',#8364,1.);
#8364 = DIRECTION('',(1.,0.));
#8365 = ( GEOMETRIC_REPRESENTATION_CONTEXT(2) 
PARAMETRIC_REPRESENTATION_CONTEXT() REPRESENTATION_CONTEXT('2D SPACE',''
  ) );
#8366 = ORIENTED_EDGE('',*,*,#8367,.T.);
#8367 = EDGE_CURVE('',#8345,#1871,#8368,.T.);
#8368 = SURFACE_CURVE('',#8369,(#8373,#8380),.PCURVE_S1.);
#8369 = LINE('',#8370,#8371);
#8370 = CARTESIAN_POINT('',(-103.,147.,74.));
#8371 = VECTOR('',#8372,1.);
#8372 = DIRECTION('',(0.,0.,1.));
#8373 = PCURVE('',#1911,#8374);
#8374 = DEFINITIONAL_REPRESENTATION('',(#8375),#8379);
#8375 = LINE('',#8376,#8377);
#8376 = CARTESIAN_POINT('',(0.,0.));
#8377 = VECTOR('',#8378,1.);
#8378 = DIRECTION('',(1.,0.));
#8379 = ( GEOMETRIC_REPRESENTATION_CONTEXT(2) 
PARAMETRIC_REPRESENTATION_CONTEXT() REPRESENTATION_CONTEXT('2D SPACE',''
  ) );
#8380 = PCURVE('',#1885,#8381);
#8381 = DEFINITIONAL_REPRESENTATION('',(#8382),#8386);
#8382 = LINE('',#8383,#8384);
#8383 = CARTESIAN_POINT('',(0.,-194.));
#8384 = VECTOR('',#8385,1.);
#8385 = DIRECTION('',(1.,0.));
#8386 = ( GEOMETRIC_REPRESENTATION_CONTEXT(2) 
PARAMETRIC_REPRESENTATION_CONTEXT() REPRESENTATION_CONTEXT('2D SPACE',''
  ) );
#8387 = ORIENTED_EDGE('',*,*,#1896,.F.);
#8388 = ADVANCED_FACE('',(#8389),#1885,.F.);
#8389 = FACE_BOUND('',#8390,.F.);
#8390 = EDGE_LOOP('',(#8391,#8414,#8435,#8436,#8437,#8458));
#8391 = ORIENTED_EDGE('',*,*,#8392,.F.);
#8392 = EDGE_CURVE('',#8393,#8395,#8397,.T.);
#8393 = VERTEX_POINT('',#8394);
#8394 = CARTESIAN_POINT('',(-103.,113.,74.));
#8395 = VERTEX_POINT('',#8396);
#8396 = CARTESIAN_POINT('',(-103.,113.,104.));
#8397 = SURFACE_CURVE('',#8398,(#8402,#8408),.PCURVE_S1.);
#8398 = LINE('',#8399,#8400);
#8399 = CARTESIAN_POINT('',(-103.,113.,74.));
#8400 = VECTOR('',#8401,1.);
#8401 = DIRECTION('',(0.,0.,1.));
#8402 = PCURVE('',#1885,#8403);
#8403 = DEFINITIONAL_REPRESENTATION('',(#8404),#8407);
#8404 = B_SPLINE_CURVE_WITH_KNOTS('',1,(#8405,#8406),.UNSPECIFIED.,.F.,
  .F.,(2,2),(0.,30.),.PIECEWISE_BEZIER_KNOTS.);
#8405 = CARTESIAN_POINT('',(0.,-160.));
#8406 = CARTESIAN_POINT('',(30.,-160.));
#8407 = ( GEOMETRIC_REPRESENTATION_CONTEXT(2) 
PARAMETRIC_REPRESENTATION_CONTEXT() REPRESENTATION_CONTEXT('2D SPACE',''
  ) );
#8408 = PCURVE('',#1778,#8409);
#8409 = DEFINITIONAL_REPRESENTATION('',(#8410),#8413);
#8410 = B_SPLINE_CURVE_WITH_KNOTS('',1,(#8411,#8412),.UNSPECIFIED.,.F.,
  .F.,(2,2),(0.,30.),.PIECEWISE_BEZIER_KNOTS.);
#8411 = CARTESIAN_POINT('',(0.,33.));
#8412 = CARTESIAN_POINT('',(30.,33.));
#8413 = ( GEOMETRIC_REPRESENTATION_CONTEXT(2) 
PARAMETRIC_REPRESENTATION_CONTEXT() REPRESENTATION_CONTEXT('2D SPACE',''
  ) );
#8414 = ORIENTED_EDGE('',*,*,#8415,.T.);
#8415 = EDGE_CURVE('',#8393,#8345,#8416,.T.);
#8416 = SURFACE_CURVE('',#8417,(#8421,#8428),.PCURVE_S1.);
#8417 = LINE('',#8418,#8419);
#8418 = CARTESIAN_POINT('',(-103.,-47.,74.));
#8419 = VECTOR('',#8420,1.);
#8420 = DIRECTION('',(0.,1.,0.));
#8421 = PCURVE('',#1885,#8422);
#8422 = DEFINITIONAL_REPRESENTATION('',(#8423),#8427);
#8423 = LINE('',#8424,#8425);
#8424 = CARTESIAN_POINT('',(0.,0.));
#8425 = VECTOR('',#8426,1.);
#8426 = DIRECTION('',(0.,-1.));
#8427 = ( GEOMETRIC_REPRESENTATION_CONTEXT(2) 
PARAMETRIC_REPRESENTATION_CONTEXT() REPRESENTATION_CONTEXT('2D SPACE',''
  ) );
#8428 = PCURVE('',#3807,#8429);
#8429 = DEFINITIONAL_REPRESENTATION('',(#8430),#8434);
#8430 = LINE('',#8431,#8432);
#8431 = CARTESIAN_POINT('',(0.,0.));
#8432 = VECTOR('',#8433,1.);
#8433 = DIRECTION('',(0.,1.));
#8434 = ( GEOMETRIC_REPRESENTATION_CONTEXT(2) 
PARAMETRIC_REPRESENTATION_CONTEXT() REPRESENTATION_CONTEXT('2D SPACE',''
  ) );
#8435 = ORIENTED_EDGE('',*,*,#8367,.T.);
#8436 = ORIENTED_EDGE('',*,*,#1870,.F.);
#8437 = ORIENTED_EDGE('',*,*,#8438,.F.);
#8438 = EDGE_CURVE('',#8439,#1845,#8441,.T.);
#8439 = VERTEX_POINT('',#8440);
#8440 = CARTESIAN_POINT('',(-103.,144.,104.));
#8441 = SURFACE_CURVE('',#8442,(#8446,#8452),.PCURVE_S1.);
#8442 = LINE('',#8443,#8444);
#8443 = CARTESIAN_POINT('',(-103.,144.,74.));
#8444 = VECTOR('',#8445,1.);
#8445 = DIRECTION('',(0.,0.,-1.));
#8446 = PCURVE('',#1885,#8447);
#8447 = DEFINITIONAL_REPRESENTATION('',(#8448),#8451);
#8448 = B_SPLINE_CURVE_WITH_KNOTS('',1,(#8449,#8450),.UNSPECIFIED.,.F.,
  .F.,(2,2),(-30.,-1.),.PIECEWISE_BEZIER_KNOTS.);
#8449 = CARTESIAN_POINT('',(30.,-191.));
#8450 = CARTESIAN_POINT('',(1.,-191.));
#8451 = ( GEOMETRIC_REPRESENTATION_CONTEXT(2) 
PARAMETRIC_REPRESENTATION_CONTEXT() REPRESENTATION_CONTEXT('2D SPACE',''
  ) );
#8452 = PCURVE('',#1859,#8453);
#8453 = DEFINITIONAL_REPRESENTATION('',(#8454),#8457);
#8454 = B_SPLINE_CURVE_WITH_KNOTS('',1,(#8455,#8456),.UNSPECIFIED.,.F.,
  .F.,(2,2),(-30.,-1.),.PIECEWISE_BEZIER_KNOTS.);
#8455 = CARTESIAN_POINT('',(30.,31.));
#8456 = CARTESIAN_POINT('',(1.,31.));
#8457 = ( GEOMETRIC_REPRESENTATION_CONTEXT(2) 
PARAMETRIC_REPRESENTATION_CONTEXT() REPRESENTATION_CONTEXT('2D SPACE',''
  ) );
#8458 = ORIENTED_EDGE('',*,*,#8459,.F.);
#8459 = EDGE_CURVE('',#8395,#8439,#8460,.T.);
#8460 = SURFACE_CURVE('',#8461,(#8465,#8472),.PCURVE_S1.);
#8461 = LINE('',#8462,#8463);
#8462 = CARTESIAN_POINT('',(-103.,-47.,104.));
#8463 = VECTOR('',#8464,1.);
#8464 = DIRECTION('',(0.,1.,0.));
#8465 = PCURVE('',#1885,#8466);
#8466 = DEFINITIONAL_REPRESENTATION('',(#8467),#8471);
#8467 = LINE('',#8468,#8469);
#8468 = CARTESIAN_POINT('',(30.,0.));
#8469 = VECTOR('',#8470,1.);
#8470 = DIRECTION('',(0.,-1.));
#8471 = ( GEOMETRIC_REPRESENTATION_CONTEXT(2) 
PARAMETRIC_REPRESENTATION_CONTEXT() REPRESENTATION_CONTEXT('2D SPACE',''
  ) );
#8472 = PCURVE('',#8473,#8478);
#8473 = PLANE('',#8474);
#8474 = AXIS2_PLACEMENT_3D('',#8475,#8476,#8477);
#8475 = CARTESIAN_POINT('',(-140.,-50.,104.));
#8476 = DIRECTION('',(0.,0.,1.));
#8477 = DIRECTION('',(1.,0.,0.));
#8478 = DEFINITIONAL_REPRESENTATION('',(#8479),#8483);
#8479 = LINE('',#8480,#8481);
#8480 = CARTESIAN_POINT('',(37.,3.));
#8481 = VECTOR('',#8482,1.);
#8482 = DIRECTION('',(0.,1.));
#8483 = ( GEOMETRIC_REPRESENTATION_CONTEXT(2) 
PARAMETRIC_REPRESENTATION_CONTEXT() REPRESENTATION_CONTEXT('2D SPACE',''
  ) );
#8484 = ADVANCED_FACE('',(#8485),#1859,.F.);
#8485 = FACE_BOUND('',#8486,.F.);
#8486 = EDGE_LOOP('',(#8487,#8488,#8489,#8512));
#8487 = ORIENTED_EDGE('',*,*,#8438,.T.);
#8488 = ORIENTED_EDGE('',*,*,#1844,.T.);
#8489 = ORIENTED_EDGE('',*,*,#8490,.T.);
#8490 = EDGE_CURVE('',#1816,#8491,#8493,.T.);
#8491 = VERTEX_POINT('',#8492);
#8492 = CARTESIAN_POINT('',(-120.,144.,104.));
#8493 = SURFACE_CURVE('',#8494,(#8498,#8505),.PCURVE_S1.);
#8494 = LINE('',#8495,#8496);
#8495 = CARTESIAN_POINT('',(-120.,144.,74.));
#8496 = VECTOR('',#8497,1.);
#8497 = DIRECTION('',(0.,0.,1.));
#8498 = PCURVE('',#1859,#8499);
#8499 = DEFINITIONAL_REPRESENTATION('',(#8500),#8504);
#8500 = LINE('',#8501,#8502);
#8501 = CARTESIAN_POINT('',(0.,14.));
#8502 = VECTOR('',#8503,1.);
#8503 = DIRECTION('',(1.,0.));
#8504 = ( GEOMETRIC_REPRESENTATION_CONTEXT(2) 
PARAMETRIC_REPRESENTATION_CONTEXT() REPRESENTATION_CONTEXT('2D SPACE',''
  ) );
#8505 = PCURVE('',#1832,#8506);
#8506 = DEFINITIONAL_REPRESENTATION('',(#8507),#8511);
#8507 = LINE('',#8508,#8509);
#8508 = CARTESIAN_POINT('',(-1.570796326795,0.));
#8509 = VECTOR('',#8510,1.);
#8510 = DIRECTION('',(-0.,1.));
#8511 = ( GEOMETRIC_REPRESENTATION_CONTEXT(2) 
PARAMETRIC_REPRESENTATION_CONTEXT() REPRESENTATION_CONTEXT('2D SPACE',''
  ) );
#8512 = ORIENTED_EDGE('',*,*,#8513,.F.);
#8513 = EDGE_CURVE('',#8439,#8491,#8514,.T.);
#8514 = SURFACE_CURVE('',#8515,(#8519,#8525),.PCURVE_S1.);
#8515 = LINE('',#8516,#8517);
#8516 = CARTESIAN_POINT('',(-136.,144.,104.));
#8517 = VECTOR('',#8518,1.);
#8518 = DIRECTION('',(-1.,0.,0.));
#8519 = PCURVE('',#1859,#8520);
#8520 = DEFINITIONAL_REPRESENTATION('',(#8521),#8524);
#8521 = B_SPLINE_CURVE_WITH_KNOTS('',1,(#8522,#8523),.UNSPECIFIED.,.F.,
  .F.,(2,2),(-256.,-16.),.PIECEWISE_BEZIER_KNOTS.);
#8522 = CARTESIAN_POINT('',(30.,254.));
#8523 = CARTESIAN_POINT('',(30.,14.));
#8524 = ( GEOMETRIC_REPRESENTATION_CONTEXT(2) 
PARAMETRIC_REPRESENTATION_CONTEXT() REPRESENTATION_CONTEXT('2D SPACE',''
  ) );
#8525 = PCURVE('',#8473,#8526);
#8526 = DEFINITIONAL_REPRESENTATION('',(#8527),#8531);
#8527 = LINE('',#8528,#8529);
#8528 = CARTESIAN_POINT('',(4.,194.));
#8529 = VECTOR('',#8530,1.);
#8530 = DIRECTION('',(-1.,0.));
#8531 = ( GEOMETRIC_REPRESENTATION_CONTEXT(2) 
PARAMETRIC_REPRESENTATION_CONTEXT() REPRESENTATION_CONTEXT('2D SPACE',''
  ) );
#8532 = ADVANCED_FACE('',(#8533),#1832,.F.);
#8533 = FACE_BOUND('',#8534,.T.);
#8534 = EDGE_LOOP('',(#8535,#8558,#8559,#8560));
#8535 = ORIENTED_EDGE('',*,*,#8536,.F.);
#8536 = EDGE_CURVE('',#1790,#8537,#8539,.T.);
#8537 = VERTEX_POINT('',#8538);
#8538 = CARTESIAN_POINT('',(-134.,130.,104.));
#8539 = SURFACE_CURVE('',#8540,(#8544,#8551),.PCURVE_S1.);
#8540 = LINE('',#8541,#8542);
#8541 = CARTESIAN_POINT('',(-134.,130.,74.));
#8542 = VECTOR('',#8543,1.);
#8543 = DIRECTION('',(0.,0.,1.));
#8544 = PCURVE('',#1832,#8545);
#8545 = DEFINITIONAL_REPRESENTATION('',(#8546),#8550);
#8546 = LINE('',#8547,#8548);
#8547 = CARTESIAN_POINT('',(-0.,0.));
#8548 = VECTOR('',#8549,1.);
#8549 = DIRECTION('',(-0.,1.));
#8550 = ( GEOMETRIC_REPRESENTATION_CONTEXT(2) 
PARAMETRIC_REPRESENTATION_CONTEXT() REPRESENTATION_CONTEXT('2D SPACE',''
  ) );
#8551 = PCURVE('',#1804,#8552);
#8552 = DEFINITIONAL_REPRESENTATION('',(#8553),#8557);
#8553 = LINE('',#8554,#8555);
#8554 = CARTESIAN_POINT('',(0.,-174.));
#8555 = VECTOR('',#8556,1.);
#8556 = DIRECTION('',(1.,0.));
#8557 = ( GEOMETRIC_REPRESENTATION_CONTEXT(2) 
PARAMETRIC_REPRESENTATION_CONTEXT() REPRESENTATION_CONTEXT('2D SPACE',''
  ) );
#8558 = ORIENTED_EDGE('',*,*,#1815,.F.);
#8559 = ORIENTED_EDGE('',*,*,#8490,.T.);
#8560 = ORIENTED_EDGE('',*,*,#8561,.T.);
#8561 = EDGE_CURVE('',#8491,#8537,#8562,.T.);
#8562 = SURFACE_CURVE('',#8563,(#8568,#8575),.PCURVE_S1.);
#8563 = CIRCLE('',#8564,14.);
#8564 = AXIS2_PLACEMENT_3D('',#8565,#8566,#8567);
#8565 = CARTESIAN_POINT('',(-120.,130.,104.));
#8566 = DIRECTION('',(0.,0.,1.));
#8567 = DIRECTION('',(-1.,-0.,0.));
#8568 = PCURVE('',#1832,#8569);
#8569 = DEFINITIONAL_REPRESENTATION('',(#8570),#8574);
#8570 = LINE('',#8571,#8572);
#8571 = CARTESIAN_POINT('',(-6.28318530718,30.));
#8572 = VECTOR('',#8573,1.);
#8573 = DIRECTION('',(1.,-0.));
#8574 = ( GEOMETRIC_REPRESENTATION_CONTEXT(2) 
PARAMETRIC_REPRESENTATION_CONTEXT() REPRESENTATION_CONTEXT('2D SPACE',''
  ) );
#8575 = PCURVE('',#8473,#8576);
#8576 = DEFINITIONAL_REPRESENTATION('',(#8577),#8581);
#8577 = CIRCLE('',#8578,14.);
#8578 = AXIS2_PLACEMENT_2D('',#8579,#8580);
#8579 = CARTESIAN_POINT('',(20.,180.));
#8580 = DIRECTION('',(-1.,0.));
#8581 = ( GEOMETRIC_REPRESENTATION_CONTEXT(2) 
PARAMETRIC_REPRESENTATION_CONTEXT() REPRESENTATION_CONTEXT('2D SPACE',''
  ) );
#8582 = ADVANCED_FACE('',(#8583),#1804,.T.);
#8583 = FACE_BOUND('',#8584,.T.);
#8584 = EDGE_LOOP('',(#8585,#8607,#8626,#8627));
#8585 = ORIENTED_EDGE('',*,*,#8586,.F.);
#8586 = EDGE_CURVE('',#8587,#8537,#8589,.T.);
#8587 = VERTEX_POINT('',#8588);
#8588 = CARTESIAN_POINT('',(-134.,113.,104.));
#8589 = SURFACE_CURVE('',#8590,(#8594,#8600),.PCURVE_S1.);
#8590 = LINE('',#8591,#8592);
#8591 = CARTESIAN_POINT('',(-134.,-46.,104.));
#8592 = VECTOR('',#8593,1.);
#8593 = DIRECTION('',(0.,1.,0.));
#8594 = PCURVE('',#1804,#8595);
#8595 = DEFINITIONAL_REPRESENTATION('',(#8596),#8599);
#8596 = B_SPLINE_CURVE_WITH_KNOTS('',1,(#8597,#8598),.UNSPECIFIED.,.F.,
  .F.,(2,2),(16.,176.),.PIECEWISE_BEZIER_KNOTS.);
#8597 = CARTESIAN_POINT('',(30.,-14.));
#8598 = CARTESIAN_POINT('',(30.,-174.));
#8599 = ( GEOMETRIC_REPRESENTATION_CONTEXT(2) 
PARAMETRIC_REPRESENTATION_CONTEXT() REPRESENTATION_CONTEXT('2D SPACE',''
  ) );
#8600 = PCURVE('',#8473,#8601);
#8601 = DEFINITIONAL_REPRESENTATION('',(#8602),#8606);
#8602 = LINE('',#8603,#8604);
#8603 = CARTESIAN_POINT('',(6.,4.));
#8604 = VECTOR('',#8605,1.);
#8605 = DIRECTION('',(0.,1.));
#8606 = ( GEOMETRIC_REPRESENTATION_CONTEXT(2) 
PARAMETRIC_REPRESENTATION_CONTEXT() REPRESENTATION_CONTEXT('2D SPACE',''
  ) );
#8607 = ORIENTED_EDGE('',*,*,#8608,.F.);
#8608 = EDGE_CURVE('',#1764,#8587,#8609,.T.);
#8609 = SURFACE_CURVE('',#8610,(#8614,#8620),.PCURVE_S1.);
#8610 = LINE('',#8611,#8612);
#8611 = CARTESIAN_POINT('',(-134.,113.,74.));
#8612 = VECTOR('',#8613,1.);
#8613 = DIRECTION('',(0.,0.,1.));
#8614 = PCURVE('',#1804,#8615);
#8615 = DEFINITIONAL_REPRESENTATION('',(#8616),#8619);
#8616 = B_SPLINE_CURVE_WITH_KNOTS('',1,(#8617,#8618),.UNSPECIFIED.,.F.,
  .F.,(2,2),(1.,30.),.PIECEWISE_BEZIER_KNOTS.);
#8617 = CARTESIAN_POINT('',(1.,-157.));
#8618 = CARTESIAN_POINT('',(30.,-157.));
#8619 = ( GEOMETRIC_REPRESENTATION_CONTEXT(2) 
PARAMETRIC_REPRESENTATION_CONTEXT() REPRESENTATION_CONTEXT('2D SPACE',''
  ) );
#8620 = PCURVE('',#1778,#8621);
#8621 = DEFINITIONAL_REPRESENTATION('',(#8622),#8625);
#8622 = B_SPLINE_CURVE_WITH_KNOTS('',1,(#8623,#8624),.UNSPECIFIED.,.F.,
  .F.,(2,2),(1.,30.),.PIECEWISE_BEZIER_KNOTS.);
#8623 = CARTESIAN_POINT('',(1.,2.));
#8624 = CARTESIAN_POINT('',(30.,2.));
#8625 = ( GEOMETRIC_REPRESENTATION_CONTEXT(2) 
PARAMETRIC_REPRESENTATION_CONTEXT() REPRESENTATION_CONTEXT('2D SPACE',''
  ) );
#8626 = ORIENTED_EDGE('',*,*,#1789,.T.);
#8627 = ORIENTED_EDGE('',*,*,#8536,.T.);
#8628 = ADVANCED_FACE('',(#8629),#1778,.T.);
#8629 = FACE_BOUND('',#8630,.T.);
#8630 = EDGE_LOOP('',(#8631,#8654,#8675,#8676,#8677,#8698));
#8631 = ORIENTED_EDGE('',*,*,#8632,.F.);
#8632 = EDGE_CURVE('',#8633,#8393,#8635,.T.);
#8633 = VERTEX_POINT('',#8634);
#8634 = CARTESIAN_POINT('',(-136.,113.,74.));
#8635 = SURFACE_CURVE('',#8636,(#8640,#8647),.PCURVE_S1.);
#8636 = LINE('',#8637,#8638);
#8637 = CARTESIAN_POINT('',(-136.,113.,74.));
#8638 = VECTOR('',#8639,1.);
#8639 = DIRECTION('',(1.,0.,0.));
#8640 = PCURVE('',#1778,#8641);
#8641 = DEFINITIONAL_REPRESENTATION('',(#8642),#8646);
#8642 = LINE('',#8643,#8644);
#8643 = CARTESIAN_POINT('',(0.,0.));
#8644 = VECTOR('',#8645,1.);
#8645 = DIRECTION('',(0.,1.));
#8646 = ( GEOMETRIC_REPRESENTATION_CONTEXT(2) 
PARAMETRIC_REPRESENTATION_CONTEXT() REPRESENTATION_CONTEXT('2D SPACE',''
  ) );
#8647 = PCURVE('',#3807,#8648);
#8648 = DEFINITIONAL_REPRESENTATION('',(#8649),#8653);
#8649 = LINE('',#8650,#8651);
#8650 = CARTESIAN_POINT('',(-33.,160.));
#8651 = VECTOR('',#8652,1.);
#8652 = DIRECTION('',(1.,0.));
#8653 = ( GEOMETRIC_REPRESENTATION_CONTEXT(2) 
PARAMETRIC_REPRESENTATION_CONTEXT() REPRESENTATION_CONTEXT('2D SPACE',''
  ) );
#8654 = ORIENTED_EDGE('',*,*,#8655,.T.);
#8655 = EDGE_CURVE('',#8633,#1738,#8656,.T.);
#8656 = SURFACE_CURVE('',#8657,(#8661,#8668),.PCURVE_S1.);
#8657 = LINE('',#8658,#8659);
#8658 = CARTESIAN_POINT('',(-136.,113.,74.));
#8659 = VECTOR('',#8660,1.);
#8660 = DIRECTION('',(0.,0.,1.));
#8661 = PCURVE('',#1778,#8662);
#8662 = DEFINITIONAL_REPRESENTATION('',(#8663),#8667);
#8663 = LINE('',#8664,#8665);
#8664 = CARTESIAN_POINT('',(0.,0.));
#8665 = VECTOR('',#8666,1.);
#8666 = DIRECTION('',(1.,0.));
#8667 = ( GEOMETRIC_REPRESENTATION_CONTEXT(2) 
PARAMETRIC_REPRESENTATION_CONTEXT() REPRESENTATION_CONTEXT('2D SPACE',''
  ) );
#8668 = PCURVE('',#1752,#8669);
#8669 = DEFINITIONAL_REPRESENTATION('',(#8670),#8674);
#8670 = LINE('',#8671,#8672);
#8671 = CARTESIAN_POINT('',(0.,-6.));
#8672 = VECTOR('',#8673,1.);
#8673 = DIRECTION('',(1.,0.));
#8674 = ( GEOMETRIC_REPRESENTATION_CONTEXT(2) 
PARAMETRIC_REPRESENTATION_CONTEXT() REPRESENTATION_CONTEXT('2D SPACE',''
  ) );
#8675 = ORIENTED_EDGE('',*,*,#1763,.F.);
#8676 = ORIENTED_EDGE('',*,*,#8608,.T.);
#8677 = ORIENTED_EDGE('',*,*,#8678,.T.);
#8678 = EDGE_CURVE('',#8587,#8395,#8679,.T.);
#8679 = SURFACE_CURVE('',#8680,(#8684,#8691),.PCURVE_S1.);
#8680 = LINE('',#8681,#8682);
#8681 = CARTESIAN_POINT('',(-136.,113.,104.));
#8682 = VECTOR('',#8683,1.);
#8683 = DIRECTION('',(1.,0.,0.));
#8684 = PCURVE('',#1778,#8685);
#8685 = DEFINITIONAL_REPRESENTATION('',(#8686),#8690);
#8686 = LINE('',#8687,#8688);
#8687 = CARTESIAN_POINT('',(30.,0.));
#8688 = VECTOR('',#8689,1.);
#8689 = DIRECTION('',(0.,1.));
#8690 = ( GEOMETRIC_REPRESENTATION_CONTEXT(2) 
PARAMETRIC_REPRESENTATION_CONTEXT() REPRESENTATION_CONTEXT('2D SPACE',''
  ) );
#8691 = PCURVE('',#8473,#8692);
#8692 = DEFINITIONAL_REPRESENTATION('',(#8693),#8697);
#8693 = LINE('',#8694,#8695);
#8694 = CARTESIAN_POINT('',(4.,163.));
#8695 = VECTOR('',#8696,1.);
#8696 = DIRECTION('',(1.,0.));
#8697 = ( GEOMETRIC_REPRESENTATION_CONTEXT(2) 
PARAMETRIC_REPRESENTATION_CONTEXT() REPRESENTATION_CONTEXT('2D SPACE',''
  ) );
#8698 = ORIENTED_EDGE('',*,*,#8392,.F.);
#8699 = ADVANCED_FACE('',(#8700),#1752,.F.);
#8700 = FACE_BOUND('',#8701,.F.);
#8701 = EDGE_LOOP('',(#8702,#8725,#8746,#8747));
#8702 = ORIENTED_EDGE('',*,*,#8703,.F.);
#8703 = EDGE_CURVE('',#8704,#1712,#8706,.T.);
#8704 = VERTEX_POINT('',#8705);
#8705 = CARTESIAN_POINT('',(-136.,107.,74.));
#8706 = SURFACE_CURVE('',#8707,(#8711,#8718),.PCURVE_S1.);
#8707 = LINE('',#8708,#8709);
#8708 = CARTESIAN_POINT('',(-136.,107.,74.));
#8709 = VECTOR('',#8710,1.);
#8710 = DIRECTION('',(0.,0.,1.));
#8711 = PCURVE('',#1752,#8712);
#8712 = DEFINITIONAL_REPRESENTATION('',(#8713),#8717);
#8713 = LINE('',#8714,#8715);
#8714 = CARTESIAN_POINT('',(0.,0.));
#8715 = VECTOR('',#8716,1.);
#8716 = DIRECTION('',(1.,0.));
#8717 = ( GEOMETRIC_REPRESENTATION_CONTEXT(2) 
PARAMETRIC_REPRESENTATION_CONTEXT() REPRESENTATION_CONTEXT('2D SPACE',''
  ) );
#8718 = PCURVE('',#1726,#8719);
#8719 = DEFINITIONAL_REPRESENTATION('',(#8720),#8724);
#8720 = LINE('',#8721,#8722);
#8721 = CARTESIAN_POINT('',(0.,0.));
#8722 = VECTOR('',#8723,1.);
#8723 = DIRECTION('',(1.,0.));
#8724 = ( GEOMETRIC_REPRESENTATION_CONTEXT(2) 
PARAMETRIC_REPRESENTATION_CONTEXT() REPRESENTATION_CONTEXT('2D SPACE',''
  ) );
#8725 = ORIENTED_EDGE('',*,*,#8726,.T.);
#8726 = EDGE_CURVE('',#8704,#8633,#8727,.T.);
#8727 = SURFACE_CURVE('',#8728,(#8732,#8739),.PCURVE_S1.);
#8728 = LINE('',#8729,#8730);
#8729 = CARTESIAN_POINT('',(-136.,107.,74.));
#8730 = VECTOR('',#8731,1.);
#8731 = DIRECTION('',(0.,1.,0.));
#8732 = PCURVE('',#1752,#8733);
#8733 = DEFINITIONAL_REPRESENTATION('',(#8734),#8738);
#8734 = LINE('',#8735,#8736);
#8735 = CARTESIAN_POINT('',(0.,0.));
#8736 = VECTOR('',#8737,1.);
#8737 = DIRECTION('',(0.,-1.));
#8738 = ( GEOMETRIC_REPRESENTATION_CONTEXT(2) 
PARAMETRIC_REPRESENTATION_CONTEXT() REPRESENTATION_CONTEXT('2D SPACE',''
  ) );
#8739 = PCURVE('',#3807,#8740);
#8740 = DEFINITIONAL_REPRESENTATION('',(#8741),#8745);
#8741 = LINE('',#8742,#8743);
#8742 = CARTESIAN_POINT('',(-33.,154.));
#8743 = VECTOR('',#8744,1.);
#8744 = DIRECTION('',(0.,1.));
#8745 = ( GEOMETRIC_REPRESENTATION_CONTEXT(2) 
PARAMETRIC_REPRESENTATION_CONTEXT() REPRESENTATION_CONTEXT('2D SPACE',''
  ) );
#8746 = ORIENTED_EDGE('',*,*,#8655,.T.);
#8747 = ORIENTED_EDGE('',*,*,#1737,.F.);
#8748 = ADVANCED_FACE('',(#8749),#1726,.F.);
#8749 = FACE_BOUND('',#8750,.F.);
#8750 = EDGE_LOOP('',(#8751,#8774,#8775,#8776,#8797,#8825));
#8751 = ORIENTED_EDGE('',*,*,#8752,.F.);
#8752 = EDGE_CURVE('',#8704,#8753,#8755,.T.);
#8753 = VERTEX_POINT('',#8754);
#8754 = CARTESIAN_POINT('',(-103.,107.,74.));
#8755 = SURFACE_CURVE('',#8756,(#8760,#8767),.PCURVE_S1.);
#8756 = LINE('',#8757,#8758);
#8757 = CARTESIAN_POINT('',(-136.,107.,74.));
#8758 = VECTOR('',#8759,1.);
#8759 = DIRECTION('',(1.,0.,0.));
#8760 = PCURVE('',#1726,#8761);
#8761 = DEFINITIONAL_REPRESENTATION('',(#8762),#8766);
#8762 = LINE('',#8763,#8764);
#8763 = CARTESIAN_POINT('',(0.,0.));
#8764 = VECTOR('',#8765,1.);
#8765 = DIRECTION('',(0.,1.));
#8766 = ( GEOMETRIC_REPRESENTATION_CONTEXT(2) 
PARAMETRIC_REPRESENTATION_CONTEXT() REPRESENTATION_CONTEXT('2D SPACE',''
  ) );
#8767 = PCURVE('',#3807,#8768);
#8768 = DEFINITIONAL_REPRESENTATION('',(#8769),#8773);
#8769 = LINE('',#8770,#8771);
#8770 = CARTESIAN_POINT('',(-33.,154.));
#8771 = VECTOR('',#8772,1.);
#8772 = DIRECTION('',(1.,0.));
#8773 = ( GEOMETRIC_REPRESENTATION_CONTEXT(2) 
PARAMETRIC_REPRESENTATION_CONTEXT() REPRESENTATION_CONTEXT('2D SPACE',''
  ) );
#8774 = ORIENTED_EDGE('',*,*,#8703,.T.);
#8775 = ORIENTED_EDGE('',*,*,#1711,.F.);
#8776 = ORIENTED_EDGE('',*,*,#8777,.T.);
#8777 = EDGE_CURVE('',#1686,#8778,#8780,.T.);
#8778 = VERTEX_POINT('',#8779);
#8779 = CARTESIAN_POINT('',(-134.,107.,104.));
#8780 = SURFACE_CURVE('',#8781,(#8785,#8791),.PCURVE_S1.);
#8781 = LINE('',#8782,#8783);
#8782 = CARTESIAN_POINT('',(-134.,107.,74.));
#8783 = VECTOR('',#8784,1.);
#8784 = DIRECTION('',(0.,0.,1.));
#8785 = PCURVE('',#1726,#8786);
#8786 = DEFINITIONAL_REPRESENTATION('',(#8787),#8790);
#8787 = B_SPLINE_CURVE_WITH_KNOTS('',1,(#8788,#8789),.UNSPECIFIED.,.F.,
  .F.,(2,2),(1.,30.),.PIECEWISE_BEZIER_KNOTS.);
#8788 = CARTESIAN_POINT('',(1.,2.));
#8789 = CARTESIAN_POINT('',(30.,2.));
#8790 = ( GEOMETRIC_REPRESENTATION_CONTEXT(2) 
PARAMETRIC_REPRESENTATION_CONTEXT() REPRESENTATION_CONTEXT('2D SPACE',''
  ) );
#8791 = PCURVE('',#1700,#8792);
#8792 = DEFINITIONAL_REPRESENTATION('',(#8793),#8796);
#8793 = B_SPLINE_CURVE_WITH_KNOTS('',1,(#8794,#8795),.UNSPECIFIED.,.F.,
  .F.,(2,2),(1.,30.),.PIECEWISE_BEZIER_KNOTS.);
#8794 = CARTESIAN_POINT('',(1.,-151.));
#8795 = CARTESIAN_POINT('',(30.,-151.));
#8796 = ( GEOMETRIC_REPRESENTATION_CONTEXT(2) 
PARAMETRIC_REPRESENTATION_CONTEXT() REPRESENTATION_CONTEXT('2D SPACE',''
  ) );
#8797 = ORIENTED_EDGE('',*,*,#8798,.T.);
#8798 = EDGE_CURVE('',#8778,#8799,#8801,.T.);
#8799 = VERTEX_POINT('',#8800);
#8800 = CARTESIAN_POINT('',(-103.,107.,104.));
#8801 = SURFACE_CURVE('',#8802,(#8806,#8813),.PCURVE_S1.);
#8802 = LINE('',#8803,#8804);
#8803 = CARTESIAN_POINT('',(-136.,107.,104.));
#8804 = VECTOR('',#8805,1.);
#8805 = DIRECTION('',(1.,0.,0.));
#8806 = PCURVE('',#1726,#8807);
#8807 = DEFINITIONAL_REPRESENTATION('',(#8808),#8812);
#8808 = LINE('',#8809,#8810);
#8809 = CARTESIAN_POINT('',(30.,0.));
#8810 = VECTOR('',#8811,1.);
#8811 = DIRECTION('',(0.,1.));
#8812 = ( GEOMETRIC_REPRESENTATION_CONTEXT(2) 
PARAMETRIC_REPRESENTATION_CONTEXT() REPRESENTATION_CONTEXT('2D SPACE',''
  ) );
#8813 = PCURVE('',#8814,#8819);
#8814 = PLANE('',#8815);
#8815 = AXIS2_PLACEMENT_3D('',#8816,#8817,#8818);
#8816 = CARTESIAN_POINT('',(-140.,-50.,104.));
#8817 = DIRECTION('',(0.,0.,1.));
#8818 = DIRECTION('',(1.,0.,0.));
#8819 = DEFINITIONAL_REPRESENTATION('',(#8820),#8824);
#8820 = LINE('',#8821,#8822);
#8821 = CARTESIAN_POINT('',(4.,157.));
#8822 = VECTOR('',#8823,1.);
#8823 = DIRECTION('',(1.,0.));
#8824 = ( GEOMETRIC_REPRESENTATION_CONTEXT(2) 
PARAMETRIC_REPRESENTATION_CONTEXT() REPRESENTATION_CONTEXT('2D SPACE',''
  ) );
#8825 = ORIENTED_EDGE('',*,*,#8826,.F.);
#8826 = EDGE_CURVE('',#8753,#8799,#8827,.T.);
#8827 = SURFACE_CURVE('',#8828,(#8832,#8838),.PCURVE_S1.);
#8828 = LINE('',#8829,#8830);
#8829 = CARTESIAN_POINT('',(-103.,107.,74.));
#8830 = VECTOR('',#8831,1.);
#8831 = DIRECTION('',(0.,0.,1.));
#8832 = PCURVE('',#1726,#8833);
#8833 = DEFINITIONAL_REPRESENTATION('',(#8834),#8837);
#8834 = B_SPLINE_CURVE_WITH_KNOTS('',1,(#8835,#8836),.UNSPECIFIED.,.F.,
  .F.,(2,2),(0.,30.),.PIECEWISE_BEZIER_KNOTS.);
#8835 = CARTESIAN_POINT('',(0.,33.));
#8836 = CARTESIAN_POINT('',(30.,33.));
#8837 = ( GEOMETRIC_REPRESENTATION_CONTEXT(2) 
PARAMETRIC_REPRESENTATION_CONTEXT() REPRESENTATION_CONTEXT('2D SPACE',''
  ) );
#8838 = PCURVE('',#8839,#8844);
#8839 = PLANE('',#8840);
#8840 = AXIS2_PLACEMENT_3D('',#8841,#8842,#8843);
#8841 = CARTESIAN_POINT('',(-103.,-47.,74.));
#8842 = DIRECTION('',(1.,0.,0.));
#8843 = DIRECTION('',(0.,0.,1.));
#8844 = DEFINITIONAL_REPRESENTATION('',(#8845),#8848);
#8845 = B_SPLINE_CURVE_WITH_KNOTS('',1,(#8846,#8847),.UNSPECIFIED.,.F.,
  .F.,(2,2),(0.,30.),.PIECEWISE_BEZIER_KNOTS.);
#8846 = CARTESIAN_POINT('',(0.,-154.));
#8847 = CARTESIAN_POINT('',(30.,-154.));
#8848 = ( GEOMETRIC_REPRESENTATION_CONTEXT(2) 
PARAMETRIC_REPRESENTATION_CONTEXT() REPRESENTATION_CONTEXT('2D SPACE',''
  ) );
#8849 = ADVANCED_FACE('',(#8850),#1700,.T.);
#8850 = FACE_BOUND('',#8851,.T.);
#8851 = EDGE_LOOP('',(#8852,#8874,#8893,#8894));
#8852 = ORIENTED_EDGE('',*,*,#8853,.F.);
#8853 = EDGE_CURVE('',#8854,#8778,#8856,.T.);
#8854 = VERTEX_POINT('',#8855);
#8855 = CARTESIAN_POINT('',(-134.,73.,104.));
#8856 = SURFACE_CURVE('',#8857,(#8861,#8867),.PCURVE_S1.);
#8857 = LINE('',#8858,#8859);
#8858 = CARTESIAN_POINT('',(-134.,-46.,104.));
#8859 = VECTOR('',#8860,1.);
#8860 = DIRECTION('',(0.,1.,0.));
#8861 = PCURVE('',#1700,#8862);
#8862 = DEFINITIONAL_REPRESENTATION('',(#8863),#8866);
#8863 = B_SPLINE_CURVE_WITH_KNOTS('',1,(#8864,#8865),.UNSPECIFIED.,.F.,
  .F.,(2,2),(16.,176.),.PIECEWISE_BEZIER_KNOTS.);
#8864 = CARTESIAN_POINT('',(30.,-14.));
#8865 = CARTESIAN_POINT('',(30.,-174.));
#8866 = ( GEOMETRIC_REPRESENTATION_CONTEXT(2) 
PARAMETRIC_REPRESENTATION_CONTEXT() REPRESENTATION_CONTEXT('2D SPACE',''
  ) );
#8867 = PCURVE('',#8814,#8868);
#8868 = DEFINITIONAL_REPRESENTATION('',(#8869),#8873);
#8869 = LINE('',#8870,#8871);
#8870 = CARTESIAN_POINT('',(6.,4.));
#8871 = VECTOR('',#8872,1.);
#8872 = DIRECTION('',(0.,1.));
#8873 = ( GEOMETRIC_REPRESENTATION_CONTEXT(2) 
PARAMETRIC_REPRESENTATION_CONTEXT() REPRESENTATION_CONTEXT('2D SPACE',''
  ) );
#8874 = ORIENTED_EDGE('',*,*,#8875,.F.);
#8875 = EDGE_CURVE('',#1660,#8854,#8876,.T.);
#8876 = SURFACE_CURVE('',#8877,(#8881,#8887),.PCURVE_S1.);
#8877 = LINE('',#8878,#8879);
#8878 = CARTESIAN_POINT('',(-134.,73.,74.));
#8879 = VECTOR('',#8880,1.);
#8880 = DIRECTION('',(0.,0.,1.));
#8881 = PCURVE('',#1700,#8882);
#8882 = DEFINITIONAL_REPRESENTATION('',(#8883),#8886);
#8883 = B_SPLINE_CURVE_WITH_KNOTS('',1,(#8884,#8885),.UNSPECIFIED.,.F.,
  .F.,(2,2),(1.,30.),.PIECEWISE_BEZIER_KNOTS.);
#8884 = CARTESIAN_POINT('',(1.,-117.));
#8885 = CARTESIAN_POINT('',(30.,-117.));
#8886 = ( GEOMETRIC_REPRESENTATION_CONTEXT(2) 
PARAMETRIC_REPRESENTATION_CONTEXT() REPRESENTATION_CONTEXT('2D SPACE',''
  ) );
#8887 = PCURVE('',#1674,#8888);
#8888 = DEFINITIONAL_REPRESENTATION('',(#8889),#8892);
#8889 = B_SPLINE_CURVE_WITH_KNOTS('',1,(#8890,#8891),.UNSPECIFIED.,.F.,
  .F.,(2,2),(1.,30.),.PIECEWISE_BEZIER_KNOTS.);
#8890 = CARTESIAN_POINT('',(1.,2.));
#8891 = CARTESIAN_POINT('',(30.,2.));
#8892 = ( GEOMETRIC_REPRESENTATION_CONTEXT(2) 
PARAMETRIC_REPRESENTATION_CONTEXT() REPRESENTATION_CONTEXT('2D SPACE',''
  ) );
#8893 = ORIENTED_EDGE('',*,*,#1685,.T.);
#8894 = ORIENTED_EDGE('',*,*,#8777,.T.);
#8895 = ADVANCED_FACE('',(#8896),#1674,.T.);
#8896 = FACE_BOUND('',#8897,.T.);
#8897 = EDGE_LOOP('',(#8898,#8923,#8944,#8945,#8946,#8969));
#8898 = ORIENTED_EDGE('',*,*,#8899,.F.);
#8899 = EDGE_CURVE('',#8900,#8902,#8904,.T.);
#8900 = VERTEX_POINT('',#8901);
#8901 = CARTESIAN_POINT('',(-136.,73.,74.));
#8902 = VERTEX_POINT('',#8903);
#8903 = CARTESIAN_POINT('',(-103.,73.,74.));
#8904 = SURFACE_CURVE('',#8905,(#8909,#8916),.PCURVE_S1.);
#8905 = LINE('',#8906,#8907);
#8906 = CARTESIAN_POINT('',(-136.,73.,74.));
#8907 = VECTOR('',#8908,1.);
#8908 = DIRECTION('',(1.,0.,0.));
#8909 = PCURVE('',#1674,#8910);
#8910 = DEFINITIONAL_REPRESENTATION('',(#8911),#8915);
#8911 = LINE('',#8912,#8913);
#8912 = CARTESIAN_POINT('',(0.,0.));
#8913 = VECTOR('',#8914,1.);
#8914 = DIRECTION('',(0.,1.));
#8915 = ( GEOMETRIC_REPRESENTATION_CONTEXT(2) 
PARAMETRIC_REPRESENTATION_CONTEXT() REPRESENTATION_CONTEXT('2D SPACE',''
  ) );
#8916 = PCURVE('',#3807,#8917);
#8917 = DEFINITIONAL_REPRESENTATION('',(#8918),#8922);
#8918 = LINE('',#8919,#8920);
#8919 = CARTESIAN_POINT('',(-33.,120.));
#8920 = VECTOR('',#8921,1.);
#8921 = DIRECTION('',(1.,0.));
#8922 = ( GEOMETRIC_REPRESENTATION_CONTEXT(2) 
PARAMETRIC_REPRESENTATION_CONTEXT() REPRESENTATION_CONTEXT('2D SPACE',''
  ) );
#8923 = ORIENTED_EDGE('',*,*,#8924,.T.);
#8924 = EDGE_CURVE('',#8900,#1634,#8925,.T.);
#8925 = SURFACE_CURVE('',#8926,(#8930,#8937),.PCURVE_S1.);
#8926 = LINE('',#8927,#8928);
#8927 = CARTESIAN_POINT('',(-136.,73.,74.));
#8928 = VECTOR('',#8929,1.);
#8929 = DIRECTION('',(0.,0.,1.));
#8930 = PCURVE('',#1674,#8931);
#8931 = DEFINITIONAL_REPRESENTATION('',(#8932),#8936);
#8932 = LINE('',#8933,#8934);
#8933 = CARTESIAN_POINT('',(0.,0.));
#8934 = VECTOR('',#8935,1.);
#8935 = DIRECTION('',(1.,0.));
#8936 = ( GEOMETRIC_REPRESENTATION_CONTEXT(2) 
PARAMETRIC_REPRESENTATION_CONTEXT() REPRESENTATION_CONTEXT('2D SPACE',''
  ) );
#8937 = PCURVE('',#1648,#8938);
#8938 = DEFINITIONAL_REPRESENTATION('',(#8939),#8943);
#8939 = LINE('',#8940,#8941);
#8940 = CARTESIAN_POINT('',(0.,-6.));
#8941 = VECTOR('',#8942,1.);
#8942 = DIRECTION('',(1.,0.));
#8943 = ( GEOMETRIC_REPRESENTATION_CONTEXT(2) 
PARAMETRIC_REPRESENTATION_CONTEXT() REPRESENTATION_CONTEXT('2D SPACE',''
  ) );
#8944 = ORIENTED_EDGE('',*,*,#1659,.F.);
#8945 = ORIENTED_EDGE('',*,*,#8875,.T.);
#8946 = ORIENTED_EDGE('',*,*,#8947,.T.);
#8947 = EDGE_CURVE('',#8854,#8948,#8950,.T.);
#8948 = VERTEX_POINT('',#8949);
#8949 = CARTESIAN_POINT('',(-103.,73.,104.));
#8950 = SURFACE_CURVE('',#8951,(#8955,#8962),.PCURVE_S1.);
#8951 = LINE('',#8952,#8953);
#8952 = CARTESIAN_POINT('',(-136.,73.,104.));
#8953 = VECTOR('',#8954,1.);
#8954 = DIRECTION('',(1.,0.,0.));
#8955 = PCURVE('',#1674,#8956);
#8956 = DEFINITIONAL_REPRESENTATION('',(#8957),#8961);
#8957 = LINE('',#8958,#8959);
#8958 = CARTESIAN_POINT('',(30.,0.));
#8959 = VECTOR('',#8960,1.);
#8960 = DIRECTION('',(0.,1.));
#8961 = ( GEOMETRIC_REPRESENTATION_CONTEXT(2) 
PARAMETRIC_REPRESENTATION_CONTEXT() REPRESENTATION_CONTEXT('2D SPACE',''
  ) );
#8962 = PCURVE('',#8814,#8963);
#8963 = DEFINITIONAL_REPRESENTATION('',(#8964),#8968);
#8964 = LINE('',#8965,#8966);
#8965 = CARTESIAN_POINT('',(4.,123.));
#8966 = VECTOR('',#8967,1.);
#8967 = DIRECTION('',(1.,0.));
#8968 = ( GEOMETRIC_REPRESENTATION_CONTEXT(2) 
PARAMETRIC_REPRESENTATION_CONTEXT() REPRESENTATION_CONTEXT('2D SPACE',''
  ) );
#8969 = ORIENTED_EDGE('',*,*,#8970,.F.);
#8970 = EDGE_CURVE('',#8902,#8948,#8971,.T.);
#8971 = SURFACE_CURVE('',#8972,(#8976,#8982),.PCURVE_S1.);
#8972 = LINE('',#8973,#8974);
#8973 = CARTESIAN_POINT('',(-103.,73.,74.));
#8974 = VECTOR('',#8975,1.);
#8975 = DIRECTION('',(0.,0.,1.));
#8976 = PCURVE('',#1674,#8977);
#8977 = DEFINITIONAL_REPRESENTATION('',(#8978),#8981);
#8978 = B_SPLINE_CURVE_WITH_KNOTS('',1,(#8979,#8980),.UNSPECIFIED.,.F.,
  .F.,(2,2),(0.,30.),.PIECEWISE_BEZIER_KNOTS.);
#8979 = CARTESIAN_POINT('',(0.,33.));
#8980 = CARTESIAN_POINT('',(30.,33.));
#8981 = ( GEOMETRIC_REPRESENTATION_CONTEXT(2) 
PARAMETRIC_REPRESENTATION_CONTEXT() REPRESENTATION_CONTEXT('2D SPACE',''
  ) );
#8982 = PCURVE('',#8839,#8983);
#8983 = DEFINITIONAL_REPRESENTATION('',(#8984),#8987);
#8984 = B_SPLINE_CURVE_WITH_KNOTS('',1,(#8985,#8986),.UNSPECIFIED.,.F.,
  .F.,(2,2),(0.,30.),.PIECEWISE_BEZIER_KNOTS.);
#8985 = CARTESIAN_POINT('',(0.,-120.));
#8986 = CARTESIAN_POINT('',(30.,-120.));
#8987 = ( GEOMETRIC_REPRESENTATION_CONTEXT(2) 
PARAMETRIC_REPRESENTATION_CONTEXT() REPRESENTATION_CONTEXT('2D SPACE',''
  ) );
#8988 = ADVANCED_FACE('',(#8989),#1648,.F.);
#8989 = FACE_BOUND('',#8990,.F.);
#8990 = EDGE_LOOP('',(#8991,#9014,#9035,#9036));
#8991 = ORIENTED_EDGE('',*,*,#8992,.F.);
#8992 = EDGE_CURVE('',#8993,#1608,#8995,.T.);
#8993 = VERTEX_POINT('',#8994);
#8994 = CARTESIAN_POINT('',(-136.,67.,74.));
#8995 = SURFACE_CURVE('',#8996,(#9000,#9007),.PCURVE_S1.);
#8996 = LINE('',#8997,#8998);
#8997 = CARTESIAN_POINT('',(-136.,67.,74.));
#8998 = VECTOR('',#8999,1.);
#8999 = DIRECTION('',(0.,0.,1.));
#9000 = PCURVE('',#1648,#9001);
#9001 = DEFINITIONAL_REPRESENTATION('',(#9002),#9006);
#9002 = LINE('',#9003,#9004);
#9003 = CARTESIAN_POINT('',(0.,0.));
#9004 = VECTOR('',#9005,1.);
#9005 = DIRECTION('',(1.,0.));
#9006 = ( GEOMETRIC_REPRESENTATION_CONTEXT(2) 
PARAMETRIC_REPRESENTATION_CONTEXT() REPRESENTATION_CONTEXT('2D SPACE',''
  ) );
#9007 = PCURVE('',#1622,#9008);
#9008 = DEFINITIONAL_REPRESENTATION('',(#9009),#9013);
#9009 = LINE('',#9010,#9011);
#9010 = CARTESIAN_POINT('',(0.,0.));
#9011 = VECTOR('',#9012,1.);
#9012 = DIRECTION('',(1.,0.));
#9013 = ( GEOMETRIC_REPRESENTATION_CONTEXT(2) 
PARAMETRIC_REPRESENTATION_CONTEXT() REPRESENTATION_CONTEXT('2D SPACE',''
  ) );
#9014 = ORIENTED_EDGE('',*,*,#9015,.T.);
#9015 = EDGE_CURVE('',#8993,#8900,#9016,.T.);
#9016 = SURFACE_CURVE('',#9017,(#9021,#9028),.PCURVE_S1.);
#9017 = LINE('',#9018,#9019);
#9018 = CARTESIAN_POINT('',(-136.,67.,74.));
#9019 = VECTOR('',#9020,1.);
#9020 = DIRECTION('',(0.,1.,0.));
#9021 = PCURVE('',#1648,#9022);
#9022 = DEFINITIONAL_REPRESENTATION('',(#9023),#9027);
#9023 = LINE('',#9024,#9025);
#9024 = CARTESIAN_POINT('',(0.,0.));
#9025 = VECTOR('',#9026,1.);
#9026 = DIRECTION('',(0.,-1.));
#9027 = ( GEOMETRIC_REPRESENTATION_CONTEXT(2) 
PARAMETRIC_REPRESENTATION_CONTEXT() REPRESENTATION_CONTEXT('2D SPACE',''
  ) );
#9028 = PCURVE('',#3807,#9029);
#9029 = DEFINITIONAL_REPRESENTATION('',(#9030),#9034);
#9030 = LINE('',#9031,#9032);
#9031 = CARTESIAN_POINT('',(-33.,114.));
#9032 = VECTOR('',#9033,1.);
#9033 = DIRECTION('',(0.,1.));
#9034 = ( GEOMETRIC_REPRESENTATION_CONTEXT(2) 
PARAMETRIC_REPRESENTATION_CONTEXT() REPRESENTATION_CONTEXT('2D SPACE',''
  ) );
#9035 = ORIENTED_EDGE('',*,*,#8924,.T.);
#9036 = ORIENTED_EDGE('',*,*,#1633,.F.);
#9037 = ADVANCED_FACE('',(#9038),#1622,.F.);
#9038 = FACE_BOUND('',#9039,.F.);
#9039 = EDGE_LOOP('',(#9040,#9063,#9064,#9065,#9086,#9114));
#9040 = ORIENTED_EDGE('',*,*,#9041,.F.);
#9041 = EDGE_CURVE('',#8993,#9042,#9044,.T.);
#9042 = VERTEX_POINT('',#9043);
#9043 = CARTESIAN_POINT('',(-103.,67.,74.));
#9044 = SURFACE_CURVE('',#9045,(#9049,#9056),.PCURVE_S1.);
#9045 = LINE('',#9046,#9047);
#9046 = CARTESIAN_POINT('',(-136.,67.,74.));
#9047 = VECTOR('',#9048,1.);
#9048 = DIRECTION('',(1.,0.,0.));
#9049 = PCURVE('',#1622,#9050);
#9050 = DEFINITIONAL_REPRESENTATION('',(#9051),#9055);
#9051 = LINE('',#9052,#9053);
#9052 = CARTESIAN_POINT('',(0.,0.));
#9053 = VECTOR('',#9054,1.);
#9054 = DIRECTION('',(0.,1.));
#9055 = ( GEOMETRIC_REPRESENTATION_CONTEXT(2) 
PARAMETRIC_REPRESENTATION_CONTEXT() REPRESENTATION_CONTEXT('2D SPACE',''
  ) );
#9056 = PCURVE('',#3807,#9057);
#9057 = DEFINITIONAL_REPRESENTATION('',(#9058),#9062);
#9058 = LINE('',#9059,#9060);
#9059 = CARTESIAN_POINT('',(-33.,114.));
#9060 = VECTOR('',#9061,1.);
#9061 = DIRECTION('',(1.,0.));
#9062 = ( GEOMETRIC_REPRESENTATION_CONTEXT(2) 
PARAMETRIC_REPRESENTATION_CONTEXT() REPRESENTATION_CONTEXT('2D SPACE',''
  ) );
#9063 = ORIENTED_EDGE('',*,*,#8992,.T.);
#9064 = ORIENTED_EDGE('',*,*,#1607,.F.);
#9065 = ORIENTED_EDGE('',*,*,#9066,.T.);
#9066 = EDGE_CURVE('',#1582,#9067,#9069,.T.);
#9067 = VERTEX_POINT('',#9068);
#9068 = CARTESIAN_POINT('',(-134.,67.,104.));
#9069 = SURFACE_CURVE('',#9070,(#9074,#9080),.PCURVE_S1.);
#9070 = LINE('',#9071,#9072);
#9071 = CARTESIAN_POINT('',(-134.,67.,74.));
#9072 = VECTOR('',#9073,1.);
#9073 = DIRECTION('',(0.,0.,1.));
#9074 = PCURVE('',#1622,#9075);
#9075 = DEFINITIONAL_REPRESENTATION('',(#9076),#9079);
#9076 = B_SPLINE_CURVE_WITH_KNOTS('',1,(#9077,#9078),.UNSPECIFIED.,.F.,
  .F.,(2,2),(1.,30.),.PIECEWISE_BEZIER_KNOTS.);
#9077 = CARTESIAN_POINT('',(1.,2.));
#9078 = CARTESIAN_POINT('',(30.,2.));
#9079 = ( GEOMETRIC_REPRESENTATION_CONTEXT(2) 
PARAMETRIC_REPRESENTATION_CONTEXT() REPRESENTATION_CONTEXT('2D SPACE',''
  ) );
#9080 = PCURVE('',#1596,#9081);
#9081 = DEFINITIONAL_REPRESENTATION('',(#9082),#9085);
#9082 = B_SPLINE_CURVE_WITH_KNOTS('',1,(#9083,#9084),.UNSPECIFIED.,.F.,
  .F.,(2,2),(1.,30.),.PIECEWISE_BEZIER_KNOTS.);
#9083 = CARTESIAN_POINT('',(1.,-111.));
#9084 = CARTESIAN_POINT('',(30.,-111.));
#9085 = ( GEOMETRIC_REPRESENTATION_CONTEXT(2) 
PARAMETRIC_REPRESENTATION_CONTEXT() REPRESENTATION_CONTEXT('2D SPACE',''
  ) );
#9086 = ORIENTED_EDGE('',*,*,#9087,.T.);
#9087 = EDGE_CURVE('',#9067,#9088,#9090,.T.);
#9088 = VERTEX_POINT('',#9089);
#9089 = CARTESIAN_POINT('',(-103.,67.,104.));
#9090 = SURFACE_CURVE('',#9091,(#9095,#9102),.PCURVE_S1.);
#9091 = LINE('',#9092,#9093);
#9092 = CARTESIAN_POINT('',(-136.,67.,104.));
#9093 = VECTOR('',#9094,1.);
#9094 = DIRECTION('',(1.,0.,0.));
#9095 = PCURVE('',#1622,#9096);
#9096 = DEFINITIONAL_REPRESENTATION('',(#9097),#9101);
#9097 = LINE('',#9098,#9099);
#9098 = CARTESIAN_POINT('',(30.,0.));
#9099 = VECTOR('',#9100,1.);
#9100 = DIRECTION('',(0.,1.));
#9101 = ( GEOMETRIC_REPRESENTATION_CONTEXT(2) 
PARAMETRIC_REPRESENTATION_CONTEXT() REPRESENTATION_CONTEXT('2D SPACE',''
  ) );
#9102 = PCURVE('',#9103,#9108);
#9103 = PLANE('',#9104);
#9104 = AXIS2_PLACEMENT_3D('',#9105,#9106,#9107);
#9105 = CARTESIAN_POINT('',(-140.,-50.,104.));
#9106 = DIRECTION('',(0.,0.,1.));
#9107 = DIRECTION('',(1.,0.,0.));
#9108 = DEFINITIONAL_REPRESENTATION('',(#9109),#9113);
#9109 = LINE('',#9110,#9111);
#9110 = CARTESIAN_POINT('',(4.,117.));
#9111 = VECTOR('',#9112,1.);
#9112 = DIRECTION('',(1.,0.));
#9113 = ( GEOMETRIC_REPRESENTATION_CONTEXT(2) 
PARAMETRIC_REPRESENTATION_CONTEXT() REPRESENTATION_CONTEXT('2D SPACE',''
  ) );
#9114 = ORIENTED_EDGE('',*,*,#9115,.F.);
#9115 = EDGE_CURVE('',#9042,#9088,#9116,.T.);
#9116 = SURFACE_CURVE('',#9117,(#9121,#9127),.PCURVE_S1.);
#9117 = LINE('',#9118,#9119);
#9118 = CARTESIAN_POINT('',(-103.,67.,74.));
#9119 = VECTOR('',#9120,1.);
#9120 = DIRECTION('',(0.,0.,1.));
#9121 = PCURVE('',#1622,#9122);
#9122 = DEFINITIONAL_REPRESENTATION('',(#9123),#9126);
#9123 = B_SPLINE_CURVE_WITH_KNOTS('',1,(#9124,#9125),.UNSPECIFIED.,.F.,
  .F.,(2,2),(0.,30.),.PIECEWISE_BEZIER_KNOTS.);
#9124 = CARTESIAN_POINT('',(0.,33.));
#9125 = CARTESIAN_POINT('',(30.,33.));
#9126 = ( GEOMETRIC_REPRESENTATION_CONTEXT(2) 
PARAMETRIC_REPRESENTATION_CONTEXT() REPRESENTATION_CONTEXT('2D SPACE',''
  ) );
#9127 = PCURVE('',#9128,#9133);
#9128 = PLANE('',#9129);
#9129 = AXIS2_PLACEMENT_3D('',#9130,#9131,#9132);
#9130 = CARTESIAN_POINT('',(-103.,-47.,74.));
#9131 = DIRECTION('',(1.,0.,0.));
#9132 = DIRECTION('',(0.,0.,1.));
#9133 = DEFINITIONAL_REPRESENTATION('',(#9134),#9137);
#9134 = B_SPLINE_CURVE_WITH_KNOTS('',1,(#9135,#9136),.UNSPECIFIED.,.F.,
  .F.,(2,2),(0.,30.),.PIECEWISE_BEZIER_KNOTS.);
#9135 = CARTESIAN_POINT('',(0.,-114.));
#9136 = CARTESIAN_POINT('',(30.,-114.));
#9137 = ( GEOMETRIC_REPRESENTATION_CONTEXT(2) 
PARAMETRIC_REPRESENTATION_CONTEXT() REPRESENTATION_CONTEXT('2D SPACE',''
  ) );
#9138 = ADVANCED_FACE('',(#9139),#1596,.T.);
#9139 = FACE_BOUND('',#9140,.T.);
#9140 = EDGE_LOOP('',(#9141,#9163,#9182,#9183));
#9141 = ORIENTED_EDGE('',*,*,#9142,.F.);
#9142 = EDGE_CURVE('',#9143,#9067,#9145,.T.);
#9143 = VERTEX_POINT('',#9144);
#9144 = CARTESIAN_POINT('',(-134.,33.,104.));
#9145 = SURFACE_CURVE('',#9146,(#9150,#9156),.PCURVE_S1.);
#9146 = LINE('',#9147,#9148);
#9147 = CARTESIAN_POINT('',(-134.,-46.,104.));
#9148 = VECTOR('',#9149,1.);
#9149 = DIRECTION('',(0.,1.,0.));
#9150 = PCURVE('',#1596,#9151);
#9151 = DEFINITIONAL_REPRESENTATION('',(#9152),#9155);
#9152 = B_SPLINE_CURVE_WITH_KNOTS('',1,(#9153,#9154),.UNSPECIFIED.,.F.,
  .F.,(2,2),(16.,176.),.PIECEWISE_BEZIER_KNOTS.);
#9153 = CARTESIAN_POINT('',(30.,-14.));
#9154 = CARTESIAN_POINT('',(30.,-174.));
#9155 = ( GEOMETRIC_REPRESENTATION_CONTEXT(2) 
PARAMETRIC_REPRESENTATION_CONTEXT() REPRESENTATION_CONTEXT('2D SPACE',''
  ) );
#9156 = PCURVE('',#9103,#9157);
#9157 = DEFINITIONAL_REPRESENTATION('',(#9158),#9162);
#9158 = LINE('',#9159,#9160);
#9159 = CARTESIAN_POINT('',(6.,4.));
#9160 = VECTOR('',#9161,1.);
#9161 = DIRECTION('',(0.,1.));
#9162 = ( GEOMETRIC_REPRESENTATION_CONTEXT(2) 
PARAMETRIC_REPRESENTATION_CONTEXT() REPRESENTATION_CONTEXT('2D SPACE',''
  ) );
#9163 = ORIENTED_EDGE('',*,*,#9164,.F.);
#9164 = EDGE_CURVE('',#1556,#9143,#9165,.T.);
#9165 = SURFACE_CURVE('',#9166,(#9170,#9176),.PCURVE_S1.);
#9166 = LINE('',#9167,#9168);
#9167 = CARTESIAN_POINT('',(-134.,33.,74.));
#9168 = VECTOR('',#9169,1.);
#9169 = DIRECTION('',(0.,0.,1.));
#9170 = PCURVE('',#1596,#9171);
#9171 = DEFINITIONAL_REPRESENTATION('',(#9172),#9175);
#9172 = B_SPLINE_CURVE_WITH_KNOTS('',1,(#9173,#9174),.UNSPECIFIED.,.F.,
  .F.,(2,2),(1.,30.),.PIECEWISE_BEZIER_KNOTS.);
#9173 = CARTESIAN_POINT('',(1.,-77.));
#9174 = CARTESIAN_POINT('',(30.,-77.));
#9175 = ( GEOMETRIC_REPRESENTATION_CONTEXT(2) 
PARAMETRIC_REPRESENTATION_CONTEXT() REPRESENTATION_CONTEXT('2D SPACE',''
  ) );
#9176 = PCURVE('',#1570,#9177);
#9177 = DEFINITIONAL_REPRESENTATION('',(#9178),#9181);
#9178 = B_SPLINE_CURVE_WITH_KNOTS('',1,(#9179,#9180),.UNSPECIFIED.,.F.,
  .F.,(2,2),(1.,30.),.PIECEWISE_BEZIER_KNOTS.);
#9179 = CARTESIAN_POINT('',(1.,2.));
#9180 = CARTESIAN_POINT('',(30.,2.));
#9181 = ( GEOMETRIC_REPRESENTATION_CONTEXT(2) 
PARAMETRIC_REPRESENTATION_CONTEXT() REPRESENTATION_CONTEXT('2D SPACE',''
  ) );
#9182 = ORIENTED_EDGE('',*,*,#1581,.T.);
#9183 = ORIENTED_EDGE('',*,*,#9066,.T.);
#9184 = ADVANCED_FACE('',(#9185),#1570,.T.);
#9185 = FACE_BOUND('',#9186,.T.);
#9186 = EDGE_LOOP('',(#9187,#9212,#9233,#9234,#9235,#9258));
#9187 = ORIENTED_EDGE('',*,*,#9188,.F.);
#9188 = EDGE_CURVE('',#9189,#9191,#9193,.T.);
#9189 = VERTEX_POINT('',#9190);
#9190 = CARTESIAN_POINT('',(-136.,33.,74.));
#9191 = VERTEX_POINT('',#9192);
#9192 = CARTESIAN_POINT('',(-103.,33.,74.));
#9193 = SURFACE_CURVE('',#9194,(#9198,#9205),.PCURVE_S1.);
#9194 = LINE('',#9195,#9196);
#9195 = CARTESIAN_POINT('',(-136.,33.,74.));
#9196 = VECTOR('',#9197,1.);
#9197 = DIRECTION('',(1.,0.,0.));
#9198 = PCURVE('',#1570,#9199);
#9199 = DEFINITIONAL_REPRESENTATION('',(#9200),#9204);
#9200 = LINE('',#9201,#9202);
#9201 = CARTESIAN_POINT('',(0.,0.));
#9202 = VECTOR('',#9203,1.);
#9203 = DIRECTION('',(0.,1.));
#9204 = ( GEOMETRIC_REPRESENTATION_CONTEXT(2) 
PARAMETRIC_REPRESENTATION_CONTEXT() REPRESENTATION_CONTEXT('2D SPACE',''
  ) );
#9205 = PCURVE('',#3807,#9206);
#9206 = DEFINITIONAL_REPRESENTATION('',(#9207),#9211);
#9207 = LINE('',#9208,#9209);
#9208 = CARTESIAN_POINT('',(-33.,80.));
#9209 = VECTOR('',#9210,1.);
#9210 = DIRECTION('',(1.,0.));
#9211 = ( GEOMETRIC_REPRESENTATION_CONTEXT(2) 
PARAMETRIC_REPRESENTATION_CONTEXT() REPRESENTATION_CONTEXT('2D SPACE',''
  ) );
#9212 = ORIENTED_EDGE('',*,*,#9213,.T.);
#9213 = EDGE_CURVE('',#9189,#1530,#9214,.T.);
#9214 = SURFACE_CURVE('',#9215,(#9219,#9226),.PCURVE_S1.);
#9215 = LINE('',#9216,#9217);
#9216 = CARTESIAN_POINT('',(-136.,33.,74.));
#9217 = VECTOR('',#9218,1.);
#9218 = DIRECTION('',(0.,0.,1.));
#9219 = PCURVE('',#1570,#9220);
#9220 = DEFINITIONAL_REPRESENTATION('',(#9221),#9225);
#9221 = LINE('',#9222,#9223);
#9222 = CARTESIAN_POINT('',(0.,0.));
#9223 = VECTOR('',#9224,1.);
#9224 = DIRECTION('',(1.,0.));
#9225 = ( GEOMETRIC_REPRESENTATION_CONTEXT(2) 
PARAMETRIC_REPRESENTATION_CONTEXT() REPRESENTATION_CONTEXT('2D SPACE',''
  ) );
#9226 = PCURVE('',#1544,#9227);
#9227 = DEFINITIONAL_REPRESENTATION('',(#9228),#9232);
#9228 = LINE('',#9229,#9230);
#9229 = CARTESIAN_POINT('',(0.,-6.));
#9230 = VECTOR('',#9231,1.);
#9231 = DIRECTION('',(1.,0.));
#9232 = ( GEOMETRIC_REPRESENTATION_CONTEXT(2) 
PARAMETRIC_REPRESENTATION_CONTEXT() REPRESENTATION_CONTEXT('2D SPACE',''
  ) );
#9233 = ORIENTED_EDGE('',*,*,#1555,.F.);
#9234 = ORIENTED_EDGE('',*,*,#9164,.T.);
#9235 = ORIENTED_EDGE('',*,*,#9236,.T.);
#9236 = EDGE_CURVE('',#9143,#9237,#9239,.T.);
#9237 = VERTEX_POINT('',#9238);
#9238 = CARTESIAN_POINT('',(-103.,33.,104.));
#9239 = SURFACE_CURVE('',#9240,(#9244,#9251),.PCURVE_S1.);
#9240 = LINE('',#9241,#9242);
#9241 = CARTESIAN_POINT('',(-136.,33.,104.));
#9242 = VECTOR('',#9243,1.);
#9243 = DIRECTION('',(1.,0.,0.));
#9244 = PCURVE('',#1570,#9245);
#9245 = DEFINITIONAL_REPRESENTATION('',(#9246),#9250);
#9246 = LINE('',#9247,#9248);
#9247 = CARTESIAN_POINT('',(30.,0.));
#9248 = VECTOR('',#9249,1.);
#9249 = DIRECTION('',(0.,1.));
#9250 = ( GEOMETRIC_REPRESENTATION_CONTEXT(2) 
PARAMETRIC_REPRESENTATION_CONTEXT() REPRESENTATION_CONTEXT('2D SPACE',''
  ) );
#9251 = PCURVE('',#9103,#9252);
#9252 = DEFINITIONAL_REPRESENTATION('',(#9253),#9257);
#9253 = LINE('',#9254,#9255);
#9254 = CARTESIAN_POINT('',(4.,83.));
#9255 = VECTOR('',#9256,1.);
#9256 = DIRECTION('',(1.,0.));
#9257 = ( GEOMETRIC_REPRESENTATION_CONTEXT(2) 
PARAMETRIC_REPRESENTATION_CONTEXT() REPRESENTATION_CONTEXT('2D SPACE',''
  ) );
#9258 = ORIENTED_EDGE('',*,*,#9259,.F.);
#9259 = EDGE_CURVE('',#9191,#9237,#9260,.T.);
#9260 = SURFACE_CURVE('',#9261,(#9265,#9271),.PCURVE_S1.);
#9261 = LINE('',#9262,#9263);
#9262 = CARTESIAN_POINT('',(-103.,33.,74.));
#9263 = VECTOR('',#9264,1.);
#9264 = DIRECTION('',(0.,0.,1.));
#9265 = PCURVE('',#1570,#9266);
#9266 = DEFINITIONAL_REPRESENTATION('',(#9267),#9270);
#9267 = B_SPLINE_CURVE_WITH_KNOTS('',1,(#9268,#9269),.UNSPECIFIED.,.F.,
  .F.,(2,2),(0.,30.),.PIECEWISE_BEZIER_KNOTS.);
#9268 = CARTESIAN_POINT('',(0.,33.));
#9269 = CARTESIAN_POINT('',(30.,33.));
#9270 = ( GEOMETRIC_REPRESENTATION_CONTEXT(2) 
PARAMETRIC_REPRESENTATION_CONTEXT() REPRESENTATION_CONTEXT('2D SPACE',''
  ) );
#9271 = PCURVE('',#9128,#9272);
#9272 = DEFINITIONAL_REPRESENTATION('',(#9273),#9276);
#9273 = B_SPLINE_CURVE_WITH_KNOTS('',1,(#9274,#9275),.UNSPECIFIED.,.F.,
  .F.,(2,2),(0.,30.),.PIECEWISE_BEZIER_KNOTS.);
#9274 = CARTESIAN_POINT('',(0.,-80.));
#9275 = CARTESIAN_POINT('',(30.,-80.));
#9276 = ( GEOMETRIC_REPRESENTATION_CONTEXT(2) 
PARAMETRIC_REPRESENTATION_CONTEXT() REPRESENTATION_CONTEXT('2D SPACE',''
  ) );
#9277 = ADVANCED_FACE('',(#9278),#1544,.F.);
#9278 = FACE_BOUND('',#9279,.F.);
#9279 = EDGE_LOOP('',(#9280,#9303,#9324,#9325));
#9280 = ORIENTED_EDGE('',*,*,#9281,.F.);
#9281 = EDGE_CURVE('',#9282,#1504,#9284,.T.);
#9282 = VERTEX_POINT('',#9283);
#9283 = CARTESIAN_POINT('',(-136.,27.,74.));
#9284 = SURFACE_CURVE('',#9285,(#9289,#9296),.PCURVE_S1.);
#9285 = LINE('',#9286,#9287);
#9286 = CARTESIAN_POINT('',(-136.,27.,74.));
#9287 = VECTOR('',#9288,1.);
#9288 = DIRECTION('',(0.,0.,1.));
#9289 = PCURVE('',#1544,#9290);
#9290 = DEFINITIONAL_REPRESENTATION('',(#9291),#9295);
#9291 = LINE('',#9292,#9293);
#9292 = CARTESIAN_POINT('',(0.,0.));
#9293 = VECTOR('',#9294,1.);
#9294 = DIRECTION('',(1.,0.));
#9295 = ( GEOMETRIC_REPRESENTATION_CONTEXT(2) 
PARAMETRIC_REPRESENTATION_CONTEXT() REPRESENTATION_CONTEXT('2D SPACE',''
  ) );
#9296 = PCURVE('',#1518,#9297);
#9297 = DEFINITIONAL_REPRESENTATION('',(#9298),#9302);
#9298 = LINE('',#9299,#9300);
#9299 = CARTESIAN_POINT('',(0.,0.));
#9300 = VECTOR('',#9301,1.);
#9301 = DIRECTION('',(1.,0.));
#9302 = ( GEOMETRIC_REPRESENTATION_CONTEXT(2) 
PARAMETRIC_REPRESENTATION_CONTEXT() REPRESENTATION_CONTEXT('2D SPACE',''
  ) );
#9303 = ORIENTED_EDGE('',*,*,#9304,.T.);
#9304 = EDGE_CURVE('',#9282,#9189,#9305,.T.);
#9305 = SURFACE_CURVE('',#9306,(#9310,#9317),.PCURVE_S1.);
#9306 = LINE('',#9307,#9308);
#9307 = CARTESIAN_POINT('',(-136.,27.,74.));
#9308 = VECTOR('',#9309,1.);
#9309 = DIRECTION('',(0.,1.,0.));
#9310 = PCURVE('',#1544,#9311);
#9311 = DEFINITIONAL_REPRESENTATION('',(#9312),#9316);
#9312 = LINE('',#9313,#9314);
#9313 = CARTESIAN_POINT('',(0.,0.));
#9314 = VECTOR('',#9315,1.);
#9315 = DIRECTION('',(0.,-1.));
#9316 = ( GEOMETRIC_REPRESENTATION_CONTEXT(2) 
PARAMETRIC_REPRESENTATION_CONTEXT() REPRESENTATION_CONTEXT('2D SPACE',''
  ) );
#9317 = PCURVE('',#3807,#9318);
#9318 = DEFINITIONAL_REPRESENTATION('',(#9319),#9323);
#9319 = LINE('',#9320,#9321);
#9320 = CARTESIAN_POINT('',(-33.,74.));
#9321 = VECTOR('',#9322,1.);
#9322 = DIRECTION('',(0.,1.));
#9323 = ( GEOMETRIC_REPRESENTATION_CONTEXT(2) 
PARAMETRIC_REPRESENTATION_CONTEXT() REPRESENTATION_CONTEXT('2D SPACE',''
  ) );
#9324 = ORIENTED_EDGE('',*,*,#9213,.T.);
#9325 = ORIENTED_EDGE('',*,*,#1529,.F.);
#9326 = ADVANCED_FACE('',(#9327),#1518,.F.);
#9327 = FACE_BOUND('',#9328,.F.);
#9328 = EDGE_LOOP('',(#9329,#9352,#9353,#9354,#9375,#9403));
#9329 = ORIENTED_EDGE('',*,*,#9330,.F.);
#9330 = EDGE_CURVE('',#9282,#9331,#9333,.T.);
#9331 = VERTEX_POINT('',#9332);
#9332 = CARTESIAN_POINT('',(-103.,27.,74.));
#9333 = SURFACE_CURVE('',#9334,(#9338,#9345),.PCURVE_S1.);
#9334 = LINE('',#9335,#9336);
#9335 = CARTESIAN_POINT('',(-136.,27.,74.));
#9336 = VECTOR('',#9337,1.);
#9337 = DIRECTION('',(1.,0.,0.));
#9338 = PCURVE('',#1518,#9339);
#9339 = DEFINITIONAL_REPRESENTATION('',(#9340),#9344);
#9340 = LINE('',#9341,#9342);
#9341 = CARTESIAN_POINT('',(0.,0.));
#9342 = VECTOR('',#9343,1.);
#9343 = DIRECTION('',(0.,1.));
#9344 = ( GEOMETRIC_REPRESENTATION_CONTEXT(2) 
PARAMETRIC_REPRESENTATION_CONTEXT() REPRESENTATION_CONTEXT('2D SPACE',''
  ) );
#9345 = PCURVE('',#3807,#9346);
#9346 = DEFINITIONAL_REPRESENTATION('',(#9347),#9351);
#9347 = LINE('',#9348,#9349);
#9348 = CARTESIAN_POINT('',(-33.,74.));
#9349 = VECTOR('',#9350,1.);
#9350 = DIRECTION('',(1.,0.));
#9351 = ( GEOMETRIC_REPRESENTATION_CONTEXT(2) 
PARAMETRIC_REPRESENTATION_CONTEXT() REPRESENTATION_CONTEXT('2D SPACE',''
  ) );
#9352 = ORIENTED_EDGE('',*,*,#9281,.T.);
#9353 = ORIENTED_EDGE('',*,*,#1503,.F.);
#9354 = ORIENTED_EDGE('',*,*,#9355,.T.);
#9355 = EDGE_CURVE('',#1478,#9356,#9358,.T.);
#9356 = VERTEX_POINT('',#9357);
#9357 = CARTESIAN_POINT('',(-134.,27.,104.));
#9358 = SURFACE_CURVE('',#9359,(#9363,#9369),.PCURVE_S1.);
#9359 = LINE('',#9360,#9361);
#9360 = CARTESIAN_POINT('',(-134.,27.,74.));
#9361 = VECTOR('',#9362,1.);
#9362 = DIRECTION('',(0.,0.,1.));
#9363 = PCURVE('',#1518,#9364);
#9364 = DEFINITIONAL_REPRESENTATION('',(#9365),#9368);
#9365 = B_SPLINE_CURVE_WITH_KNOTS('',1,(#9366,#9367),.UNSPECIFIED.,.F.,
  .F.,(2,2),(1.,30.),.PIECEWISE_BEZIER_KNOTS.);
#9366 = CARTESIAN_POINT('',(1.,2.));
#9367 = CARTESIAN_POINT('',(30.,2.));
#9368 = ( GEOMETRIC_REPRESENTATION_CONTEXT(2) 
PARAMETRIC_REPRESENTATION_CONTEXT() REPRESENTATION_CONTEXT('2D SPACE',''
  ) );
#9369 = PCURVE('',#1492,#9370);
#9370 = DEFINITIONAL_REPRESENTATION('',(#9371),#9374);
#9371 = B_SPLINE_CURVE_WITH_KNOTS('',1,(#9372,#9373),.UNSPECIFIED.,.F.,
  .F.,(2,2),(1.,30.),.PIECEWISE_BEZIER_KNOTS.);
#9372 = CARTESIAN_POINT('',(1.,-71.));
#9373 = CARTESIAN_POINT('',(30.,-71.));
#9374 = ( GEOMETRIC_REPRESENTATION_CONTEXT(2) 
PARAMETRIC_REPRESENTATION_CONTEXT() REPRESENTATION_CONTEXT('2D SPACE',''
  ) );
#9375 = ORIENTED_EDGE('',*,*,#9376,.T.);
#9376 = EDGE_CURVE('',#9356,#9377,#9379,.T.);
#9377 = VERTEX_POINT('',#9378);
#9378 = CARTESIAN_POINT('',(-103.,27.,104.));
#9379 = SURFACE_CURVE('',#9380,(#9384,#9391),.PCURVE_S1.);
#9380 = LINE('',#9381,#9382);
#9381 = CARTESIAN_POINT('',(-136.,27.,104.));
#9382 = VECTOR('',#9383,1.);
#9383 = DIRECTION('',(1.,0.,0.));
#9384 = PCURVE('',#1518,#9385);
#9385 = DEFINITIONAL_REPRESENTATION('',(#9386),#9390);
#9386 = LINE('',#9387,#9388);
#9387 = CARTESIAN_POINT('',(30.,0.));
#9388 = VECTOR('',#9389,1.);
#9389 = DIRECTION('',(0.,1.));
#9390 = ( GEOMETRIC_REPRESENTATION_CONTEXT(2) 
PARAMETRIC_REPRESENTATION_CONTEXT() REPRESENTATION_CONTEXT('2D SPACE',''
  ) );
#9391 = PCURVE('',#9392,#9397);
#9392 = PLANE('',#9393);
#9393 = AXIS2_PLACEMENT_3D('',#9394,#9395,#9396);
#9394 = CARTESIAN_POINT('',(-140.,-50.,104.));
#9395 = DIRECTION('',(0.,0.,1.));
#9396 = DIRECTION('',(1.,0.,0.));
#9397 = DEFINITIONAL_REPRESENTATION('',(#9398),#9402);
#9398 = LINE('',#9399,#9400);
#9399 = CARTESIAN_POINT('',(4.,77.));
#9400 = VECTOR('',#9401,1.);
#9401 = DIRECTION('',(1.,0.));
#9402 = ( GEOMETRIC_REPRESENTATION_CONTEXT(2) 
PARAMETRIC_REPRESENTATION_CONTEXT() REPRESENTATION_CONTEXT('2D SPACE',''
  ) );
#9403 = ORIENTED_EDGE('',*,*,#9404,.F.);
#9404 = EDGE_CURVE('',#9331,#9377,#9405,.T.);
#9405 = SURFACE_CURVE('',#9406,(#9410,#9416),.PCURVE_S1.);
#9406 = LINE('',#9407,#9408);
#9407 = CARTESIAN_POINT('',(-103.,27.,74.));
#9408 = VECTOR('',#9409,1.);
#9409 = DIRECTION('',(0.,0.,1.));
#9410 = PCURVE('',#1518,#9411);
#9411 = DEFINITIONAL_REPRESENTATION('',(#9412),#9415);
#9412 = B_SPLINE_CURVE_WITH_KNOTS('',1,(#9413,#9414),.UNSPECIFIED.,.F.,
  .F.,(2,2),(0.,30.),.PIECEWISE_BEZIER_KNOTS.);
#9413 = CARTESIAN_POINT('',(0.,33.));
#9414 = CARTESIAN_POINT('',(30.,33.));
#9415 = ( GEOMETRIC_REPRESENTATION_CONTEXT(2) 
PARAMETRIC_REPRESENTATION_CONTEXT() REPRESENTATION_CONTEXT('2D SPACE',''
  ) );
#9416 = PCURVE('',#9417,#9422);
#9417 = PLANE('',#9418);
#9418 = AXIS2_PLACEMENT_3D('',#9419,#9420,#9421);
#9419 = CARTESIAN_POINT('',(-103.,-47.,74.));
#9420 = DIRECTION('',(1.,0.,0.));
#9421 = DIRECTION('',(0.,0.,1.));
#9422 = DEFINITIONAL_REPRESENTATION('',(#9423),#9426);
#9423 = B_SPLINE_CURVE_WITH_KNOTS('',1,(#9424,#9425),.UNSPECIFIED.,.F.,
  .F.,(2,2),(0.,30.),.PIECEWISE_BEZIER_KNOTS.);
#9424 = CARTESIAN_POINT('',(0.,-74.));
#9425 = CARTESIAN_POINT('',(30.,-74.));
#9426 = ( GEOMETRIC_REPRESENTATION_CONTEXT(2) 
PARAMETRIC_REPRESENTATION_CONTEXT() REPRESENTATION_CONTEXT('2D SPACE',''
  ) );
#9427 = ADVANCED_FACE('',(#9428),#1492,.T.);
#9428 = FACE_BOUND('',#9429,.T.);
#9429 = EDGE_LOOP('',(#9430,#9452,#9471,#9472));
#9430 = ORIENTED_EDGE('',*,*,#9431,.F.);
#9431 = EDGE_CURVE('',#9432,#9356,#9434,.T.);
#9432 = VERTEX_POINT('',#9433);
#9433 = CARTESIAN_POINT('',(-134.,-7.,104.));
#9434 = SURFACE_CURVE('',#9435,(#9439,#9445),.PCURVE_S1.);
#9435 = LINE('',#9436,#9437);
#9436 = CARTESIAN_POINT('',(-134.,-46.,104.));
#9437 = VECTOR('',#9438,1.);
#9438 = DIRECTION('',(0.,1.,0.));
#9439 = PCURVE('',#1492,#9440);
#9440 = DEFINITIONAL_REPRESENTATION('',(#9441),#9444);
#9441 = B_SPLINE_CURVE_WITH_KNOTS('',1,(#9442,#9443),.UNSPECIFIED.,.F.,
  .F.,(2,2),(16.,176.),.PIECEWISE_BEZIER_KNOTS.);
#9442 = CARTESIAN_POINT('',(30.,-14.));
#9443 = CARTESIAN_POINT('',(30.,-174.));
#9444 = ( GEOMETRIC_REPRESENTATION_CONTEXT(2) 
PARAMETRIC_REPRESENTATION_CONTEXT() REPRESENTATION_CONTEXT('2D SPACE',''
  ) );
#9445 = PCURVE('',#9392,#9446);
#9446 = DEFINITIONAL_REPRESENTATION('',(#9447),#9451);
#9447 = LINE('',#9448,#9449);
#9448 = CARTESIAN_POINT('',(6.,4.));
#9449 = VECTOR('',#9450,1.);
#9450 = DIRECTION('',(0.,1.));
#9451 = ( GEOMETRIC_REPRESENTATION_CONTEXT(2) 
PARAMETRIC_REPRESENTATION_CONTEXT() REPRESENTATION_CONTEXT('2D SPACE',''
  ) );
#9452 = ORIENTED_EDGE('',*,*,#9453,.F.);
#9453 = EDGE_CURVE('',#1452,#9432,#9454,.T.);
#9454 = SURFACE_CURVE('',#9455,(#9459,#9465),.PCURVE_S1.);
#9455 = LINE('',#9456,#9457);
#9456 = CARTESIAN_POINT('',(-134.,-7.,74.));
#9457 = VECTOR('',#9458,1.);
#9458 = DIRECTION('',(0.,0.,1.));
#9459 = PCURVE('',#1492,#9460);
#9460 = DEFINITIONAL_REPRESENTATION('',(#9461),#9464);
#9461 = B_SPLINE_CURVE_WITH_KNOTS('',1,(#9462,#9463),.UNSPECIFIED.,.F.,
  .F.,(2,2),(1.,30.),.PIECEWISE_BEZIER_KNOTS.);
#9462 = CARTESIAN_POINT('',(1.,-37.));
#9463 = CARTESIAN_POINT('',(30.,-37.));
#9464 = ( GEOMETRIC_REPRESENTATION_CONTEXT(2) 
PARAMETRIC_REPRESENTATION_CONTEXT() REPRESENTATION_CONTEXT('2D SPACE',''
  ) );
#9465 = PCURVE('',#1466,#9466);
#9466 = DEFINITIONAL_REPRESENTATION('',(#9467),#9470);
#9467 = B_SPLINE_CURVE_WITH_KNOTS('',1,(#9468,#9469),.UNSPECIFIED.,.F.,
  .F.,(2,2),(1.,30.),.PIECEWISE_BEZIER_KNOTS.);
#9468 = CARTESIAN_POINT('',(1.,2.));
#9469 = CARTESIAN_POINT('',(30.,2.));
#9470 = ( GEOMETRIC_REPRESENTATION_CONTEXT(2) 
PARAMETRIC_REPRESENTATION_CONTEXT() REPRESENTATION_CONTEXT('2D SPACE',''
  ) );
#9471 = ORIENTED_EDGE('',*,*,#1477,.T.);
#9472 = ORIENTED_EDGE('',*,*,#9355,.T.);
#9473 = ADVANCED_FACE('',(#9474),#1466,.T.);
#9474 = FACE_BOUND('',#9475,.T.);
#9475 = EDGE_LOOP('',(#9476,#9501,#9522,#9523,#9524,#9547));
#9476 = ORIENTED_EDGE('',*,*,#9477,.F.);
#9477 = EDGE_CURVE('',#9478,#9480,#9482,.T.);
#9478 = VERTEX_POINT('',#9479);
#9479 = CARTESIAN_POINT('',(-136.,-7.,74.));
#9480 = VERTEX_POINT('',#9481);
#9481 = CARTESIAN_POINT('',(-103.,-7.,74.));
#9482 = SURFACE_CURVE('',#9483,(#9487,#9494),.PCURVE_S1.);
#9483 = LINE('',#9484,#9485);
#9484 = CARTESIAN_POINT('',(-136.,-7.,74.));
#9485 = VECTOR('',#9486,1.);
#9486 = DIRECTION('',(1.,0.,0.));
#9487 = PCURVE('',#1466,#9488);
#9488 = DEFINITIONAL_REPRESENTATION('',(#9489),#9493);
#9489 = LINE('',#9490,#9491);
#9490 = CARTESIAN_POINT('',(0.,0.));
#9491 = VECTOR('',#9492,1.);
#9492 = DIRECTION('',(0.,1.));
#9493 = ( GEOMETRIC_REPRESENTATION_CONTEXT(2) 
PARAMETRIC_REPRESENTATION_CONTEXT() REPRESENTATION_CONTEXT('2D SPACE',''
  ) );
#9494 = PCURVE('',#3807,#9495);
#9495 = DEFINITIONAL_REPRESENTATION('',(#9496),#9500);
#9496 = LINE('',#9497,#9498);
#9497 = CARTESIAN_POINT('',(-33.,40.));
#9498 = VECTOR('',#9499,1.);
#9499 = DIRECTION('',(1.,0.));
#9500 = ( GEOMETRIC_REPRESENTATION_CONTEXT(2) 
PARAMETRIC_REPRESENTATION_CONTEXT() REPRESENTATION_CONTEXT('2D SPACE',''
  ) );
#9501 = ORIENTED_EDGE('',*,*,#9502,.T.);
#9502 = EDGE_CURVE('',#9478,#1426,#9503,.T.);
#9503 = SURFACE_CURVE('',#9504,(#9508,#9515),.PCURVE_S1.);
#9504 = LINE('',#9505,#9506);
#9505 = CARTESIAN_POINT('',(-136.,-7.,74.));
#9506 = VECTOR('',#9507,1.);
#9507 = DIRECTION('',(0.,0.,1.));
#9508 = PCURVE('',#1466,#9509);
#9509 = DEFINITIONAL_REPRESENTATION('',(#9510),#9514);
#9510 = LINE('',#9511,#9512);
#9511 = CARTESIAN_POINT('',(0.,0.));
#9512 = VECTOR('',#9513,1.);
#9513 = DIRECTION('',(1.,0.));
#9514 = ( GEOMETRIC_REPRESENTATION_CONTEXT(2) 
PARAMETRIC_REPRESENTATION_CONTEXT() REPRESENTATION_CONTEXT('2D SPACE',''
  ) );
#9515 = PCURVE('',#1440,#9516);
#9516 = DEFINITIONAL_REPRESENTATION('',(#9517),#9521);
#9517 = LINE('',#9518,#9519);
#9518 = CARTESIAN_POINT('',(0.,-6.));
#9519 = VECTOR('',#9520,1.);
#9520 = DIRECTION('',(1.,0.));
#9521 = ( GEOMETRIC_REPRESENTATION_CONTEXT(2) 
PARAMETRIC_REPRESENTATION_CONTEXT() REPRESENTATION_CONTEXT('2D SPACE',''
  ) );
#9522 = ORIENTED_EDGE('',*,*,#1451,.F.);
#9523 = ORIENTED_EDGE('',*,*,#9453,.T.);
#9524 = ORIENTED_EDGE('',*,*,#9525,.T.);
#9525 = EDGE_CURVE('',#9432,#9526,#9528,.T.);
#9526 = VERTEX_POINT('',#9527);
#9527 = CARTESIAN_POINT('',(-103.,-7.,104.));
#9528 = SURFACE_CURVE('',#9529,(#9533,#9540),.PCURVE_S1.);
#9529 = LINE('',#9530,#9531);
#9530 = CARTESIAN_POINT('',(-136.,-7.,104.));
#9531 = VECTOR('',#9532,1.);
#9532 = DIRECTION('',(1.,0.,0.));
#9533 = PCURVE('',#1466,#9534);
#9534 = DEFINITIONAL_REPRESENTATION('',(#9535),#9539);
#9535 = LINE('',#9536,#9537);
#9536 = CARTESIAN_POINT('',(30.,0.));
#9537 = VECTOR('',#9538,1.);
#9538 = DIRECTION('',(0.,1.));
#9539 = ( GEOMETRIC_REPRESENTATION_CONTEXT(2) 
PARAMETRIC_REPRESENTATION_CONTEXT() REPRESENTATION_CONTEXT('2D SPACE',''
  ) );
#9540 = PCURVE('',#9392,#9541);
#9541 = DEFINITIONAL_REPRESENTATION('',(#9542),#9546);
#9542 = LINE('',#9543,#9544);
#9543 = CARTESIAN_POINT('',(4.,43.));
#9544 = VECTOR('',#9545,1.);
#9545 = DIRECTION('',(1.,0.));
#9546 = ( GEOMETRIC_REPRESENTATION_CONTEXT(2) 
PARAMETRIC_REPRESENTATION_CONTEXT() REPRESENTATION_CONTEXT('2D SPACE',''
  ) );
#9547 = ORIENTED_EDGE('',*,*,#9548,.F.);
#9548 = EDGE_CURVE('',#9480,#9526,#9549,.T.);
#9549 = SURFACE_CURVE('',#9550,(#9554,#9560),.PCURVE_S1.);
#9550 = LINE('',#9551,#9552);
#9551 = CARTESIAN_POINT('',(-103.,-7.,74.));
#9552 = VECTOR('',#9553,1.);
#9553 = DIRECTION('',(0.,0.,1.));
#9554 = PCURVE('',#1466,#9555);
#9555 = DEFINITIONAL_REPRESENTATION('',(#9556),#9559);
#9556 = B_SPLINE_CURVE_WITH_KNOTS('',1,(#9557,#9558),.UNSPECIFIED.,.F.,
  .F.,(2,2),(0.,30.),.PIECEWISE_BEZIER_KNOTS.);
#9557 = CARTESIAN_POINT('',(0.,33.));
#9558 = CARTESIAN_POINT('',(30.,33.));
#9559 = ( GEOMETRIC_REPRESENTATION_CONTEXT(2) 
PARAMETRIC_REPRESENTATION_CONTEXT() REPRESENTATION_CONTEXT('2D SPACE',''
  ) );
#9560 = PCURVE('',#9417,#9561);
#9561 = DEFINITIONAL_REPRESENTATION('',(#9562),#9565);
#9562 = B_SPLINE_CURVE_WITH_KNOTS('',1,(#9563,#9564),.UNSPECIFIED.,.F.,
  .F.,(2,2),(0.,30.),.PIECEWISE_BEZIER_KNOTS.);
#9563 = CARTESIAN_POINT('',(0.,-40.));
#9564 = CARTESIAN_POINT('',(30.,-40.));
#9565 = ( GEOMETRIC_REPRESENTATION_CONTEXT(2) 
PARAMETRIC_REPRESENTATION_CONTEXT() REPRESENTATION_CONTEXT('2D SPACE',''
  ) );
#9566 = ADVANCED_FACE('',(#9567),#1440,.F.);
#9567 = FACE_BOUND('',#9568,.F.);
#9568 = EDGE_LOOP('',(#9569,#9592,#9613,#9614));
#9569 = ORIENTED_EDGE('',*,*,#9570,.F.);
#9570 = EDGE_CURVE('',#9571,#1400,#9573,.T.);
#9571 = VERTEX_POINT('',#9572);
#9572 = CARTESIAN_POINT('',(-136.,-13.,74.));
#9573 = SURFACE_CURVE('',#9574,(#9578,#9585),.PCURVE_S1.);
#9574 = LINE('',#9575,#9576);
#9575 = CARTESIAN_POINT('',(-136.,-13.,74.));
#9576 = VECTOR('',#9577,1.);
#9577 = DIRECTION('',(0.,0.,1.));
#9578 = PCURVE('',#1440,#9579);
#9579 = DEFINITIONAL_REPRESENTATION('',(#9580),#9584);
#9580 = LINE('',#9581,#9582);
#9581 = CARTESIAN_POINT('',(0.,0.));
#9582 = VECTOR('',#9583,1.);
#9583 = DIRECTION('',(1.,0.));
#9584 = ( GEOMETRIC_REPRESENTATION_CONTEXT(2) 
PARAMETRIC_REPRESENTATION_CONTEXT() REPRESENTATION_CONTEXT('2D SPACE',''
  ) );
#9585 = PCURVE('',#1414,#9586);
#9586 = DEFINITIONAL_REPRESENTATION('',(#9587),#9591);
#9587 = LINE('',#9588,#9589);
#9588 = CARTESIAN_POINT('',(0.,0.));
#9589 = VECTOR('',#9590,1.);
#9590 = DIRECTION('',(1.,0.));
#9591 = ( GEOMETRIC_REPRESENTATION_CONTEXT(2) 
PARAMETRIC_REPRESENTATION_CONTEXT() REPRESENTATION_CONTEXT('2D SPACE',''
  ) );
#9592 = ORIENTED_EDGE('',*,*,#9593,.T.);
#9593 = EDGE_CURVE('',#9571,#9478,#9594,.T.);
#9594 = SURFACE_CURVE('',#9595,(#9599,#9606),.PCURVE_S1.);
#9595 = LINE('',#9596,#9597);
#9596 = CARTESIAN_POINT('',(-136.,-13.,74.));
#9597 = VECTOR('',#9598,1.);
#9598 = DIRECTION('',(0.,1.,0.));
#9599 = PCURVE('',#1440,#9600);
#9600 = DEFINITIONAL_REPRESENTATION('',(#9601),#9605);
#9601 = LINE('',#9602,#9603);
#9602 = CARTESIAN_POINT('',(0.,0.));
#9603 = VECTOR('',#9604,1.);
#9604 = DIRECTION('',(0.,-1.));
#9605 = ( GEOMETRIC_REPRESENTATION_CONTEXT(2) 
PARAMETRIC_REPRESENTATION_CONTEXT() REPRESENTATION_CONTEXT('2D SPACE',''
  ) );
#9606 = PCURVE('',#3807,#9607);
#9607 = DEFINITIONAL_REPRESENTATION('',(#9608),#9612);
#9608 = LINE('',#9609,#9610);
#9609 = CARTESIAN_POINT('',(-33.,34.));
#9610 = VECTOR('',#9611,1.);
#9611 = DIRECTION('',(0.,1.));
#9612 = ( GEOMETRIC_REPRESENTATION_CONTEXT(2) 
PARAMETRIC_REPRESENTATION_CONTEXT() REPRESENTATION_CONTEXT('2D SPACE',''
  ) );
#9613 = ORIENTED_EDGE('',*,*,#9502,.T.);
#9614 = ORIENTED_EDGE('',*,*,#1425,.F.);
#9615 = ADVANCED_FACE('',(#9616),#1414,.F.);
#9616 = FACE_BOUND('',#9617,.F.);
#9617 = EDGE_LOOP('',(#9618,#9639,#9640,#9641,#9662,#9683));
#9618 = ORIENTED_EDGE('',*,*,#9619,.F.);
#9619 = EDGE_CURVE('',#9571,#3792,#9620,.T.);
#9620 = SURFACE_CURVE('',#9621,(#9625,#9632),.PCURVE_S1.);
#9621 = LINE('',#9622,#9623);
#9622 = CARTESIAN_POINT('',(-136.,-13.,74.));
#9623 = VECTOR('',#9624,1.);
#9624 = DIRECTION('',(1.,0.,0.));
#9625 = PCURVE('',#1414,#9626);
#9626 = DEFINITIONAL_REPRESENTATION('',(#9627),#9631);
#9627 = LINE('',#9628,#9629);
#9628 = CARTESIAN_POINT('',(0.,0.));
#9629 = VECTOR('',#9630,1.);
#9630 = DIRECTION('',(0.,1.));
#9631 = ( GEOMETRIC_REPRESENTATION_CONTEXT(2) 
PARAMETRIC_REPRESENTATION_CONTEXT() REPRESENTATION_CONTEXT('2D SPACE',''
  ) );
#9632 = PCURVE('',#3807,#9633);
#9633 = DEFINITIONAL_REPRESENTATION('',(#9634),#9638);
#9634 = LINE('',#9635,#9636);
#9635 = CARTESIAN_POINT('',(-33.,34.));
#9636 = VECTOR('',#9637,1.);
#9637 = DIRECTION('',(1.,0.));
#9638 = ( GEOMETRIC_REPRESENTATION_CONTEXT(2) 
PARAMETRIC_REPRESENTATION_CONTEXT() REPRESENTATION_CONTEXT('2D SPACE',''
  ) );
#9639 = ORIENTED_EDGE('',*,*,#9570,.T.);
#9640 = ORIENTED_EDGE('',*,*,#1399,.F.);
#9641 = ORIENTED_EDGE('',*,*,#9642,.T.);
#9642 = EDGE_CURVE('',#1374,#9643,#9645,.T.);
#9643 = VERTEX_POINT('',#9644);
#9644 = CARTESIAN_POINT('',(-134.,-13.,104.));
#9645 = SURFACE_CURVE('',#9646,(#9650,#9656),.PCURVE_S1.);
#9646 = LINE('',#9647,#9648);
#9647 = CARTESIAN_POINT('',(-134.,-13.,74.));
#9648 = VECTOR('',#9649,1.);
#9649 = DIRECTION('',(0.,0.,1.));
#9650 = PCURVE('',#1414,#9651);
#9651 = DEFINITIONAL_REPRESENTATION('',(#9652),#9655);
#9652 = B_SPLINE_CURVE_WITH_KNOTS('',1,(#9653,#9654),.UNSPECIFIED.,.F.,
  .F.,(2,2),(1.,30.),.PIECEWISE_BEZIER_KNOTS.);
#9653 = CARTESIAN_POINT('',(1.,2.));
#9654 = CARTESIAN_POINT('',(30.,2.));
#9655 = ( GEOMETRIC_REPRESENTATION_CONTEXT(2) 
PARAMETRIC_REPRESENTATION_CONTEXT() REPRESENTATION_CONTEXT('2D SPACE',''
  ) );
#9656 = PCURVE('',#1388,#9657);
#9657 = DEFINITIONAL_REPRESENTATION('',(#9658),#9661);
#9658 = B_SPLINE_CURVE_WITH_KNOTS('',1,(#9659,#9660),.UNSPECIFIED.,.F.,
  .F.,(2,2),(1.,30.),.PIECEWISE_BEZIER_KNOTS.);
#9659 = CARTESIAN_POINT('',(1.,-31.));
#9660 = CARTESIAN_POINT('',(30.,-31.));
#9661 = ( GEOMETRIC_REPRESENTATION_CONTEXT(2) 
PARAMETRIC_REPRESENTATION_CONTEXT() REPRESENTATION_CONTEXT('2D SPACE',''
  ) );
#9662 = ORIENTED_EDGE('',*,*,#9663,.T.);
#9663 = EDGE_CURVE('',#9643,#3820,#9664,.T.);
#9664 = SURFACE_CURVE('',#9665,(#9669,#9676),.PCURVE_S1.);
#9665 = LINE('',#9666,#9667);
#9666 = CARTESIAN_POINT('',(-136.,-13.,104.));
#9667 = VECTOR('',#9668,1.);
#9668 = DIRECTION('',(1.,0.,0.));
#9669 = PCURVE('',#1414,#9670);
#9670 = DEFINITIONAL_REPRESENTATION('',(#9671),#9675);
#9671 = LINE('',#9672,#9673);
#9672 = CARTESIAN_POINT('',(30.,0.));
#9673 = VECTOR('',#9674,1.);
#9674 = DIRECTION('',(0.,1.));
#9675 = ( GEOMETRIC_REPRESENTATION_CONTEXT(2) 
PARAMETRIC_REPRESENTATION_CONTEXT() REPRESENTATION_CONTEXT('2D SPACE',''
  ) );
#9676 = PCURVE('',#3707,#9677);
#9677 = DEFINITIONAL_REPRESENTATION('',(#9678),#9682);
#9678 = LINE('',#9679,#9680);
#9679 = CARTESIAN_POINT('',(4.,37.));
#9680 = VECTOR('',#9681,1.);
#9681 = DIRECTION('',(1.,0.));
#9682 = ( GEOMETRIC_REPRESENTATION_CONTEXT(2) 
PARAMETRIC_REPRESENTATION_CONTEXT() REPRESENTATION_CONTEXT('2D SPACE',''
  ) );
#9683 = ORIENTED_EDGE('',*,*,#3819,.F.);
#9684 = ADVANCED_FACE('',(#9685),#1388,.T.);
#9685 = FACE_BOUND('',#9686,.T.);
#9686 = EDGE_LOOP('',(#9687,#9707,#9708,#9709));
#9687 = ORIENTED_EDGE('',*,*,#9688,.F.);
#9688 = EDGE_CURVE('',#3646,#9643,#9689,.T.);
#9689 = SURFACE_CURVE('',#9690,(#9694,#9700),.PCURVE_S1.);
#9690 = LINE('',#9691,#9692);
#9691 = CARTESIAN_POINT('',(-134.,-46.,104.));
#9692 = VECTOR('',#9693,1.);
#9693 = DIRECTION('',(0.,1.,0.));
#9694 = PCURVE('',#1388,#9695);
#9695 = DEFINITIONAL_REPRESENTATION('',(#9696),#9699);
#9696 = B_SPLINE_CURVE_WITH_KNOTS('',1,(#9697,#9698),.UNSPECIFIED.,.F.,
  .F.,(2,2),(16.,176.),.PIECEWISE_BEZIER_KNOTS.);
#9697 = CARTESIAN_POINT('',(30.,-14.));
#9698 = CARTESIAN_POINT('',(30.,-174.));
#9699 = ( GEOMETRIC_REPRESENTATION_CONTEXT(2) 
PARAMETRIC_REPRESENTATION_CONTEXT() REPRESENTATION_CONTEXT('2D SPACE',''
  ) );
#9700 = PCURVE('',#3707,#9701);
#9701 = DEFINITIONAL_REPRESENTATION('',(#9702),#9706);
#9702 = LINE('',#9703,#9704);
#9703 = CARTESIAN_POINT('',(6.,4.));
#9704 = VECTOR('',#9705,1.);
#9705 = DIRECTION('',(0.,1.));
#9706 = ( GEOMETRIC_REPRESENTATION_CONTEXT(2) 
PARAMETRIC_REPRESENTATION_CONTEXT() REPRESENTATION_CONTEXT('2D SPACE',''
  ) );
#9707 = ORIENTED_EDGE('',*,*,#3645,.F.);
#9708 = ORIENTED_EDGE('',*,*,#1373,.T.);
#9709 = ORIENTED_EDGE('',*,*,#9642,.T.);
#9710 = ADVANCED_FACE('',(#9711),#3707,.F.);
#9711 = FACE_BOUND('',#9712,.F.);
#9712 = EDGE_LOOP('',(#9713,#9714,#9715,#9716,#9717));
#9713 = ORIENTED_EDGE('',*,*,#9688,.F.);
#9714 = ORIENTED_EDGE('',*,*,#3692,.T.);
#9715 = ORIENTED_EDGE('',*,*,#3745,.F.);
#9716 = ORIENTED_EDGE('',*,*,#3840,.T.);
#9717 = ORIENTED_EDGE('',*,*,#9663,.F.);
#9718 = ADVANCED_FACE('',(#9719,#10117,#10231,#10345,#10459,#10573,
    #11547,#11661),#3807,.F.);
#9719 = FACE_BOUND('',#9720,.F.);
#9720 = EDGE_LOOP('',(#9721,#9722,#9723,#9724,#9745,#9746,#9747,#9748,
    #9769,#9770,#9771,#9772,#9793,#9794,#9795,#9796,#9817,#9818,#9819,
    #9820,#9841,#9842,#9843,#9844,#9845,#9846,#9847,#9868,#9869,#9870,
    #9871,#9892,#9893,#9894,#9895,#9916,#9917,#9918,#9919,#9920,#9921,
    #9922,#9943,#9944,#9945,#9946,#9967,#9968,#9969,#9970,#9991,#9992,
    #9993,#9994,#10015,#10016,#10017,#10018,#10039,#10040,#10041,#10042,
    #10043,#10044,#10045,#10066,#10067,#10068,#10069,#10090,#10091,
    #10092,#10093,#10114,#10115,#10116));
#9721 = ORIENTED_EDGE('',*,*,#3791,.F.);
#9722 = ORIENTED_EDGE('',*,*,#3889,.T.);
#9723 = ORIENTED_EDGE('',*,*,#3916,.T.);
#9724 = ORIENTED_EDGE('',*,*,#9725,.T.);
#9725 = EDGE_CURVE('',#3917,#4086,#9726,.T.);
#9726 = SURFACE_CURVE('',#9727,(#9731,#9738),.PCURVE_S1.);
#9727 = LINE('',#9728,#9729);
#9728 = CARTESIAN_POINT('',(-136.,-13.,74.));
#9729 = VECTOR('',#9730,1.);
#9730 = DIRECTION('',(1.,0.,0.));
#9731 = PCURVE('',#3807,#9732);
#9732 = DEFINITIONAL_REPRESENTATION('',(#9733),#9737);
#9733 = LINE('',#9734,#9735);
#9734 = CARTESIAN_POINT('',(-33.,34.));
#9735 = VECTOR('',#9736,1.);
#9736 = DIRECTION('',(1.,0.));
#9737 = ( GEOMETRIC_REPRESENTATION_CONTEXT(2) 
PARAMETRIC_REPRESENTATION_CONTEXT() REPRESENTATION_CONTEXT('2D SPACE',''
  ) );
#9738 = PCURVE('',#3954,#9739);
#9739 = DEFINITIONAL_REPRESENTATION('',(#9740),#9744);
#9740 = LINE('',#9741,#9742);
#9741 = CARTESIAN_POINT('',(0.,0.));
#9742 = VECTOR('',#9743,1.);
#9743 = DIRECTION('',(0.,1.));
#9744 = ( GEOMETRIC_REPRESENTATION_CONTEXT(2) 
PARAMETRIC_REPRESENTATION_CONTEXT() REPRESENTATION_CONTEXT('2D SPACE',''
  ) );
#9745 = ORIENTED_EDGE('',*,*,#4085,.F.);
#9746 = ORIENTED_EDGE('',*,*,#4178,.T.);
#9747 = ORIENTED_EDGE('',*,*,#4205,.T.);
#9748 = ORIENTED_EDGE('',*,*,#9749,.T.);
#9749 = EDGE_CURVE('',#4206,#4375,#9750,.T.);
#9750 = SURFACE_CURVE('',#9751,(#9755,#9762),.PCURVE_S1.);
#9751 = LINE('',#9752,#9753);
#9752 = CARTESIAN_POINT('',(-136.,-13.,74.));
#9753 = VECTOR('',#9754,1.);
#9754 = DIRECTION('',(1.,0.,0.));
#9755 = PCURVE('',#3807,#9756);
#9756 = DEFINITIONAL_REPRESENTATION('',(#9757),#9761);
#9757 = LINE('',#9758,#9759);
#9758 = CARTESIAN_POINT('',(-33.,34.));
#9759 = VECTOR('',#9760,1.);
#9760 = DIRECTION('',(1.,0.));
#9761 = ( GEOMETRIC_REPRESENTATION_CONTEXT(2) 
PARAMETRIC_REPRESENTATION_CONTEXT() REPRESENTATION_CONTEXT('2D SPACE',''
  ) );
#9762 = PCURVE('',#4243,#9763);
#9763 = DEFINITIONAL_REPRESENTATION('',(#9764),#9768);
#9764 = LINE('',#9765,#9766);
#9765 = CARTESIAN_POINT('',(0.,0.));
#9766 = VECTOR('',#9767,1.);
#9767 = DIRECTION('',(0.,1.));
#9768 = ( GEOMETRIC_REPRESENTATION_CONTEXT(2) 
PARAMETRIC_REPRESENTATION_CONTEXT() REPRESENTATION_CONTEXT('2D SPACE',''
  ) );
#9769 = ORIENTED_EDGE('',*,*,#4374,.F.);
#9770 = ORIENTED_EDGE('',*,*,#4467,.T.);
#9771 = ORIENTED_EDGE('',*,*,#4494,.T.);
#9772 = ORIENTED_EDGE('',*,*,#9773,.T.);
#9773 = EDGE_CURVE('',#4495,#4664,#9774,.T.);
#9774 = SURFACE_CURVE('',#9775,(#9779,#9786),.PCURVE_S1.);
#9775 = LINE('',#9776,#9777);
#9776 = CARTESIAN_POINT('',(-136.,-13.,74.));
#9777 = VECTOR('',#9778,1.);
#9778 = DIRECTION('',(1.,0.,0.));
#9779 = PCURVE('',#3807,#9780);
#9780 = DEFINITIONAL_REPRESENTATION('',(#9781),#9785);
#9781 = LINE('',#9782,#9783);
#9782 = CARTESIAN_POINT('',(-33.,34.));
#9783 = VECTOR('',#9784,1.);
#9784 = DIRECTION('',(1.,0.));
#9785 = ( GEOMETRIC_REPRESENTATION_CONTEXT(2) 
PARAMETRIC_REPRESENTATION_CONTEXT() REPRESENTATION_CONTEXT('2D SPACE',''
  ) );
#9786 = PCURVE('',#4532,#9787);
#9787 = DEFINITIONAL_REPRESENTATION('',(#9788),#9792);
#9788 = LINE('',#9789,#9790);
#9789 = CARTESIAN_POINT('',(0.,0.));
#9790 = VECTOR('',#9791,1.);
#9791 = DIRECTION('',(0.,1.));
#9792 = ( GEOMETRIC_REPRESENTATION_CONTEXT(2) 
PARAMETRIC_REPRESENTATION_CONTEXT() REPRESENTATION_CONTEXT('2D SPACE',''
  ) );
#9793 = ORIENTED_EDGE('',*,*,#4663,.F.);
#9794 = ORIENTED_EDGE('',*,*,#4756,.T.);
#9795 = ORIENTED_EDGE('',*,*,#4783,.T.);
#9796 = ORIENTED_EDGE('',*,*,#9797,.T.);
#9797 = EDGE_CURVE('',#4784,#4953,#9798,.T.);
#9798 = SURFACE_CURVE('',#9799,(#9803,#9810),.PCURVE_S1.);
#9799 = LINE('',#9800,#9801);
#9800 = CARTESIAN_POINT('',(-136.,-13.,74.));
#9801 = VECTOR('',#9802,1.);
#9802 = DIRECTION('',(1.,0.,0.));
#9803 = PCURVE('',#3807,#9804);
#9804 = DEFINITIONAL_REPRESENTATION('',(#9805),#9809);
#9805 = LINE('',#9806,#9807);
#9806 = CARTESIAN_POINT('',(-33.,34.));
#9807 = VECTOR('',#9808,1.);
#9808 = DIRECTION('',(1.,0.));
#9809 = ( GEOMETRIC_REPRESENTATION_CONTEXT(2) 
PARAMETRIC_REPRESENTATION_CONTEXT() REPRESENTATION_CONTEXT('2D SPACE',''
  ) );
#9810 = PCURVE('',#4821,#9811);
#9811 = DEFINITIONAL_REPRESENTATION('',(#9812),#9816);
#9812 = LINE('',#9813,#9814);
#9813 = CARTESIAN_POINT('',(0.,0.));
#9814 = VECTOR('',#9815,1.);
#9815 = DIRECTION('',(0.,1.));
#9816 = ( GEOMETRIC_REPRESENTATION_CONTEXT(2) 
PARAMETRIC_REPRESENTATION_CONTEXT() REPRESENTATION_CONTEXT('2D SPACE',''
  ) );
#9817 = ORIENTED_EDGE('',*,*,#4952,.F.);
#9818 = ORIENTED_EDGE('',*,*,#5045,.T.);
#9819 = ORIENTED_EDGE('',*,*,#5072,.T.);
#9820 = ORIENTED_EDGE('',*,*,#9821,.T.);
#9821 = EDGE_CURVE('',#5073,#5242,#9822,.T.);
#9822 = SURFACE_CURVE('',#9823,(#9827,#9834),.PCURVE_S1.);
#9823 = LINE('',#9824,#9825);
#9824 = CARTESIAN_POINT('',(-136.,-13.,74.));
#9825 = VECTOR('',#9826,1.);
#9826 = DIRECTION('',(1.,0.,0.));
#9827 = PCURVE('',#3807,#9828);
#9828 = DEFINITIONAL_REPRESENTATION('',(#9829),#9833);
#9829 = LINE('',#9830,#9831);
#9830 = CARTESIAN_POINT('',(-33.,34.));
#9831 = VECTOR('',#9832,1.);
#9832 = DIRECTION('',(1.,0.));
#9833 = ( GEOMETRIC_REPRESENTATION_CONTEXT(2) 
PARAMETRIC_REPRESENTATION_CONTEXT() REPRESENTATION_CONTEXT('2D SPACE',''
  ) );
#9834 = PCURVE('',#5110,#9835);
#9835 = DEFINITIONAL_REPRESENTATION('',(#9836),#9840);
#9836 = LINE('',#9837,#9838);
#9837 = CARTESIAN_POINT('',(0.,0.));
#9838 = VECTOR('',#9839,1.);
#9839 = DIRECTION('',(0.,1.));
#9840 = ( GEOMETRIC_REPRESENTATION_CONTEXT(2) 
PARAMETRIC_REPRESENTATION_CONTEXT() REPRESENTATION_CONTEXT('2D SPACE',''
  ) );
#9841 = ORIENTED_EDGE('',*,*,#5241,.F.);
#9842 = ORIENTED_EDGE('',*,*,#5334,.T.);
#9843 = ORIENTED_EDGE('',*,*,#5361,.T.);
#9844 = ORIENTED_EDGE('',*,*,#5600,.T.);
#9845 = ORIENTED_EDGE('',*,*,#5672,.T.);
#9846 = ORIENTED_EDGE('',*,*,#5720,.F.);
#9847 = ORIENTED_EDGE('',*,*,#9848,.T.);
#9848 = EDGE_CURVE('',#5721,#5868,#9849,.T.);
#9849 = SURFACE_CURVE('',#9850,(#9854,#9861),.PCURVE_S1.);
#9850 = LINE('',#9851,#9852);
#9851 = CARTESIAN_POINT('',(103.,-47.,74.));
#9852 = VECTOR('',#9853,1.);
#9853 = DIRECTION('',(0.,1.,0.));
#9854 = PCURVE('',#3807,#9855);
#9855 = DEFINITIONAL_REPRESENTATION('',(#9856),#9860);
#9856 = LINE('',#9857,#9858);
#9857 = CARTESIAN_POINT('',(206.,0.));
#9858 = VECTOR('',#9859,1.);
#9859 = DIRECTION('',(0.,1.));
#9860 = ( GEOMETRIC_REPRESENTATION_CONTEXT(2) 
PARAMETRIC_REPRESENTATION_CONTEXT() REPRESENTATION_CONTEXT('2D SPACE',''
  ) );
#9861 = PCURVE('',#5758,#9862);
#9862 = DEFINITIONAL_REPRESENTATION('',(#9863),#9867);
#9863 = LINE('',#9864,#9865);
#9864 = CARTESIAN_POINT('',(0.,0.));
#9865 = VECTOR('',#9866,1.);
#9866 = DIRECTION('',(0.,-1.));
#9867 = ( GEOMETRIC_REPRESENTATION_CONTEXT(2) 
PARAMETRIC_REPRESENTATION_CONTEXT() REPRESENTATION_CONTEXT('2D SPACE',''
  ) );
#9868 = ORIENTED_EDGE('',*,*,#5867,.T.);
#9869 = ORIENTED_EDGE('',*,*,#5961,.T.);
#9870 = ORIENTED_EDGE('',*,*,#6009,.F.);
#9871 = ORIENTED_EDGE('',*,*,#9872,.T.);
#9872 = EDGE_CURVE('',#6010,#6157,#9873,.T.);
#9873 = SURFACE_CURVE('',#9874,(#9878,#9885),.PCURVE_S1.);
#9874 = LINE('',#9875,#9876);
#9875 = CARTESIAN_POINT('',(103.,-47.,74.));
#9876 = VECTOR('',#9877,1.);
#9877 = DIRECTION('',(0.,1.,0.));
#9878 = PCURVE('',#3807,#9879);
#9879 = DEFINITIONAL_REPRESENTATION('',(#9880),#9884);
#9880 = LINE('',#9881,#9882);
#9881 = CARTESIAN_POINT('',(206.,0.));
#9882 = VECTOR('',#9883,1.);
#9883 = DIRECTION('',(0.,1.));
#9884 = ( GEOMETRIC_REPRESENTATION_CONTEXT(2) 
PARAMETRIC_REPRESENTATION_CONTEXT() REPRESENTATION_CONTEXT('2D SPACE',''
  ) );
#9885 = PCURVE('',#6047,#9886);
#9886 = DEFINITIONAL_REPRESENTATION('',(#9887),#9891);
#9887 = LINE('',#9888,#9889);
#9888 = CARTESIAN_POINT('',(0.,0.));
#9889 = VECTOR('',#9890,1.);
#9890 = DIRECTION('',(0.,-1.));
#9891 = ( GEOMETRIC_REPRESENTATION_CONTEXT(2) 
PARAMETRIC_REPRESENTATION_CONTEXT() REPRESENTATION_CONTEXT('2D SPACE',''
  ) );
#9892 = ORIENTED_EDGE('',*,*,#6156,.T.);
#9893 = ORIENTED_EDGE('',*,*,#6250,.T.);
#9894 = ORIENTED_EDGE('',*,*,#6298,.F.);
#9895 = ORIENTED_EDGE('',*,*,#9896,.T.);
#9896 = EDGE_CURVE('',#6299,#6446,#9897,.T.);
#9897 = SURFACE_CURVE('',#9898,(#9902,#9909),.PCURVE_S1.);
#9898 = LINE('',#9899,#9900);
#9899 = CARTESIAN_POINT('',(103.,-47.,74.));
#9900 = VECTOR('',#9901,1.);
#9901 = DIRECTION('',(0.,1.,0.));
#9902 = PCURVE('',#3807,#9903);
#9903 = DEFINITIONAL_REPRESENTATION('',(#9904),#9908);
#9904 = LINE('',#9905,#9906);
#9905 = CARTESIAN_POINT('',(206.,0.));
#9906 = VECTOR('',#9907,1.);
#9907 = DIRECTION('',(0.,1.));
#9908 = ( GEOMETRIC_REPRESENTATION_CONTEXT(2) 
PARAMETRIC_REPRESENTATION_CONTEXT() REPRESENTATION_CONTEXT('2D SPACE',''
  ) );
#9909 = PCURVE('',#6336,#9910);
#9910 = DEFINITIONAL_REPRESENTATION('',(#9911),#9915);
#9911 = LINE('',#9912,#9913);
#9912 = CARTESIAN_POINT('',(0.,0.));
#9913 = VECTOR('',#9914,1.);
#9914 = DIRECTION('',(0.,-1.));
#9915 = ( GEOMETRIC_REPRESENTATION_CONTEXT(2) 
PARAMETRIC_REPRESENTATION_CONTEXT() REPRESENTATION_CONTEXT('2D SPACE',''
  ) );
#9916 = ORIENTED_EDGE('',*,*,#6445,.T.);
#9917 = ORIENTED_EDGE('',*,*,#6539,.T.);
#9918 = ORIENTED_EDGE('',*,*,#6587,.F.);
#9919 = ORIENTED_EDGE('',*,*,#6828,.T.);
#9920 = ORIENTED_EDGE('',*,*,#6899,.F.);
#9921 = ORIENTED_EDGE('',*,*,#6975,.F.);
#9922 = ORIENTED_EDGE('',*,*,#9923,.F.);
#9923 = EDGE_CURVE('',#7095,#6948,#9924,.T.);
#9924 = SURFACE_CURVE('',#9925,(#9929,#9936),.PCURVE_S1.);
#9925 = LINE('',#9926,#9927);
#9926 = CARTESIAN_POINT('',(-136.,113.,74.));
#9927 = VECTOR('',#9928,1.);
#9928 = DIRECTION('',(1.,0.,0.));
#9929 = PCURVE('',#3807,#9930);
#9930 = DEFINITIONAL_REPRESENTATION('',(#9931),#9935);
#9931 = LINE('',#9932,#9933);
#9932 = CARTESIAN_POINT('',(-33.,160.));
#9933 = VECTOR('',#9934,1.);
#9934 = DIRECTION('',(1.,0.));
#9935 = ( GEOMETRIC_REPRESENTATION_CONTEXT(2) 
PARAMETRIC_REPRESENTATION_CONTEXT() REPRESENTATION_CONTEXT('2D SPACE',''
  ) );
#9936 = PCURVE('',#6964,#9937);
#9937 = DEFINITIONAL_REPRESENTATION('',(#9938),#9942);
#9938 = LINE('',#9939,#9940);
#9939 = CARTESIAN_POINT('',(0.,0.));
#9940 = VECTOR('',#9941,1.);
#9941 = DIRECTION('',(0.,1.));
#9942 = ( GEOMETRIC_REPRESENTATION_CONTEXT(2) 
PARAMETRIC_REPRESENTATION_CONTEXT() REPRESENTATION_CONTEXT('2D SPACE',''
  ) );
#9943 = ORIENTED_EDGE('',*,*,#7117,.T.);
#9944 = ORIENTED_EDGE('',*,*,#7188,.F.);
#9945 = ORIENTED_EDGE('',*,*,#7264,.F.);
#9946 = ORIENTED_EDGE('',*,*,#9947,.F.);
#9947 = EDGE_CURVE('',#7384,#7237,#9948,.T.);
#9948 = SURFACE_CURVE('',#9949,(#9953,#9960),.PCURVE_S1.);
#9949 = LINE('',#9950,#9951);
#9950 = CARTESIAN_POINT('',(-136.,113.,74.));
#9951 = VECTOR('',#9952,1.);
#9952 = DIRECTION('',(1.,0.,0.));
#9953 = PCURVE('',#3807,#9954);
#9954 = DEFINITIONAL_REPRESENTATION('',(#9955),#9959);
#9955 = LINE('',#9956,#9957);
#9956 = CARTESIAN_POINT('',(-33.,160.));
#9957 = VECTOR('',#9958,1.);
#9958 = DIRECTION('',(1.,0.));
#9959 = ( GEOMETRIC_REPRESENTATION_CONTEXT(2) 
PARAMETRIC_REPRESENTATION_CONTEXT() REPRESENTATION_CONTEXT('2D SPACE',''
  ) );
#9960 = PCURVE('',#7253,#9961);
#9961 = DEFINITIONAL_REPRESENTATION('',(#9962),#9966);
#9962 = LINE('',#9963,#9964);
#9963 = CARTESIAN_POINT('',(0.,0.));
#9964 = VECTOR('',#9965,1.);
#9965 = DIRECTION('',(0.,1.));
#9966 = ( GEOMETRIC_REPRESENTATION_CONTEXT(2) 
PARAMETRIC_REPRESENTATION_CONTEXT() REPRESENTATION_CONTEXT('2D SPACE',''
  ) );
#9967 = ORIENTED_EDGE('',*,*,#7406,.T.);
#9968 = ORIENTED_EDGE('',*,*,#7477,.F.);
#9969 = ORIENTED_EDGE('',*,*,#7553,.F.);
#9970 = ORIENTED_EDGE('',*,*,#9971,.F.);
#9971 = EDGE_CURVE('',#7673,#7526,#9972,.T.);
#9972 = SURFACE_CURVE('',#9973,(#9977,#9984),.PCURVE_S1.);
#9973 = LINE('',#9974,#9975);
#9974 = CARTESIAN_POINT('',(-136.,113.,74.));
#9975 = VECTOR('',#9976,1.);
#9976 = DIRECTION('',(1.,0.,0.));
#9977 = PCURVE('',#3807,#9978);
#9978 = DEFINITIONAL_REPRESENTATION('',(#9979),#9983);
#9979 = LINE('',#9980,#9981);
#9980 = CARTESIAN_POINT('',(-33.,160.));
#9981 = VECTOR('',#9982,1.);
#9982 = DIRECTION('',(1.,0.));
#9983 = ( GEOMETRIC_REPRESENTATION_CONTEXT(2) 
PARAMETRIC_REPRESENTATION_CONTEXT() REPRESENTATION_CONTEXT('2D SPACE',''
  ) );
#9984 = PCURVE('',#7542,#9985);
#9985 = DEFINITIONAL_REPRESENTATION('',(#9986),#9990);
#9986 = LINE('',#9987,#9988);
#9987 = CARTESIAN_POINT('',(0.,0.));
#9988 = VECTOR('',#9989,1.);
#9989 = DIRECTION('',(0.,1.));
#9990 = ( GEOMETRIC_REPRESENTATION_CONTEXT(2) 
PARAMETRIC_REPRESENTATION_CONTEXT() REPRESENTATION_CONTEXT('2D SPACE',''
  ) );
#9991 = ORIENTED_EDGE('',*,*,#7695,.T.);
#9992 = ORIENTED_EDGE('',*,*,#7766,.F.);
#9993 = ORIENTED_EDGE('',*,*,#7842,.F.);
#9994 = ORIENTED_EDGE('',*,*,#9995,.F.);
#9995 = EDGE_CURVE('',#7962,#7815,#9996,.T.);
#9996 = SURFACE_CURVE('',#9997,(#10001,#10008),.PCURVE_S1.);
#9997 = LINE('',#9998,#9999);
#9998 = CARTESIAN_POINT('',(-136.,113.,74.));
#9999 = VECTOR('',#10000,1.);
#10000 = DIRECTION('',(1.,0.,0.));
#10001 = PCURVE('',#3807,#10002);
#10002 = DEFINITIONAL_REPRESENTATION('',(#10003),#10007);
#10003 = LINE('',#10004,#10005);
#10004 = CARTESIAN_POINT('',(-33.,160.));
#10005 = VECTOR('',#10006,1.);
#10006 = DIRECTION('',(1.,0.));
#10007 = ( GEOMETRIC_REPRESENTATION_CONTEXT(2) 
PARAMETRIC_REPRESENTATION_CONTEXT() REPRESENTATION_CONTEXT('2D SPACE',''
  ) );
#10008 = PCURVE('',#7831,#10009);
#10009 = DEFINITIONAL_REPRESENTATION('',(#10010),#10014);
#10010 = LINE('',#10011,#10012);
#10011 = CARTESIAN_POINT('',(0.,0.));
#10012 = VECTOR('',#10013,1.);
#10013 = DIRECTION('',(0.,1.));
#10014 = ( GEOMETRIC_REPRESENTATION_CONTEXT(2) 
PARAMETRIC_REPRESENTATION_CONTEXT() REPRESENTATION_CONTEXT('2D SPACE',''
  ) );
#10015 = ORIENTED_EDGE('',*,*,#7984,.T.);
#10016 = ORIENTED_EDGE('',*,*,#8055,.F.);
#10017 = ORIENTED_EDGE('',*,*,#8131,.F.);
#10018 = ORIENTED_EDGE('',*,*,#10019,.F.);
#10019 = EDGE_CURVE('',#8251,#8104,#10020,.T.);
#10020 = SURFACE_CURVE('',#10021,(#10025,#10032),.PCURVE_S1.);
#10021 = LINE('',#10022,#10023);
#10022 = CARTESIAN_POINT('',(-136.,113.,74.));
#10023 = VECTOR('',#10024,1.);
#10024 = DIRECTION('',(1.,0.,0.));
#10025 = PCURVE('',#3807,#10026);
#10026 = DEFINITIONAL_REPRESENTATION('',(#10027),#10031);
#10027 = LINE('',#10028,#10029);
#10028 = CARTESIAN_POINT('',(-33.,160.));
#10029 = VECTOR('',#10030,1.);
#10030 = DIRECTION('',(1.,0.));
#10031 = ( GEOMETRIC_REPRESENTATION_CONTEXT(2) 
PARAMETRIC_REPRESENTATION_CONTEXT() REPRESENTATION_CONTEXT('2D SPACE',''
  ) );
#10032 = PCURVE('',#8120,#10033);
#10033 = DEFINITIONAL_REPRESENTATION('',(#10034),#10038);
#10034 = LINE('',#10035,#10036);
#10035 = CARTESIAN_POINT('',(0.,0.));
#10036 = VECTOR('',#10037,1.);
#10037 = DIRECTION('',(0.,1.));
#10038 = ( GEOMETRIC_REPRESENTATION_CONTEXT(2) 
PARAMETRIC_REPRESENTATION_CONTEXT() REPRESENTATION_CONTEXT('2D SPACE',''
  ) );
#10039 = ORIENTED_EDGE('',*,*,#8273,.T.);
#10040 = ORIENTED_EDGE('',*,*,#8344,.F.);
#10041 = ORIENTED_EDGE('',*,*,#8415,.F.);
#10042 = ORIENTED_EDGE('',*,*,#8632,.F.);
#10043 = ORIENTED_EDGE('',*,*,#8726,.F.);
#10044 = ORIENTED_EDGE('',*,*,#8752,.T.);
#10045 = ORIENTED_EDGE('',*,*,#10046,.F.);
#10046 = EDGE_CURVE('',#8902,#8753,#10047,.T.);
#10047 = SURFACE_CURVE('',#10048,(#10052,#10059),.PCURVE_S1.);
#10048 = LINE('',#10049,#10050);
#10049 = CARTESIAN_POINT('',(-103.,-47.,74.));
#10050 = VECTOR('',#10051,1.);
#10051 = DIRECTION('',(0.,1.,0.));
#10052 = PCURVE('',#3807,#10053);
#10053 = DEFINITIONAL_REPRESENTATION('',(#10054),#10058);
#10054 = LINE('',#10055,#10056);
#10055 = CARTESIAN_POINT('',(0.,0.));
#10056 = VECTOR('',#10057,1.);
#10057 = DIRECTION('',(0.,1.));
#10058 = ( GEOMETRIC_REPRESENTATION_CONTEXT(2) 
PARAMETRIC_REPRESENTATION_CONTEXT() REPRESENTATION_CONTEXT('2D SPACE',''
  ) );
#10059 = PCURVE('',#8839,#10060);
#10060 = DEFINITIONAL_REPRESENTATION('',(#10061),#10065);
#10061 = LINE('',#10062,#10063);
#10062 = CARTESIAN_POINT('',(0.,0.));
#10063 = VECTOR('',#10064,1.);
#10064 = DIRECTION('',(0.,-1.));
#10065 = ( GEOMETRIC_REPRESENTATION_CONTEXT(2) 
PARAMETRIC_REPRESENTATION_CONTEXT() REPRESENTATION_CONTEXT('2D SPACE',''
  ) );
#10066 = ORIENTED_EDGE('',*,*,#8899,.F.);
#10067 = ORIENTED_EDGE('',*,*,#9015,.F.);
#10068 = ORIENTED_EDGE('',*,*,#9041,.T.);
#10069 = ORIENTED_EDGE('',*,*,#10070,.F.);
#10070 = EDGE_CURVE('',#9191,#9042,#10071,.T.);
#10071 = SURFACE_CURVE('',#10072,(#10076,#10083),.PCURVE_S1.);
#10072 = LINE('',#10073,#10074);
#10073 = CARTESIAN_POINT('',(-103.,-47.,74.));
#10074 = VECTOR('',#10075,1.);
#10075 = DIRECTION('',(0.,1.,0.));
#10076 = PCURVE('',#3807,#10077);
#10077 = DEFINITIONAL_REPRESENTATION('',(#10078),#10082);
#10078 = LINE('',#10079,#10080);
#10079 = CARTESIAN_POINT('',(0.,0.));
#10080 = VECTOR('',#10081,1.);
#10081 = DIRECTION('',(0.,1.));
#10082 = ( GEOMETRIC_REPRESENTATION_CONTEXT(2) 
PARAMETRIC_REPRESENTATION_CONTEXT() REPRESENTATION_CONTEXT('2D SPACE',''
  ) );
#10083 = PCURVE('',#9128,#10084);
#10084 = DEFINITIONAL_REPRESENTATION('',(#10085),#10089);
#10085 = LINE('',#10086,#10087);
#10086 = CARTESIAN_POINT('',(0.,0.));
#10087 = VECTOR('',#10088,1.);
#10088 = DIRECTION('',(0.,-1.));
#10089 = ( GEOMETRIC_REPRESENTATION_CONTEXT(2) 
PARAMETRIC_REPRESENTATION_CONTEXT() REPRESENTATION_CONTEXT('2D SPACE',''
  ) );
#10090 = ORIENTED_EDGE('',*,*,#9188,.F.);
#10091 = ORIENTED_EDGE('',*,*,#9304,.F.);
#10092 = ORIENTED_EDGE('',*,*,#9330,.T.);
#10093 = ORIENTED_EDGE('',*,*,#10094,.F.);
#10094 = EDGE_CURVE('',#9480,#9331,#10095,.T.);
#10095 = SURFACE_CURVE('',#10096,(#10100,#10107),.PCURVE_S1.);
#10096 = LINE('',#10097,#10098);
#10097 = CARTESIAN_POINT('',(-103.,-47.,74.));
#10098 = VECTOR('',#10099,1.);
#10099 = DIRECTION('',(0.,1.,0.));
#10100 = PCURVE('',#3807,#10101);
#10101 = DEFINITIONAL_REPRESENTATION('',(#10102),#10106);
#10102 = LINE('',#10103,#10104);
#10103 = CARTESIAN_POINT('',(0.,0.));
#10104 = VECTOR('',#10105,1.);
#10105 = DIRECTION('',(0.,1.));
#10106 = ( GEOMETRIC_REPRESENTATION_CONTEXT(2) 
PARAMETRIC_REPRESENTATION_CONTEXT() REPRESENTATION_CONTEXT('2D SPACE',''
  ) );
#10107 = PCURVE('',#9417,#10108);
#10108 = DEFINITIONAL_REPRESENTATION('',(#10109),#10113);
#10109 = LINE('',#10110,#10111);
#10110 = CARTESIAN_POINT('',(0.,0.));
#10111 = VECTOR('',#10112,1.);
#10112 = DIRECTION('',(0.,-1.));
#10113 = ( GEOMETRIC_REPRESENTATION_CONTEXT(2) 
PARAMETRIC_REPRESENTATION_CONTEXT() REPRESENTATION_CONTEXT('2D SPACE',''
  ) );
#10114 = ORIENTED_EDGE('',*,*,#9477,.F.);
#10115 = ORIENTED_EDGE('',*,*,#9593,.F.);
#10116 = ORIENTED_EDGE('',*,*,#9619,.T.);
#10117 = FACE_BOUND('',#10118,.F.);
#10118 = EDGE_LOOP('',(#10119,#10149,#10177,#10205));
#10119 = ORIENTED_EDGE('',*,*,#10120,.T.);
#10120 = EDGE_CURVE('',#10121,#10123,#10125,.T.);
#10121 = VERTEX_POINT('',#10122);
#10122 = CARTESIAN_POINT('',(-97.,-7.,74.));
#10123 = VERTEX_POINT('',#10124);
#10124 = CARTESIAN_POINT('',(-97.,27.,74.));
#10125 = SURFACE_CURVE('',#10126,(#10130,#10137),.PCURVE_S1.);
#10126 = LINE('',#10127,#10128);
#10127 = CARTESIAN_POINT('',(-97.,-47.,74.));
#10128 = VECTOR('',#10129,1.);
#10129 = DIRECTION('',(0.,1.,0.));
#10130 = PCURVE('',#3807,#10131);
#10131 = DEFINITIONAL_REPRESENTATION('',(#10132),#10136);
#10132 = LINE('',#10133,#10134);
#10133 = CARTESIAN_POINT('',(6.,0.));
#10134 = VECTOR('',#10135,1.);
#10135 = DIRECTION('',(0.,1.));
#10136 = ( GEOMETRIC_REPRESENTATION_CONTEXT(2) 
PARAMETRIC_REPRESENTATION_CONTEXT() REPRESENTATION_CONTEXT('2D SPACE',''
  ) );
#10137 = PCURVE('',#10138,#10143);
#10138 = PLANE('',#10139);
#10139 = AXIS2_PLACEMENT_3D('',#10140,#10141,#10142);
#10140 = CARTESIAN_POINT('',(-97.,-47.,74.));
#10141 = DIRECTION('',(1.,0.,0.));
#10142 = DIRECTION('',(0.,0.,1.));
#10143 = DEFINITIONAL_REPRESENTATION('',(#10144),#10148);
#10144 = LINE('',#10145,#10146);
#10145 = CARTESIAN_POINT('',(0.,0.));
#10146 = VECTOR('',#10147,1.);
#10147 = DIRECTION('',(0.,-1.));
#10148 = ( GEOMETRIC_REPRESENTATION_CONTEXT(2) 
PARAMETRIC_REPRESENTATION_CONTEXT() REPRESENTATION_CONTEXT('2D SPACE',''
  ) );
#10149 = ORIENTED_EDGE('',*,*,#10150,.T.);
#10150 = EDGE_CURVE('',#10123,#10151,#10153,.T.);
#10151 = VERTEX_POINT('',#10152);
#10152 = CARTESIAN_POINT('',(-63.,27.,74.));
#10153 = SURFACE_CURVE('',#10154,(#10158,#10165),.PCURVE_S1.);
#10154 = LINE('',#10155,#10156);
#10155 = CARTESIAN_POINT('',(-136.,27.,74.));
#10156 = VECTOR('',#10157,1.);
#10157 = DIRECTION('',(1.,0.,0.));
#10158 = PCURVE('',#3807,#10159);
#10159 = DEFINITIONAL_REPRESENTATION('',(#10160),#10164);
#10160 = LINE('',#10161,#10162);
#10161 = CARTESIAN_POINT('',(-33.,74.));
#10162 = VECTOR('',#10163,1.);
#10163 = DIRECTION('',(1.,0.));
#10164 = ( GEOMETRIC_REPRESENTATION_CONTEXT(2) 
PARAMETRIC_REPRESENTATION_CONTEXT() REPRESENTATION_CONTEXT('2D SPACE',''
  ) );
#10165 = PCURVE('',#10166,#10171);
#10166 = PLANE('',#10167);
#10167 = AXIS2_PLACEMENT_3D('',#10168,#10169,#10170);
#10168 = CARTESIAN_POINT('',(-136.,27.,74.));
#10169 = DIRECTION('',(0.,1.,0.));
#10170 = DIRECTION('',(0.,0.,1.));
#10171 = DEFINITIONAL_REPRESENTATION('',(#10172),#10176);
#10172 = LINE('',#10173,#10174);
#10173 = CARTESIAN_POINT('',(0.,0.));
#10174 = VECTOR('',#10175,1.);
#10175 = DIRECTION('',(0.,1.));
#10176 = ( GEOMETRIC_REPRESENTATION_CONTEXT(2) 
PARAMETRIC_REPRESENTATION_CONTEXT() REPRESENTATION_CONTEXT('2D SPACE',''
  ) );
#10177 = ORIENTED_EDGE('',*,*,#10178,.F.);
#10178 = EDGE_CURVE('',#10179,#10151,#10181,.T.);
#10179 = VERTEX_POINT('',#10180);
#10180 = CARTESIAN_POINT('',(-63.,-7.,74.));
#10181 = SURFACE_CURVE('',#10182,(#10186,#10193),.PCURVE_S1.);
#10182 = LINE('',#10183,#10184);
#10183 = CARTESIAN_POINT('',(-63.,-47.,74.));
#10184 = VECTOR('',#10185,1.);
#10185 = DIRECTION('',(0.,1.,0.));
#10186 = PCURVE('',#3807,#10187);
#10187 = DEFINITIONAL_REPRESENTATION('',(#10188),#10192);
#10188 = LINE('',#10189,#10190);
#10189 = CARTESIAN_POINT('',(40.,0.));
#10190 = VECTOR('',#10191,1.);
#10191 = DIRECTION('',(0.,1.));
#10192 = ( GEOMETRIC_REPRESENTATION_CONTEXT(2) 
PARAMETRIC_REPRESENTATION_CONTEXT() REPRESENTATION_CONTEXT('2D SPACE',''
  ) );
#10193 = PCURVE('',#10194,#10199);
#10194 = PLANE('',#10195);
#10195 = AXIS2_PLACEMENT_3D('',#10196,#10197,#10198);
#10196 = CARTESIAN_POINT('',(-63.,-47.,74.));
#10197 = DIRECTION('',(1.,0.,0.));
#10198 = DIRECTION('',(0.,0.,1.));
#10199 = DEFINITIONAL_REPRESENTATION('',(#10200),#10204);
#10200 = LINE('',#10201,#10202);
#10201 = CARTESIAN_POINT('',(0.,0.));
#10202 = VECTOR('',#10203,1.);
#10203 = DIRECTION('',(0.,-1.));
#10204 = ( GEOMETRIC_REPRESENTATION_CONTEXT(2) 
PARAMETRIC_REPRESENTATION_CONTEXT() REPRESENTATION_CONTEXT('2D SPACE',''
  ) );
#10205 = ORIENTED_EDGE('',*,*,#10206,.F.);
#10206 = EDGE_CURVE('',#10121,#10179,#10207,.T.);
#10207 = SURFACE_CURVE('',#10208,(#10212,#10219),.PCURVE_S1.);
#10208 = LINE('',#10209,#10210);
#10209 = CARTESIAN_POINT('',(-136.,-7.,74.));
#10210 = VECTOR('',#10211,1.);
#10211 = DIRECTION('',(1.,0.,0.));
#10212 = PCURVE('',#3807,#10213);
#10213 = DEFINITIONAL_REPRESENTATION('',(#10214),#10218);
#10214 = LINE('',#10215,#10216);
#10215 = CARTESIAN_POINT('',(-33.,40.));
#10216 = VECTOR('',#10217,1.);
#10217 = DIRECTION('',(1.,0.));
#10218 = ( GEOMETRIC_REPRESENTATION_CONTEXT(2) 
PARAMETRIC_REPRESENTATION_CONTEXT() REPRESENTATION_CONTEXT('2D SPACE',''
  ) );
#10219 = PCURVE('',#10220,#10225);
#10220 = PLANE('',#10221);
#10221 = AXIS2_PLACEMENT_3D('',#10222,#10223,#10224);
#10222 = CARTESIAN_POINT('',(-136.,-7.,74.));
#10223 = DIRECTION('',(0.,1.,0.));
#10224 = DIRECTION('',(0.,0.,1.));
#10225 = DEFINITIONAL_REPRESENTATION('',(#10226),#10230);
#10226 = LINE('',#10227,#10228);
#10227 = CARTESIAN_POINT('',(0.,0.));
#10228 = VECTOR('',#10229,1.);
#10229 = DIRECTION('',(0.,1.));
#10230 = ( GEOMETRIC_REPRESENTATION_CONTEXT(2) 
PARAMETRIC_REPRESENTATION_CONTEXT() REPRESENTATION_CONTEXT('2D SPACE',''
  ) );
#10231 = FACE_BOUND('',#10232,.F.);
#10232 = EDGE_LOOP('',(#10233,#10263,#10291,#10319));
#10233 = ORIENTED_EDGE('',*,*,#10234,.T.);
#10234 = EDGE_CURVE('',#10235,#10237,#10239,.T.);
#10235 = VERTEX_POINT('',#10236);
#10236 = CARTESIAN_POINT('',(63.,-7.,74.));
#10237 = VERTEX_POINT('',#10238);
#10238 = CARTESIAN_POINT('',(63.,27.,74.));
#10239 = SURFACE_CURVE('',#10240,(#10244,#10251),.PCURVE_S1.);
#10240 = LINE('',#10241,#10242);
#10241 = CARTESIAN_POINT('',(63.,-47.,74.));
#10242 = VECTOR('',#10243,1.);
#10243 = DIRECTION('',(0.,1.,0.));
#10244 = PCURVE('',#3807,#10245);
#10245 = DEFINITIONAL_REPRESENTATION('',(#10246),#10250);
#10246 = LINE('',#10247,#10248);
#10247 = CARTESIAN_POINT('',(166.,0.));
#10248 = VECTOR('',#10249,1.);
#10249 = DIRECTION('',(0.,1.));
#10250 = ( GEOMETRIC_REPRESENTATION_CONTEXT(2) 
PARAMETRIC_REPRESENTATION_CONTEXT() REPRESENTATION_CONTEXT('2D SPACE',''
  ) );
#10251 = PCURVE('',#10252,#10257);
#10252 = PLANE('',#10253);
#10253 = AXIS2_PLACEMENT_3D('',#10254,#10255,#10256);
#10254 = CARTESIAN_POINT('',(63.,-47.,74.));
#10255 = DIRECTION('',(1.,0.,0.));
#10256 = DIRECTION('',(0.,0.,1.));
#10257 = DEFINITIONAL_REPRESENTATION('',(#10258),#10262);
#10258 = LINE('',#10259,#10260);
#10259 = CARTESIAN_POINT('',(0.,0.));
#10260 = VECTOR('',#10261,1.);
#10261 = DIRECTION('',(0.,-1.));
#10262 = ( GEOMETRIC_REPRESENTATION_CONTEXT(2) 
PARAMETRIC_REPRESENTATION_CONTEXT() REPRESENTATION_CONTEXT('2D SPACE',''
  ) );
#10263 = ORIENTED_EDGE('',*,*,#10264,.T.);
#10264 = EDGE_CURVE('',#10237,#10265,#10267,.T.);
#10265 = VERTEX_POINT('',#10266);
#10266 = CARTESIAN_POINT('',(97.,27.,74.));
#10267 = SURFACE_CURVE('',#10268,(#10272,#10279),.PCURVE_S1.);
#10268 = LINE('',#10269,#10270);
#10269 = CARTESIAN_POINT('',(-136.,27.,74.));
#10270 = VECTOR('',#10271,1.);
#10271 = DIRECTION('',(1.,0.,0.));
#10272 = PCURVE('',#3807,#10273);
#10273 = DEFINITIONAL_REPRESENTATION('',(#10274),#10278);
#10274 = LINE('',#10275,#10276);
#10275 = CARTESIAN_POINT('',(-33.,74.));
#10276 = VECTOR('',#10277,1.);
#10277 = DIRECTION('',(1.,0.));
#10278 = ( GEOMETRIC_REPRESENTATION_CONTEXT(2) 
PARAMETRIC_REPRESENTATION_CONTEXT() REPRESENTATION_CONTEXT('2D SPACE',''
  ) );
#10279 = PCURVE('',#10280,#10285);
#10280 = PLANE('',#10281);
#10281 = AXIS2_PLACEMENT_3D('',#10282,#10283,#10284);
#10282 = CARTESIAN_POINT('',(-136.,27.,74.));
#10283 = DIRECTION('',(0.,1.,0.));
#10284 = DIRECTION('',(0.,0.,1.));
#10285 = DEFINITIONAL_REPRESENTATION('',(#10286),#10290);
#10286 = LINE('',#10287,#10288);
#10287 = CARTESIAN_POINT('',(0.,0.));
#10288 = VECTOR('',#10289,1.);
#10289 = DIRECTION('',(0.,1.));
#10290 = ( GEOMETRIC_REPRESENTATION_CONTEXT(2) 
PARAMETRIC_REPRESENTATION_CONTEXT() REPRESENTATION_CONTEXT('2D SPACE',''
  ) );
#10291 = ORIENTED_EDGE('',*,*,#10292,.F.);
#10292 = EDGE_CURVE('',#10293,#10265,#10295,.T.);
#10293 = VERTEX_POINT('',#10294);
#10294 = CARTESIAN_POINT('',(97.,-7.,74.));
#10295 = SURFACE_CURVE('',#10296,(#10300,#10307),.PCURVE_S1.);
#10296 = LINE('',#10297,#10298);
#10297 = CARTESIAN_POINT('',(97.,-47.,74.));
#10298 = VECTOR('',#10299,1.);
#10299 = DIRECTION('',(0.,1.,0.));
#10300 = PCURVE('',#3807,#10301);
#10301 = DEFINITIONAL_REPRESENTATION('',(#10302),#10306);
#10302 = LINE('',#10303,#10304);
#10303 = CARTESIAN_POINT('',(200.,0.));
#10304 = VECTOR('',#10305,1.);
#10305 = DIRECTION('',(0.,1.));
#10306 = ( GEOMETRIC_REPRESENTATION_CONTEXT(2) 
PARAMETRIC_REPRESENTATION_CONTEXT() REPRESENTATION_CONTEXT('2D SPACE',''
  ) );
#10307 = PCURVE('',#10308,#10313);
#10308 = PLANE('',#10309);
#10309 = AXIS2_PLACEMENT_3D('',#10310,#10311,#10312);
#10310 = CARTESIAN_POINT('',(97.,-47.,74.));
#10311 = DIRECTION('',(1.,0.,0.));
#10312 = DIRECTION('',(0.,0.,1.));
#10313 = DEFINITIONAL_REPRESENTATION('',(#10314),#10318);
#10314 = LINE('',#10315,#10316);
#10315 = CARTESIAN_POINT('',(0.,0.));
#10316 = VECTOR('',#10317,1.);
#10317 = DIRECTION('',(0.,-1.));
#10318 = ( GEOMETRIC_REPRESENTATION_CONTEXT(2) 
PARAMETRIC_REPRESENTATION_CONTEXT() REPRESENTATION_CONTEXT('2D SPACE',''
  ) );
#10319 = ORIENTED_EDGE('',*,*,#10320,.F.);
#10320 = EDGE_CURVE('',#10235,#10293,#10321,.T.);
#10321 = SURFACE_CURVE('',#10322,(#10326,#10333),.PCURVE_S1.);
#10322 = LINE('',#10323,#10324);
#10323 = CARTESIAN_POINT('',(-136.,-7.,74.));
#10324 = VECTOR('',#10325,1.);
#10325 = DIRECTION('',(1.,0.,0.));
#10326 = PCURVE('',#3807,#10327);
#10327 = DEFINITIONAL_REPRESENTATION('',(#10328),#10332);
#10328 = LINE('',#10329,#10330);
#10329 = CARTESIAN_POINT('',(-33.,40.));
#10330 = VECTOR('',#10331,1.);
#10331 = DIRECTION('',(1.,0.));
#10332 = ( GEOMETRIC_REPRESENTATION_CONTEXT(2) 
PARAMETRIC_REPRESENTATION_CONTEXT() REPRESENTATION_CONTEXT('2D SPACE',''
  ) );
#10333 = PCURVE('',#10334,#10339);
#10334 = PLANE('',#10335);
#10335 = AXIS2_PLACEMENT_3D('',#10336,#10337,#10338);
#10336 = CARTESIAN_POINT('',(-136.,-7.,74.));
#10337 = DIRECTION('',(0.,1.,0.));
#10338 = DIRECTION('',(0.,0.,1.));
#10339 = DEFINITIONAL_REPRESENTATION('',(#10340),#10344);
#10340 = LINE('',#10341,#10342);
#10341 = CARTESIAN_POINT('',(0.,0.));
#10342 = VECTOR('',#10343,1.);
#10343 = DIRECTION('',(0.,1.));
#10344 = ( GEOMETRIC_REPRESENTATION_CONTEXT(2) 
PARAMETRIC_REPRESENTATION_CONTEXT() REPRESENTATION_CONTEXT('2D SPACE',''
  ) );
#10345 = FACE_BOUND('',#10346,.F.);
#10346 = EDGE_LOOP('',(#10347,#10377,#10405,#10433));
#10347 = ORIENTED_EDGE('',*,*,#10348,.T.);
#10348 = EDGE_CURVE('',#10349,#10351,#10353,.T.);
#10349 = VERTEX_POINT('',#10350);
#10350 = CARTESIAN_POINT('',(-97.,33.,74.));
#10351 = VERTEX_POINT('',#10352);
#10352 = CARTESIAN_POINT('',(-97.,67.,74.));
#10353 = SURFACE_CURVE('',#10354,(#10358,#10365),.PCURVE_S1.);
#10354 = LINE('',#10355,#10356);
#10355 = CARTESIAN_POINT('',(-97.,-47.,74.));
#10356 = VECTOR('',#10357,1.);
#10357 = DIRECTION('',(0.,1.,0.));
#10358 = PCURVE('',#3807,#10359);
#10359 = DEFINITIONAL_REPRESENTATION('',(#10360),#10364);
#10360 = LINE('',#10361,#10362);
#10361 = CARTESIAN_POINT('',(6.,0.));
#10362 = VECTOR('',#10363,1.);
#10363 = DIRECTION('',(0.,1.));
#10364 = ( GEOMETRIC_REPRESENTATION_CONTEXT(2) 
PARAMETRIC_REPRESENTATION_CONTEXT() REPRESENTATION_CONTEXT('2D SPACE',''
  ) );
#10365 = PCURVE('',#10366,#10371);
#10366 = PLANE('',#10367);
#10367 = AXIS2_PLACEMENT_3D('',#10368,#10369,#10370);
#10368 = CARTESIAN_POINT('',(-97.,-47.,74.));
#10369 = DIRECTION('',(1.,0.,0.));
#10370 = DIRECTION('',(0.,0.,1.));
#10371 = DEFINITIONAL_REPRESENTATION('',(#10372),#10376);
#10372 = LINE('',#10373,#10374);
#10373 = CARTESIAN_POINT('',(0.,0.));
#10374 = VECTOR('',#10375,1.);
#10375 = DIRECTION('',(0.,-1.));
#10376 = ( GEOMETRIC_REPRESENTATION_CONTEXT(2) 
PARAMETRIC_REPRESENTATION_CONTEXT() REPRESENTATION_CONTEXT('2D SPACE',''
  ) );
#10377 = ORIENTED_EDGE('',*,*,#10378,.T.);
#10378 = EDGE_CURVE('',#10351,#10379,#10381,.T.);
#10379 = VERTEX_POINT('',#10380);
#10380 = CARTESIAN_POINT('',(-63.,67.,74.));
#10381 = SURFACE_CURVE('',#10382,(#10386,#10393),.PCURVE_S1.);
#10382 = LINE('',#10383,#10384);
#10383 = CARTESIAN_POINT('',(-136.,67.,74.));
#10384 = VECTOR('',#10385,1.);
#10385 = DIRECTION('',(1.,0.,0.));
#10386 = PCURVE('',#3807,#10387);
#10387 = DEFINITIONAL_REPRESENTATION('',(#10388),#10392);
#10388 = LINE('',#10389,#10390);
#10389 = CARTESIAN_POINT('',(-33.,114.));
#10390 = VECTOR('',#10391,1.);
#10391 = DIRECTION('',(1.,0.));
#10392 = ( GEOMETRIC_REPRESENTATION_CONTEXT(2) 
PARAMETRIC_REPRESENTATION_CONTEXT() REPRESENTATION_CONTEXT('2D SPACE',''
  ) );
#10393 = PCURVE('',#10394,#10399);
#10394 = PLANE('',#10395);
#10395 = AXIS2_PLACEMENT_3D('',#10396,#10397,#10398);
#10396 = CARTESIAN_POINT('',(-136.,67.,74.));
#10397 = DIRECTION('',(0.,1.,0.));
#10398 = DIRECTION('',(0.,0.,1.));
#10399 = DEFINITIONAL_REPRESENTATION('',(#10400),#10404);
#10400 = LINE('',#10401,#10402);
#10401 = CARTESIAN_POINT('',(0.,0.));
#10402 = VECTOR('',#10403,1.);
#10403 = DIRECTION('',(0.,1.));
#10404 = ( GEOMETRIC_REPRESENTATION_CONTEXT(2) 
PARAMETRIC_REPRESENTATION_CONTEXT() REPRESENTATION_CONTEXT('2D SPACE',''
  ) );
#10405 = ORIENTED_EDGE('',*,*,#10406,.F.);
#10406 = EDGE_CURVE('',#10407,#10379,#10409,.T.);
#10407 = VERTEX_POINT('',#10408);
#10408 = CARTESIAN_POINT('',(-63.,33.,74.));
#10409 = SURFACE_CURVE('',#10410,(#10414,#10421),.PCURVE_S1.);
#10410 = LINE('',#10411,#10412);
#10411 = CARTESIAN_POINT('',(-63.,-47.,74.));
#10412 = VECTOR('',#10413,1.);
#10413 = DIRECTION('',(0.,1.,0.));
#10414 = PCURVE('',#3807,#10415);
#10415 = DEFINITIONAL_REPRESENTATION('',(#10416),#10420);
#10416 = LINE('',#10417,#10418);
#10417 = CARTESIAN_POINT('',(40.,0.));
#10418 = VECTOR('',#10419,1.);
#10419 = DIRECTION('',(0.,1.));
#10420 = ( GEOMETRIC_REPRESENTATION_CONTEXT(2) 
PARAMETRIC_REPRESENTATION_CONTEXT() REPRESENTATION_CONTEXT('2D SPACE',''
  ) );
#10421 = PCURVE('',#10422,#10427);
#10422 = PLANE('',#10423);
#10423 = AXIS2_PLACEMENT_3D('',#10424,#10425,#10426);
#10424 = CARTESIAN_POINT('',(-63.,-47.,74.));
#10425 = DIRECTION('',(1.,0.,0.));
#10426 = DIRECTION('',(0.,0.,1.));
#10427 = DEFINITIONAL_REPRESENTATION('',(#10428),#10432);
#10428 = LINE('',#10429,#10430);
#10429 = CARTESIAN_POINT('',(0.,0.));
#10430 = VECTOR('',#10431,1.);
#10431 = DIRECTION('',(0.,-1.));
#10432 = ( GEOMETRIC_REPRESENTATION_CONTEXT(2) 
PARAMETRIC_REPRESENTATION_CONTEXT() REPRESENTATION_CONTEXT('2D SPACE',''
  ) );
#10433 = ORIENTED_EDGE('',*,*,#10434,.F.);
#10434 = EDGE_CURVE('',#10349,#10407,#10435,.T.);
#10435 = SURFACE_CURVE('',#10436,(#10440,#10447),.PCURVE_S1.);
#10436 = LINE('',#10437,#10438);
#10437 = CARTESIAN_POINT('',(-136.,33.,74.));
#10438 = VECTOR('',#10439,1.);
#10439 = DIRECTION('',(1.,0.,0.));
#10440 = PCURVE('',#3807,#10441);
#10441 = DEFINITIONAL_REPRESENTATION('',(#10442),#10446);
#10442 = LINE('',#10443,#10444);
#10443 = CARTESIAN_POINT('',(-33.,80.));
#10444 = VECTOR('',#10445,1.);
#10445 = DIRECTION('',(1.,0.));
#10446 = ( GEOMETRIC_REPRESENTATION_CONTEXT(2) 
PARAMETRIC_REPRESENTATION_CONTEXT() REPRESENTATION_CONTEXT('2D SPACE',''
  ) );
#10447 = PCURVE('',#10448,#10453);
#10448 = PLANE('',#10449);
#10449 = AXIS2_PLACEMENT_3D('',#10450,#10451,#10452);
#10450 = CARTESIAN_POINT('',(-136.,33.,74.));
#10451 = DIRECTION('',(0.,1.,0.));
#10452 = DIRECTION('',(0.,0.,1.));
#10453 = DEFINITIONAL_REPRESENTATION('',(#10454),#10458);
#10454 = LINE('',#10455,#10456);
#10455 = CARTESIAN_POINT('',(0.,0.));
#10456 = VECTOR('',#10457,1.);
#10457 = DIRECTION('',(0.,1.));
#10458 = ( GEOMETRIC_REPRESENTATION_CONTEXT(2) 
PARAMETRIC_REPRESENTATION_CONTEXT() REPRESENTATION_CONTEXT('2D SPACE',''
  ) );
#10459 = FACE_BOUND('',#10460,.F.);
#10460 = EDGE_LOOP('',(#10461,#10491,#10519,#10547));
#10461 = ORIENTED_EDGE('',*,*,#10462,.T.);
#10462 = EDGE_CURVE('',#10463,#10465,#10467,.T.);
#10463 = VERTEX_POINT('',#10464);
#10464 = CARTESIAN_POINT('',(-97.,73.,74.));
#10465 = VERTEX_POINT('',#10466);
#10466 = CARTESIAN_POINT('',(-97.,107.,74.));
#10467 = SURFACE_CURVE('',#10468,(#10472,#10479),.PCURVE_S1.);
#10468 = LINE('',#10469,#10470);
#10469 = CARTESIAN_POINT('',(-97.,-47.,74.));
#10470 = VECTOR('',#10471,1.);
#10471 = DIRECTION('',(0.,1.,0.));
#10472 = PCURVE('',#3807,#10473);
#10473 = DEFINITIONAL_REPRESENTATION('',(#10474),#10478);
#10474 = LINE('',#10475,#10476);
#10475 = CARTESIAN_POINT('',(6.,0.));
#10476 = VECTOR('',#10477,1.);
#10477 = DIRECTION('',(0.,1.));
#10478 = ( GEOMETRIC_REPRESENTATION_CONTEXT(2) 
PARAMETRIC_REPRESENTATION_CONTEXT() REPRESENTATION_CONTEXT('2D SPACE',''
  ) );
#10479 = PCURVE('',#10480,#10485);
#10480 = PLANE('',#10481);
#10481 = AXIS2_PLACEMENT_3D('',#10482,#10483,#10484);
#10482 = CARTESIAN_POINT('',(-97.,-47.,74.));
#10483 = DIRECTION('',(1.,0.,0.));
#10484 = DIRECTION('',(0.,0.,1.));
#10485 = DEFINITIONAL_REPRESENTATION('',(#10486),#10490);
#10486 = LINE('',#10487,#10488);
#10487 = CARTESIAN_POINT('',(0.,0.));
#10488 = VECTOR('',#10489,1.);
#10489 = DIRECTION('',(0.,-1.));
#10490 = ( GEOMETRIC_REPRESENTATION_CONTEXT(2) 
PARAMETRIC_REPRESENTATION_CONTEXT() REPRESENTATION_CONTEXT('2D SPACE',''
  ) );
#10491 = ORIENTED_EDGE('',*,*,#10492,.T.);
#10492 = EDGE_CURVE('',#10465,#10493,#10495,.T.);
#10493 = VERTEX_POINT('',#10494);
#10494 = CARTESIAN_POINT('',(-63.,107.,74.));
#10495 = SURFACE_CURVE('',#10496,(#10500,#10507),.PCURVE_S1.);
#10496 = LINE('',#10497,#10498);
#10497 = CARTESIAN_POINT('',(-136.,107.,74.));
#10498 = VECTOR('',#10499,1.);
#10499 = DIRECTION('',(1.,0.,0.));
#10500 = PCURVE('',#3807,#10501);
#10501 = DEFINITIONAL_REPRESENTATION('',(#10502),#10506);
#10502 = LINE('',#10503,#10504);
#10503 = CARTESIAN_POINT('',(-33.,154.));
#10504 = VECTOR('',#10505,1.);
#10505 = DIRECTION('',(1.,0.));
#10506 = ( GEOMETRIC_REPRESENTATION_CONTEXT(2) 
PARAMETRIC_REPRESENTATION_CONTEXT() REPRESENTATION_CONTEXT('2D SPACE',''
  ) );
#10507 = PCURVE('',#10508,#10513);
#10508 = PLANE('',#10509);
#10509 = AXIS2_PLACEMENT_3D('',#10510,#10511,#10512);
#10510 = CARTESIAN_POINT('',(-136.,107.,74.));
#10511 = DIRECTION('',(0.,1.,0.));
#10512 = DIRECTION('',(0.,0.,1.));
#10513 = DEFINITIONAL_REPRESENTATION('',(#10514),#10518);
#10514 = LINE('',#10515,#10516);
#10515 = CARTESIAN_POINT('',(0.,0.));
#10516 = VECTOR('',#10517,1.);
#10517 = DIRECTION('',(0.,1.));
#10518 = ( GEOMETRIC_REPRESENTATION_CONTEXT(2) 
PARAMETRIC_REPRESENTATION_CONTEXT() REPRESENTATION_CONTEXT('2D SPACE',''
  ) );
#10519 = ORIENTED_EDGE('',*,*,#10520,.F.);
#10520 = EDGE_CURVE('',#10521,#10493,#10523,.T.);
#10521 = VERTEX_POINT('',#10522);
#10522 = CARTESIAN_POINT('',(-63.,73.,74.));
#10523 = SURFACE_CURVE('',#10524,(#10528,#10535),.PCURVE_S1.);
#10524 = LINE('',#10525,#10526);
#10525 = CARTESIAN_POINT('',(-63.,-47.,74.));
#10526 = VECTOR('',#10527,1.);
#10527 = DIRECTION('',(0.,1.,0.));
#10528 = PCURVE('',#3807,#10529);
#10529 = DEFINITIONAL_REPRESENTATION('',(#10530),#10534);
#10530 = LINE('',#10531,#10532);
#10531 = CARTESIAN_POINT('',(40.,0.));
#10532 = VECTOR('',#10533,1.);
#10533 = DIRECTION('',(0.,1.));
#10534 = ( GEOMETRIC_REPRESENTATION_CONTEXT(2) 
PARAMETRIC_REPRESENTATION_CONTEXT() REPRESENTATION_CONTEXT('2D SPACE',''
  ) );
#10535 = PCURVE('',#10536,#10541);
#10536 = PLANE('',#10537);
#10537 = AXIS2_PLACEMENT_3D('',#10538,#10539,#10540);
#10538 = CARTESIAN_POINT('',(-63.,-47.,74.));
#10539 = DIRECTION('',(1.,0.,0.));
#10540 = DIRECTION('',(0.,0.,1.));
#10541 = DEFINITIONAL_REPRESENTATION('',(#10542),#10546);
#10542 = LINE('',#10543,#10544);
#10543 = CARTESIAN_POINT('',(0.,0.));
#10544 = VECTOR('',#10545,1.);
#10545 = DIRECTION('',(0.,-1.));
#10546 = ( GEOMETRIC_REPRESENTATION_CONTEXT(2) 
PARAMETRIC_REPRESENTATION_CONTEXT() REPRESENTATION_CONTEXT('2D SPACE',''
  ) );
#10547 = ORIENTED_EDGE('',*,*,#10548,.F.);
#10548 = EDGE_CURVE('',#10463,#10521,#10549,.T.);
#10549 = SURFACE_CURVE('',#10550,(#10554,#10561),.PCURVE_S1.);
#10550 = LINE('',#10551,#10552);
#10551 = CARTESIAN_POINT('',(-136.,73.,74.));
#10552 = VECTOR('',#10553,1.);
#10553 = DIRECTION('',(1.,0.,0.));
#10554 = PCURVE('',#3807,#10555);
#10555 = DEFINITIONAL_REPRESENTATION('',(#10556),#10560);
#10556 = LINE('',#10557,#10558);
#10557 = CARTESIAN_POINT('',(-33.,120.));
#10558 = VECTOR('',#10559,1.);
#10559 = DIRECTION('',(1.,0.));
#10560 = ( GEOMETRIC_REPRESENTATION_CONTEXT(2) 
PARAMETRIC_REPRESENTATION_CONTEXT() REPRESENTATION_CONTEXT('2D SPACE',''
  ) );
#10561 = PCURVE('',#10562,#10567);
#10562 = PLANE('',#10563);
#10563 = AXIS2_PLACEMENT_3D('',#10564,#10565,#10566);
#10564 = CARTESIAN_POINT('',(-136.,73.,74.));
#10565 = DIRECTION('',(0.,1.,0.));
#10566 = DIRECTION('',(0.,0.,1.));
#10567 = DEFINITIONAL_REPRESENTATION('',(#10568),#10572);
#10568 = LINE('',#10569,#10570);
#10569 = CARTESIAN_POINT('',(0.,0.));
#10570 = VECTOR('',#10571,1.);
#10571 = DIRECTION('',(0.,1.));
#10572 = ( GEOMETRIC_REPRESENTATION_CONTEXT(2) 
PARAMETRIC_REPRESENTATION_CONTEXT() REPRESENTATION_CONTEXT('2D SPACE',''
  ) );
#10573 = FACE_BOUND('',#10574,.F.);
#10574 = EDGE_LOOP('',(#10575,#10605,#10633,#10661,#10689,#10715,#10743,
    #10771,#10799,#10820,#10848,#10876,#10904,#10932,#10958,#10986,
    #11014,#11042,#11063,#11091,#11119,#11147,#11175,#11201,#11229,
    #11257,#11285,#11306,#11334,#11362,#11390,#11418,#11444,#11472,
    #11500,#11528));
#10575 = ORIENTED_EDGE('',*,*,#10576,.F.);
#10576 = EDGE_CURVE('',#10577,#10579,#10581,.T.);
#10577 = VERTEX_POINT('',#10578);
#10578 = CARTESIAN_POINT('',(-57.,73.,74.));
#10579 = VERTEX_POINT('',#10580);
#10580 = CARTESIAN_POINT('',(-40.,73.,74.));
#10581 = SURFACE_CURVE('',#10582,(#10586,#10593),.PCURVE_S1.);
#10582 = LINE('',#10583,#10584);
#10583 = CARTESIAN_POINT('',(-136.,73.,74.));
#10584 = VECTOR('',#10585,1.);
#10585 = DIRECTION('',(1.,0.,0.));
#10586 = PCURVE('',#3807,#10587);
#10587 = DEFINITIONAL_REPRESENTATION('',(#10588),#10592);
#10588 = LINE('',#10589,#10590);
#10589 = CARTESIAN_POINT('',(-33.,120.));
#10590 = VECTOR('',#10591,1.);
#10591 = DIRECTION('',(1.,0.));
#10592 = ( GEOMETRIC_REPRESENTATION_CONTEXT(2) 
PARAMETRIC_REPRESENTATION_CONTEXT() REPRESENTATION_CONTEXT('2D SPACE',''
  ) );
#10593 = PCURVE('',#10594,#10599);
#10594 = PLANE('',#10595);
#10595 = AXIS2_PLACEMENT_3D('',#10596,#10597,#10598);
#10596 = CARTESIAN_POINT('',(-136.,73.,74.));
#10597 = DIRECTION('',(0.,1.,0.));
#10598 = DIRECTION('',(0.,0.,1.));
#10599 = DEFINITIONAL_REPRESENTATION('',(#10600),#10604);
#10600 = LINE('',#10601,#10602);
#10601 = CARTESIAN_POINT('',(0.,0.));
#10602 = VECTOR('',#10603,1.);
#10603 = DIRECTION('',(0.,1.));
#10604 = ( GEOMETRIC_REPRESENTATION_CONTEXT(2) 
PARAMETRIC_REPRESENTATION_CONTEXT() REPRESENTATION_CONTEXT('2D SPACE',''
  ) );
#10605 = ORIENTED_EDGE('',*,*,#10606,.T.);
#10606 = EDGE_CURVE('',#10577,#10607,#10609,.T.);
#10607 = VERTEX_POINT('',#10608);
#10608 = CARTESIAN_POINT('',(-57.,107.,74.));
#10609 = SURFACE_CURVE('',#10610,(#10614,#10621),.PCURVE_S1.);
#10610 = LINE('',#10611,#10612);
#10611 = CARTESIAN_POINT('',(-57.,-47.,74.));
#10612 = VECTOR('',#10613,1.);
#10613 = DIRECTION('',(0.,1.,0.));
#10614 = PCURVE('',#3807,#10615);
#10615 = DEFINITIONAL_REPRESENTATION('',(#10616),#10620);
#10616 = LINE('',#10617,#10618);
#10617 = CARTESIAN_POINT('',(46.,0.));
#10618 = VECTOR('',#10619,1.);
#10619 = DIRECTION('',(0.,1.));
#10620 = ( GEOMETRIC_REPRESENTATION_CONTEXT(2) 
PARAMETRIC_REPRESENTATION_CONTEXT() REPRESENTATION_CONTEXT('2D SPACE',''
  ) );
#10621 = PCURVE('',#10622,#10627);
#10622 = PLANE('',#10623);
#10623 = AXIS2_PLACEMENT_3D('',#10624,#10625,#10626);
#10624 = CARTESIAN_POINT('',(-57.,-47.,74.));
#10625 = DIRECTION('',(1.,0.,0.));
#10626 = DIRECTION('',(0.,0.,1.));
#10627 = DEFINITIONAL_REPRESENTATION('',(#10628),#10632);
#10628 = LINE('',#10629,#10630);
#10629 = CARTESIAN_POINT('',(0.,0.));
#10630 = VECTOR('',#10631,1.);
#10631 = DIRECTION('',(0.,-1.));
#10632 = ( GEOMETRIC_REPRESENTATION_CONTEXT(2) 
PARAMETRIC_REPRESENTATION_CONTEXT() REPRESENTATION_CONTEXT('2D SPACE',''
  ) );
#10633 = ORIENTED_EDGE('',*,*,#10634,.T.);
#10634 = EDGE_CURVE('',#10607,#10635,#10637,.T.);
#10635 = VERTEX_POINT('',#10636);
#10636 = CARTESIAN_POINT('',(-23.,107.,74.));
#10637 = SURFACE_CURVE('',#10638,(#10642,#10649),.PCURVE_S1.);
#10638 = LINE('',#10639,#10640);
#10639 = CARTESIAN_POINT('',(-136.,107.,74.));
#10640 = VECTOR('',#10641,1.);
#10641 = DIRECTION('',(1.,0.,0.));
#10642 = PCURVE('',#3807,#10643);
#10643 = DEFINITIONAL_REPRESENTATION('',(#10644),#10648);
#10644 = LINE('',#10645,#10646);
#10645 = CARTESIAN_POINT('',(-33.,154.));
#10646 = VECTOR('',#10647,1.);
#10647 = DIRECTION('',(1.,0.));
#10648 = ( GEOMETRIC_REPRESENTATION_CONTEXT(2) 
PARAMETRIC_REPRESENTATION_CONTEXT() REPRESENTATION_CONTEXT('2D SPACE',''
  ) );
#10649 = PCURVE('',#10650,#10655);
#10650 = PLANE('',#10651);
#10651 = AXIS2_PLACEMENT_3D('',#10652,#10653,#10654);
#10652 = CARTESIAN_POINT('',(-136.,107.,74.));
#10653 = DIRECTION('',(0.,1.,0.));
#10654 = DIRECTION('',(0.,0.,1.));
#10655 = DEFINITIONAL_REPRESENTATION('',(#10656),#10660);
#10656 = LINE('',#10657,#10658);
#10657 = CARTESIAN_POINT('',(0.,0.));
#10658 = VECTOR('',#10659,1.);
#10659 = DIRECTION('',(0.,1.));
#10660 = ( GEOMETRIC_REPRESENTATION_CONTEXT(2) 
PARAMETRIC_REPRESENTATION_CONTEXT() REPRESENTATION_CONTEXT('2D SPACE',''
  ) );
#10661 = ORIENTED_EDGE('',*,*,#10662,.F.);
#10662 = EDGE_CURVE('',#10663,#10635,#10665,.T.);
#10663 = VERTEX_POINT('',#10664);
#10664 = CARTESIAN_POINT('',(-23.,82.,74.));
#10665 = SURFACE_CURVE('',#10666,(#10670,#10677),.PCURVE_S1.);
#10666 = LINE('',#10667,#10668);
#10667 = CARTESIAN_POINT('',(-23.,-47.,74.));
#10668 = VECTOR('',#10669,1.);
#10669 = DIRECTION('',(0.,1.,0.));
#10670 = PCURVE('',#3807,#10671);
#10671 = DEFINITIONAL_REPRESENTATION('',(#10672),#10676);
#10672 = LINE('',#10673,#10674);
#10673 = CARTESIAN_POINT('',(80.,0.));
#10674 = VECTOR('',#10675,1.);
#10675 = DIRECTION('',(0.,1.));
#10676 = ( GEOMETRIC_REPRESENTATION_CONTEXT(2) 
PARAMETRIC_REPRESENTATION_CONTEXT() REPRESENTATION_CONTEXT('2D SPACE',''
  ) );
#10677 = PCURVE('',#10678,#10683);
#10678 = PLANE('',#10679);
#10679 = AXIS2_PLACEMENT_3D('',#10680,#10681,#10682);
#10680 = CARTESIAN_POINT('',(-23.,-47.,74.));
#10681 = DIRECTION('',(1.,0.,0.));
#10682 = DIRECTION('',(0.,0.,1.));
#10683 = DEFINITIONAL_REPRESENTATION('',(#10684),#10688);
#10684 = LINE('',#10685,#10686);
#10685 = CARTESIAN_POINT('',(0.,0.));
#10686 = VECTOR('',#10687,1.);
#10687 = DIRECTION('',(0.,-1.));
#10688 = ( GEOMETRIC_REPRESENTATION_CONTEXT(2) 
PARAMETRIC_REPRESENTATION_CONTEXT() REPRESENTATION_CONTEXT('2D SPACE',''
  ) );
#10689 = ORIENTED_EDGE('',*,*,#10690,.F.);
#10690 = EDGE_CURVE('',#10691,#10663,#10693,.T.);
#10691 = VERTEX_POINT('',#10692);
#10692 = CARTESIAN_POINT('',(-17.,82.,74.));
#10693 = SURFACE_CURVE('',#10694,(#10698,#10704),.PCURVE_S1.);
#10694 = LINE('',#10695,#10696);
#10695 = CARTESIAN_POINT('',(-71.5,82.,74.));
#10696 = VECTOR('',#10697,1.);
#10697 = DIRECTION('',(-1.,0.,0.));
#10698 = PCURVE('',#3807,#10699);
#10699 = DEFINITIONAL_REPRESENTATION('',(#10700),#10703);
#10700 = B_SPLINE_CURVE_WITH_KNOTS('',1,(#10701,#10702),.UNSPECIFIED.,
  .F.,.F.,(2,2),(-111.5,-31.5),.PIECEWISE_BEZIER_KNOTS.);
#10701 = CARTESIAN_POINT('',(143.,129.));
#10702 = CARTESIAN_POINT('',(63.,129.));
#10703 = ( GEOMETRIC_REPRESENTATION_CONTEXT(2) 
PARAMETRIC_REPRESENTATION_CONTEXT() REPRESENTATION_CONTEXT('2D SPACE',''
  ) );
#10704 = PCURVE('',#10705,#10710);
#10705 = PLANE('',#10706);
#10706 = AXIS2_PLACEMENT_3D('',#10707,#10708,#10709);
#10707 = CARTESIAN_POINT('',(-40.,82.,70.));
#10708 = DIRECTION('',(0.,1.,0.));
#10709 = DIRECTION('',(0.,0.,1.));
#10710 = DEFINITIONAL_REPRESENTATION('',(#10711),#10714);
#10711 = B_SPLINE_CURVE_WITH_KNOTS('',1,(#10712,#10713),.UNSPECIFIED.,
  .F.,.F.,(2,2),(-111.5,-31.5),.PIECEWISE_BEZIER_KNOTS.);
#10712 = CARTESIAN_POINT('',(4.,80.));
#10713 = CARTESIAN_POINT('',(4.,0.));
#10714 = ( GEOMETRIC_REPRESENTATION_CONTEXT(2) 
PARAMETRIC_REPRESENTATION_CONTEXT() REPRESENTATION_CONTEXT('2D SPACE',''
  ) );
#10715 = ORIENTED_EDGE('',*,*,#10716,.T.);
#10716 = EDGE_CURVE('',#10691,#10717,#10719,.T.);
#10717 = VERTEX_POINT('',#10718);
#10718 = CARTESIAN_POINT('',(-17.,107.,74.));
#10719 = SURFACE_CURVE('',#10720,(#10724,#10731),.PCURVE_S1.);
#10720 = LINE('',#10721,#10722);
#10721 = CARTESIAN_POINT('',(-17.,-47.,74.));
#10722 = VECTOR('',#10723,1.);
#10723 = DIRECTION('',(0.,1.,0.));
#10724 = PCURVE('',#3807,#10725);
#10725 = DEFINITIONAL_REPRESENTATION('',(#10726),#10730);
#10726 = LINE('',#10727,#10728);
#10727 = CARTESIAN_POINT('',(86.,0.));
#10728 = VECTOR('',#10729,1.);
#10729 = DIRECTION('',(0.,1.));
#10730 = ( GEOMETRIC_REPRESENTATION_CONTEXT(2) 
PARAMETRIC_REPRESENTATION_CONTEXT() REPRESENTATION_CONTEXT('2D SPACE',''
  ) );
#10731 = PCURVE('',#10732,#10737);
#10732 = PLANE('',#10733);
#10733 = AXIS2_PLACEMENT_3D('',#10734,#10735,#10736);
#10734 = CARTESIAN_POINT('',(-17.,-47.,74.));
#10735 = DIRECTION('',(1.,0.,0.));
#10736 = DIRECTION('',(0.,0.,1.));
#10737 = DEFINITIONAL_REPRESENTATION('',(#10738),#10742);
#10738 = LINE('',#10739,#10740);
#10739 = CARTESIAN_POINT('',(0.,0.));
#10740 = VECTOR('',#10741,1.);
#10741 = DIRECTION('',(0.,-1.));
#10742 = ( GEOMETRIC_REPRESENTATION_CONTEXT(2) 
PARAMETRIC_REPRESENTATION_CONTEXT() REPRESENTATION_CONTEXT('2D SPACE',''
  ) );
#10743 = ORIENTED_EDGE('',*,*,#10744,.T.);
#10744 = EDGE_CURVE('',#10717,#10745,#10747,.T.);
#10745 = VERTEX_POINT('',#10746);
#10746 = CARTESIAN_POINT('',(17.,107.,74.));
#10747 = SURFACE_CURVE('',#10748,(#10752,#10759),.PCURVE_S1.);
#10748 = LINE('',#10749,#10750);
#10749 = CARTESIAN_POINT('',(-136.,107.,74.));
#10750 = VECTOR('',#10751,1.);
#10751 = DIRECTION('',(1.,0.,0.));
#10752 = PCURVE('',#3807,#10753);
#10753 = DEFINITIONAL_REPRESENTATION('',(#10754),#10758);
#10754 = LINE('',#10755,#10756);
#10755 = CARTESIAN_POINT('',(-33.,154.));
#10756 = VECTOR('',#10757,1.);
#10757 = DIRECTION('',(1.,0.));
#10758 = ( GEOMETRIC_REPRESENTATION_CONTEXT(2) 
PARAMETRIC_REPRESENTATION_CONTEXT() REPRESENTATION_CONTEXT('2D SPACE',''
  ) );
#10759 = PCURVE('',#10760,#10765);
#10760 = PLANE('',#10761);
#10761 = AXIS2_PLACEMENT_3D('',#10762,#10763,#10764);
#10762 = CARTESIAN_POINT('',(-136.,107.,74.));
#10763 = DIRECTION('',(0.,1.,0.));
#10764 = DIRECTION('',(0.,0.,1.));
#10765 = DEFINITIONAL_REPRESENTATION('',(#10766),#10770);
#10766 = LINE('',#10767,#10768);
#10767 = CARTESIAN_POINT('',(0.,0.));
#10768 = VECTOR('',#10769,1.);
#10769 = DIRECTION('',(0.,1.));
#10770 = ( GEOMETRIC_REPRESENTATION_CONTEXT(2) 
PARAMETRIC_REPRESENTATION_CONTEXT() REPRESENTATION_CONTEXT('2D SPACE',''
  ) );
#10771 = ORIENTED_EDGE('',*,*,#10772,.F.);
#10772 = EDGE_CURVE('',#10773,#10745,#10775,.T.);
#10773 = VERTEX_POINT('',#10774);
#10774 = CARTESIAN_POINT('',(17.,82.,74.));
#10775 = SURFACE_CURVE('',#10776,(#10780,#10787),.PCURVE_S1.);
#10776 = LINE('',#10777,#10778);
#10777 = CARTESIAN_POINT('',(17.,-47.,74.));
#10778 = VECTOR('',#10779,1.);
#10779 = DIRECTION('',(0.,1.,0.));
#10780 = PCURVE('',#3807,#10781);
#10781 = DEFINITIONAL_REPRESENTATION('',(#10782),#10786);
#10782 = LINE('',#10783,#10784);
#10783 = CARTESIAN_POINT('',(120.,0.));
#10784 = VECTOR('',#10785,1.);
#10785 = DIRECTION('',(0.,1.));
#10786 = ( GEOMETRIC_REPRESENTATION_CONTEXT(2) 
PARAMETRIC_REPRESENTATION_CONTEXT() REPRESENTATION_CONTEXT('2D SPACE',''
  ) );
#10787 = PCURVE('',#10788,#10793);
#10788 = PLANE('',#10789);
#10789 = AXIS2_PLACEMENT_3D('',#10790,#10791,#10792);
#10790 = CARTESIAN_POINT('',(17.,-47.,74.));
#10791 = DIRECTION('',(1.,0.,0.));
#10792 = DIRECTION('',(0.,0.,1.));
#10793 = DEFINITIONAL_REPRESENTATION('',(#10794),#10798);
#10794 = LINE('',#10795,#10796);
#10795 = CARTESIAN_POINT('',(0.,0.));
#10796 = VECTOR('',#10797,1.);
#10797 = DIRECTION('',(0.,-1.));
#10798 = ( GEOMETRIC_REPRESENTATION_CONTEXT(2) 
PARAMETRIC_REPRESENTATION_CONTEXT() REPRESENTATION_CONTEXT('2D SPACE',''
  ) );
#10799 = ORIENTED_EDGE('',*,*,#10800,.F.);
#10800 = EDGE_CURVE('',#10801,#10773,#10803,.T.);
#10801 = VERTEX_POINT('',#10802);
#10802 = CARTESIAN_POINT('',(23.,82.,74.));
#10803 = SURFACE_CURVE('',#10804,(#10808,#10814),.PCURVE_S1.);
#10804 = LINE('',#10805,#10806);
#10805 = CARTESIAN_POINT('',(-71.5,82.,74.));
#10806 = VECTOR('',#10807,1.);
#10807 = DIRECTION('',(-1.,0.,0.));
#10808 = PCURVE('',#3807,#10809);
#10809 = DEFINITIONAL_REPRESENTATION('',(#10810),#10813);
#10810 = B_SPLINE_CURVE_WITH_KNOTS('',1,(#10811,#10812),.UNSPECIFIED.,
  .F.,.F.,(2,2),(-111.5,-31.5),.PIECEWISE_BEZIER_KNOTS.);
#10811 = CARTESIAN_POINT('',(143.,129.));
#10812 = CARTESIAN_POINT('',(63.,129.));
#10813 = ( GEOMETRIC_REPRESENTATION_CONTEXT(2) 
PARAMETRIC_REPRESENTATION_CONTEXT() REPRESENTATION_CONTEXT('2D SPACE',''
  ) );
#10814 = PCURVE('',#10705,#10815);
#10815 = DEFINITIONAL_REPRESENTATION('',(#10816),#10819);
#10816 = B_SPLINE_CURVE_WITH_KNOTS('',1,(#10817,#10818),.UNSPECIFIED.,
  .F.,.F.,(2,2),(-111.5,-31.5),.PIECEWISE_BEZIER_KNOTS.);
#10817 = CARTESIAN_POINT('',(4.,80.));
#10818 = CARTESIAN_POINT('',(4.,0.));
#10819 = ( GEOMETRIC_REPRESENTATION_CONTEXT(2) 
PARAMETRIC_REPRESENTATION_CONTEXT() REPRESENTATION_CONTEXT('2D SPACE',''
  ) );
#10820 = ORIENTED_EDGE('',*,*,#10821,.T.);
#10821 = EDGE_CURVE('',#10801,#10822,#10824,.T.);
#10822 = VERTEX_POINT('',#10823);
#10823 = CARTESIAN_POINT('',(23.,107.,74.));
#10824 = SURFACE_CURVE('',#10825,(#10829,#10836),.PCURVE_S1.);
#10825 = LINE('',#10826,#10827);
#10826 = CARTESIAN_POINT('',(23.,-47.,74.));
#10827 = VECTOR('',#10828,1.);
#10828 = DIRECTION('',(0.,1.,0.));
#10829 = PCURVE('',#3807,#10830);
#10830 = DEFINITIONAL_REPRESENTATION('',(#10831),#10835);
#10831 = LINE('',#10832,#10833);
#10832 = CARTESIAN_POINT('',(126.,0.));
#10833 = VECTOR('',#10834,1.);
#10834 = DIRECTION('',(0.,1.));
#10835 = ( GEOMETRIC_REPRESENTATION_CONTEXT(2) 
PARAMETRIC_REPRESENTATION_CONTEXT() REPRESENTATION_CONTEXT('2D SPACE',''
  ) );
#10836 = PCURVE('',#10837,#10842);
#10837 = PLANE('',#10838);
#10838 = AXIS2_PLACEMENT_3D('',#10839,#10840,#10841);
#10839 = CARTESIAN_POINT('',(23.,-47.,74.));
#10840 = DIRECTION('',(1.,0.,0.));
#10841 = DIRECTION('',(0.,0.,1.));
#10842 = DEFINITIONAL_REPRESENTATION('',(#10843),#10847);
#10843 = LINE('',#10844,#10845);
#10844 = CARTESIAN_POINT('',(0.,0.));
#10845 = VECTOR('',#10846,1.);
#10846 = DIRECTION('',(0.,-1.));
#10847 = ( GEOMETRIC_REPRESENTATION_CONTEXT(2) 
PARAMETRIC_REPRESENTATION_CONTEXT() REPRESENTATION_CONTEXT('2D SPACE',''
  ) );
#10848 = ORIENTED_EDGE('',*,*,#10849,.T.);
#10849 = EDGE_CURVE('',#10822,#10850,#10852,.T.);
#10850 = VERTEX_POINT('',#10851);
#10851 = CARTESIAN_POINT('',(57.,107.,74.));
#10852 = SURFACE_CURVE('',#10853,(#10857,#10864),.PCURVE_S1.);
#10853 = LINE('',#10854,#10855);
#10854 = CARTESIAN_POINT('',(-136.,107.,74.));
#10855 = VECTOR('',#10856,1.);
#10856 = DIRECTION('',(1.,0.,0.));
#10857 = PCURVE('',#3807,#10858);
#10858 = DEFINITIONAL_REPRESENTATION('',(#10859),#10863);
#10859 = LINE('',#10860,#10861);
#10860 = CARTESIAN_POINT('',(-33.,154.));
#10861 = VECTOR('',#10862,1.);
#10862 = DIRECTION('',(1.,0.));
#10863 = ( GEOMETRIC_REPRESENTATION_CONTEXT(2) 
PARAMETRIC_REPRESENTATION_CONTEXT() REPRESENTATION_CONTEXT('2D SPACE',''
  ) );
#10864 = PCURVE('',#10865,#10870);
#10865 = PLANE('',#10866);
#10866 = AXIS2_PLACEMENT_3D('',#10867,#10868,#10869);
#10867 = CARTESIAN_POINT('',(-136.,107.,74.));
#10868 = DIRECTION('',(0.,1.,0.));
#10869 = DIRECTION('',(0.,0.,1.));
#10870 = DEFINITIONAL_REPRESENTATION('',(#10871),#10875);
#10871 = LINE('',#10872,#10873);
#10872 = CARTESIAN_POINT('',(0.,0.));
#10873 = VECTOR('',#10874,1.);
#10874 = DIRECTION('',(0.,1.));
#10875 = ( GEOMETRIC_REPRESENTATION_CONTEXT(2) 
PARAMETRIC_REPRESENTATION_CONTEXT() REPRESENTATION_CONTEXT('2D SPACE',''
  ) );
#10876 = ORIENTED_EDGE('',*,*,#10877,.F.);
#10877 = EDGE_CURVE('',#10878,#10850,#10880,.T.);
#10878 = VERTEX_POINT('',#10879);
#10879 = CARTESIAN_POINT('',(57.,73.,74.));
#10880 = SURFACE_CURVE('',#10881,(#10885,#10892),.PCURVE_S1.);
#10881 = LINE('',#10882,#10883);
#10882 = CARTESIAN_POINT('',(57.,-47.,74.));
#10883 = VECTOR('',#10884,1.);
#10884 = DIRECTION('',(0.,1.,0.));
#10885 = PCURVE('',#3807,#10886);
#10886 = DEFINITIONAL_REPRESENTATION('',(#10887),#10891);
#10887 = LINE('',#10888,#10889);
#10888 = CARTESIAN_POINT('',(160.,0.));
#10889 = VECTOR('',#10890,1.);
#10890 = DIRECTION('',(0.,1.));
#10891 = ( GEOMETRIC_REPRESENTATION_CONTEXT(2) 
PARAMETRIC_REPRESENTATION_CONTEXT() REPRESENTATION_CONTEXT('2D SPACE',''
  ) );
#10892 = PCURVE('',#10893,#10898);
#10893 = PLANE('',#10894);
#10894 = AXIS2_PLACEMENT_3D('',#10895,#10896,#10897);
#10895 = CARTESIAN_POINT('',(57.,-47.,74.));
#10896 = DIRECTION('',(1.,0.,0.));
#10897 = DIRECTION('',(0.,0.,1.));
#10898 = DEFINITIONAL_REPRESENTATION('',(#10899),#10903);
#10899 = LINE('',#10900,#10901);
#10900 = CARTESIAN_POINT('',(0.,0.));
#10901 = VECTOR('',#10902,1.);
#10902 = DIRECTION('',(0.,-1.));
#10903 = ( GEOMETRIC_REPRESENTATION_CONTEXT(2) 
PARAMETRIC_REPRESENTATION_CONTEXT() REPRESENTATION_CONTEXT('2D SPACE',''
  ) );
#10904 = ORIENTED_EDGE('',*,*,#10905,.F.);
#10905 = EDGE_CURVE('',#10906,#10878,#10908,.T.);
#10906 = VERTEX_POINT('',#10907);
#10907 = CARTESIAN_POINT('',(40.,73.,74.));
#10908 = SURFACE_CURVE('',#10909,(#10913,#10920),.PCURVE_S1.);
#10909 = LINE('',#10910,#10911);
#10910 = CARTESIAN_POINT('',(-136.,73.,74.));
#10911 = VECTOR('',#10912,1.);
#10912 = DIRECTION('',(1.,0.,0.));
#10913 = PCURVE('',#3807,#10914);
#10914 = DEFINITIONAL_REPRESENTATION('',(#10915),#10919);
#10915 = LINE('',#10916,#10917);
#10916 = CARTESIAN_POINT('',(-33.,120.));
#10917 = VECTOR('',#10918,1.);
#10918 = DIRECTION('',(1.,0.));
#10919 = ( GEOMETRIC_REPRESENTATION_CONTEXT(2) 
PARAMETRIC_REPRESENTATION_CONTEXT() REPRESENTATION_CONTEXT('2D SPACE',''
  ) );
#10920 = PCURVE('',#10921,#10926);
#10921 = PLANE('',#10922);
#10922 = AXIS2_PLACEMENT_3D('',#10923,#10924,#10925);
#10923 = CARTESIAN_POINT('',(-136.,73.,74.));
#10924 = DIRECTION('',(0.,1.,0.));
#10925 = DIRECTION('',(0.,0.,1.));
#10926 = DEFINITIONAL_REPRESENTATION('',(#10927),#10931);
#10927 = LINE('',#10928,#10929);
#10928 = CARTESIAN_POINT('',(0.,0.));
#10929 = VECTOR('',#10930,1.);
#10930 = DIRECTION('',(0.,1.));
#10931 = ( GEOMETRIC_REPRESENTATION_CONTEXT(2) 
PARAMETRIC_REPRESENTATION_CONTEXT() REPRESENTATION_CONTEXT('2D SPACE',''
  ) );
#10932 = ORIENTED_EDGE('',*,*,#10933,.F.);
#10933 = EDGE_CURVE('',#10934,#10906,#10936,.T.);
#10934 = VERTEX_POINT('',#10935);
#10935 = CARTESIAN_POINT('',(40.,67.,74.));
#10936 = SURFACE_CURVE('',#10937,(#10941,#10947),.PCURVE_S1.);
#10937 = LINE('',#10938,#10939);
#10938 = CARTESIAN_POINT('',(40.,-14.5,74.));
#10939 = VECTOR('',#10940,1.);
#10940 = DIRECTION('',(0.,1.,0.));
#10941 = PCURVE('',#3807,#10942);
#10942 = DEFINITIONAL_REPRESENTATION('',(#10943),#10946);
#10943 = B_SPLINE_CURVE_WITH_KNOTS('',1,(#10944,#10945),.UNSPECIFIED.,
  .F.,.F.,(2,2),(32.5,96.5),.PIECEWISE_BEZIER_KNOTS.);
#10944 = CARTESIAN_POINT('',(143.,65.));
#10945 = CARTESIAN_POINT('',(143.,129.));
#10946 = ( GEOMETRIC_REPRESENTATION_CONTEXT(2) 
PARAMETRIC_REPRESENTATION_CONTEXT() REPRESENTATION_CONTEXT('2D SPACE',''
  ) );
#10947 = PCURVE('',#10948,#10953);
#10948 = PLANE('',#10949);
#10949 = AXIS2_PLACEMENT_3D('',#10950,#10951,#10952);
#10950 = CARTESIAN_POINT('',(40.,18.,70.));
#10951 = DIRECTION('',(1.,0.,0.));
#10952 = DIRECTION('',(0.,0.,1.));
#10953 = DEFINITIONAL_REPRESENTATION('',(#10954),#10957);
#10954 = B_SPLINE_CURVE_WITH_KNOTS('',1,(#10955,#10956),.UNSPECIFIED.,
  .F.,.F.,(2,2),(32.5,96.5),.PIECEWISE_BEZIER_KNOTS.);
#10955 = CARTESIAN_POINT('',(4.,0.));
#10956 = CARTESIAN_POINT('',(4.,-64.));
#10957 = ( GEOMETRIC_REPRESENTATION_CONTEXT(2) 
PARAMETRIC_REPRESENTATION_CONTEXT() REPRESENTATION_CONTEXT('2D SPACE',''
  ) );
#10958 = ORIENTED_EDGE('',*,*,#10959,.T.);
#10959 = EDGE_CURVE('',#10934,#10960,#10962,.T.);
#10960 = VERTEX_POINT('',#10961);
#10961 = CARTESIAN_POINT('',(57.,67.,74.));
#10962 = SURFACE_CURVE('',#10963,(#10967,#10974),.PCURVE_S1.);
#10963 = LINE('',#10964,#10965);
#10964 = CARTESIAN_POINT('',(-136.,67.,74.));
#10965 = VECTOR('',#10966,1.);
#10966 = DIRECTION('',(1.,0.,0.));
#10967 = PCURVE('',#3807,#10968);
#10968 = DEFINITIONAL_REPRESENTATION('',(#10969),#10973);
#10969 = LINE('',#10970,#10971);
#10970 = CARTESIAN_POINT('',(-33.,114.));
#10971 = VECTOR('',#10972,1.);
#10972 = DIRECTION('',(1.,0.));
#10973 = ( GEOMETRIC_REPRESENTATION_CONTEXT(2) 
PARAMETRIC_REPRESENTATION_CONTEXT() REPRESENTATION_CONTEXT('2D SPACE',''
  ) );
#10974 = PCURVE('',#10975,#10980);
#10975 = PLANE('',#10976);
#10976 = AXIS2_PLACEMENT_3D('',#10977,#10978,#10979);
#10977 = CARTESIAN_POINT('',(-136.,67.,74.));
#10978 = DIRECTION('',(0.,1.,0.));
#10979 = DIRECTION('',(0.,0.,1.));
#10980 = DEFINITIONAL_REPRESENTATION('',(#10981),#10985);
#10981 = LINE('',#10982,#10983);
#10982 = CARTESIAN_POINT('',(0.,0.));
#10983 = VECTOR('',#10984,1.);
#10984 = DIRECTION('',(0.,1.));
#10985 = ( GEOMETRIC_REPRESENTATION_CONTEXT(2) 
PARAMETRIC_REPRESENTATION_CONTEXT() REPRESENTATION_CONTEXT('2D SPACE',''
  ) );
#10986 = ORIENTED_EDGE('',*,*,#10987,.F.);
#10987 = EDGE_CURVE('',#10988,#10960,#10990,.T.);
#10988 = VERTEX_POINT('',#10989);
#10989 = CARTESIAN_POINT('',(57.,33.,74.));
#10990 = SURFACE_CURVE('',#10991,(#10995,#11002),.PCURVE_S1.);
#10991 = LINE('',#10992,#10993);
#10992 = CARTESIAN_POINT('',(57.,-47.,74.));
#10993 = VECTOR('',#10994,1.);
#10994 = DIRECTION('',(0.,1.,0.));
#10995 = PCURVE('',#3807,#10996);
#10996 = DEFINITIONAL_REPRESENTATION('',(#10997),#11001);
#10997 = LINE('',#10998,#10999);
#10998 = CARTESIAN_POINT('',(160.,0.));
#10999 = VECTOR('',#11000,1.);
#11000 = DIRECTION('',(0.,1.));
#11001 = ( GEOMETRIC_REPRESENTATION_CONTEXT(2) 
PARAMETRIC_REPRESENTATION_CONTEXT() REPRESENTATION_CONTEXT('2D SPACE',''
  ) );
#11002 = PCURVE('',#11003,#11008);
#11003 = PLANE('',#11004);
#11004 = AXIS2_PLACEMENT_3D('',#11005,#11006,#11007);
#11005 = CARTESIAN_POINT('',(57.,-47.,74.));
#11006 = DIRECTION('',(1.,0.,0.));
#11007 = DIRECTION('',(0.,0.,1.));
#11008 = DEFINITIONAL_REPRESENTATION('',(#11009),#11013);
#11009 = LINE('',#11010,#11011);
#11010 = CARTESIAN_POINT('',(0.,0.));
#11011 = VECTOR('',#11012,1.);
#11012 = DIRECTION('',(0.,-1.));
#11013 = ( GEOMETRIC_REPRESENTATION_CONTEXT(2) 
PARAMETRIC_REPRESENTATION_CONTEXT() REPRESENTATION_CONTEXT('2D SPACE',''
  ) );
#11014 = ORIENTED_EDGE('',*,*,#11015,.F.);
#11015 = EDGE_CURVE('',#11016,#10988,#11018,.T.);
#11016 = VERTEX_POINT('',#11017);
#11017 = CARTESIAN_POINT('',(40.,33.,74.));
#11018 = SURFACE_CURVE('',#11019,(#11023,#11030),.PCURVE_S1.);
#11019 = LINE('',#11020,#11021);
#11020 = CARTESIAN_POINT('',(-136.,33.,74.));
#11021 = VECTOR('',#11022,1.);
#11022 = DIRECTION('',(1.,0.,0.));
#11023 = PCURVE('',#3807,#11024);
#11024 = DEFINITIONAL_REPRESENTATION('',(#11025),#11029);
#11025 = LINE('',#11026,#11027);
#11026 = CARTESIAN_POINT('',(-33.,80.));
#11027 = VECTOR('',#11028,1.);
#11028 = DIRECTION('',(1.,0.));
#11029 = ( GEOMETRIC_REPRESENTATION_CONTEXT(2) 
PARAMETRIC_REPRESENTATION_CONTEXT() REPRESENTATION_CONTEXT('2D SPACE',''
  ) );
#11030 = PCURVE('',#11031,#11036);
#11031 = PLANE('',#11032);
#11032 = AXIS2_PLACEMENT_3D('',#11033,#11034,#11035);
#11033 = CARTESIAN_POINT('',(-136.,33.,74.));
#11034 = DIRECTION('',(0.,1.,0.));
#11035 = DIRECTION('',(0.,0.,1.));
#11036 = DEFINITIONAL_REPRESENTATION('',(#11037),#11041);
#11037 = LINE('',#11038,#11039);
#11038 = CARTESIAN_POINT('',(0.,0.));
#11039 = VECTOR('',#11040,1.);
#11040 = DIRECTION('',(0.,1.));
#11041 = ( GEOMETRIC_REPRESENTATION_CONTEXT(2) 
PARAMETRIC_REPRESENTATION_CONTEXT() REPRESENTATION_CONTEXT('2D SPACE',''
  ) );
#11042 = ORIENTED_EDGE('',*,*,#11043,.F.);
#11043 = EDGE_CURVE('',#11044,#11016,#11046,.T.);
#11044 = VERTEX_POINT('',#11045);
#11045 = CARTESIAN_POINT('',(40.,27.,74.));
#11046 = SURFACE_CURVE('',#11047,(#11051,#11057),.PCURVE_S1.);
#11047 = LINE('',#11048,#11049);
#11048 = CARTESIAN_POINT('',(40.,-14.5,74.));
#11049 = VECTOR('',#11050,1.);
#11050 = DIRECTION('',(0.,1.,0.));
#11051 = PCURVE('',#3807,#11052);
#11052 = DEFINITIONAL_REPRESENTATION('',(#11053),#11056);
#11053 = B_SPLINE_CURVE_WITH_KNOTS('',1,(#11054,#11055),.UNSPECIFIED.,
  .F.,.F.,(2,2),(32.5,96.5),.PIECEWISE_BEZIER_KNOTS.);
#11054 = CARTESIAN_POINT('',(143.,65.));
#11055 = CARTESIAN_POINT('',(143.,129.));
#11056 = ( GEOMETRIC_REPRESENTATION_CONTEXT(2) 
PARAMETRIC_REPRESENTATION_CONTEXT() REPRESENTATION_CONTEXT('2D SPACE',''
  ) );
#11057 = PCURVE('',#10948,#11058);
#11058 = DEFINITIONAL_REPRESENTATION('',(#11059),#11062);
#11059 = B_SPLINE_CURVE_WITH_KNOTS('',1,(#11060,#11061),.UNSPECIFIED.,
  .F.,.F.,(2,2),(32.5,96.5),.PIECEWISE_BEZIER_KNOTS.);
#11060 = CARTESIAN_POINT('',(4.,0.));
#11061 = CARTESIAN_POINT('',(4.,-64.));
#11062 = ( GEOMETRIC_REPRESENTATION_CONTEXT(2) 
PARAMETRIC_REPRESENTATION_CONTEXT() REPRESENTATION_CONTEXT('2D SPACE',''
  ) );
#11063 = ORIENTED_EDGE('',*,*,#11064,.T.);
#11064 = EDGE_CURVE('',#11044,#11065,#11067,.T.);
#11065 = VERTEX_POINT('',#11066);
#11066 = CARTESIAN_POINT('',(57.,27.,74.));
#11067 = SURFACE_CURVE('',#11068,(#11072,#11079),.PCURVE_S1.);
#11068 = LINE('',#11069,#11070);
#11069 = CARTESIAN_POINT('',(-136.,27.,74.));
#11070 = VECTOR('',#11071,1.);
#11071 = DIRECTION('',(1.,0.,0.));
#11072 = PCURVE('',#3807,#11073);
#11073 = DEFINITIONAL_REPRESENTATION('',(#11074),#11078);
#11074 = LINE('',#11075,#11076);
#11075 = CARTESIAN_POINT('',(-33.,74.));
#11076 = VECTOR('',#11077,1.);
#11077 = DIRECTION('',(1.,0.));
#11078 = ( GEOMETRIC_REPRESENTATION_CONTEXT(2) 
PARAMETRIC_REPRESENTATION_CONTEXT() REPRESENTATION_CONTEXT('2D SPACE',''
  ) );
#11079 = PCURVE('',#11080,#11085);
#11080 = PLANE('',#11081);
#11081 = AXIS2_PLACEMENT_3D('',#11082,#11083,#11084);
#11082 = CARTESIAN_POINT('',(-136.,27.,74.));
#11083 = DIRECTION('',(0.,1.,0.));
#11084 = DIRECTION('',(0.,0.,1.));
#11085 = DEFINITIONAL_REPRESENTATION('',(#11086),#11090);
#11086 = LINE('',#11087,#11088);
#11087 = CARTESIAN_POINT('',(0.,0.));
#11088 = VECTOR('',#11089,1.);
#11089 = DIRECTION('',(0.,1.));
#11090 = ( GEOMETRIC_REPRESENTATION_CONTEXT(2) 
PARAMETRIC_REPRESENTATION_CONTEXT() REPRESENTATION_CONTEXT('2D SPACE',''
  ) );
#11091 = ORIENTED_EDGE('',*,*,#11092,.F.);
#11092 = EDGE_CURVE('',#11093,#11065,#11095,.T.);
#11093 = VERTEX_POINT('',#11094);
#11094 = CARTESIAN_POINT('',(57.,-7.,74.));
#11095 = SURFACE_CURVE('',#11096,(#11100,#11107),.PCURVE_S1.);
#11096 = LINE('',#11097,#11098);
#11097 = CARTESIAN_POINT('',(57.,-47.,74.));
#11098 = VECTOR('',#11099,1.);
#11099 = DIRECTION('',(0.,1.,0.));
#11100 = PCURVE('',#3807,#11101);
#11101 = DEFINITIONAL_REPRESENTATION('',(#11102),#11106);
#11102 = LINE('',#11103,#11104);
#11103 = CARTESIAN_POINT('',(160.,0.));
#11104 = VECTOR('',#11105,1.);
#11105 = DIRECTION('',(0.,1.));
#11106 = ( GEOMETRIC_REPRESENTATION_CONTEXT(2) 
PARAMETRIC_REPRESENTATION_CONTEXT() REPRESENTATION_CONTEXT('2D SPACE',''
  ) );
#11107 = PCURVE('',#11108,#11113);
#11108 = PLANE('',#11109);
#11109 = AXIS2_PLACEMENT_3D('',#11110,#11111,#11112);
#11110 = CARTESIAN_POINT('',(57.,-47.,74.));
#11111 = DIRECTION('',(1.,0.,0.));
#11112 = DIRECTION('',(0.,0.,1.));
#11113 = DEFINITIONAL_REPRESENTATION('',(#11114),#11118);
#11114 = LINE('',#11115,#11116);
#11115 = CARTESIAN_POINT('',(0.,0.));
#11116 = VECTOR('',#11117,1.);
#11117 = DIRECTION('',(0.,-1.));
#11118 = ( GEOMETRIC_REPRESENTATION_CONTEXT(2) 
PARAMETRIC_REPRESENTATION_CONTEXT() REPRESENTATION_CONTEXT('2D SPACE',''
  ) );
#11119 = ORIENTED_EDGE('',*,*,#11120,.F.);
#11120 = EDGE_CURVE('',#11121,#11093,#11123,.T.);
#11121 = VERTEX_POINT('',#11122);
#11122 = CARTESIAN_POINT('',(23.,-7.,74.));
#11123 = SURFACE_CURVE('',#11124,(#11128,#11135),.PCURVE_S1.);
#11124 = LINE('',#11125,#11126);
#11125 = CARTESIAN_POINT('',(-136.,-7.,74.));
#11126 = VECTOR('',#11127,1.);
#11127 = DIRECTION('',(1.,0.,0.));
#11128 = PCURVE('',#3807,#11129);
#11129 = DEFINITIONAL_REPRESENTATION('',(#11130),#11134);
#11130 = LINE('',#11131,#11132);
#11131 = CARTESIAN_POINT('',(-33.,40.));
#11132 = VECTOR('',#11133,1.);
#11133 = DIRECTION('',(1.,0.));
#11134 = ( GEOMETRIC_REPRESENTATION_CONTEXT(2) 
PARAMETRIC_REPRESENTATION_CONTEXT() REPRESENTATION_CONTEXT('2D SPACE',''
  ) );
#11135 = PCURVE('',#11136,#11141);
#11136 = PLANE('',#11137);
#11137 = AXIS2_PLACEMENT_3D('',#11138,#11139,#11140);
#11138 = CARTESIAN_POINT('',(-136.,-7.,74.));
#11139 = DIRECTION('',(0.,1.,0.));
#11140 = DIRECTION('',(0.,0.,1.));
#11141 = DEFINITIONAL_REPRESENTATION('',(#11142),#11146);
#11142 = LINE('',#11143,#11144);
#11143 = CARTESIAN_POINT('',(0.,0.));
#11144 = VECTOR('',#11145,1.);
#11145 = DIRECTION('',(0.,1.));
#11146 = ( GEOMETRIC_REPRESENTATION_CONTEXT(2) 
PARAMETRIC_REPRESENTATION_CONTEXT() REPRESENTATION_CONTEXT('2D SPACE',''
  ) );
#11147 = ORIENTED_EDGE('',*,*,#11148,.T.);
#11148 = EDGE_CURVE('',#11121,#11149,#11151,.T.);
#11149 = VERTEX_POINT('',#11150);
#11150 = CARTESIAN_POINT('',(23.,18.,74.));
#11151 = SURFACE_CURVE('',#11152,(#11156,#11163),.PCURVE_S1.);
#11152 = LINE('',#11153,#11154);
#11153 = CARTESIAN_POINT('',(23.,-47.,74.));
#11154 = VECTOR('',#11155,1.);
#11155 = DIRECTION('',(0.,1.,0.));
#11156 = PCURVE('',#3807,#11157);
#11157 = DEFINITIONAL_REPRESENTATION('',(#11158),#11162);
#11158 = LINE('',#11159,#11160);
#11159 = CARTESIAN_POINT('',(126.,0.));
#11160 = VECTOR('',#11161,1.);
#11161 = DIRECTION('',(0.,1.));
#11162 = ( GEOMETRIC_REPRESENTATION_CONTEXT(2) 
PARAMETRIC_REPRESENTATION_CONTEXT() REPRESENTATION_CONTEXT('2D SPACE',''
  ) );
#11163 = PCURVE('',#11164,#11169);
#11164 = PLANE('',#11165);
#11165 = AXIS2_PLACEMENT_3D('',#11166,#11167,#11168);
#11166 = CARTESIAN_POINT('',(23.,-47.,74.));
#11167 = DIRECTION('',(1.,0.,0.));
#11168 = DIRECTION('',(0.,0.,1.));
#11169 = DEFINITIONAL_REPRESENTATION('',(#11170),#11174);
#11170 = LINE('',#11171,#11172);
#11171 = CARTESIAN_POINT('',(0.,0.));
#11172 = VECTOR('',#11173,1.);
#11173 = DIRECTION('',(0.,-1.));
#11174 = ( GEOMETRIC_REPRESENTATION_CONTEXT(2) 
PARAMETRIC_REPRESENTATION_CONTEXT() REPRESENTATION_CONTEXT('2D SPACE',''
  ) );
#11175 = ORIENTED_EDGE('',*,*,#11176,.T.);
#11176 = EDGE_CURVE('',#11149,#11177,#11179,.T.);
#11177 = VERTEX_POINT('',#11178);
#11178 = CARTESIAN_POINT('',(17.,18.,74.));
#11179 = SURFACE_CURVE('',#11180,(#11184,#11190),.PCURVE_S1.);
#11180 = LINE('',#11181,#11182);
#11181 = CARTESIAN_POINT('',(-71.5,18.,74.));
#11182 = VECTOR('',#11183,1.);
#11183 = DIRECTION('',(-1.,0.,0.));
#11184 = PCURVE('',#3807,#11185);
#11185 = DEFINITIONAL_REPRESENTATION('',(#11186),#11189);
#11186 = B_SPLINE_CURVE_WITH_KNOTS('',1,(#11187,#11188),.UNSPECIFIED.,
  .F.,.F.,(2,2),(-111.5,-31.5),.PIECEWISE_BEZIER_KNOTS.);
#11187 = CARTESIAN_POINT('',(143.,65.));
#11188 = CARTESIAN_POINT('',(63.,65.));
#11189 = ( GEOMETRIC_REPRESENTATION_CONTEXT(2) 
PARAMETRIC_REPRESENTATION_CONTEXT() REPRESENTATION_CONTEXT('2D SPACE',''
  ) );
#11190 = PCURVE('',#11191,#11196);
#11191 = PLANE('',#11192);
#11192 = AXIS2_PLACEMENT_3D('',#11193,#11194,#11195);
#11193 = CARTESIAN_POINT('',(-40.,18.,70.));
#11194 = DIRECTION('',(0.,1.,0.));
#11195 = DIRECTION('',(0.,0.,1.));
#11196 = DEFINITIONAL_REPRESENTATION('',(#11197),#11200);
#11197 = B_SPLINE_CURVE_WITH_KNOTS('',1,(#11198,#11199),.UNSPECIFIED.,
  .F.,.F.,(2,2),(-111.5,-31.5),.PIECEWISE_BEZIER_KNOTS.);
#11198 = CARTESIAN_POINT('',(4.,80.));
#11199 = CARTESIAN_POINT('',(4.,0.));
#11200 = ( GEOMETRIC_REPRESENTATION_CONTEXT(2) 
PARAMETRIC_REPRESENTATION_CONTEXT() REPRESENTATION_CONTEXT('2D SPACE',''
  ) );
#11201 = ORIENTED_EDGE('',*,*,#11202,.F.);
#11202 = EDGE_CURVE('',#11203,#11177,#11205,.T.);
#11203 = VERTEX_POINT('',#11204);
#11204 = CARTESIAN_POINT('',(17.,-7.,74.));
#11205 = SURFACE_CURVE('',#11206,(#11210,#11217),.PCURVE_S1.);
#11206 = LINE('',#11207,#11208);
#11207 = CARTESIAN_POINT('',(17.,-47.,74.));
#11208 = VECTOR('',#11209,1.);
#11209 = DIRECTION('',(0.,1.,0.));
#11210 = PCURVE('',#3807,#11211);
#11211 = DEFINITIONAL_REPRESENTATION('',(#11212),#11216);
#11212 = LINE('',#11213,#11214);
#11213 = CARTESIAN_POINT('',(120.,0.));
#11214 = VECTOR('',#11215,1.);
#11215 = DIRECTION('',(0.,1.));
#11216 = ( GEOMETRIC_REPRESENTATION_CONTEXT(2) 
PARAMETRIC_REPRESENTATION_CONTEXT() REPRESENTATION_CONTEXT('2D SPACE',''
  ) );
#11217 = PCURVE('',#11218,#11223);
#11218 = PLANE('',#11219);
#11219 = AXIS2_PLACEMENT_3D('',#11220,#11221,#11222);
#11220 = CARTESIAN_POINT('',(17.,-47.,74.));
#11221 = DIRECTION('',(1.,0.,0.));
#11222 = DIRECTION('',(0.,0.,1.));
#11223 = DEFINITIONAL_REPRESENTATION('',(#11224),#11228);
#11224 = LINE('',#11225,#11226);
#11225 = CARTESIAN_POINT('',(0.,0.));
#11226 = VECTOR('',#11227,1.);
#11227 = DIRECTION('',(0.,-1.));
#11228 = ( GEOMETRIC_REPRESENTATION_CONTEXT(2) 
PARAMETRIC_REPRESENTATION_CONTEXT() REPRESENTATION_CONTEXT('2D SPACE',''
  ) );
#11229 = ORIENTED_EDGE('',*,*,#11230,.F.);
#11230 = EDGE_CURVE('',#11231,#11203,#11233,.T.);
#11231 = VERTEX_POINT('',#11232);
#11232 = CARTESIAN_POINT('',(-17.,-7.,74.));
#11233 = SURFACE_CURVE('',#11234,(#11238,#11245),.PCURVE_S1.);
#11234 = LINE('',#11235,#11236);
#11235 = CARTESIAN_POINT('',(-136.,-7.,74.));
#11236 = VECTOR('',#11237,1.);
#11237 = DIRECTION('',(1.,0.,0.));
#11238 = PCURVE('',#3807,#11239);
#11239 = DEFINITIONAL_REPRESENTATION('',(#11240),#11244);
#11240 = LINE('',#11241,#11242);
#11241 = CARTESIAN_POINT('',(-33.,40.));
#11242 = VECTOR('',#11243,1.);
#11243 = DIRECTION('',(1.,0.));
#11244 = ( GEOMETRIC_REPRESENTATION_CONTEXT(2) 
PARAMETRIC_REPRESENTATION_CONTEXT() REPRESENTATION_CONTEXT('2D SPACE',''
  ) );
#11245 = PCURVE('',#11246,#11251);
#11246 = PLANE('',#11247);
#11247 = AXIS2_PLACEMENT_3D('',#11248,#11249,#11250);
#11248 = CARTESIAN_POINT('',(-136.,-7.,74.));
#11249 = DIRECTION('',(0.,1.,0.));
#11250 = DIRECTION('',(0.,0.,1.));
#11251 = DEFINITIONAL_REPRESENTATION('',(#11252),#11256);
#11252 = LINE('',#11253,#11254);
#11253 = CARTESIAN_POINT('',(0.,0.));
#11254 = VECTOR('',#11255,1.);
#11255 = DIRECTION('',(0.,1.));
#11256 = ( GEOMETRIC_REPRESENTATION_CONTEXT(2) 
PARAMETRIC_REPRESENTATION_CONTEXT() REPRESENTATION_CONTEXT('2D SPACE',''
  ) );
#11257 = ORIENTED_EDGE('',*,*,#11258,.T.);
#11258 = EDGE_CURVE('',#11231,#11259,#11261,.T.);
#11259 = VERTEX_POINT('',#11260);
#11260 = CARTESIAN_POINT('',(-17.,18.,74.));
#11261 = SURFACE_CURVE('',#11262,(#11266,#11273),.PCURVE_S1.);
#11262 = LINE('',#11263,#11264);
#11263 = CARTESIAN_POINT('',(-17.,-47.,74.));
#11264 = VECTOR('',#11265,1.);
#11265 = DIRECTION('',(0.,1.,0.));
#11266 = PCURVE('',#3807,#11267);
#11267 = DEFINITIONAL_REPRESENTATION('',(#11268),#11272);
#11268 = LINE('',#11269,#11270);
#11269 = CARTESIAN_POINT('',(86.,0.));
#11270 = VECTOR('',#11271,1.);
#11271 = DIRECTION('',(0.,1.));
#11272 = ( GEOMETRIC_REPRESENTATION_CONTEXT(2) 
PARAMETRIC_REPRESENTATION_CONTEXT() REPRESENTATION_CONTEXT('2D SPACE',''
  ) );
#11273 = PCURVE('',#11274,#11279);
#11274 = PLANE('',#11275);
#11275 = AXIS2_PLACEMENT_3D('',#11276,#11277,#11278);
#11276 = CARTESIAN_POINT('',(-17.,-47.,74.));
#11277 = DIRECTION('',(1.,0.,0.));
#11278 = DIRECTION('',(0.,0.,1.));
#11279 = DEFINITIONAL_REPRESENTATION('',(#11280),#11284);
#11280 = LINE('',#11281,#11282);
#11281 = CARTESIAN_POINT('',(0.,0.));
#11282 = VECTOR('',#11283,1.);
#11283 = DIRECTION('',(0.,-1.));
#11284 = ( GEOMETRIC_REPRESENTATION_CONTEXT(2) 
PARAMETRIC_REPRESENTATION_CONTEXT() REPRESENTATION_CONTEXT('2D SPACE',''
  ) );
#11285 = ORIENTED_EDGE('',*,*,#11286,.T.);
#11286 = EDGE_CURVE('',#11259,#11287,#11289,.T.);
#11287 = VERTEX_POINT('',#11288);
#11288 = CARTESIAN_POINT('',(-23.,18.,74.));
#11289 = SURFACE_CURVE('',#11290,(#11294,#11300),.PCURVE_S1.);
#11290 = LINE('',#11291,#11292);
#11291 = CARTESIAN_POINT('',(-71.5,18.,74.));
#11292 = VECTOR('',#11293,1.);
#11293 = DIRECTION('',(-1.,0.,0.));
#11294 = PCURVE('',#3807,#11295);
#11295 = DEFINITIONAL_REPRESENTATION('',(#11296),#11299);
#11296 = B_SPLINE_CURVE_WITH_KNOTS('',1,(#11297,#11298),.UNSPECIFIED.,
  .F.,.F.,(2,2),(-111.5,-31.5),.PIECEWISE_BEZIER_KNOTS.);
#11297 = CARTESIAN_POINT('',(143.,65.));
#11298 = CARTESIAN_POINT('',(63.,65.));
#11299 = ( GEOMETRIC_REPRESENTATION_CONTEXT(2) 
PARAMETRIC_REPRESENTATION_CONTEXT() REPRESENTATION_CONTEXT('2D SPACE',''
  ) );
#11300 = PCURVE('',#11191,#11301);
#11301 = DEFINITIONAL_REPRESENTATION('',(#11302),#11305);
#11302 = B_SPLINE_CURVE_WITH_KNOTS('',1,(#11303,#11304),.UNSPECIFIED.,
  .F.,.F.,(2,2),(-111.5,-31.5),.PIECEWISE_BEZIER_KNOTS.);
#11303 = CARTESIAN_POINT('',(4.,80.));
#11304 = CARTESIAN_POINT('',(4.,0.));
#11305 = ( GEOMETRIC_REPRESENTATION_CONTEXT(2) 
PARAMETRIC_REPRESENTATION_CONTEXT() REPRESENTATION_CONTEXT('2D SPACE',''
  ) );
#11306 = ORIENTED_EDGE('',*,*,#11307,.F.);
#11307 = EDGE_CURVE('',#11308,#11287,#11310,.T.);
#11308 = VERTEX_POINT('',#11309);
#11309 = CARTESIAN_POINT('',(-23.,-7.,74.));
#11310 = SURFACE_CURVE('',#11311,(#11315,#11322),.PCURVE_S1.);
#11311 = LINE('',#11312,#11313);
#11312 = CARTESIAN_POINT('',(-23.,-47.,74.));
#11313 = VECTOR('',#11314,1.);
#11314 = DIRECTION('',(0.,1.,0.));
#11315 = PCURVE('',#3807,#11316);
#11316 = DEFINITIONAL_REPRESENTATION('',(#11317),#11321);
#11317 = LINE('',#11318,#11319);
#11318 = CARTESIAN_POINT('',(80.,0.));
#11319 = VECTOR('',#11320,1.);
#11320 = DIRECTION('',(0.,1.));
#11321 = ( GEOMETRIC_REPRESENTATION_CONTEXT(2) 
PARAMETRIC_REPRESENTATION_CONTEXT() REPRESENTATION_CONTEXT('2D SPACE',''
  ) );
#11322 = PCURVE('',#11323,#11328);
#11323 = PLANE('',#11324);
#11324 = AXIS2_PLACEMENT_3D('',#11325,#11326,#11327);
#11325 = CARTESIAN_POINT('',(-23.,-47.,74.));
#11326 = DIRECTION('',(1.,0.,0.));
#11327 = DIRECTION('',(0.,0.,1.));
#11328 = DEFINITIONAL_REPRESENTATION('',(#11329),#11333);
#11329 = LINE('',#11330,#11331);
#11330 = CARTESIAN_POINT('',(0.,0.));
#11331 = VECTOR('',#11332,1.);
#11332 = DIRECTION('',(0.,-1.));
#11333 = ( GEOMETRIC_REPRESENTATION_CONTEXT(2) 
PARAMETRIC_REPRESENTATION_CONTEXT() REPRESENTATION_CONTEXT('2D SPACE',''
  ) );
#11334 = ORIENTED_EDGE('',*,*,#11335,.F.);
#11335 = EDGE_CURVE('',#11336,#11308,#11338,.T.);
#11336 = VERTEX_POINT('',#11337);
#11337 = CARTESIAN_POINT('',(-57.,-7.,74.));
#11338 = SURFACE_CURVE('',#11339,(#11343,#11350),.PCURVE_S1.);
#11339 = LINE('',#11340,#11341);
#11340 = CARTESIAN_POINT('',(-136.,-7.,74.));
#11341 = VECTOR('',#11342,1.);
#11342 = DIRECTION('',(1.,0.,0.));
#11343 = PCURVE('',#3807,#11344);
#11344 = DEFINITIONAL_REPRESENTATION('',(#11345),#11349);
#11345 = LINE('',#11346,#11347);
#11346 = CARTESIAN_POINT('',(-33.,40.));
#11347 = VECTOR('',#11348,1.);
#11348 = DIRECTION('',(1.,0.));
#11349 = ( GEOMETRIC_REPRESENTATION_CONTEXT(2) 
PARAMETRIC_REPRESENTATION_CONTEXT() REPRESENTATION_CONTEXT('2D SPACE',''
  ) );
#11350 = PCURVE('',#11351,#11356);
#11351 = PLANE('',#11352);
#11352 = AXIS2_PLACEMENT_3D('',#11353,#11354,#11355);
#11353 = CARTESIAN_POINT('',(-136.,-7.,74.));
#11354 = DIRECTION('',(0.,1.,0.));
#11355 = DIRECTION('',(0.,0.,1.));
#11356 = DEFINITIONAL_REPRESENTATION('',(#11357),#11361);
#11357 = LINE('',#11358,#11359);
#11358 = CARTESIAN_POINT('',(0.,0.));
#11359 = VECTOR('',#11360,1.);
#11360 = DIRECTION('',(0.,1.));
#11361 = ( GEOMETRIC_REPRESENTATION_CONTEXT(2) 
PARAMETRIC_REPRESENTATION_CONTEXT() REPRESENTATION_CONTEXT('2D SPACE',''
  ) );
#11362 = ORIENTED_EDGE('',*,*,#11363,.T.);
#11363 = EDGE_CURVE('',#11336,#11364,#11366,.T.);
#11364 = VERTEX_POINT('',#11365);
#11365 = CARTESIAN_POINT('',(-57.,27.,74.));
#11366 = SURFACE_CURVE('',#11367,(#11371,#11378),.PCURVE_S1.);
#11367 = LINE('',#11368,#11369);
#11368 = CARTESIAN_POINT('',(-57.,-47.,74.));
#11369 = VECTOR('',#11370,1.);
#11370 = DIRECTION('',(0.,1.,0.));
#11371 = PCURVE('',#3807,#11372);
#11372 = DEFINITIONAL_REPRESENTATION('',(#11373),#11377);
#11373 = LINE('',#11374,#11375);
#11374 = CARTESIAN_POINT('',(46.,0.));
#11375 = VECTOR('',#11376,1.);
#11376 = DIRECTION('',(0.,1.));
#11377 = ( GEOMETRIC_REPRESENTATION_CONTEXT(2) 
PARAMETRIC_REPRESENTATION_CONTEXT() REPRESENTATION_CONTEXT('2D SPACE',''
  ) );
#11378 = PCURVE('',#11379,#11384);
#11379 = PLANE('',#11380);
#11380 = AXIS2_PLACEMENT_3D('',#11381,#11382,#11383);
#11381 = CARTESIAN_POINT('',(-57.,-47.,74.));
#11382 = DIRECTION('',(1.,0.,0.));
#11383 = DIRECTION('',(0.,0.,1.));
#11384 = DEFINITIONAL_REPRESENTATION('',(#11385),#11389);
#11385 = LINE('',#11386,#11387);
#11386 = CARTESIAN_POINT('',(0.,0.));
#11387 = VECTOR('',#11388,1.);
#11388 = DIRECTION('',(0.,-1.));
#11389 = ( GEOMETRIC_REPRESENTATION_CONTEXT(2) 
PARAMETRIC_REPRESENTATION_CONTEXT() REPRESENTATION_CONTEXT('2D SPACE',''
  ) );
#11390 = ORIENTED_EDGE('',*,*,#11391,.T.);
#11391 = EDGE_CURVE('',#11364,#11392,#11394,.T.);
#11392 = VERTEX_POINT('',#11393);
#11393 = CARTESIAN_POINT('',(-40.,27.,74.));
#11394 = SURFACE_CURVE('',#11395,(#11399,#11406),.PCURVE_S1.);
#11395 = LINE('',#11396,#11397);
#11396 = CARTESIAN_POINT('',(-136.,27.,74.));
#11397 = VECTOR('',#11398,1.);
#11398 = DIRECTION('',(1.,0.,0.));
#11399 = PCURVE('',#3807,#11400);
#11400 = DEFINITIONAL_REPRESENTATION('',(#11401),#11405);
#11401 = LINE('',#11402,#11403);
#11402 = CARTESIAN_POINT('',(-33.,74.));
#11403 = VECTOR('',#11404,1.);
#11404 = DIRECTION('',(1.,0.));
#11405 = ( GEOMETRIC_REPRESENTATION_CONTEXT(2) 
PARAMETRIC_REPRESENTATION_CONTEXT() REPRESENTATION_CONTEXT('2D SPACE',''
  ) );
#11406 = PCURVE('',#11407,#11412);
#11407 = PLANE('',#11408);
#11408 = AXIS2_PLACEMENT_3D('',#11409,#11410,#11411);
#11409 = CARTESIAN_POINT('',(-136.,27.,74.));
#11410 = DIRECTION('',(0.,1.,0.));
#11411 = DIRECTION('',(0.,0.,1.));
#11412 = DEFINITIONAL_REPRESENTATION('',(#11413),#11417);
#11413 = LINE('',#11414,#11415);
#11414 = CARTESIAN_POINT('',(0.,0.));
#11415 = VECTOR('',#11416,1.);
#11416 = DIRECTION('',(0.,1.));
#11417 = ( GEOMETRIC_REPRESENTATION_CONTEXT(2) 
PARAMETRIC_REPRESENTATION_CONTEXT() REPRESENTATION_CONTEXT('2D SPACE',''
  ) );
#11418 = ORIENTED_EDGE('',*,*,#11419,.T.);
#11419 = EDGE_CURVE('',#11392,#11420,#11422,.T.);
#11420 = VERTEX_POINT('',#11421);
#11421 = CARTESIAN_POINT('',(-40.,33.,74.));
#11422 = SURFACE_CURVE('',#11423,(#11427,#11433),.PCURVE_S1.);
#11423 = LINE('',#11424,#11425);
#11424 = CARTESIAN_POINT('',(-40.,-14.5,74.));
#11425 = VECTOR('',#11426,1.);
#11426 = DIRECTION('',(0.,1.,0.));
#11427 = PCURVE('',#3807,#11428);
#11428 = DEFINITIONAL_REPRESENTATION('',(#11429),#11432);
#11429 = B_SPLINE_CURVE_WITH_KNOTS('',1,(#11430,#11431),.UNSPECIFIED.,
  .F.,.F.,(2,2),(32.5,96.5),.PIECEWISE_BEZIER_KNOTS.);
#11430 = CARTESIAN_POINT('',(63.,65.));
#11431 = CARTESIAN_POINT('',(63.,129.));
#11432 = ( GEOMETRIC_REPRESENTATION_CONTEXT(2) 
PARAMETRIC_REPRESENTATION_CONTEXT() REPRESENTATION_CONTEXT('2D SPACE',''
  ) );
#11433 = PCURVE('',#11434,#11439);
#11434 = PLANE('',#11435);
#11435 = AXIS2_PLACEMENT_3D('',#11436,#11437,#11438);
#11436 = CARTESIAN_POINT('',(-40.,18.,70.));
#11437 = DIRECTION('',(1.,0.,0.));
#11438 = DIRECTION('',(0.,0.,1.));
#11439 = DEFINITIONAL_REPRESENTATION('',(#11440),#11443);
#11440 = B_SPLINE_CURVE_WITH_KNOTS('',1,(#11441,#11442),.UNSPECIFIED.,
  .F.,.F.,(2,2),(32.5,96.5),.PIECEWISE_BEZIER_KNOTS.);
#11441 = CARTESIAN_POINT('',(4.,0.));
#11442 = CARTESIAN_POINT('',(4.,-64.));
#11443 = ( GEOMETRIC_REPRESENTATION_CONTEXT(2) 
PARAMETRIC_REPRESENTATION_CONTEXT() REPRESENTATION_CONTEXT('2D SPACE',''
  ) );
#11444 = ORIENTED_EDGE('',*,*,#11445,.F.);
#11445 = EDGE_CURVE('',#11446,#11420,#11448,.T.);
#11446 = VERTEX_POINT('',#11447);
#11447 = CARTESIAN_POINT('',(-57.,33.,74.));
#11448 = SURFACE_CURVE('',#11449,(#11453,#11460),.PCURVE_S1.);
#11449 = LINE('',#11450,#11451);
#11450 = CARTESIAN_POINT('',(-136.,33.,74.));
#11451 = VECTOR('',#11452,1.);
#11452 = DIRECTION('',(1.,0.,0.));
#11453 = PCURVE('',#3807,#11454);
#11454 = DEFINITIONAL_REPRESENTATION('',(#11455),#11459);
#11455 = LINE('',#11456,#11457);
#11456 = CARTESIAN_POINT('',(-33.,80.));
#11457 = VECTOR('',#11458,1.);
#11458 = DIRECTION('',(1.,0.));
#11459 = ( GEOMETRIC_REPRESENTATION_CONTEXT(2) 
PARAMETRIC_REPRESENTATION_CONTEXT() REPRESENTATION_CONTEXT('2D SPACE',''
  ) );
#11460 = PCURVE('',#11461,#11466);
#11461 = PLANE('',#11462);
#11462 = AXIS2_PLACEMENT_3D('',#11463,#11464,#11465);
#11463 = CARTESIAN_POINT('',(-136.,33.,74.));
#11464 = DIRECTION('',(0.,1.,0.));
#11465 = DIRECTION('',(0.,0.,1.));
#11466 = DEFINITIONAL_REPRESENTATION('',(#11467),#11471);
#11467 = LINE('',#11468,#11469);
#11468 = CARTESIAN_POINT('',(0.,0.));
#11469 = VECTOR('',#11470,1.);
#11470 = DIRECTION('',(0.,1.));
#11471 = ( GEOMETRIC_REPRESENTATION_CONTEXT(2) 
PARAMETRIC_REPRESENTATION_CONTEXT() REPRESENTATION_CONTEXT('2D SPACE',''
  ) );
#11472 = ORIENTED_EDGE('',*,*,#11473,.T.);
#11473 = EDGE_CURVE('',#11446,#11474,#11476,.T.);
#11474 = VERTEX_POINT('',#11475);
#11475 = CARTESIAN_POINT('',(-57.,67.,74.));
#11476 = SURFACE_CURVE('',#11477,(#11481,#11488),.PCURVE_S1.);
#11477 = LINE('',#11478,#11479);
#11478 = CARTESIAN_POINT('',(-57.,-47.,74.));
#11479 = VECTOR('',#11480,1.);
#11480 = DIRECTION('',(0.,1.,0.));
#11481 = PCURVE('',#3807,#11482);
#11482 = DEFINITIONAL_REPRESENTATION('',(#11483),#11487);
#11483 = LINE('',#11484,#11485);
#11484 = CARTESIAN_POINT('',(46.,0.));
#11485 = VECTOR('',#11486,1.);
#11486 = DIRECTION('',(0.,1.));
#11487 = ( GEOMETRIC_REPRESENTATION_CONTEXT(2) 
PARAMETRIC_REPRESENTATION_CONTEXT() REPRESENTATION_CONTEXT('2D SPACE',''
  ) );
#11488 = PCURVE('',#11489,#11494);
#11489 = PLANE('',#11490);
#11490 = AXIS2_PLACEMENT_3D('',#11491,#11492,#11493);
#11491 = CARTESIAN_POINT('',(-57.,-47.,74.));
#11492 = DIRECTION('',(1.,0.,0.));
#11493 = DIRECTION('',(0.,0.,1.));
#11494 = DEFINITIONAL_REPRESENTATION('',(#11495),#11499);
#11495 = LINE('',#11496,#11497);
#11496 = CARTESIAN_POINT('',(0.,0.));
#11497 = VECTOR('',#11498,1.);
#11498 = DIRECTION('',(0.,-1.));
#11499 = ( GEOMETRIC_REPRESENTATION_CONTEXT(2) 
PARAMETRIC_REPRESENTATION_CONTEXT() REPRESENTATION_CONTEXT('2D SPACE',''
  ) );
#11500 = ORIENTED_EDGE('',*,*,#11501,.T.);
#11501 = EDGE_CURVE('',#11474,#11502,#11504,.T.);
#11502 = VERTEX_POINT('',#11503);
#11503 = CARTESIAN_POINT('',(-40.,67.,74.));
#11504 = SURFACE_CURVE('',#11505,(#11509,#11516),.PCURVE_S1.);
#11505 = LINE('',#11506,#11507);
#11506 = CARTESIAN_POINT('',(-136.,67.,74.));
#11507 = VECTOR('',#11508,1.);
#11508 = DIRECTION('',(1.,0.,0.));
#11509 = PCURVE('',#3807,#11510);
#11510 = DEFINITIONAL_REPRESENTATION('',(#11511),#11515);
#11511 = LINE('',#11512,#11513);
#11512 = CARTESIAN_POINT('',(-33.,114.));
#11513 = VECTOR('',#11514,1.);
#11514 = DIRECTION('',(1.,0.));
#11515 = ( GEOMETRIC_REPRESENTATION_CONTEXT(2) 
PARAMETRIC_REPRESENTATION_CONTEXT() REPRESENTATION_CONTEXT('2D SPACE',''
  ) );
#11516 = PCURVE('',#11517,#11522);
#11517 = PLANE('',#11518);
#11518 = AXIS2_PLACEMENT_3D('',#11519,#11520,#11521);
#11519 = CARTESIAN_POINT('',(-136.,67.,74.));
#11520 = DIRECTION('',(0.,1.,0.));
#11521 = DIRECTION('',(0.,0.,1.));
#11522 = DEFINITIONAL_REPRESENTATION('',(#11523),#11527);
#11523 = LINE('',#11524,#11525);
#11524 = CARTESIAN_POINT('',(0.,0.));
#11525 = VECTOR('',#11526,1.);
#11526 = DIRECTION('',(0.,1.));
#11527 = ( GEOMETRIC_REPRESENTATION_CONTEXT(2) 
PARAMETRIC_REPRESENTATION_CONTEXT() REPRESENTATION_CONTEXT('2D SPACE',''
  ) );
#11528 = ORIENTED_EDGE('',*,*,#11529,.T.);
#11529 = EDGE_CURVE('',#11502,#10579,#11530,.T.);
#11530 = SURFACE_CURVE('',#11531,(#11535,#11541),.PCURVE_S1.);
#11531 = LINE('',#11532,#11533);
#11532 = CARTESIAN_POINT('',(-40.,-14.5,74.));
#11533 = VECTOR('',#11534,1.);
#11534 = DIRECTION('',(0.,1.,0.));
#11535 = PCURVE('',#3807,#11536);
#11536 = DEFINITIONAL_REPRESENTATION('',(#11537),#11540);
#11537 = B_SPLINE_CURVE_WITH_KNOTS('',1,(#11538,#11539),.UNSPECIFIED.,
  .F.,.F.,(2,2),(32.5,96.5),.PIECEWISE_BEZIER_KNOTS.);
#11538 = CARTESIAN_POINT('',(63.,65.));
#11539 = CARTESIAN_POINT('',(63.,129.));
#11540 = ( GEOMETRIC_REPRESENTATION_CONTEXT(2) 
PARAMETRIC_REPRESENTATION_CONTEXT() REPRESENTATION_CONTEXT('2D SPACE',''
  ) );
#11541 = PCURVE('',#11434,#11542);
#11542 = DEFINITIONAL_REPRESENTATION('',(#11543),#11546);
#11543 = B_SPLINE_CURVE_WITH_KNOTS('',1,(#11544,#11545),.UNSPECIFIED.,
  .F.,.F.,(2,2),(32.5,96.5),.PIECEWISE_BEZIER_KNOTS.);
#11544 = CARTESIAN_POINT('',(4.,0.));
#11545 = CARTESIAN_POINT('',(4.,-64.));
#11546 = ( GEOMETRIC_REPRESENTATION_CONTEXT(2) 
PARAMETRIC_REPRESENTATION_CONTEXT() REPRESENTATION_CONTEXT('2D SPACE',''
  ) );
#11547 = FACE_BOUND('',#11548,.F.);
#11548 = EDGE_LOOP('',(#11549,#11579,#11607,#11635));
#11549 = ORIENTED_EDGE('',*,*,#11550,.T.);
#11550 = EDGE_CURVE('',#11551,#11553,#11555,.T.);
#11551 = VERTEX_POINT('',#11552);
#11552 = CARTESIAN_POINT('',(63.,33.,74.));
#11553 = VERTEX_POINT('',#11554);
#11554 = CARTESIAN_POINT('',(63.,67.,74.));
#11555 = SURFACE_CURVE('',#11556,(#11560,#11567),.PCURVE_S1.);
#11556 = LINE('',#11557,#11558);
#11557 = CARTESIAN_POINT('',(63.,-47.,74.));
#11558 = VECTOR('',#11559,1.);
#11559 = DIRECTION('',(0.,1.,0.));
#11560 = PCURVE('',#3807,#11561);
#11561 = DEFINITIONAL_REPRESENTATION('',(#11562),#11566);
#11562 = LINE('',#11563,#11564);
#11563 = CARTESIAN_POINT('',(166.,0.));
#11564 = VECTOR('',#11565,1.);
#11565 = DIRECTION('',(0.,1.));
#11566 = ( GEOMETRIC_REPRESENTATION_CONTEXT(2) 
PARAMETRIC_REPRESENTATION_CONTEXT() REPRESENTATION_CONTEXT('2D SPACE',''
  ) );
#11567 = PCURVE('',#11568,#11573);
#11568 = PLANE('',#11569);
#11569 = AXIS2_PLACEMENT_3D('',#11570,#11571,#11572);
#11570 = CARTESIAN_POINT('',(63.,-47.,74.));
#11571 = DIRECTION('',(1.,0.,0.));
#11572 = DIRECTION('',(0.,0.,1.));
#11573 = DEFINITIONAL_REPRESENTATION('',(#11574),#11578);
#11574 = LINE('',#11575,#11576);
#11575 = CARTESIAN_POINT('',(0.,0.));
#11576 = VECTOR('',#11577,1.);
#11577 = DIRECTION('',(0.,-1.));
#11578 = ( GEOMETRIC_REPRESENTATION_CONTEXT(2) 
PARAMETRIC_REPRESENTATION_CONTEXT() REPRESENTATION_CONTEXT('2D SPACE',''
  ) );
#11579 = ORIENTED_EDGE('',*,*,#11580,.T.);
#11580 = EDGE_CURVE('',#11553,#11581,#11583,.T.);
#11581 = VERTEX_POINT('',#11582);
#11582 = CARTESIAN_POINT('',(97.,67.,74.));
#11583 = SURFACE_CURVE('',#11584,(#11588,#11595),.PCURVE_S1.);
#11584 = LINE('',#11585,#11586);
#11585 = CARTESIAN_POINT('',(-136.,67.,74.));
#11586 = VECTOR('',#11587,1.);
#11587 = DIRECTION('',(1.,0.,0.));
#11588 = PCURVE('',#3807,#11589);
#11589 = DEFINITIONAL_REPRESENTATION('',(#11590),#11594);
#11590 = LINE('',#11591,#11592);
#11591 = CARTESIAN_POINT('',(-33.,114.));
#11592 = VECTOR('',#11593,1.);
#11593 = DIRECTION('',(1.,0.));
#11594 = ( GEOMETRIC_REPRESENTATION_CONTEXT(2) 
PARAMETRIC_REPRESENTATION_CONTEXT() REPRESENTATION_CONTEXT('2D SPACE',''
  ) );
#11595 = PCURVE('',#11596,#11601);
#11596 = PLANE('',#11597);
#11597 = AXIS2_PLACEMENT_3D('',#11598,#11599,#11600);
#11598 = CARTESIAN_POINT('',(-136.,67.,74.));
#11599 = DIRECTION('',(0.,1.,0.));
#11600 = DIRECTION('',(0.,0.,1.));
#11601 = DEFINITIONAL_REPRESENTATION('',(#11602),#11606);
#11602 = LINE('',#11603,#11604);
#11603 = CARTESIAN_POINT('',(0.,0.));
#11604 = VECTOR('',#11605,1.);
#11605 = DIRECTION('',(0.,1.));
#11606 = ( GEOMETRIC_REPRESENTATION_CONTEXT(2) 
PARAMETRIC_REPRESENTATION_CONTEXT() REPRESENTATION_CONTEXT('2D SPACE',''
  ) );
#11607 = ORIENTED_EDGE('',*,*,#11608,.F.);
#11608 = EDGE_CURVE('',#11609,#11581,#11611,.T.);
#11609 = VERTEX_POINT('',#11610);
#11610 = CARTESIAN_POINT('',(97.,33.,74.));
#11611 = SURFACE_CURVE('',#11612,(#11616,#11623),.PCURVE_S1.);
#11612 = LINE('',#11613,#11614);
#11613 = CARTESIAN_POINT('',(97.,-47.,74.));
#11614 = VECTOR('',#11615,1.);
#11615 = DIRECTION('',(0.,1.,0.));
#11616 = PCURVE('',#3807,#11617);
#11617 = DEFINITIONAL_REPRESENTATION('',(#11618),#11622);
#11618 = LINE('',#11619,#11620);
#11619 = CARTESIAN_POINT('',(200.,0.));
#11620 = VECTOR('',#11621,1.);
#11621 = DIRECTION('',(0.,1.));
#11622 = ( GEOMETRIC_REPRESENTATION_CONTEXT(2) 
PARAMETRIC_REPRESENTATION_CONTEXT() REPRESENTATION_CONTEXT('2D SPACE',''
  ) );
#11623 = PCURVE('',#11624,#11629);
#11624 = PLANE('',#11625);
#11625 = AXIS2_PLACEMENT_3D('',#11626,#11627,#11628);
#11626 = CARTESIAN_POINT('',(97.,-47.,74.));
#11627 = DIRECTION('',(1.,0.,0.));
#11628 = DIRECTION('',(0.,0.,1.));
#11629 = DEFINITIONAL_REPRESENTATION('',(#11630),#11634);
#11630 = LINE('',#11631,#11632);
#11631 = CARTESIAN_POINT('',(0.,0.));
#11632 = VECTOR('',#11633,1.);
#11633 = DIRECTION('',(0.,-1.));
#11634 = ( GEOMETRIC_REPRESENTATION_CONTEXT(2) 
PARAMETRIC_REPRESENTATION_CONTEXT() REPRESENTATION_CONTEXT('2D SPACE',''
  ) );
#11635 = ORIENTED_EDGE('',*,*,#11636,.F.);
#11636 = EDGE_CURVE('',#11551,#11609,#11637,.T.);
#11637 = SURFACE_CURVE('',#11638,(#11642,#11649),.PCURVE_S1.);
#11638 = LINE('',#11639,#11640);
#11639 = CARTESIAN_POINT('',(-136.,33.,74.));
#11640 = VECTOR('',#11641,1.);
#11641 = DIRECTION('',(1.,0.,0.));
#11642 = PCURVE('',#3807,#11643);
#11643 = DEFINITIONAL_REPRESENTATION('',(#11644),#11648);
#11644 = LINE('',#11645,#11646);
#11645 = CARTESIAN_POINT('',(-33.,80.));
#11646 = VECTOR('',#11647,1.);
#11647 = DIRECTION('',(1.,0.));
#11648 = ( GEOMETRIC_REPRESENTATION_CONTEXT(2) 
PARAMETRIC_REPRESENTATION_CONTEXT() REPRESENTATION_CONTEXT('2D SPACE',''
  ) );
#11649 = PCURVE('',#11650,#11655);
#11650 = PLANE('',#11651);
#11651 = AXIS2_PLACEMENT_3D('',#11652,#11653,#11654);
#11652 = CARTESIAN_POINT('',(-136.,33.,74.));
#11653 = DIRECTION('',(0.,1.,0.));
#11654 = DIRECTION('',(0.,0.,1.));
#11655 = DEFINITIONAL_REPRESENTATION('',(#11656),#11660);
#11656 = LINE('',#11657,#11658);
#11657 = CARTESIAN_POINT('',(0.,0.));
#11658 = VECTOR('',#11659,1.);
#11659 = DIRECTION('',(0.,1.));
#11660 = ( GEOMETRIC_REPRESENTATION_CONTEXT(2) 
PARAMETRIC_REPRESENTATION_CONTEXT() REPRESENTATION_CONTEXT('2D SPACE',''
  ) );
#11661 = FACE_BOUND('',#11662,.F.);
#11662 = EDGE_LOOP('',(#11663,#11693,#11721,#11749));
#11663 = ORIENTED_EDGE('',*,*,#11664,.T.);
#11664 = EDGE_CURVE('',#11665,#11667,#11669,.T.);
#11665 = VERTEX_POINT('',#11666);
#11666 = CARTESIAN_POINT('',(63.,73.,74.));
#11667 = VERTEX_POINT('',#11668);
#11668 = CARTESIAN_POINT('',(63.,107.,74.));
#11669 = SURFACE_CURVE('',#11670,(#11674,#11681),.PCURVE_S1.);
#11670 = LINE('',#11671,#11672);
#11671 = CARTESIAN_POINT('',(63.,-47.,74.));
#11672 = VECTOR('',#11673,1.);
#11673 = DIRECTION('',(0.,1.,0.));
#11674 = PCURVE('',#3807,#11675);
#11675 = DEFINITIONAL_REPRESENTATION('',(#11676),#11680);
#11676 = LINE('',#11677,#11678);
#11677 = CARTESIAN_POINT('',(166.,0.));
#11678 = VECTOR('',#11679,1.);
#11679 = DIRECTION('',(0.,1.));
#11680 = ( GEOMETRIC_REPRESENTATION_CONTEXT(2) 
PARAMETRIC_REPRESENTATION_CONTEXT() REPRESENTATION_CONTEXT('2D SPACE',''
  ) );
#11681 = PCURVE('',#11682,#11687);
#11682 = PLANE('',#11683);
#11683 = AXIS2_PLACEMENT_3D('',#11684,#11685,#11686);
#11684 = CARTESIAN_POINT('',(63.,-47.,74.));
#11685 = DIRECTION('',(1.,0.,0.));
#11686 = DIRECTION('',(0.,0.,1.));
#11687 = DEFINITIONAL_REPRESENTATION('',(#11688),#11692);
#11688 = LINE('',#11689,#11690);
#11689 = CARTESIAN_POINT('',(0.,0.));
#11690 = VECTOR('',#11691,1.);
#11691 = DIRECTION('',(0.,-1.));
#11692 = ( GEOMETRIC_REPRESENTATION_CONTEXT(2) 
PARAMETRIC_REPRESENTATION_CONTEXT() REPRESENTATION_CONTEXT('2D SPACE',''
  ) );
#11693 = ORIENTED_EDGE('',*,*,#11694,.T.);
#11694 = EDGE_CURVE('',#11667,#11695,#11697,.T.);
#11695 = VERTEX_POINT('',#11696);
#11696 = CARTESIAN_POINT('',(97.,107.,74.));
#11697 = SURFACE_CURVE('',#11698,(#11702,#11709),.PCURVE_S1.);
#11698 = LINE('',#11699,#11700);
#11699 = CARTESIAN_POINT('',(-136.,107.,74.));
#11700 = VECTOR('',#11701,1.);
#11701 = DIRECTION('',(1.,0.,0.));
#11702 = PCURVE('',#3807,#11703);
#11703 = DEFINITIONAL_REPRESENTATION('',(#11704),#11708);
#11704 = LINE('',#11705,#11706);
#11705 = CARTESIAN_POINT('',(-33.,154.));
#11706 = VECTOR('',#11707,1.);
#11707 = DIRECTION('',(1.,0.));
#11708 = ( GEOMETRIC_REPRESENTATION_CONTEXT(2) 
PARAMETRIC_REPRESENTATION_CONTEXT() REPRESENTATION_CONTEXT('2D SPACE',''
  ) );
#11709 = PCURVE('',#11710,#11715);
#11710 = PLANE('',#11711);
#11711 = AXIS2_PLACEMENT_3D('',#11712,#11713,#11714);
#11712 = CARTESIAN_POINT('',(-136.,107.,74.));
#11713 = DIRECTION('',(0.,1.,0.));
#11714 = DIRECTION('',(0.,0.,1.));
#11715 = DEFINITIONAL_REPRESENTATION('',(#11716),#11720);
#11716 = LINE('',#11717,#11718);
#11717 = CARTESIAN_POINT('',(0.,0.));
#11718 = VECTOR('',#11719,1.);
#11719 = DIRECTION('',(0.,1.));
#11720 = ( GEOMETRIC_REPRESENTATION_CONTEXT(2) 
PARAMETRIC_REPRESENTATION_CONTEXT() REPRESENTATION_CONTEXT('2D SPACE',''
  ) );
#11721 = ORIENTED_EDGE('',*,*,#11722,.F.);
#11722 = EDGE_CURVE('',#11723,#11695,#11725,.T.);
#11723 = VERTEX_POINT('',#11724);
#11724 = CARTESIAN_POINT('',(97.,73.,74.));
#11725 = SURFACE_CURVE('',#11726,(#11730,#11737),.PCURVE_S1.);
#11726 = LINE('',#11727,#11728);
#11727 = CARTESIAN_POINT('',(97.,-47.,74.));
#11728 = VECTOR('',#11729,1.);
#11729 = DIRECTION('',(0.,1.,0.));
#11730 = PCURVE('',#3807,#11731);
#11731 = DEFINITIONAL_REPRESENTATION('',(#11732),#11736);
#11732 = LINE('',#11733,#11734);
#11733 = CARTESIAN_POINT('',(200.,0.));
#11734 = VECTOR('',#11735,1.);
#11735 = DIRECTION('',(0.,1.));
#11736 = ( GEOMETRIC_REPRESENTATION_CONTEXT(2) 
PARAMETRIC_REPRESENTATION_CONTEXT() REPRESENTATION_CONTEXT('2D SPACE',''
  ) );
#11737 = PCURVE('',#11738,#11743);
#11738 = PLANE('',#11739);
#11739 = AXIS2_PLACEMENT_3D('',#11740,#11741,#11742);
#11740 = CARTESIAN_POINT('',(97.,-47.,74.));
#11741 = DIRECTION('',(1.,0.,0.));
#11742 = DIRECTION('',(0.,0.,1.));
#11743 = DEFINITIONAL_REPRESENTATION('',(#11744),#11748);
#11744 = LINE('',#11745,#11746);
#11745 = CARTESIAN_POINT('',(0.,0.));
#11746 = VECTOR('',#11747,1.);
#11747 = DIRECTION('',(0.,-1.));
#11748 = ( GEOMETRIC_REPRESENTATION_CONTEXT(2) 
PARAMETRIC_REPRESENTATION_CONTEXT() REPRESENTATION_CONTEXT('2D SPACE',''
  ) );
#11749 = ORIENTED_EDGE('',*,*,#11750,.F.);
#11750 = EDGE_CURVE('',#11665,#11723,#11751,.T.);
#11751 = SURFACE_CURVE('',#11752,(#11756,#11763),.PCURVE_S1.);
#11752 = LINE('',#11753,#11754);
#11753 = CARTESIAN_POINT('',(-136.,73.,74.));
#11754 = VECTOR('',#11755,1.);
#11755 = DIRECTION('',(1.,0.,0.));
#11756 = PCURVE('',#3807,#11757);
#11757 = DEFINITIONAL_REPRESENTATION('',(#11758),#11762);
#11758 = LINE('',#11759,#11760);
#11759 = CARTESIAN_POINT('',(-33.,120.));
#11760 = VECTOR('',#11761,1.);
#11761 = DIRECTION('',(1.,0.));
#11762 = ( GEOMETRIC_REPRESENTATION_CONTEXT(2) 
PARAMETRIC_REPRESENTATION_CONTEXT() REPRESENTATION_CONTEXT('2D SPACE',''
  ) );
#11763 = PCURVE('',#11764,#11769);
#11764 = PLANE('',#11765);
#11765 = AXIS2_PLACEMENT_3D('',#11766,#11767,#11768);
#11766 = CARTESIAN_POINT('',(-136.,73.,74.));
#11767 = DIRECTION('',(0.,1.,0.));
#11768 = DIRECTION('',(0.,0.,1.));
#11769 = DEFINITIONAL_REPRESENTATION('',(#11770),#11774);
#11770 = LINE('',#11771,#11772);
#11771 = CARTESIAN_POINT('',(0.,0.));
#11772 = VECTOR('',#11773,1.);
#11773 = DIRECTION('',(0.,1.));
#11774 = ( GEOMETRIC_REPRESENTATION_CONTEXT(2) 
PARAMETRIC_REPRESENTATION_CONTEXT() REPRESENTATION_CONTEXT('2D SPACE',''
  ) );
#11775 = ADVANCED_FACE('',(#11776),#3981,.F.);
#11776 = FACE_BOUND('',#11777,.F.);
#11777 = EDGE_LOOP('',(#11778,#11779,#11780,#11781));
#11778 = ORIENTED_EDGE('',*,*,#3965,.F.);
#11779 = ORIENTED_EDGE('',*,*,#4039,.F.);
#11780 = ORIENTED_EDGE('',*,*,#4129,.T.);
#11781 = ORIENTED_EDGE('',*,*,#11782,.F.);
#11782 = EDGE_CURVE('',#3940,#4109,#11783,.T.);
#11783 = SURFACE_CURVE('',#11784,(#11788,#11795),.PCURVE_S1.);
#11784 = LINE('',#11785,#11786);
#11785 = CARTESIAN_POINT('',(-136.,-13.,104.));
#11786 = VECTOR('',#11787,1.);
#11787 = DIRECTION('',(1.,0.,0.));
#11788 = PCURVE('',#3981,#11789);
#11789 = DEFINITIONAL_REPRESENTATION('',(#11790),#11794);
#11790 = LINE('',#11791,#11792);
#11791 = CARTESIAN_POINT('',(4.,37.));
#11792 = VECTOR('',#11793,1.);
#11793 = DIRECTION('',(1.,0.));
#11794 = ( GEOMETRIC_REPRESENTATION_CONTEXT(2) 
PARAMETRIC_REPRESENTATION_CONTEXT() REPRESENTATION_CONTEXT('2D SPACE',''
  ) );
#11795 = PCURVE('',#3954,#11796);
#11796 = DEFINITIONAL_REPRESENTATION('',(#11797),#11801);
#11797 = LINE('',#11798,#11799);
#11798 = CARTESIAN_POINT('',(30.,0.));
#11799 = VECTOR('',#11800,1.);
#11800 = DIRECTION('',(0.,1.));
#11801 = ( GEOMETRIC_REPRESENTATION_CONTEXT(2) 
PARAMETRIC_REPRESENTATION_CONTEXT() REPRESENTATION_CONTEXT('2D SPACE',''
  ) );
#11802 = ADVANCED_FACE('',(#11803),#3954,.F.);
#11803 = FACE_BOUND('',#11804,.F.);
#11804 = EDGE_LOOP('',(#11805,#11806,#11807,#11808));
#11805 = ORIENTED_EDGE('',*,*,#9725,.F.);
#11806 = ORIENTED_EDGE('',*,*,#3939,.T.);
#11807 = ORIENTED_EDGE('',*,*,#11782,.T.);
#11808 = ORIENTED_EDGE('',*,*,#4108,.F.);
#11809 = ADVANCED_FACE('',(#11810),#4270,.F.);
#11810 = FACE_BOUND('',#11811,.F.);
#11811 = EDGE_LOOP('',(#11812,#11813,#11814,#11815));
#11812 = ORIENTED_EDGE('',*,*,#4254,.F.);
#11813 = ORIENTED_EDGE('',*,*,#4328,.F.);
#11814 = ORIENTED_EDGE('',*,*,#4418,.T.);
#11815 = ORIENTED_EDGE('',*,*,#11816,.F.);
#11816 = EDGE_CURVE('',#4229,#4398,#11817,.T.);
#11817 = SURFACE_CURVE('',#11818,(#11822,#11829),.PCURVE_S1.);
#11818 = LINE('',#11819,#11820);
#11819 = CARTESIAN_POINT('',(-136.,-13.,104.));
#11820 = VECTOR('',#11821,1.);
#11821 = DIRECTION('',(1.,0.,0.));
#11822 = PCURVE('',#4270,#11823);
#11823 = DEFINITIONAL_REPRESENTATION('',(#11824),#11828);
#11824 = LINE('',#11825,#11826);
#11825 = CARTESIAN_POINT('',(4.,37.));
#11826 = VECTOR('',#11827,1.);
#11827 = DIRECTION('',(1.,0.));
#11828 = ( GEOMETRIC_REPRESENTATION_CONTEXT(2) 
PARAMETRIC_REPRESENTATION_CONTEXT() REPRESENTATION_CONTEXT('2D SPACE',''
  ) );
#11829 = PCURVE('',#4243,#11830);
#11830 = DEFINITIONAL_REPRESENTATION('',(#11831),#11835);
#11831 = LINE('',#11832,#11833);
#11832 = CARTESIAN_POINT('',(30.,0.));
#11833 = VECTOR('',#11834,1.);
#11834 = DIRECTION('',(0.,1.));
#11835 = ( GEOMETRIC_REPRESENTATION_CONTEXT(2) 
PARAMETRIC_REPRESENTATION_CONTEXT() REPRESENTATION_CONTEXT('2D SPACE',''
  ) );
#11836 = ADVANCED_FACE('',(#11837),#4243,.F.);
#11837 = FACE_BOUND('',#11838,.F.);
#11838 = EDGE_LOOP('',(#11839,#11840,#11841,#11842));
#11839 = ORIENTED_EDGE('',*,*,#9749,.F.);
#11840 = ORIENTED_EDGE('',*,*,#4228,.T.);
#11841 = ORIENTED_EDGE('',*,*,#11816,.T.);
#11842 = ORIENTED_EDGE('',*,*,#4397,.F.);
#11843 = ADVANCED_FACE('',(#11844),#4559,.F.);
#11844 = FACE_BOUND('',#11845,.F.);
#11845 = EDGE_LOOP('',(#11846,#11847,#11848,#11849));
#11846 = ORIENTED_EDGE('',*,*,#4543,.F.);
#11847 = ORIENTED_EDGE('',*,*,#4617,.F.);
#11848 = ORIENTED_EDGE('',*,*,#4707,.T.);
#11849 = ORIENTED_EDGE('',*,*,#11850,.F.);
#11850 = EDGE_CURVE('',#4518,#4687,#11851,.T.);
#11851 = SURFACE_CURVE('',#11852,(#11856,#11863),.PCURVE_S1.);
#11852 = LINE('',#11853,#11854);
#11853 = CARTESIAN_POINT('',(-136.,-13.,104.));
#11854 = VECTOR('',#11855,1.);
#11855 = DIRECTION('',(1.,0.,0.));
#11856 = PCURVE('',#4559,#11857);
#11857 = DEFINITIONAL_REPRESENTATION('',(#11858),#11862);
#11858 = LINE('',#11859,#11860);
#11859 = CARTESIAN_POINT('',(4.,37.));
#11860 = VECTOR('',#11861,1.);
#11861 = DIRECTION('',(1.,0.));
#11862 = ( GEOMETRIC_REPRESENTATION_CONTEXT(2) 
PARAMETRIC_REPRESENTATION_CONTEXT() REPRESENTATION_CONTEXT('2D SPACE',''
  ) );
#11863 = PCURVE('',#4532,#11864);
#11864 = DEFINITIONAL_REPRESENTATION('',(#11865),#11869);
#11865 = LINE('',#11866,#11867);
#11866 = CARTESIAN_POINT('',(30.,0.));
#11867 = VECTOR('',#11868,1.);
#11868 = DIRECTION('',(0.,1.));
#11869 = ( GEOMETRIC_REPRESENTATION_CONTEXT(2) 
PARAMETRIC_REPRESENTATION_CONTEXT() REPRESENTATION_CONTEXT('2D SPACE',''
  ) );
#11870 = ADVANCED_FACE('',(#11871),#4532,.F.);
#11871 = FACE_BOUND('',#11872,.F.);
#11872 = EDGE_LOOP('',(#11873,#11874,#11875,#11876));
#11873 = ORIENTED_EDGE('',*,*,#9773,.F.);
#11874 = ORIENTED_EDGE('',*,*,#4517,.T.);
#11875 = ORIENTED_EDGE('',*,*,#11850,.T.);
#11876 = ORIENTED_EDGE('',*,*,#4686,.F.);
#11877 = ADVANCED_FACE('',(#11878),#4848,.F.);
#11878 = FACE_BOUND('',#11879,.F.);
#11879 = EDGE_LOOP('',(#11880,#11881,#11882,#11883));
#11880 = ORIENTED_EDGE('',*,*,#4832,.F.);
#11881 = ORIENTED_EDGE('',*,*,#4906,.F.);
#11882 = ORIENTED_EDGE('',*,*,#4996,.T.);
#11883 = ORIENTED_EDGE('',*,*,#11884,.F.);
#11884 = EDGE_CURVE('',#4807,#4976,#11885,.T.);
#11885 = SURFACE_CURVE('',#11886,(#11890,#11897),.PCURVE_S1.);
#11886 = LINE('',#11887,#11888);
#11887 = CARTESIAN_POINT('',(-136.,-13.,104.));
#11888 = VECTOR('',#11889,1.);
#11889 = DIRECTION('',(1.,0.,0.));
#11890 = PCURVE('',#4848,#11891);
#11891 = DEFINITIONAL_REPRESENTATION('',(#11892),#11896);
#11892 = LINE('',#11893,#11894);
#11893 = CARTESIAN_POINT('',(4.,37.));
#11894 = VECTOR('',#11895,1.);
#11895 = DIRECTION('',(1.,0.));
#11896 = ( GEOMETRIC_REPRESENTATION_CONTEXT(2) 
PARAMETRIC_REPRESENTATION_CONTEXT() REPRESENTATION_CONTEXT('2D SPACE',''
  ) );
#11897 = PCURVE('',#4821,#11898);
#11898 = DEFINITIONAL_REPRESENTATION('',(#11899),#11903);
#11899 = LINE('',#11900,#11901);
#11900 = CARTESIAN_POINT('',(30.,0.));
#11901 = VECTOR('',#11902,1.);
#11902 = DIRECTION('',(0.,1.));
#11903 = ( GEOMETRIC_REPRESENTATION_CONTEXT(2) 
PARAMETRIC_REPRESENTATION_CONTEXT() REPRESENTATION_CONTEXT('2D SPACE',''
  ) );
#11904 = ADVANCED_FACE('',(#11905),#4821,.F.);
#11905 = FACE_BOUND('',#11906,.F.);
#11906 = EDGE_LOOP('',(#11907,#11908,#11909,#11910));
#11907 = ORIENTED_EDGE('',*,*,#9797,.F.);
#11908 = ORIENTED_EDGE('',*,*,#4806,.T.);
#11909 = ORIENTED_EDGE('',*,*,#11884,.T.);
#11910 = ORIENTED_EDGE('',*,*,#4975,.F.);
#11911 = ADVANCED_FACE('',(#11912),#5137,.F.);
#11912 = FACE_BOUND('',#11913,.F.);
#11913 = EDGE_LOOP('',(#11914,#11915,#11916,#11917));
#11914 = ORIENTED_EDGE('',*,*,#5121,.F.);
#11915 = ORIENTED_EDGE('',*,*,#5195,.F.);
#11916 = ORIENTED_EDGE('',*,*,#5285,.T.);
#11917 = ORIENTED_EDGE('',*,*,#11918,.F.);
#11918 = EDGE_CURVE('',#5096,#5265,#11919,.T.);
#11919 = SURFACE_CURVE('',#11920,(#11924,#11931),.PCURVE_S1.);
#11920 = LINE('',#11921,#11922);
#11921 = CARTESIAN_POINT('',(-136.,-13.,104.));
#11922 = VECTOR('',#11923,1.);
#11923 = DIRECTION('',(1.,0.,0.));
#11924 = PCURVE('',#5137,#11925);
#11925 = DEFINITIONAL_REPRESENTATION('',(#11926),#11930);
#11926 = LINE('',#11927,#11928);
#11927 = CARTESIAN_POINT('',(4.,37.));
#11928 = VECTOR('',#11929,1.);
#11929 = DIRECTION('',(1.,0.));
#11930 = ( GEOMETRIC_REPRESENTATION_CONTEXT(2) 
PARAMETRIC_REPRESENTATION_CONTEXT() REPRESENTATION_CONTEXT('2D SPACE',''
  ) );
#11931 = PCURVE('',#5110,#11932);
#11932 = DEFINITIONAL_REPRESENTATION('',(#11933),#11937);
#11933 = LINE('',#11934,#11935);
#11934 = CARTESIAN_POINT('',(30.,0.));
#11935 = VECTOR('',#11936,1.);
#11936 = DIRECTION('',(0.,1.));
#11937 = ( GEOMETRIC_REPRESENTATION_CONTEXT(2) 
PARAMETRIC_REPRESENTATION_CONTEXT() REPRESENTATION_CONTEXT('2D SPACE',''
  ) );
#11938 = ADVANCED_FACE('',(#11939),#5110,.F.);
#11939 = FACE_BOUND('',#11940,.F.);
#11940 = EDGE_LOOP('',(#11941,#11942,#11943,#11944));
#11941 = ORIENTED_EDGE('',*,*,#9821,.F.);
#11942 = ORIENTED_EDGE('',*,*,#5095,.T.);
#11943 = ORIENTED_EDGE('',*,*,#11918,.T.);
#11944 = ORIENTED_EDGE('',*,*,#5264,.F.);
#11945 = ADVANCED_FACE('',(#11946),#5421,.F.);
#11946 = FACE_BOUND('',#11947,.F.);
#11947 = EDGE_LOOP('',(#11948,#11949,#11950,#11951,#11952));
#11948 = ORIENTED_EDGE('',*,*,#5405,.F.);
#11949 = ORIENTED_EDGE('',*,*,#5481,.F.);
#11950 = ORIENTED_EDGE('',*,*,#5529,.T.);
#11951 = ORIENTED_EDGE('',*,*,#5554,.T.);
#11952 = ORIENTED_EDGE('',*,*,#5624,.F.);
#11953 = ADVANCED_FACE('',(#11954),#5785,.F.);
#11954 = FACE_BOUND('',#11955,.F.);
#11955 = EDGE_LOOP('',(#11956,#11977,#11978,#11979));
#11956 = ORIENTED_EDGE('',*,*,#11957,.F.);
#11957 = EDGE_CURVE('',#5744,#5893,#11958,.T.);
#11958 = SURFACE_CURVE('',#11959,(#11963,#11970),.PCURVE_S1.);
#11959 = LINE('',#11960,#11961);
#11960 = CARTESIAN_POINT('',(103.,-47.,104.));
#11961 = VECTOR('',#11962,1.);
#11962 = DIRECTION('',(0.,1.,0.));
#11963 = PCURVE('',#5785,#11964);
#11964 = DEFINITIONAL_REPRESENTATION('',(#11965),#11969);
#11965 = LINE('',#11966,#11967);
#11966 = CARTESIAN_POINT('',(243.,3.));
#11967 = VECTOR('',#11968,1.);
#11968 = DIRECTION('',(0.,1.));
#11969 = ( GEOMETRIC_REPRESENTATION_CONTEXT(2) 
PARAMETRIC_REPRESENTATION_CONTEXT() REPRESENTATION_CONTEXT('2D SPACE',''
  ) );
#11970 = PCURVE('',#5758,#11971);
#11971 = DEFINITIONAL_REPRESENTATION('',(#11972),#11976);
#11972 = LINE('',#11973,#11974);
#11973 = CARTESIAN_POINT('',(30.,0.));
#11974 = VECTOR('',#11975,1.);
#11975 = DIRECTION('',(0.,-1.));
#11976 = ( GEOMETRIC_REPRESENTATION_CONTEXT(2) 
PARAMETRIC_REPRESENTATION_CONTEXT() REPRESENTATION_CONTEXT('2D SPACE',''
  ) );
#11977 = ORIENTED_EDGE('',*,*,#5769,.T.);
#11978 = ORIENTED_EDGE('',*,*,#5821,.T.);
#11979 = ORIENTED_EDGE('',*,*,#5913,.F.);
#11980 = ADVANCED_FACE('',(#11981),#5758,.T.);
#11981 = FACE_BOUND('',#11982,.T.);
#11982 = EDGE_LOOP('',(#11983,#11984,#11985,#11986));
#11983 = ORIENTED_EDGE('',*,*,#5743,.F.);
#11984 = ORIENTED_EDGE('',*,*,#9848,.T.);
#11985 = ORIENTED_EDGE('',*,*,#5892,.T.);
#11986 = ORIENTED_EDGE('',*,*,#11957,.F.);
#11987 = ADVANCED_FACE('',(#11988),#6074,.F.);
#11988 = FACE_BOUND('',#11989,.F.);
#11989 = EDGE_LOOP('',(#11990,#12011,#12012,#12013));
#11990 = ORIENTED_EDGE('',*,*,#11991,.F.);
#11991 = EDGE_CURVE('',#6033,#6182,#11992,.T.);
#11992 = SURFACE_CURVE('',#11993,(#11997,#12004),.PCURVE_S1.);
#11993 = LINE('',#11994,#11995);
#11994 = CARTESIAN_POINT('',(103.,-47.,104.));
#11995 = VECTOR('',#11996,1.);
#11996 = DIRECTION('',(0.,1.,0.));
#11997 = PCURVE('',#6074,#11998);
#11998 = DEFINITIONAL_REPRESENTATION('',(#11999),#12003);
#11999 = LINE('',#12000,#12001);
#12000 = CARTESIAN_POINT('',(243.,3.));
#12001 = VECTOR('',#12002,1.);
#12002 = DIRECTION('',(0.,1.));
#12003 = ( GEOMETRIC_REPRESENTATION_CONTEXT(2) 
PARAMETRIC_REPRESENTATION_CONTEXT() REPRESENTATION_CONTEXT('2D SPACE',''
  ) );
#12004 = PCURVE('',#6047,#12005);
#12005 = DEFINITIONAL_REPRESENTATION('',(#12006),#12010);
#12006 = LINE('',#12007,#12008);
#12007 = CARTESIAN_POINT('',(30.,0.));
#12008 = VECTOR('',#12009,1.);
#12009 = DIRECTION('',(0.,-1.));
#12010 = ( GEOMETRIC_REPRESENTATION_CONTEXT(2) 
PARAMETRIC_REPRESENTATION_CONTEXT() REPRESENTATION_CONTEXT('2D SPACE',''
  ) );
#12011 = ORIENTED_EDGE('',*,*,#6058,.T.);
#12012 = ORIENTED_EDGE('',*,*,#6110,.T.);
#12013 = ORIENTED_EDGE('',*,*,#6202,.F.);
#12014 = ADVANCED_FACE('',(#12015),#6047,.T.);
#12015 = FACE_BOUND('',#12016,.T.);
#12016 = EDGE_LOOP('',(#12017,#12018,#12019,#12020));
#12017 = ORIENTED_EDGE('',*,*,#6032,.F.);
#12018 = ORIENTED_EDGE('',*,*,#9872,.T.);
#12019 = ORIENTED_EDGE('',*,*,#6181,.T.);
#12020 = ORIENTED_EDGE('',*,*,#11991,.F.);
#12021 = ADVANCED_FACE('',(#12022),#6363,.F.);
#12022 = FACE_BOUND('',#12023,.F.);
#12023 = EDGE_LOOP('',(#12024,#12045,#12046,#12047));
#12024 = ORIENTED_EDGE('',*,*,#12025,.F.);
#12025 = EDGE_CURVE('',#6322,#6471,#12026,.T.);
#12026 = SURFACE_CURVE('',#12027,(#12031,#12038),.PCURVE_S1.);
#12027 = LINE('',#12028,#12029);
#12028 = CARTESIAN_POINT('',(103.,-47.,104.));
#12029 = VECTOR('',#12030,1.);
#12030 = DIRECTION('',(0.,1.,0.));
#12031 = PCURVE('',#6363,#12032);
#12032 = DEFINITIONAL_REPRESENTATION('',(#12033),#12037);
#12033 = LINE('',#12034,#12035);
#12034 = CARTESIAN_POINT('',(243.,3.));
#12035 = VECTOR('',#12036,1.);
#12036 = DIRECTION('',(0.,1.));
#12037 = ( GEOMETRIC_REPRESENTATION_CONTEXT(2) 
PARAMETRIC_REPRESENTATION_CONTEXT() REPRESENTATION_CONTEXT('2D SPACE',''
  ) );
#12038 = PCURVE('',#6336,#12039);
#12039 = DEFINITIONAL_REPRESENTATION('',(#12040),#12044);
#12040 = LINE('',#12041,#12042);
#12041 = CARTESIAN_POINT('',(30.,0.));
#12042 = VECTOR('',#12043,1.);
#12043 = DIRECTION('',(0.,-1.));
#12044 = ( GEOMETRIC_REPRESENTATION_CONTEXT(2) 
PARAMETRIC_REPRESENTATION_CONTEXT() REPRESENTATION_CONTEXT('2D SPACE',''
  ) );
#12045 = ORIENTED_EDGE('',*,*,#6347,.T.);
#12046 = ORIENTED_EDGE('',*,*,#6399,.T.);
#12047 = ORIENTED_EDGE('',*,*,#6491,.F.);
#12048 = ADVANCED_FACE('',(#12049),#6336,.T.);
#12049 = FACE_BOUND('',#12050,.T.);
#12050 = EDGE_LOOP('',(#12051,#12052,#12053,#12054));
#12051 = ORIENTED_EDGE('',*,*,#6321,.F.);
#12052 = ORIENTED_EDGE('',*,*,#9896,.T.);
#12053 = ORIENTED_EDGE('',*,*,#6470,.T.);
#12054 = ORIENTED_EDGE('',*,*,#12025,.F.);
#12055 = ADVANCED_FACE('',(#12056),#6647,.F.);
#12056 = FACE_BOUND('',#12057,.F.);
#12057 = EDGE_LOOP('',(#12058,#12059,#12060,#12061,#12062));
#12058 = ORIENTED_EDGE('',*,*,#6874,.F.);
#12059 = ORIENTED_EDGE('',*,*,#6631,.T.);
#12060 = ORIENTED_EDGE('',*,*,#6683,.T.);
#12061 = ORIENTED_EDGE('',*,*,#6756,.T.);
#12062 = ORIENTED_EDGE('',*,*,#6804,.T.);
#12063 = ADVANCED_FACE('',(#12064),#6964,.T.);
#12064 = FACE_BOUND('',#12065,.T.);
#12065 = EDGE_LOOP('',(#12066,#12067,#12068,#12089));
#12066 = ORIENTED_EDGE('',*,*,#9923,.F.);
#12067 = ORIENTED_EDGE('',*,*,#7094,.T.);
#12068 = ORIENTED_EDGE('',*,*,#12069,.T.);
#12069 = EDGE_CURVE('',#7097,#6950,#12070,.T.);
#12070 = SURFACE_CURVE('',#12071,(#12075,#12082),.PCURVE_S1.);
#12071 = LINE('',#12072,#12073);
#12072 = CARTESIAN_POINT('',(-136.,113.,104.));
#12073 = VECTOR('',#12074,1.);
#12074 = DIRECTION('',(1.,0.,0.));
#12075 = PCURVE('',#6964,#12076);
#12076 = DEFINITIONAL_REPRESENTATION('',(#12077),#12081);
#12077 = LINE('',#12078,#12079);
#12078 = CARTESIAN_POINT('',(30.,0.));
#12079 = VECTOR('',#12080,1.);
#12080 = DIRECTION('',(0.,1.));
#12081 = ( GEOMETRIC_REPRESENTATION_CONTEXT(2) 
PARAMETRIC_REPRESENTATION_CONTEXT() REPRESENTATION_CONTEXT('2D SPACE',''
  ) );
#12082 = PCURVE('',#7033,#12083);
#12083 = DEFINITIONAL_REPRESENTATION('',(#12084),#12088);
#12084 = LINE('',#12085,#12086);
#12085 = CARTESIAN_POINT('',(4.,163.));
#12086 = VECTOR('',#12087,1.);
#12087 = DIRECTION('',(1.,0.));
#12088 = ( GEOMETRIC_REPRESENTATION_CONTEXT(2) 
PARAMETRIC_REPRESENTATION_CONTEXT() REPRESENTATION_CONTEXT('2D SPACE',''
  ) );
#12089 = ORIENTED_EDGE('',*,*,#6947,.F.);
#12090 = ADVANCED_FACE('',(#12091),#7033,.F.);
#12091 = FACE_BOUND('',#12092,.F.);
#12092 = EDGE_LOOP('',(#12093,#12094,#12095,#12096));
#12093 = ORIENTED_EDGE('',*,*,#7163,.F.);
#12094 = ORIENTED_EDGE('',*,*,#12069,.T.);
#12095 = ORIENTED_EDGE('',*,*,#7019,.T.);
#12096 = ORIENTED_EDGE('',*,*,#7071,.T.);
#12097 = ADVANCED_FACE('',(#12098),#7253,.T.);
#12098 = FACE_BOUND('',#12099,.T.);
#12099 = EDGE_LOOP('',(#12100,#12101,#12102,#12123));
#12100 = ORIENTED_EDGE('',*,*,#9947,.F.);
#12101 = ORIENTED_EDGE('',*,*,#7383,.T.);
#12102 = ORIENTED_EDGE('',*,*,#12103,.T.);
#12103 = EDGE_CURVE('',#7386,#7239,#12104,.T.);
#12104 = SURFACE_CURVE('',#12105,(#12109,#12116),.PCURVE_S1.);
#12105 = LINE('',#12106,#12107);
#12106 = CARTESIAN_POINT('',(-136.,113.,104.));
#12107 = VECTOR('',#12108,1.);
#12108 = DIRECTION('',(1.,0.,0.));
#12109 = PCURVE('',#7253,#12110);
#12110 = DEFINITIONAL_REPRESENTATION('',(#12111),#12115);
#12111 = LINE('',#12112,#12113);
#12112 = CARTESIAN_POINT('',(30.,0.));
#12113 = VECTOR('',#12114,1.);
#12114 = DIRECTION('',(0.,1.));
#12115 = ( GEOMETRIC_REPRESENTATION_CONTEXT(2) 
PARAMETRIC_REPRESENTATION_CONTEXT() REPRESENTATION_CONTEXT('2D SPACE',''
  ) );
#12116 = PCURVE('',#7322,#12117);
#12117 = DEFINITIONAL_REPRESENTATION('',(#12118),#12122);
#12118 = LINE('',#12119,#12120);
#12119 = CARTESIAN_POINT('',(4.,163.));
#12120 = VECTOR('',#12121,1.);
#12121 = DIRECTION('',(1.,0.));
#12122 = ( GEOMETRIC_REPRESENTATION_CONTEXT(2) 
PARAMETRIC_REPRESENTATION_CONTEXT() REPRESENTATION_CONTEXT('2D SPACE',''
  ) );
#12123 = ORIENTED_EDGE('',*,*,#7236,.F.);
#12124 = ADVANCED_FACE('',(#12125),#7322,.F.);
#12125 = FACE_BOUND('',#12126,.F.);
#12126 = EDGE_LOOP('',(#12127,#12128,#12129,#12130));
#12127 = ORIENTED_EDGE('',*,*,#7452,.F.);
#12128 = ORIENTED_EDGE('',*,*,#12103,.T.);
#12129 = ORIENTED_EDGE('',*,*,#7308,.T.);
#12130 = ORIENTED_EDGE('',*,*,#7360,.T.);
#12131 = ADVANCED_FACE('',(#12132),#7542,.T.);
#12132 = FACE_BOUND('',#12133,.T.);
#12133 = EDGE_LOOP('',(#12134,#12135,#12136,#12157));
#12134 = ORIENTED_EDGE('',*,*,#9971,.F.);
#12135 = ORIENTED_EDGE('',*,*,#7672,.T.);
#12136 = ORIENTED_EDGE('',*,*,#12137,.T.);
#12137 = EDGE_CURVE('',#7675,#7528,#12138,.T.);
#12138 = SURFACE_CURVE('',#12139,(#12143,#12150),.PCURVE_S1.);
#12139 = LINE('',#12140,#12141);
#12140 = CARTESIAN_POINT('',(-136.,113.,104.));
#12141 = VECTOR('',#12142,1.);
#12142 = DIRECTION('',(1.,0.,0.));
#12143 = PCURVE('',#7542,#12144);
#12144 = DEFINITIONAL_REPRESENTATION('',(#12145),#12149);
#12145 = LINE('',#12146,#12147);
#12146 = CARTESIAN_POINT('',(30.,0.));
#12147 = VECTOR('',#12148,1.);
#12148 = DIRECTION('',(0.,1.));
#12149 = ( GEOMETRIC_REPRESENTATION_CONTEXT(2) 
PARAMETRIC_REPRESENTATION_CONTEXT() REPRESENTATION_CONTEXT('2D SPACE',''
  ) );
#12150 = PCURVE('',#7611,#12151);
#12151 = DEFINITIONAL_REPRESENTATION('',(#12152),#12156);
#12152 = LINE('',#12153,#12154);
#12153 = CARTESIAN_POINT('',(4.,163.));
#12154 = VECTOR('',#12155,1.);
#12155 = DIRECTION('',(1.,0.));
#12156 = ( GEOMETRIC_REPRESENTATION_CONTEXT(2) 
PARAMETRIC_REPRESENTATION_CONTEXT() REPRESENTATION_CONTEXT('2D SPACE',''
  ) );
#12157 = ORIENTED_EDGE('',*,*,#7525,.F.);
#12158 = ADVANCED_FACE('',(#12159),#7611,.F.);
#12159 = FACE_BOUND('',#12160,.F.);
#12160 = EDGE_LOOP('',(#12161,#12162,#12163,#12164));
#12161 = ORIENTED_EDGE('',*,*,#7741,.F.);
#12162 = ORIENTED_EDGE('',*,*,#12137,.T.);
#12163 = ORIENTED_EDGE('',*,*,#7597,.T.);
#12164 = ORIENTED_EDGE('',*,*,#7649,.T.);
#12165 = ADVANCED_FACE('',(#12166),#7831,.T.);
#12166 = FACE_BOUND('',#12167,.T.);
#12167 = EDGE_LOOP('',(#12168,#12169,#12170,#12191));
#12168 = ORIENTED_EDGE('',*,*,#9995,.F.);
#12169 = ORIENTED_EDGE('',*,*,#7961,.T.);
#12170 = ORIENTED_EDGE('',*,*,#12171,.T.);
#12171 = EDGE_CURVE('',#7964,#7817,#12172,.T.);
#12172 = SURFACE_CURVE('',#12173,(#12177,#12184),.PCURVE_S1.);
#12173 = LINE('',#12174,#12175);
#12174 = CARTESIAN_POINT('',(-136.,113.,104.));
#12175 = VECTOR('',#12176,1.);
#12176 = DIRECTION('',(1.,0.,0.));
#12177 = PCURVE('',#7831,#12178);
#12178 = DEFINITIONAL_REPRESENTATION('',(#12179),#12183);
#12179 = LINE('',#12180,#12181);
#12180 = CARTESIAN_POINT('',(30.,0.));
#12181 = VECTOR('',#12182,1.);
#12182 = DIRECTION('',(0.,1.));
#12183 = ( GEOMETRIC_REPRESENTATION_CONTEXT(2) 
PARAMETRIC_REPRESENTATION_CONTEXT() REPRESENTATION_CONTEXT('2D SPACE',''
  ) );
#12184 = PCURVE('',#7900,#12185);
#12185 = DEFINITIONAL_REPRESENTATION('',(#12186),#12190);
#12186 = LINE('',#12187,#12188);
#12187 = CARTESIAN_POINT('',(4.,163.));
#12188 = VECTOR('',#12189,1.);
#12189 = DIRECTION('',(1.,0.));
#12190 = ( GEOMETRIC_REPRESENTATION_CONTEXT(2) 
PARAMETRIC_REPRESENTATION_CONTEXT() REPRESENTATION_CONTEXT('2D SPACE',''
  ) );
#12191 = ORIENTED_EDGE('',*,*,#7814,.F.);
#12192 = ADVANCED_FACE('',(#12193),#7900,.F.);
#12193 = FACE_BOUND('',#12194,.F.);
#12194 = EDGE_LOOP('',(#12195,#12196,#12197,#12198));
#12195 = ORIENTED_EDGE('',*,*,#8030,.F.);
#12196 = ORIENTED_EDGE('',*,*,#12171,.T.);
#12197 = ORIENTED_EDGE('',*,*,#7886,.T.);
#12198 = ORIENTED_EDGE('',*,*,#7938,.T.);
#12199 = ADVANCED_FACE('',(#12200),#8120,.T.);
#12200 = FACE_BOUND('',#12201,.T.);
#12201 = EDGE_LOOP('',(#12202,#12203,#12204,#12225));
#12202 = ORIENTED_EDGE('',*,*,#10019,.F.);
#12203 = ORIENTED_EDGE('',*,*,#8250,.T.);
#12204 = ORIENTED_EDGE('',*,*,#12205,.T.);
#12205 = EDGE_CURVE('',#8253,#8106,#12206,.T.);
#12206 = SURFACE_CURVE('',#12207,(#12211,#12218),.PCURVE_S1.);
#12207 = LINE('',#12208,#12209);
#12208 = CARTESIAN_POINT('',(-136.,113.,104.));
#12209 = VECTOR('',#12210,1.);
#12210 = DIRECTION('',(1.,0.,0.));
#12211 = PCURVE('',#8120,#12212);
#12212 = DEFINITIONAL_REPRESENTATION('',(#12213),#12217);
#12213 = LINE('',#12214,#12215);
#12214 = CARTESIAN_POINT('',(30.,0.));
#12215 = VECTOR('',#12216,1.);
#12216 = DIRECTION('',(0.,1.));
#12217 = ( GEOMETRIC_REPRESENTATION_CONTEXT(2) 
PARAMETRIC_REPRESENTATION_CONTEXT() REPRESENTATION_CONTEXT('2D SPACE',''
  ) );
#12218 = PCURVE('',#8189,#12219);
#12219 = DEFINITIONAL_REPRESENTATION('',(#12220),#12224);
#12220 = LINE('',#12221,#12222);
#12221 = CARTESIAN_POINT('',(4.,163.));
#12222 = VECTOR('',#12223,1.);
#12223 = DIRECTION('',(1.,0.));
#12224 = ( GEOMETRIC_REPRESENTATION_CONTEXT(2) 
PARAMETRIC_REPRESENTATION_CONTEXT() REPRESENTATION_CONTEXT('2D SPACE',''
  ) );
#12225 = ORIENTED_EDGE('',*,*,#8103,.F.);
#12226 = ADVANCED_FACE('',(#12227),#8189,.F.);
#12227 = FACE_BOUND('',#12228,.F.);
#12228 = EDGE_LOOP('',(#12229,#12230,#12231,#12232));
#12229 = ORIENTED_EDGE('',*,*,#8319,.F.);
#12230 = ORIENTED_EDGE('',*,*,#12205,.T.);
#12231 = ORIENTED_EDGE('',*,*,#8175,.T.);
#12232 = ORIENTED_EDGE('',*,*,#8227,.T.);
#12233 = ADVANCED_FACE('',(#12234),#8473,.F.);
#12234 = FACE_BOUND('',#12235,.F.);
#12235 = EDGE_LOOP('',(#12236,#12237,#12238,#12239,#12240));
#12236 = ORIENTED_EDGE('',*,*,#8586,.F.);
#12237 = ORIENTED_EDGE('',*,*,#8678,.T.);
#12238 = ORIENTED_EDGE('',*,*,#8459,.T.);
#12239 = ORIENTED_EDGE('',*,*,#8513,.T.);
#12240 = ORIENTED_EDGE('',*,*,#8561,.T.);
#12241 = ADVANCED_FACE('',(#12242),#8839,.F.);
#12242 = FACE_BOUND('',#12243,.F.);
#12243 = EDGE_LOOP('',(#12244,#12245,#12246,#12247));
#12244 = ORIENTED_EDGE('',*,*,#8970,.F.);
#12245 = ORIENTED_EDGE('',*,*,#10046,.T.);
#12246 = ORIENTED_EDGE('',*,*,#8826,.T.);
#12247 = ORIENTED_EDGE('',*,*,#12248,.F.);
#12248 = EDGE_CURVE('',#8948,#8799,#12249,.T.);
#12249 = SURFACE_CURVE('',#12250,(#12254,#12261),.PCURVE_S1.);
#12250 = LINE('',#12251,#12252);
#12251 = CARTESIAN_POINT('',(-103.,-47.,104.));
#12252 = VECTOR('',#12253,1.);
#12253 = DIRECTION('',(0.,1.,0.));
#12254 = PCURVE('',#8839,#12255);
#12255 = DEFINITIONAL_REPRESENTATION('',(#12256),#12260);
#12256 = LINE('',#12257,#12258);
#12257 = CARTESIAN_POINT('',(30.,0.));
#12258 = VECTOR('',#12259,1.);
#12259 = DIRECTION('',(0.,-1.));
#12260 = ( GEOMETRIC_REPRESENTATION_CONTEXT(2) 
PARAMETRIC_REPRESENTATION_CONTEXT() REPRESENTATION_CONTEXT('2D SPACE',''
  ) );
#12261 = PCURVE('',#8814,#12262);
#12262 = DEFINITIONAL_REPRESENTATION('',(#12263),#12267);
#12263 = LINE('',#12264,#12265);
#12264 = CARTESIAN_POINT('',(37.,3.));
#12265 = VECTOR('',#12266,1.);
#12266 = DIRECTION('',(0.,1.));
#12267 = ( GEOMETRIC_REPRESENTATION_CONTEXT(2) 
PARAMETRIC_REPRESENTATION_CONTEXT() REPRESENTATION_CONTEXT('2D SPACE',''
  ) );
#12268 = ADVANCED_FACE('',(#12269),#8814,.F.);
#12269 = FACE_BOUND('',#12270,.F.);
#12270 = EDGE_LOOP('',(#12271,#12272,#12273,#12274));
#12271 = ORIENTED_EDGE('',*,*,#8853,.F.);
#12272 = ORIENTED_EDGE('',*,*,#8947,.T.);
#12273 = ORIENTED_EDGE('',*,*,#12248,.T.);
#12274 = ORIENTED_EDGE('',*,*,#8798,.F.);
#12275 = ADVANCED_FACE('',(#12276),#9128,.F.);
#12276 = FACE_BOUND('',#12277,.F.);
#12277 = EDGE_LOOP('',(#12278,#12279,#12280,#12281));
#12278 = ORIENTED_EDGE('',*,*,#9259,.F.);
#12279 = ORIENTED_EDGE('',*,*,#10070,.T.);
#12280 = ORIENTED_EDGE('',*,*,#9115,.T.);
#12281 = ORIENTED_EDGE('',*,*,#12282,.F.);
#12282 = EDGE_CURVE('',#9237,#9088,#12283,.T.);
#12283 = SURFACE_CURVE('',#12284,(#12288,#12295),.PCURVE_S1.);
#12284 = LINE('',#12285,#12286);
#12285 = CARTESIAN_POINT('',(-103.,-47.,104.));
#12286 = VECTOR('',#12287,1.);
#12287 = DIRECTION('',(0.,1.,0.));
#12288 = PCURVE('',#9128,#12289);
#12289 = DEFINITIONAL_REPRESENTATION('',(#12290),#12294);
#12290 = LINE('',#12291,#12292);
#12291 = CARTESIAN_POINT('',(30.,0.));
#12292 = VECTOR('',#12293,1.);
#12293 = DIRECTION('',(0.,-1.));
#12294 = ( GEOMETRIC_REPRESENTATION_CONTEXT(2) 
PARAMETRIC_REPRESENTATION_CONTEXT() REPRESENTATION_CONTEXT('2D SPACE',''
  ) );
#12295 = PCURVE('',#9103,#12296);
#12296 = DEFINITIONAL_REPRESENTATION('',(#12297),#12301);
#12297 = LINE('',#12298,#12299);
#12298 = CARTESIAN_POINT('',(37.,3.));
#12299 = VECTOR('',#12300,1.);
#12300 = DIRECTION('',(0.,1.));
#12301 = ( GEOMETRIC_REPRESENTATION_CONTEXT(2) 
PARAMETRIC_REPRESENTATION_CONTEXT() REPRESENTATION_CONTEXT('2D SPACE',''
  ) );
#12302 = ADVANCED_FACE('',(#12303),#9103,.F.);
#12303 = FACE_BOUND('',#12304,.F.);
#12304 = EDGE_LOOP('',(#12305,#12306,#12307,#12308));
#12305 = ORIENTED_EDGE('',*,*,#9142,.F.);
#12306 = ORIENTED_EDGE('',*,*,#9236,.T.);
#12307 = ORIENTED_EDGE('',*,*,#12282,.T.);
#12308 = ORIENTED_EDGE('',*,*,#9087,.F.);
#12309 = ADVANCED_FACE('',(#12310),#9417,.F.);
#12310 = FACE_BOUND('',#12311,.F.);
#12311 = EDGE_LOOP('',(#12312,#12313,#12314,#12315));
#12312 = ORIENTED_EDGE('',*,*,#9548,.F.);
#12313 = ORIENTED_EDGE('',*,*,#10094,.T.);
#12314 = ORIENTED_EDGE('',*,*,#9404,.T.);
#12315 = ORIENTED_EDGE('',*,*,#12316,.F.);
#12316 = EDGE_CURVE('',#9526,#9377,#12317,.T.);
#12317 = SURFACE_CURVE('',#12318,(#12322,#12329),.PCURVE_S1.);
#12318 = LINE('',#12319,#12320);
#12319 = CARTESIAN_POINT('',(-103.,-47.,104.));
#12320 = VECTOR('',#12321,1.);
#12321 = DIRECTION('',(0.,1.,0.));
#12322 = PCURVE('',#9417,#12323);
#12323 = DEFINITIONAL_REPRESENTATION('',(#12324),#12328);
#12324 = LINE('',#12325,#12326);
#12325 = CARTESIAN_POINT('',(30.,0.));
#12326 = VECTOR('',#12327,1.);
#12327 = DIRECTION('',(0.,-1.));
#12328 = ( GEOMETRIC_REPRESENTATION_CONTEXT(2) 
PARAMETRIC_REPRESENTATION_CONTEXT() REPRESENTATION_CONTEXT('2D SPACE',''
  ) );
#12329 = PCURVE('',#9392,#12330);
#12330 = DEFINITIONAL_REPRESENTATION('',(#12331),#12335);
#12331 = LINE('',#12332,#12333);
#12332 = CARTESIAN_POINT('',(37.,3.));
#12333 = VECTOR('',#12334,1.);
#12334 = DIRECTION('',(0.,1.));
#12335 = ( GEOMETRIC_REPRESENTATION_CONTEXT(2) 
PARAMETRIC_REPRESENTATION_CONTEXT() REPRESENTATION_CONTEXT('2D SPACE',''
  ) );
#12336 = ADVANCED_FACE('',(#12337),#9392,.F.);
#12337 = FACE_BOUND('',#12338,.F.);
#12338 = EDGE_LOOP('',(#12339,#12340,#12341,#12342));
#12339 = ORIENTED_EDGE('',*,*,#9431,.F.);
#12340 = ORIENTED_EDGE('',*,*,#9525,.T.);
#12341 = ORIENTED_EDGE('',*,*,#12316,.T.);
#12342 = ORIENTED_EDGE('',*,*,#9376,.F.);
#12343 = ADVANCED_FACE('',(#12344),#10138,.T.);
#12344 = FACE_BOUND('',#12345,.T.);
#12345 = EDGE_LOOP('',(#12346,#12367,#12368,#12389));
#12346 = ORIENTED_EDGE('',*,*,#12347,.F.);
#12347 = EDGE_CURVE('',#10121,#12348,#12350,.T.);
#12348 = VERTEX_POINT('',#12349);
#12349 = CARTESIAN_POINT('',(-97.,-7.,104.));
#12350 = SURFACE_CURVE('',#12351,(#12355,#12361),.PCURVE_S1.);
#12351 = LINE('',#12352,#12353);
#12352 = CARTESIAN_POINT('',(-97.,-7.,74.));
#12353 = VECTOR('',#12354,1.);
#12354 = DIRECTION('',(0.,0.,1.));
#12355 = PCURVE('',#10138,#12356);
#12356 = DEFINITIONAL_REPRESENTATION('',(#12357),#12360);
#12357 = B_SPLINE_CURVE_WITH_KNOTS('',1,(#12358,#12359),.UNSPECIFIED.,
  .F.,.F.,(2,2),(0.,30.),.PIECEWISE_BEZIER_KNOTS.);
#12358 = CARTESIAN_POINT('',(0.,-40.));
#12359 = CARTESIAN_POINT('',(30.,-40.));
#12360 = ( GEOMETRIC_REPRESENTATION_CONTEXT(2) 
PARAMETRIC_REPRESENTATION_CONTEXT() REPRESENTATION_CONTEXT('2D SPACE',''
  ) );
#12361 = PCURVE('',#10220,#12362);
#12362 = DEFINITIONAL_REPRESENTATION('',(#12363),#12366);
#12363 = B_SPLINE_CURVE_WITH_KNOTS('',1,(#12364,#12365),.UNSPECIFIED.,
  .F.,.F.,(2,2),(0.,30.),.PIECEWISE_BEZIER_KNOTS.);
#12364 = CARTESIAN_POINT('',(0.,39.));
#12365 = CARTESIAN_POINT('',(30.,39.));
#12366 = ( GEOMETRIC_REPRESENTATION_CONTEXT(2) 
PARAMETRIC_REPRESENTATION_CONTEXT() REPRESENTATION_CONTEXT('2D SPACE',''
  ) );
#12367 = ORIENTED_EDGE('',*,*,#10120,.T.);
#12368 = ORIENTED_EDGE('',*,*,#12369,.T.);
#12369 = EDGE_CURVE('',#10123,#12370,#12372,.T.);
#12370 = VERTEX_POINT('',#12371);
#12371 = CARTESIAN_POINT('',(-97.,27.,104.));
#12372 = SURFACE_CURVE('',#12373,(#12377,#12383),.PCURVE_S1.);
#12373 = LINE('',#12374,#12375);
#12374 = CARTESIAN_POINT('',(-97.,27.,74.));
#12375 = VECTOR('',#12376,1.);
#12376 = DIRECTION('',(0.,0.,1.));
#12377 = PCURVE('',#10138,#12378);
#12378 = DEFINITIONAL_REPRESENTATION('',(#12379),#12382);
#12379 = B_SPLINE_CURVE_WITH_KNOTS('',1,(#12380,#12381),.UNSPECIFIED.,
  .F.,.F.,(2,2),(0.,30.),.PIECEWISE_BEZIER_KNOTS.);
#12380 = CARTESIAN_POINT('',(0.,-74.));
#12381 = CARTESIAN_POINT('',(30.,-74.));
#12382 = ( GEOMETRIC_REPRESENTATION_CONTEXT(2) 
PARAMETRIC_REPRESENTATION_CONTEXT() REPRESENTATION_CONTEXT('2D SPACE',''
  ) );
#12383 = PCURVE('',#10166,#12384);
#12384 = DEFINITIONAL_REPRESENTATION('',(#12385),#12388);
#12385 = B_SPLINE_CURVE_WITH_KNOTS('',1,(#12386,#12387),.UNSPECIFIED.,
  .F.,.F.,(2,2),(0.,30.),.PIECEWISE_BEZIER_KNOTS.);
#12386 = CARTESIAN_POINT('',(0.,39.));
#12387 = CARTESIAN_POINT('',(30.,39.));
#12388 = ( GEOMETRIC_REPRESENTATION_CONTEXT(2) 
PARAMETRIC_REPRESENTATION_CONTEXT() REPRESENTATION_CONTEXT('2D SPACE',''
  ) );
#12389 = ORIENTED_EDGE('',*,*,#12390,.F.);
#12390 = EDGE_CURVE('',#12348,#12370,#12391,.T.);
#12391 = SURFACE_CURVE('',#12392,(#12396,#12403),.PCURVE_S1.);
#12392 = LINE('',#12393,#12394);
#12393 = CARTESIAN_POINT('',(-97.,-47.,104.));
#12394 = VECTOR('',#12395,1.);
#12395 = DIRECTION('',(0.,1.,0.));
#12396 = PCURVE('',#10138,#12397);
#12397 = DEFINITIONAL_REPRESENTATION('',(#12398),#12402);
#12398 = LINE('',#12399,#12400);
#12399 = CARTESIAN_POINT('',(30.,0.));
#12400 = VECTOR('',#12401,1.);
#12401 = DIRECTION('',(0.,-1.));
#12402 = ( GEOMETRIC_REPRESENTATION_CONTEXT(2) 
PARAMETRIC_REPRESENTATION_CONTEXT() REPRESENTATION_CONTEXT('2D SPACE',''
  ) );
#12403 = PCURVE('',#12404,#12409);
#12404 = PLANE('',#12405);
#12405 = AXIS2_PLACEMENT_3D('',#12406,#12407,#12408);
#12406 = CARTESIAN_POINT('',(-140.,-50.,104.));
#12407 = DIRECTION('',(0.,0.,1.));
#12408 = DIRECTION('',(1.,0.,0.));
#12409 = DEFINITIONAL_REPRESENTATION('',(#12410),#12414);
#12410 = LINE('',#12411,#12412);
#12411 = CARTESIAN_POINT('',(43.,3.));
#12412 = VECTOR('',#12413,1.);
#12413 = DIRECTION('',(0.,1.));
#12414 = ( GEOMETRIC_REPRESENTATION_CONTEXT(2) 
PARAMETRIC_REPRESENTATION_CONTEXT() REPRESENTATION_CONTEXT('2D SPACE',''
  ) );
#12415 = ADVANCED_FACE('',(#12416),#10220,.T.);
#12416 = FACE_BOUND('',#12417,.T.);
#12417 = EDGE_LOOP('',(#12418,#12419,#12420,#12443));
#12418 = ORIENTED_EDGE('',*,*,#10206,.F.);
#12419 = ORIENTED_EDGE('',*,*,#12347,.T.);
#12420 = ORIENTED_EDGE('',*,*,#12421,.T.);
#12421 = EDGE_CURVE('',#12348,#12422,#12424,.T.);
#12422 = VERTEX_POINT('',#12423);
#12423 = CARTESIAN_POINT('',(-63.,-7.,104.));
#12424 = SURFACE_CURVE('',#12425,(#12429,#12436),.PCURVE_S1.);
#12425 = LINE('',#12426,#12427);
#12426 = CARTESIAN_POINT('',(-136.,-7.,104.));
#12427 = VECTOR('',#12428,1.);
#12428 = DIRECTION('',(1.,0.,0.));
#12429 = PCURVE('',#10220,#12430);
#12430 = DEFINITIONAL_REPRESENTATION('',(#12431),#12435);
#12431 = LINE('',#12432,#12433);
#12432 = CARTESIAN_POINT('',(30.,0.));
#12433 = VECTOR('',#12434,1.);
#12434 = DIRECTION('',(0.,1.));
#12435 = ( GEOMETRIC_REPRESENTATION_CONTEXT(2) 
PARAMETRIC_REPRESENTATION_CONTEXT() REPRESENTATION_CONTEXT('2D SPACE',''
  ) );
#12436 = PCURVE('',#12404,#12437);
#12437 = DEFINITIONAL_REPRESENTATION('',(#12438),#12442);
#12438 = LINE('',#12439,#12440);
#12439 = CARTESIAN_POINT('',(4.,43.));
#12440 = VECTOR('',#12441,1.);
#12441 = DIRECTION('',(1.,0.));
#12442 = ( GEOMETRIC_REPRESENTATION_CONTEXT(2) 
PARAMETRIC_REPRESENTATION_CONTEXT() REPRESENTATION_CONTEXT('2D SPACE',''
  ) );
#12443 = ORIENTED_EDGE('',*,*,#12444,.F.);
#12444 = EDGE_CURVE('',#10179,#12422,#12445,.T.);
#12445 = SURFACE_CURVE('',#12446,(#12450,#12456),.PCURVE_S1.);
#12446 = LINE('',#12447,#12448);
#12447 = CARTESIAN_POINT('',(-63.,-7.,74.));
#12448 = VECTOR('',#12449,1.);
#12449 = DIRECTION('',(0.,0.,1.));
#12450 = PCURVE('',#10220,#12451);
#12451 = DEFINITIONAL_REPRESENTATION('',(#12452),#12455);
#12452 = B_SPLINE_CURVE_WITH_KNOTS('',1,(#12453,#12454),.UNSPECIFIED.,
  .F.,.F.,(2,2),(0.,30.),.PIECEWISE_BEZIER_KNOTS.);
#12453 = CARTESIAN_POINT('',(0.,73.));
#12454 = CARTESIAN_POINT('',(30.,73.));
#12455 = ( GEOMETRIC_REPRESENTATION_CONTEXT(2) 
PARAMETRIC_REPRESENTATION_CONTEXT() REPRESENTATION_CONTEXT('2D SPACE',''
  ) );
#12456 = PCURVE('',#10194,#12457);
#12457 = DEFINITIONAL_REPRESENTATION('',(#12458),#12461);
#12458 = B_SPLINE_CURVE_WITH_KNOTS('',1,(#12459,#12460),.UNSPECIFIED.,
  .F.,.F.,(2,2),(0.,30.),.PIECEWISE_BEZIER_KNOTS.);
#12459 = CARTESIAN_POINT('',(0.,-40.));
#12460 = CARTESIAN_POINT('',(30.,-40.));
#12461 = ( GEOMETRIC_REPRESENTATION_CONTEXT(2) 
PARAMETRIC_REPRESENTATION_CONTEXT() REPRESENTATION_CONTEXT('2D SPACE',''
  ) );
#12462 = ADVANCED_FACE('',(#12463),#10166,.F.);
#12463 = FACE_BOUND('',#12464,.F.);
#12464 = EDGE_LOOP('',(#12465,#12466,#12467,#12490));
#12465 = ORIENTED_EDGE('',*,*,#10150,.F.);
#12466 = ORIENTED_EDGE('',*,*,#12369,.T.);
#12467 = ORIENTED_EDGE('',*,*,#12468,.T.);
#12468 = EDGE_CURVE('',#12370,#12469,#12471,.T.);
#12469 = VERTEX_POINT('',#12470);
#12470 = CARTESIAN_POINT('',(-63.,27.,104.));
#12471 = SURFACE_CURVE('',#12472,(#12476,#12483),.PCURVE_S1.);
#12472 = LINE('',#12473,#12474);
#12473 = CARTESIAN_POINT('',(-136.,27.,104.));
#12474 = VECTOR('',#12475,1.);
#12475 = DIRECTION('',(1.,0.,0.));
#12476 = PCURVE('',#10166,#12477);
#12477 = DEFINITIONAL_REPRESENTATION('',(#12478),#12482);
#12478 = LINE('',#12479,#12480);
#12479 = CARTESIAN_POINT('',(30.,0.));
#12480 = VECTOR('',#12481,1.);
#12481 = DIRECTION('',(0.,1.));
#12482 = ( GEOMETRIC_REPRESENTATION_CONTEXT(2) 
PARAMETRIC_REPRESENTATION_CONTEXT() REPRESENTATION_CONTEXT('2D SPACE',''
  ) );
#12483 = PCURVE('',#12404,#12484);
#12484 = DEFINITIONAL_REPRESENTATION('',(#12485),#12489);
#12485 = LINE('',#12486,#12487);
#12486 = CARTESIAN_POINT('',(4.,77.));
#12487 = VECTOR('',#12488,1.);
#12488 = DIRECTION('',(1.,0.));
#12489 = ( GEOMETRIC_REPRESENTATION_CONTEXT(2) 
PARAMETRIC_REPRESENTATION_CONTEXT() REPRESENTATION_CONTEXT('2D SPACE',''
  ) );
#12490 = ORIENTED_EDGE('',*,*,#12491,.F.);
#12491 = EDGE_CURVE('',#10151,#12469,#12492,.T.);
#12492 = SURFACE_CURVE('',#12493,(#12497,#12503),.PCURVE_S1.);
#12493 = LINE('',#12494,#12495);
#12494 = CARTESIAN_POINT('',(-63.,27.,74.));
#12495 = VECTOR('',#12496,1.);
#12496 = DIRECTION('',(0.,0.,1.));
#12497 = PCURVE('',#10166,#12498);
#12498 = DEFINITIONAL_REPRESENTATION('',(#12499),#12502);
#12499 = B_SPLINE_CURVE_WITH_KNOTS('',1,(#12500,#12501),.UNSPECIFIED.,
  .F.,.F.,(2,2),(0.,30.),.PIECEWISE_BEZIER_KNOTS.);
#12500 = CARTESIAN_POINT('',(0.,73.));
#12501 = CARTESIAN_POINT('',(30.,73.));
#12502 = ( GEOMETRIC_REPRESENTATION_CONTEXT(2) 
PARAMETRIC_REPRESENTATION_CONTEXT() REPRESENTATION_CONTEXT('2D SPACE',''
  ) );
#12503 = PCURVE('',#10194,#12504);
#12504 = DEFINITIONAL_REPRESENTATION('',(#12505),#12508);
#12505 = B_SPLINE_CURVE_WITH_KNOTS('',1,(#12506,#12507),.UNSPECIFIED.,
  .F.,.F.,(2,2),(0.,30.),.PIECEWISE_BEZIER_KNOTS.);
#12506 = CARTESIAN_POINT('',(0.,-74.));
#12507 = CARTESIAN_POINT('',(30.,-74.));
#12508 = ( GEOMETRIC_REPRESENTATION_CONTEXT(2) 
PARAMETRIC_REPRESENTATION_CONTEXT() REPRESENTATION_CONTEXT('2D SPACE',''
  ) );
#12509 = ADVANCED_FACE('',(#12510),#10194,.F.);
#12510 = FACE_BOUND('',#12511,.F.);
#12511 = EDGE_LOOP('',(#12512,#12513,#12514,#12515));
#12512 = ORIENTED_EDGE('',*,*,#12444,.F.);
#12513 = ORIENTED_EDGE('',*,*,#10178,.T.);
#12514 = ORIENTED_EDGE('',*,*,#12491,.T.);
#12515 = ORIENTED_EDGE('',*,*,#12516,.F.);
#12516 = EDGE_CURVE('',#12422,#12469,#12517,.T.);
#12517 = SURFACE_CURVE('',#12518,(#12522,#12529),.PCURVE_S1.);
#12518 = LINE('',#12519,#12520);
#12519 = CARTESIAN_POINT('',(-63.,-47.,104.));
#12520 = VECTOR('',#12521,1.);
#12521 = DIRECTION('',(0.,1.,0.));
#12522 = PCURVE('',#10194,#12523);
#12523 = DEFINITIONAL_REPRESENTATION('',(#12524),#12528);
#12524 = LINE('',#12525,#12526);
#12525 = CARTESIAN_POINT('',(30.,0.));
#12526 = VECTOR('',#12527,1.);
#12527 = DIRECTION('',(0.,-1.));
#12528 = ( GEOMETRIC_REPRESENTATION_CONTEXT(2) 
PARAMETRIC_REPRESENTATION_CONTEXT() REPRESENTATION_CONTEXT('2D SPACE',''
  ) );
#12529 = PCURVE('',#12404,#12530);
#12530 = DEFINITIONAL_REPRESENTATION('',(#12531),#12535);
#12531 = LINE('',#12532,#12533);
#12532 = CARTESIAN_POINT('',(77.,3.));
#12533 = VECTOR('',#12534,1.);
#12534 = DIRECTION('',(0.,1.));
#12535 = ( GEOMETRIC_REPRESENTATION_CONTEXT(2) 
PARAMETRIC_REPRESENTATION_CONTEXT() REPRESENTATION_CONTEXT('2D SPACE',''
  ) );
#12536 = ADVANCED_FACE('',(#12537),#10252,.T.);
#12537 = FACE_BOUND('',#12538,.T.);
#12538 = EDGE_LOOP('',(#12539,#12560,#12561,#12582));
#12539 = ORIENTED_EDGE('',*,*,#12540,.F.);
#12540 = EDGE_CURVE('',#10235,#12541,#12543,.T.);
#12541 = VERTEX_POINT('',#12542);
#12542 = CARTESIAN_POINT('',(63.,-7.,104.));
#12543 = SURFACE_CURVE('',#12544,(#12548,#12554),.PCURVE_S1.);
#12544 = LINE('',#12545,#12546);
#12545 = CARTESIAN_POINT('',(63.,-7.,74.));
#12546 = VECTOR('',#12547,1.);
#12547 = DIRECTION('',(0.,0.,1.));
#12548 = PCURVE('',#10252,#12549);
#12549 = DEFINITIONAL_REPRESENTATION('',(#12550),#12553);
#12550 = B_SPLINE_CURVE_WITH_KNOTS('',1,(#12551,#12552),.UNSPECIFIED.,
  .F.,.F.,(2,2),(0.,30.),.PIECEWISE_BEZIER_KNOTS.);
#12551 = CARTESIAN_POINT('',(0.,-40.));
#12552 = CARTESIAN_POINT('',(30.,-40.));
#12553 = ( GEOMETRIC_REPRESENTATION_CONTEXT(2) 
PARAMETRIC_REPRESENTATION_CONTEXT() REPRESENTATION_CONTEXT('2D SPACE',''
  ) );
#12554 = PCURVE('',#10334,#12555);
#12555 = DEFINITIONAL_REPRESENTATION('',(#12556),#12559);
#12556 = B_SPLINE_CURVE_WITH_KNOTS('',1,(#12557,#12558),.UNSPECIFIED.,
  .F.,.F.,(2,2),(0.,30.),.PIECEWISE_BEZIER_KNOTS.);
#12557 = CARTESIAN_POINT('',(0.,199.));
#12558 = CARTESIAN_POINT('',(30.,199.));
#12559 = ( GEOMETRIC_REPRESENTATION_CONTEXT(2) 
PARAMETRIC_REPRESENTATION_CONTEXT() REPRESENTATION_CONTEXT('2D SPACE',''
  ) );
#12560 = ORIENTED_EDGE('',*,*,#10234,.T.);
#12561 = ORIENTED_EDGE('',*,*,#12562,.T.);
#12562 = EDGE_CURVE('',#10237,#12563,#12565,.T.);
#12563 = VERTEX_POINT('',#12564);
#12564 = CARTESIAN_POINT('',(63.,27.,104.));
#12565 = SURFACE_CURVE('',#12566,(#12570,#12576),.PCURVE_S1.);
#12566 = LINE('',#12567,#12568);
#12567 = CARTESIAN_POINT('',(63.,27.,74.));
#12568 = VECTOR('',#12569,1.);
#12569 = DIRECTION('',(0.,0.,1.));
#12570 = PCURVE('',#10252,#12571);
#12571 = DEFINITIONAL_REPRESENTATION('',(#12572),#12575);
#12572 = B_SPLINE_CURVE_WITH_KNOTS('',1,(#12573,#12574),.UNSPECIFIED.,
  .F.,.F.,(2,2),(0.,30.),.PIECEWISE_BEZIER_KNOTS.);
#12573 = CARTESIAN_POINT('',(0.,-74.));
#12574 = CARTESIAN_POINT('',(30.,-74.));
#12575 = ( GEOMETRIC_REPRESENTATION_CONTEXT(2) 
PARAMETRIC_REPRESENTATION_CONTEXT() REPRESENTATION_CONTEXT('2D SPACE',''
  ) );
#12576 = PCURVE('',#10280,#12577);
#12577 = DEFINITIONAL_REPRESENTATION('',(#12578),#12581);
#12578 = B_SPLINE_CURVE_WITH_KNOTS('',1,(#12579,#12580),.UNSPECIFIED.,
  .F.,.F.,(2,2),(0.,30.),.PIECEWISE_BEZIER_KNOTS.);
#12579 = CARTESIAN_POINT('',(0.,199.));
#12580 = CARTESIAN_POINT('',(30.,199.));
#12581 = ( GEOMETRIC_REPRESENTATION_CONTEXT(2) 
PARAMETRIC_REPRESENTATION_CONTEXT() REPRESENTATION_CONTEXT('2D SPACE',''
  ) );
#12582 = ORIENTED_EDGE('',*,*,#12583,.F.);
#12583 = EDGE_CURVE('',#12541,#12563,#12584,.T.);
#12584 = SURFACE_CURVE('',#12585,(#12589,#12596),.PCURVE_S1.);
#12585 = LINE('',#12586,#12587);
#12586 = CARTESIAN_POINT('',(63.,-47.,104.));
#12587 = VECTOR('',#12588,1.);
#12588 = DIRECTION('',(0.,1.,0.));
#12589 = PCURVE('',#10252,#12590);
#12590 = DEFINITIONAL_REPRESENTATION('',(#12591),#12595);
#12591 = LINE('',#12592,#12593);
#12592 = CARTESIAN_POINT('',(30.,0.));
#12593 = VECTOR('',#12594,1.);
#12594 = DIRECTION('',(0.,-1.));
#12595 = ( GEOMETRIC_REPRESENTATION_CONTEXT(2) 
PARAMETRIC_REPRESENTATION_CONTEXT() REPRESENTATION_CONTEXT('2D SPACE',''
  ) );
#12596 = PCURVE('',#12597,#12602);
#12597 = PLANE('',#12598);
#12598 = AXIS2_PLACEMENT_3D('',#12599,#12600,#12601);
#12599 = CARTESIAN_POINT('',(-140.,-50.,104.));
#12600 = DIRECTION('',(0.,0.,1.));
#12601 = DIRECTION('',(1.,0.,0.));
#12602 = DEFINITIONAL_REPRESENTATION('',(#12603),#12607);
#12603 = LINE('',#12604,#12605);
#12604 = CARTESIAN_POINT('',(203.,3.));
#12605 = VECTOR('',#12606,1.);
#12606 = DIRECTION('',(0.,1.));
#12607 = ( GEOMETRIC_REPRESENTATION_CONTEXT(2) 
PARAMETRIC_REPRESENTATION_CONTEXT() REPRESENTATION_CONTEXT('2D SPACE',''
  ) );
#12608 = ADVANCED_FACE('',(#12609),#10334,.T.);
#12609 = FACE_BOUND('',#12610,.T.);
#12610 = EDGE_LOOP('',(#12611,#12612,#12613,#12636));
#12611 = ORIENTED_EDGE('',*,*,#10320,.F.);
#12612 = ORIENTED_EDGE('',*,*,#12540,.T.);
#12613 = ORIENTED_EDGE('',*,*,#12614,.T.);
#12614 = EDGE_CURVE('',#12541,#12615,#12617,.T.);
#12615 = VERTEX_POINT('',#12616);
#12616 = CARTESIAN_POINT('',(97.,-7.,104.));
#12617 = SURFACE_CURVE('',#12618,(#12622,#12629),.PCURVE_S1.);
#12618 = LINE('',#12619,#12620);
#12619 = CARTESIAN_POINT('',(-136.,-7.,104.));
#12620 = VECTOR('',#12621,1.);
#12621 = DIRECTION('',(1.,0.,0.));
#12622 = PCURVE('',#10334,#12623);
#12623 = DEFINITIONAL_REPRESENTATION('',(#12624),#12628);
#12624 = LINE('',#12625,#12626);
#12625 = CARTESIAN_POINT('',(30.,0.));
#12626 = VECTOR('',#12627,1.);
#12627 = DIRECTION('',(0.,1.));
#12628 = ( GEOMETRIC_REPRESENTATION_CONTEXT(2) 
PARAMETRIC_REPRESENTATION_CONTEXT() REPRESENTATION_CONTEXT('2D SPACE',''
  ) );
#12629 = PCURVE('',#12597,#12630);
#12630 = DEFINITIONAL_REPRESENTATION('',(#12631),#12635);
#12631 = LINE('',#12632,#12633);
#12632 = CARTESIAN_POINT('',(4.,43.));
#12633 = VECTOR('',#12634,1.);
#12634 = DIRECTION('',(1.,0.));
#12635 = ( GEOMETRIC_REPRESENTATION_CONTEXT(2) 
PARAMETRIC_REPRESENTATION_CONTEXT() REPRESENTATION_CONTEXT('2D SPACE',''
  ) );
#12636 = ORIENTED_EDGE('',*,*,#12637,.F.);
#12637 = EDGE_CURVE('',#10293,#12615,#12638,.T.);
#12638 = SURFACE_CURVE('',#12639,(#12643,#12649),.PCURVE_S1.);
#12639 = LINE('',#12640,#12641);
#12640 = CARTESIAN_POINT('',(97.,-7.,74.));
#12641 = VECTOR('',#12642,1.);
#12642 = DIRECTION('',(0.,0.,1.));
#12643 = PCURVE('',#10334,#12644);
#12644 = DEFINITIONAL_REPRESENTATION('',(#12645),#12648);
#12645 = B_SPLINE_CURVE_WITH_KNOTS('',1,(#12646,#12647),.UNSPECIFIED.,
  .F.,.F.,(2,2),(0.,30.),.PIECEWISE_BEZIER_KNOTS.);
#12646 = CARTESIAN_POINT('',(0.,233.));
#12647 = CARTESIAN_POINT('',(30.,233.));
#12648 = ( GEOMETRIC_REPRESENTATION_CONTEXT(2) 
PARAMETRIC_REPRESENTATION_CONTEXT() REPRESENTATION_CONTEXT('2D SPACE',''
  ) );
#12649 = PCURVE('',#10308,#12650);
#12650 = DEFINITIONAL_REPRESENTATION('',(#12651),#12654);
#12651 = B_SPLINE_CURVE_WITH_KNOTS('',1,(#12652,#12653),.UNSPECIFIED.,
  .F.,.F.,(2,2),(0.,30.),.PIECEWISE_BEZIER_KNOTS.);
#12652 = CARTESIAN_POINT('',(0.,-40.));
#12653 = CARTESIAN_POINT('',(30.,-40.));
#12654 = ( GEOMETRIC_REPRESENTATION_CONTEXT(2) 
PARAMETRIC_REPRESENTATION_CONTEXT() REPRESENTATION_CONTEXT('2D SPACE',''
  ) );
#12655 = ADVANCED_FACE('',(#12656),#10280,.F.);
#12656 = FACE_BOUND('',#12657,.F.);
#12657 = EDGE_LOOP('',(#12658,#12659,#12660,#12683));
#12658 = ORIENTED_EDGE('',*,*,#10264,.F.);
#12659 = ORIENTED_EDGE('',*,*,#12562,.T.);
#12660 = ORIENTED_EDGE('',*,*,#12661,.T.);
#12661 = EDGE_CURVE('',#12563,#12662,#12664,.T.);
#12662 = VERTEX_POINT('',#12663);
#12663 = CARTESIAN_POINT('',(97.,27.,104.));
#12664 = SURFACE_CURVE('',#12665,(#12669,#12676),.PCURVE_S1.);
#12665 = LINE('',#12666,#12667);
#12666 = CARTESIAN_POINT('',(-136.,27.,104.));
#12667 = VECTOR('',#12668,1.);
#12668 = DIRECTION('',(1.,0.,0.));
#12669 = PCURVE('',#10280,#12670);
#12670 = DEFINITIONAL_REPRESENTATION('',(#12671),#12675);
#12671 = LINE('',#12672,#12673);
#12672 = CARTESIAN_POINT('',(30.,0.));
#12673 = VECTOR('',#12674,1.);
#12674 = DIRECTION('',(0.,1.));
#12675 = ( GEOMETRIC_REPRESENTATION_CONTEXT(2) 
PARAMETRIC_REPRESENTATION_CONTEXT() REPRESENTATION_CONTEXT('2D SPACE',''
  ) );
#12676 = PCURVE('',#12597,#12677);
#12677 = DEFINITIONAL_REPRESENTATION('',(#12678),#12682);
#12678 = LINE('',#12679,#12680);
#12679 = CARTESIAN_POINT('',(4.,77.));
#12680 = VECTOR('',#12681,1.);
#12681 = DIRECTION('',(1.,0.));
#12682 = ( GEOMETRIC_REPRESENTATION_CONTEXT(2) 
PARAMETRIC_REPRESENTATION_CONTEXT() REPRESENTATION_CONTEXT('2D SPACE',''
  ) );
#12683 = ORIENTED_EDGE('',*,*,#12684,.F.);
#12684 = EDGE_CURVE('',#10265,#12662,#12685,.T.);
#12685 = SURFACE_CURVE('',#12686,(#12690,#12696),.PCURVE_S1.);
#12686 = LINE('',#12687,#12688);
#12687 = CARTESIAN_POINT('',(97.,27.,74.));
#12688 = VECTOR('',#12689,1.);
#12689 = DIRECTION('',(0.,0.,1.));
#12690 = PCURVE('',#10280,#12691);
#12691 = DEFINITIONAL_REPRESENTATION('',(#12692),#12695);
#12692 = B_SPLINE_CURVE_WITH_KNOTS('',1,(#12693,#12694),.UNSPECIFIED.,
  .F.,.F.,(2,2),(0.,30.),.PIECEWISE_BEZIER_KNOTS.);
#12693 = CARTESIAN_POINT('',(0.,233.));
#12694 = CARTESIAN_POINT('',(30.,233.));
#12695 = ( GEOMETRIC_REPRESENTATION_CONTEXT(2) 
PARAMETRIC_REPRESENTATION_CONTEXT() REPRESENTATION_CONTEXT('2D SPACE',''
  ) );
#12696 = PCURVE('',#10308,#12697);
#12697 = DEFINITIONAL_REPRESENTATION('',(#12698),#12701);
#12698 = B_SPLINE_CURVE_WITH_KNOTS('',1,(#12699,#12700),.UNSPECIFIED.,
  .F.,.F.,(2,2),(0.,30.),.PIECEWISE_BEZIER_KNOTS.);
#12699 = CARTESIAN_POINT('',(0.,-74.));
#12700 = CARTESIAN_POINT('',(30.,-74.));
#12701 = ( GEOMETRIC_REPRESENTATION_CONTEXT(2) 
PARAMETRIC_REPRESENTATION_CONTEXT() REPRESENTATION_CONTEXT('2D SPACE',''
  ) );
#12702 = ADVANCED_FACE('',(#12703),#10308,.F.);
#12703 = FACE_BOUND('',#12704,.F.);
#12704 = EDGE_LOOP('',(#12705,#12706,#12707,#12708));
#12705 = ORIENTED_EDGE('',*,*,#12637,.F.);
#12706 = ORIENTED_EDGE('',*,*,#10292,.T.);
#12707 = ORIENTED_EDGE('',*,*,#12684,.T.);
#12708 = ORIENTED_EDGE('',*,*,#12709,.F.);
#12709 = EDGE_CURVE('',#12615,#12662,#12710,.T.);
#12710 = SURFACE_CURVE('',#12711,(#12715,#12722),.PCURVE_S1.);
#12711 = LINE('',#12712,#12713);
#12712 = CARTESIAN_POINT('',(97.,-47.,104.));
#12713 = VECTOR('',#12714,1.);
#12714 = DIRECTION('',(0.,1.,0.));
#12715 = PCURVE('',#10308,#12716);
#12716 = DEFINITIONAL_REPRESENTATION('',(#12717),#12721);
#12717 = LINE('',#12718,#12719);
#12718 = CARTESIAN_POINT('',(30.,0.));
#12719 = VECTOR('',#12720,1.);
#12720 = DIRECTION('',(0.,-1.));
#12721 = ( GEOMETRIC_REPRESENTATION_CONTEXT(2) 
PARAMETRIC_REPRESENTATION_CONTEXT() REPRESENTATION_CONTEXT('2D SPACE',''
  ) );
#12722 = PCURVE('',#12597,#12723);
#12723 = DEFINITIONAL_REPRESENTATION('',(#12724),#12728);
#12724 = LINE('',#12725,#12726);
#12725 = CARTESIAN_POINT('',(237.,3.));
#12726 = VECTOR('',#12727,1.);
#12727 = DIRECTION('',(0.,1.));
#12728 = ( GEOMETRIC_REPRESENTATION_CONTEXT(2) 
PARAMETRIC_REPRESENTATION_CONTEXT() REPRESENTATION_CONTEXT('2D SPACE',''
  ) );
#12729 = ADVANCED_FACE('',(#12730),#10366,.T.);
#12730 = FACE_BOUND('',#12731,.T.);
#12731 = EDGE_LOOP('',(#12732,#12753,#12754,#12775));
#12732 = ORIENTED_EDGE('',*,*,#12733,.F.);
#12733 = EDGE_CURVE('',#10349,#12734,#12736,.T.);
#12734 = VERTEX_POINT('',#12735);
#12735 = CARTESIAN_POINT('',(-97.,33.,104.));
#12736 = SURFACE_CURVE('',#12737,(#12741,#12747),.PCURVE_S1.);
#12737 = LINE('',#12738,#12739);
#12738 = CARTESIAN_POINT('',(-97.,33.,74.));
#12739 = VECTOR('',#12740,1.);
#12740 = DIRECTION('',(0.,0.,1.));
#12741 = PCURVE('',#10366,#12742);
#12742 = DEFINITIONAL_REPRESENTATION('',(#12743),#12746);
#12743 = B_SPLINE_CURVE_WITH_KNOTS('',1,(#12744,#12745),.UNSPECIFIED.,
  .F.,.F.,(2,2),(0.,30.),.PIECEWISE_BEZIER_KNOTS.);
#12744 = CARTESIAN_POINT('',(0.,-80.));
#12745 = CARTESIAN_POINT('',(30.,-80.));
#12746 = ( GEOMETRIC_REPRESENTATION_CONTEXT(2) 
PARAMETRIC_REPRESENTATION_CONTEXT() REPRESENTATION_CONTEXT('2D SPACE',''
  ) );
#12747 = PCURVE('',#10448,#12748);
#12748 = DEFINITIONAL_REPRESENTATION('',(#12749),#12752);
#12749 = B_SPLINE_CURVE_WITH_KNOTS('',1,(#12750,#12751),.UNSPECIFIED.,
  .F.,.F.,(2,2),(0.,30.),.PIECEWISE_BEZIER_KNOTS.);
#12750 = CARTESIAN_POINT('',(0.,39.));
#12751 = CARTESIAN_POINT('',(30.,39.));
#12752 = ( GEOMETRIC_REPRESENTATION_CONTEXT(2) 
PARAMETRIC_REPRESENTATION_CONTEXT() REPRESENTATION_CONTEXT('2D SPACE',''
  ) );
#12753 = ORIENTED_EDGE('',*,*,#10348,.T.);
#12754 = ORIENTED_EDGE('',*,*,#12755,.T.);
#12755 = EDGE_CURVE('',#10351,#12756,#12758,.T.);
#12756 = VERTEX_POINT('',#12757);
#12757 = CARTESIAN_POINT('',(-97.,67.,104.));
#12758 = SURFACE_CURVE('',#12759,(#12763,#12769),.PCURVE_S1.);
#12759 = LINE('',#12760,#12761);
#12760 = CARTESIAN_POINT('',(-97.,67.,74.));
#12761 = VECTOR('',#12762,1.);
#12762 = DIRECTION('',(0.,0.,1.));
#12763 = PCURVE('',#10366,#12764);
#12764 = DEFINITIONAL_REPRESENTATION('',(#12765),#12768);
#12765 = B_SPLINE_CURVE_WITH_KNOTS('',1,(#12766,#12767),.UNSPECIFIED.,
  .F.,.F.,(2,2),(0.,30.),.PIECEWISE_BEZIER_KNOTS.);
#12766 = CARTESIAN_POINT('',(0.,-114.));
#12767 = CARTESIAN_POINT('',(30.,-114.));
#12768 = ( GEOMETRIC_REPRESENTATION_CONTEXT(2) 
PARAMETRIC_REPRESENTATION_CONTEXT() REPRESENTATION_CONTEXT('2D SPACE',''
  ) );
#12769 = PCURVE('',#10394,#12770);
#12770 = DEFINITIONAL_REPRESENTATION('',(#12771),#12774);
#12771 = B_SPLINE_CURVE_WITH_KNOTS('',1,(#12772,#12773),.UNSPECIFIED.,
  .F.,.F.,(2,2),(0.,30.),.PIECEWISE_BEZIER_KNOTS.);
#12772 = CARTESIAN_POINT('',(0.,39.));
#12773 = CARTESIAN_POINT('',(30.,39.));
#12774 = ( GEOMETRIC_REPRESENTATION_CONTEXT(2) 
PARAMETRIC_REPRESENTATION_CONTEXT() REPRESENTATION_CONTEXT('2D SPACE',''
  ) );
#12775 = ORIENTED_EDGE('',*,*,#12776,.F.);
#12776 = EDGE_CURVE('',#12734,#12756,#12777,.T.);
#12777 = SURFACE_CURVE('',#12778,(#12782,#12789),.PCURVE_S1.);
#12778 = LINE('',#12779,#12780);
#12779 = CARTESIAN_POINT('',(-97.,-47.,104.));
#12780 = VECTOR('',#12781,1.);
#12781 = DIRECTION('',(0.,1.,0.));
#12782 = PCURVE('',#10366,#12783);
#12783 = DEFINITIONAL_REPRESENTATION('',(#12784),#12788);
#12784 = LINE('',#12785,#12786);
#12785 = CARTESIAN_POINT('',(30.,0.));
#12786 = VECTOR('',#12787,1.);
#12787 = DIRECTION('',(0.,-1.));
#12788 = ( GEOMETRIC_REPRESENTATION_CONTEXT(2) 
PARAMETRIC_REPRESENTATION_CONTEXT() REPRESENTATION_CONTEXT('2D SPACE',''
  ) );
#12789 = PCURVE('',#12790,#12795);
#12790 = PLANE('',#12791);
#12791 = AXIS2_PLACEMENT_3D('',#12792,#12793,#12794);
#12792 = CARTESIAN_POINT('',(-140.,-50.,104.));
#12793 = DIRECTION('',(0.,0.,1.));
#12794 = DIRECTION('',(1.,0.,0.));
#12795 = DEFINITIONAL_REPRESENTATION('',(#12796),#12800);
#12796 = LINE('',#12797,#12798);
#12797 = CARTESIAN_POINT('',(43.,3.));
#12798 = VECTOR('',#12799,1.);
#12799 = DIRECTION('',(0.,1.));
#12800 = ( GEOMETRIC_REPRESENTATION_CONTEXT(2) 
PARAMETRIC_REPRESENTATION_CONTEXT() REPRESENTATION_CONTEXT('2D SPACE',''
  ) );
#12801 = ADVANCED_FACE('',(#12802),#10448,.T.);
#12802 = FACE_BOUND('',#12803,.T.);
#12803 = EDGE_LOOP('',(#12804,#12805,#12806,#12829));
#12804 = ORIENTED_EDGE('',*,*,#10434,.F.);
#12805 = ORIENTED_EDGE('',*,*,#12733,.T.);
#12806 = ORIENTED_EDGE('',*,*,#12807,.T.);
#12807 = EDGE_CURVE('',#12734,#12808,#12810,.T.);
#12808 = VERTEX_POINT('',#12809);
#12809 = CARTESIAN_POINT('',(-63.,33.,104.));
#12810 = SURFACE_CURVE('',#12811,(#12815,#12822),.PCURVE_S1.);
#12811 = LINE('',#12812,#12813);
#12812 = CARTESIAN_POINT('',(-136.,33.,104.));
#12813 = VECTOR('',#12814,1.);
#12814 = DIRECTION('',(1.,0.,0.));
#12815 = PCURVE('',#10448,#12816);
#12816 = DEFINITIONAL_REPRESENTATION('',(#12817),#12821);
#12817 = LINE('',#12818,#12819);
#12818 = CARTESIAN_POINT('',(30.,0.));
#12819 = VECTOR('',#12820,1.);
#12820 = DIRECTION('',(0.,1.));
#12821 = ( GEOMETRIC_REPRESENTATION_CONTEXT(2) 
PARAMETRIC_REPRESENTATION_CONTEXT() REPRESENTATION_CONTEXT('2D SPACE',''
  ) );
#12822 = PCURVE('',#12790,#12823);
#12823 = DEFINITIONAL_REPRESENTATION('',(#12824),#12828);
#12824 = LINE('',#12825,#12826);
#12825 = CARTESIAN_POINT('',(4.,83.));
#12826 = VECTOR('',#12827,1.);
#12827 = DIRECTION('',(1.,0.));
#12828 = ( GEOMETRIC_REPRESENTATION_CONTEXT(2) 
PARAMETRIC_REPRESENTATION_CONTEXT() REPRESENTATION_CONTEXT('2D SPACE',''
  ) );
#12829 = ORIENTED_EDGE('',*,*,#12830,.F.);
#12830 = EDGE_CURVE('',#10407,#12808,#12831,.T.);
#12831 = SURFACE_CURVE('',#12832,(#12836,#12842),.PCURVE_S1.);
#12832 = LINE('',#12833,#12834);
#12833 = CARTESIAN_POINT('',(-63.,33.,74.));
#12834 = VECTOR('',#12835,1.);
#12835 = DIRECTION('',(0.,0.,1.));
#12836 = PCURVE('',#10448,#12837);
#12837 = DEFINITIONAL_REPRESENTATION('',(#12838),#12841);
#12838 = B_SPLINE_CURVE_WITH_KNOTS('',1,(#12839,#12840),.UNSPECIFIED.,
  .F.,.F.,(2,2),(0.,30.),.PIECEWISE_BEZIER_KNOTS.);
#12839 = CARTESIAN_POINT('',(0.,73.));
#12840 = CARTESIAN_POINT('',(30.,73.));
#12841 = ( GEOMETRIC_REPRESENTATION_CONTEXT(2) 
PARAMETRIC_REPRESENTATION_CONTEXT() REPRESENTATION_CONTEXT('2D SPACE',''
  ) );
#12842 = PCURVE('',#10422,#12843);
#12843 = DEFINITIONAL_REPRESENTATION('',(#12844),#12847);
#12844 = B_SPLINE_CURVE_WITH_KNOTS('',1,(#12845,#12846),.UNSPECIFIED.,
  .F.,.F.,(2,2),(0.,30.),.PIECEWISE_BEZIER_KNOTS.);
#12845 = CARTESIAN_POINT('',(0.,-80.));
#12846 = CARTESIAN_POINT('',(30.,-80.));
#12847 = ( GEOMETRIC_REPRESENTATION_CONTEXT(2) 
PARAMETRIC_REPRESENTATION_CONTEXT() REPRESENTATION_CONTEXT('2D SPACE',''
  ) );
#12848 = ADVANCED_FACE('',(#12849),#10394,.F.);
#12849 = FACE_BOUND('',#12850,.F.);
#12850 = EDGE_LOOP('',(#12851,#12852,#12853,#12876));
#12851 = ORIENTED_EDGE('',*,*,#10378,.F.);
#12852 = ORIENTED_EDGE('',*,*,#12755,.T.);
#12853 = ORIENTED_EDGE('',*,*,#12854,.T.);
#12854 = EDGE_CURVE('',#12756,#12855,#12857,.T.);
#12855 = VERTEX_POINT('',#12856);
#12856 = CARTESIAN_POINT('',(-63.,67.,104.));
#12857 = SURFACE_CURVE('',#12858,(#12862,#12869),.PCURVE_S1.);
#12858 = LINE('',#12859,#12860);
#12859 = CARTESIAN_POINT('',(-136.,67.,104.));
#12860 = VECTOR('',#12861,1.);
#12861 = DIRECTION('',(1.,0.,0.));
#12862 = PCURVE('',#10394,#12863);
#12863 = DEFINITIONAL_REPRESENTATION('',(#12864),#12868);
#12864 = LINE('',#12865,#12866);
#12865 = CARTESIAN_POINT('',(30.,0.));
#12866 = VECTOR('',#12867,1.);
#12867 = DIRECTION('',(0.,1.));
#12868 = ( GEOMETRIC_REPRESENTATION_CONTEXT(2) 
PARAMETRIC_REPRESENTATION_CONTEXT() REPRESENTATION_CONTEXT('2D SPACE',''
  ) );
#12869 = PCURVE('',#12790,#12870);
#12870 = DEFINITIONAL_REPRESENTATION('',(#12871),#12875);
#12871 = LINE('',#12872,#12873);
#12872 = CARTESIAN_POINT('',(4.,117.));
#12873 = VECTOR('',#12874,1.);
#12874 = DIRECTION('',(1.,0.));
#12875 = ( GEOMETRIC_REPRESENTATION_CONTEXT(2) 
PARAMETRIC_REPRESENTATION_CONTEXT() REPRESENTATION_CONTEXT('2D SPACE',''
  ) );
#12876 = ORIENTED_EDGE('',*,*,#12877,.F.);
#12877 = EDGE_CURVE('',#10379,#12855,#12878,.T.);
#12878 = SURFACE_CURVE('',#12879,(#12883,#12889),.PCURVE_S1.);
#12879 = LINE('',#12880,#12881);
#12880 = CARTESIAN_POINT('',(-63.,67.,74.));
#12881 = VECTOR('',#12882,1.);
#12882 = DIRECTION('',(0.,0.,1.));
#12883 = PCURVE('',#10394,#12884);
#12884 = DEFINITIONAL_REPRESENTATION('',(#12885),#12888);
#12885 = B_SPLINE_CURVE_WITH_KNOTS('',1,(#12886,#12887),.UNSPECIFIED.,
  .F.,.F.,(2,2),(0.,30.),.PIECEWISE_BEZIER_KNOTS.);
#12886 = CARTESIAN_POINT('',(0.,73.));
#12887 = CARTESIAN_POINT('',(30.,73.));
#12888 = ( GEOMETRIC_REPRESENTATION_CONTEXT(2) 
PARAMETRIC_REPRESENTATION_CONTEXT() REPRESENTATION_CONTEXT('2D SPACE',''
  ) );
#12889 = PCURVE('',#10422,#12890);
#12890 = DEFINITIONAL_REPRESENTATION('',(#12891),#12894);
#12891 = B_SPLINE_CURVE_WITH_KNOTS('',1,(#12892,#12893),.UNSPECIFIED.,
  .F.,.F.,(2,2),(0.,30.),.PIECEWISE_BEZIER_KNOTS.);
#12892 = CARTESIAN_POINT('',(0.,-114.));
#12893 = CARTESIAN_POINT('',(30.,-114.));
#12894 = ( GEOMETRIC_REPRESENTATION_CONTEXT(2) 
PARAMETRIC_REPRESENTATION_CONTEXT() REPRESENTATION_CONTEXT('2D SPACE',''
  ) );
#12895 = ADVANCED_FACE('',(#12896),#10422,.F.);
#12896 = FACE_BOUND('',#12897,.F.);
#12897 = EDGE_LOOP('',(#12898,#12899,#12900,#12901));
#12898 = ORIENTED_EDGE('',*,*,#12830,.F.);
#12899 = ORIENTED_EDGE('',*,*,#10406,.T.);
#12900 = ORIENTED_EDGE('',*,*,#12877,.T.);
#12901 = ORIENTED_EDGE('',*,*,#12902,.F.);
#12902 = EDGE_CURVE('',#12808,#12855,#12903,.T.);
#12903 = SURFACE_CURVE('',#12904,(#12908,#12915),.PCURVE_S1.);
#12904 = LINE('',#12905,#12906);
#12905 = CARTESIAN_POINT('',(-63.,-47.,104.));
#12906 = VECTOR('',#12907,1.);
#12907 = DIRECTION('',(0.,1.,0.));
#12908 = PCURVE('',#10422,#12909);
#12909 = DEFINITIONAL_REPRESENTATION('',(#12910),#12914);
#12910 = LINE('',#12911,#12912);
#12911 = CARTESIAN_POINT('',(30.,0.));
#12912 = VECTOR('',#12913,1.);
#12913 = DIRECTION('',(0.,-1.));
#12914 = ( GEOMETRIC_REPRESENTATION_CONTEXT(2) 
PARAMETRIC_REPRESENTATION_CONTEXT() REPRESENTATION_CONTEXT('2D SPACE',''
  ) );
#12915 = PCURVE('',#12790,#12916);
#12916 = DEFINITIONAL_REPRESENTATION('',(#12917),#12921);
#12917 = LINE('',#12918,#12919);
#12918 = CARTESIAN_POINT('',(77.,3.));
#12919 = VECTOR('',#12920,1.);
#12920 = DIRECTION('',(0.,1.));
#12921 = ( GEOMETRIC_REPRESENTATION_CONTEXT(2) 
PARAMETRIC_REPRESENTATION_CONTEXT() REPRESENTATION_CONTEXT('2D SPACE',''
  ) );
#12922 = ADVANCED_FACE('',(#12923),#10480,.T.);
#12923 = FACE_BOUND('',#12924,.T.);
#12924 = EDGE_LOOP('',(#12925,#12946,#12947,#12968));
#12925 = ORIENTED_EDGE('',*,*,#12926,.F.);
#12926 = EDGE_CURVE('',#10463,#12927,#12929,.T.);
#12927 = VERTEX_POINT('',#12928);
#12928 = CARTESIAN_POINT('',(-97.,73.,104.));
#12929 = SURFACE_CURVE('',#12930,(#12934,#12940),.PCURVE_S1.);
#12930 = LINE('',#12931,#12932);
#12931 = CARTESIAN_POINT('',(-97.,73.,74.));
#12932 = VECTOR('',#12933,1.);
#12933 = DIRECTION('',(0.,0.,1.));
#12934 = PCURVE('',#10480,#12935);
#12935 = DEFINITIONAL_REPRESENTATION('',(#12936),#12939);
#12936 = B_SPLINE_CURVE_WITH_KNOTS('',1,(#12937,#12938),.UNSPECIFIED.,
  .F.,.F.,(2,2),(0.,30.),.PIECEWISE_BEZIER_KNOTS.);
#12937 = CARTESIAN_POINT('',(0.,-120.));
#12938 = CARTESIAN_POINT('',(30.,-120.));
#12939 = ( GEOMETRIC_REPRESENTATION_CONTEXT(2) 
PARAMETRIC_REPRESENTATION_CONTEXT() REPRESENTATION_CONTEXT('2D SPACE',''
  ) );
#12940 = PCURVE('',#10562,#12941);
#12941 = DEFINITIONAL_REPRESENTATION('',(#12942),#12945);
#12942 = B_SPLINE_CURVE_WITH_KNOTS('',1,(#12943,#12944),.UNSPECIFIED.,
  .F.,.F.,(2,2),(0.,30.),.PIECEWISE_BEZIER_KNOTS.);
#12943 = CARTESIAN_POINT('',(0.,39.));
#12944 = CARTESIAN_POINT('',(30.,39.));
#12945 = ( GEOMETRIC_REPRESENTATION_CONTEXT(2) 
PARAMETRIC_REPRESENTATION_CONTEXT() REPRESENTATION_CONTEXT('2D SPACE',''
  ) );
#12946 = ORIENTED_EDGE('',*,*,#10462,.T.);
#12947 = ORIENTED_EDGE('',*,*,#12948,.T.);
#12948 = EDGE_CURVE('',#10465,#12949,#12951,.T.);
#12949 = VERTEX_POINT('',#12950);
#12950 = CARTESIAN_POINT('',(-97.,107.,104.));
#12951 = SURFACE_CURVE('',#12952,(#12956,#12962),.PCURVE_S1.);
#12952 = LINE('',#12953,#12954);
#12953 = CARTESIAN_POINT('',(-97.,107.,74.));
#12954 = VECTOR('',#12955,1.);
#12955 = DIRECTION('',(0.,0.,1.));
#12956 = PCURVE('',#10480,#12957);
#12957 = DEFINITIONAL_REPRESENTATION('',(#12958),#12961);
#12958 = B_SPLINE_CURVE_WITH_KNOTS('',1,(#12959,#12960),.UNSPECIFIED.,
  .F.,.F.,(2,2),(0.,30.),.PIECEWISE_BEZIER_KNOTS.);
#12959 = CARTESIAN_POINT('',(0.,-154.));
#12960 = CARTESIAN_POINT('',(30.,-154.));
#12961 = ( GEOMETRIC_REPRESENTATION_CONTEXT(2) 
PARAMETRIC_REPRESENTATION_CONTEXT() REPRESENTATION_CONTEXT('2D SPACE',''
  ) );
#12962 = PCURVE('',#10508,#12963);
#12963 = DEFINITIONAL_REPRESENTATION('',(#12964),#12967);
#12964 = B_SPLINE_CURVE_WITH_KNOTS('',1,(#12965,#12966),.UNSPECIFIED.,
  .F.,.F.,(2,2),(0.,30.),.PIECEWISE_BEZIER_KNOTS.);
#12965 = CARTESIAN_POINT('',(0.,39.));
#12966 = CARTESIAN_POINT('',(30.,39.));
#12967 = ( GEOMETRIC_REPRESENTATION_CONTEXT(2) 
PARAMETRIC_REPRESENTATION_CONTEXT() REPRESENTATION_CONTEXT('2D SPACE',''
  ) );
#12968 = ORIENTED_EDGE('',*,*,#12969,.F.);
#12969 = EDGE_CURVE('',#12927,#12949,#12970,.T.);
#12970 = SURFACE_CURVE('',#12971,(#12975,#12982),.PCURVE_S1.);
#12971 = LINE('',#12972,#12973);
#12972 = CARTESIAN_POINT('',(-97.,-47.,104.));
#12973 = VECTOR('',#12974,1.);
#12974 = DIRECTION('',(0.,1.,0.));
#12975 = PCURVE('',#10480,#12976);
#12976 = DEFINITIONAL_REPRESENTATION('',(#12977),#12981);
#12977 = LINE('',#12978,#12979);
#12978 = CARTESIAN_POINT('',(30.,0.));
#12979 = VECTOR('',#12980,1.);
#12980 = DIRECTION('',(0.,-1.));
#12981 = ( GEOMETRIC_REPRESENTATION_CONTEXT(2) 
PARAMETRIC_REPRESENTATION_CONTEXT() REPRESENTATION_CONTEXT('2D SPACE',''
  ) );
#12982 = PCURVE('',#12983,#12988);
#12983 = PLANE('',#12984);
#12984 = AXIS2_PLACEMENT_3D('',#12985,#12986,#12987);
#12985 = CARTESIAN_POINT('',(-140.,-50.,104.));
#12986 = DIRECTION('',(0.,0.,1.));
#12987 = DIRECTION('',(1.,0.,0.));
#12988 = DEFINITIONAL_REPRESENTATION('',(#12989),#12993);
#12989 = LINE('',#12990,#12991);
#12990 = CARTESIAN_POINT('',(43.,3.));
#12991 = VECTOR('',#12992,1.);
#12992 = DIRECTION('',(0.,1.));
#12993 = ( GEOMETRIC_REPRESENTATION_CONTEXT(2) 
PARAMETRIC_REPRESENTATION_CONTEXT() REPRESENTATION_CONTEXT('2D SPACE',''
  ) );
#12994 = ADVANCED_FACE('',(#12995),#10562,.T.);
#12995 = FACE_BOUND('',#12996,.T.);
#12996 = EDGE_LOOP('',(#12997,#12998,#12999,#13022));
#12997 = ORIENTED_EDGE('',*,*,#10548,.F.);
#12998 = ORIENTED_EDGE('',*,*,#12926,.T.);
#12999 = ORIENTED_EDGE('',*,*,#13000,.T.);
#13000 = EDGE_CURVE('',#12927,#13001,#13003,.T.);
#13001 = VERTEX_POINT('',#13002);
#13002 = CARTESIAN_POINT('',(-63.,73.,104.));
#13003 = SURFACE_CURVE('',#13004,(#13008,#13015),.PCURVE_S1.);
#13004 = LINE('',#13005,#13006);
#13005 = CARTESIAN_POINT('',(-136.,73.,104.));
#13006 = VECTOR('',#13007,1.);
#13007 = DIRECTION('',(1.,0.,0.));
#13008 = PCURVE('',#10562,#13009);
#13009 = DEFINITIONAL_REPRESENTATION('',(#13010),#13014);
#13010 = LINE('',#13011,#13012);
#13011 = CARTESIAN_POINT('',(30.,0.));
#13012 = VECTOR('',#13013,1.);
#13013 = DIRECTION('',(0.,1.));
#13014 = ( GEOMETRIC_REPRESENTATION_CONTEXT(2) 
PARAMETRIC_REPRESENTATION_CONTEXT() REPRESENTATION_CONTEXT('2D SPACE',''
  ) );
#13015 = PCURVE('',#12983,#13016);
#13016 = DEFINITIONAL_REPRESENTATION('',(#13017),#13021);
#13017 = LINE('',#13018,#13019);
#13018 = CARTESIAN_POINT('',(4.,123.));
#13019 = VECTOR('',#13020,1.);
#13020 = DIRECTION('',(1.,0.));
#13021 = ( GEOMETRIC_REPRESENTATION_CONTEXT(2) 
PARAMETRIC_REPRESENTATION_CONTEXT() REPRESENTATION_CONTEXT('2D SPACE',''
  ) );
#13022 = ORIENTED_EDGE('',*,*,#13023,.F.);
#13023 = EDGE_CURVE('',#10521,#13001,#13024,.T.);
#13024 = SURFACE_CURVE('',#13025,(#13029,#13035),.PCURVE_S1.);
#13025 = LINE('',#13026,#13027);
#13026 = CARTESIAN_POINT('',(-63.,73.,74.));
#13027 = VECTOR('',#13028,1.);
#13028 = DIRECTION('',(0.,0.,1.));
#13029 = PCURVE('',#10562,#13030);
#13030 = DEFINITIONAL_REPRESENTATION('',(#13031),#13034);
#13031 = B_SPLINE_CURVE_WITH_KNOTS('',1,(#13032,#13033),.UNSPECIFIED.,
  .F.,.F.,(2,2),(0.,30.),.PIECEWISE_BEZIER_KNOTS.);
#13032 = CARTESIAN_POINT('',(0.,73.));
#13033 = CARTESIAN_POINT('',(30.,73.));
#13034 = ( GEOMETRIC_REPRESENTATION_CONTEXT(2) 
PARAMETRIC_REPRESENTATION_CONTEXT() REPRESENTATION_CONTEXT('2D SPACE',''
  ) );
#13035 = PCURVE('',#10536,#13036);
#13036 = DEFINITIONAL_REPRESENTATION('',(#13037),#13040);
#13037 = B_SPLINE_CURVE_WITH_KNOTS('',1,(#13038,#13039),.UNSPECIFIED.,
  .F.,.F.,(2,2),(0.,30.),.PIECEWISE_BEZIER_KNOTS.);
#13038 = CARTESIAN_POINT('',(0.,-120.));
#13039 = CARTESIAN_POINT('',(30.,-120.));
#13040 = ( GEOMETRIC_REPRESENTATION_CONTEXT(2) 
PARAMETRIC_REPRESENTATION_CONTEXT() REPRESENTATION_CONTEXT('2D SPACE',''
  ) );
#13041 = ADVANCED_FACE('',(#13042),#10508,.F.);
#13042 = FACE_BOUND('',#13043,.F.);
#13043 = EDGE_LOOP('',(#13044,#13045,#13046,#13069));
#13044 = ORIENTED_EDGE('',*,*,#10492,.F.);
#13045 = ORIENTED_EDGE('',*,*,#12948,.T.);
#13046 = ORIENTED_EDGE('',*,*,#13047,.T.);
#13047 = EDGE_CURVE('',#12949,#13048,#13050,.T.);
#13048 = VERTEX_POINT('',#13049);
#13049 = CARTESIAN_POINT('',(-63.,107.,104.));
#13050 = SURFACE_CURVE('',#13051,(#13055,#13062),.PCURVE_S1.);
#13051 = LINE('',#13052,#13053);
#13052 = CARTESIAN_POINT('',(-136.,107.,104.));
#13053 = VECTOR('',#13054,1.);
#13054 = DIRECTION('',(1.,0.,0.));
#13055 = PCURVE('',#10508,#13056);
#13056 = DEFINITIONAL_REPRESENTATION('',(#13057),#13061);
#13057 = LINE('',#13058,#13059);
#13058 = CARTESIAN_POINT('',(30.,0.));
#13059 = VECTOR('',#13060,1.);
#13060 = DIRECTION('',(0.,1.));
#13061 = ( GEOMETRIC_REPRESENTATION_CONTEXT(2) 
PARAMETRIC_REPRESENTATION_CONTEXT() REPRESENTATION_CONTEXT('2D SPACE',''
  ) );
#13062 = PCURVE('',#12983,#13063);
#13063 = DEFINITIONAL_REPRESENTATION('',(#13064),#13068);
#13064 = LINE('',#13065,#13066);
#13065 = CARTESIAN_POINT('',(4.,157.));
#13066 = VECTOR('',#13067,1.);
#13067 = DIRECTION('',(1.,0.));
#13068 = ( GEOMETRIC_REPRESENTATION_CONTEXT(2) 
PARAMETRIC_REPRESENTATION_CONTEXT() REPRESENTATION_CONTEXT('2D SPACE',''
  ) );
#13069 = ORIENTED_EDGE('',*,*,#13070,.F.);
#13070 = EDGE_CURVE('',#10493,#13048,#13071,.T.);
#13071 = SURFACE_CURVE('',#13072,(#13076,#13082),.PCURVE_S1.);
#13072 = LINE('',#13073,#13074);
#13073 = CARTESIAN_POINT('',(-63.,107.,74.));
#13074 = VECTOR('',#13075,1.);
#13075 = DIRECTION('',(0.,0.,1.));
#13076 = PCURVE('',#10508,#13077);
#13077 = DEFINITIONAL_REPRESENTATION('',(#13078),#13081);
#13078 = B_SPLINE_CURVE_WITH_KNOTS('',1,(#13079,#13080),.UNSPECIFIED.,
  .F.,.F.,(2,2),(0.,30.),.PIECEWISE_BEZIER_KNOTS.);
#13079 = CARTESIAN_POINT('',(0.,73.));
#13080 = CARTESIAN_POINT('',(30.,73.));
#13081 = ( GEOMETRIC_REPRESENTATION_CONTEXT(2) 
PARAMETRIC_REPRESENTATION_CONTEXT() REPRESENTATION_CONTEXT('2D SPACE',''
  ) );
#13082 = PCURVE('',#10536,#13083);
#13083 = DEFINITIONAL_REPRESENTATION('',(#13084),#13087);
#13084 = B_SPLINE_CURVE_WITH_KNOTS('',1,(#13085,#13086),.UNSPECIFIED.,
  .F.,.F.,(2,2),(0.,30.),.PIECEWISE_BEZIER_KNOTS.);
#13085 = CARTESIAN_POINT('',(0.,-154.));
#13086 = CARTESIAN_POINT('',(30.,-154.));
#13087 = ( GEOMETRIC_REPRESENTATION_CONTEXT(2) 
PARAMETRIC_REPRESENTATION_CONTEXT() REPRESENTATION_CONTEXT('2D SPACE',''
  ) );
#13088 = ADVANCED_FACE('',(#13089),#10536,.F.);
#13089 = FACE_BOUND('',#13090,.F.);
#13090 = EDGE_LOOP('',(#13091,#13092,#13093,#13094));
#13091 = ORIENTED_EDGE('',*,*,#13023,.F.);
#13092 = ORIENTED_EDGE('',*,*,#10520,.T.);
#13093 = ORIENTED_EDGE('',*,*,#13070,.T.);
#13094 = ORIENTED_EDGE('',*,*,#13095,.F.);
#13095 = EDGE_CURVE('',#13001,#13048,#13096,.T.);
#13096 = SURFACE_CURVE('',#13097,(#13101,#13108),.PCURVE_S1.);
#13097 = LINE('',#13098,#13099);
#13098 = CARTESIAN_POINT('',(-63.,-47.,104.));
#13099 = VECTOR('',#13100,1.);
#13100 = DIRECTION('',(0.,1.,0.));
#13101 = PCURVE('',#10536,#13102);
#13102 = DEFINITIONAL_REPRESENTATION('',(#13103),#13107);
#13103 = LINE('',#13104,#13105);
#13104 = CARTESIAN_POINT('',(30.,0.));
#13105 = VECTOR('',#13106,1.);
#13106 = DIRECTION('',(0.,-1.));
#13107 = ( GEOMETRIC_REPRESENTATION_CONTEXT(2) 
PARAMETRIC_REPRESENTATION_CONTEXT() REPRESENTATION_CONTEXT('2D SPACE',''
  ) );
#13108 = PCURVE('',#12983,#13109);
#13109 = DEFINITIONAL_REPRESENTATION('',(#13110),#13114);
#13110 = LINE('',#13111,#13112);
#13111 = CARTESIAN_POINT('',(77.,3.));
#13112 = VECTOR('',#13113,1.);
#13113 = DIRECTION('',(0.,1.));
#13114 = ( GEOMETRIC_REPRESENTATION_CONTEXT(2) 
PARAMETRIC_REPRESENTATION_CONTEXT() REPRESENTATION_CONTEXT('2D SPACE',''
  ) );
#13115 = ADVANCED_FACE('',(#13116),#10594,.T.);
#13116 = FACE_BOUND('',#13117,.T.);
#13117 = EDGE_LOOP('',(#13118,#13119,#13140,#13168,#13190,#13216));
#13118 = ORIENTED_EDGE('',*,*,#10576,.F.);
#13119 = ORIENTED_EDGE('',*,*,#13120,.T.);
#13120 = EDGE_CURVE('',#10577,#13121,#13123,.T.);
#13121 = VERTEX_POINT('',#13122);
#13122 = CARTESIAN_POINT('',(-57.,73.,104.));
#13123 = SURFACE_CURVE('',#13124,(#13128,#13134),.PCURVE_S1.);
#13124 = LINE('',#13125,#13126);
#13125 = CARTESIAN_POINT('',(-57.,73.,74.));
#13126 = VECTOR('',#13127,1.);
#13127 = DIRECTION('',(0.,0.,1.));
#13128 = PCURVE('',#10594,#13129);
#13129 = DEFINITIONAL_REPRESENTATION('',(#13130),#13133);
#13130 = B_SPLINE_CURVE_WITH_KNOTS('',1,(#13131,#13132),.UNSPECIFIED.,
  .F.,.F.,(2,2),(0.,30.),.PIECEWISE_BEZIER_KNOTS.);
#13131 = CARTESIAN_POINT('',(0.,79.));
#13132 = CARTESIAN_POINT('',(30.,79.));
#13133 = ( GEOMETRIC_REPRESENTATION_CONTEXT(2) 
PARAMETRIC_REPRESENTATION_CONTEXT() REPRESENTATION_CONTEXT('2D SPACE',''
  ) );
#13134 = PCURVE('',#10622,#13135);
#13135 = DEFINITIONAL_REPRESENTATION('',(#13136),#13139);
#13136 = B_SPLINE_CURVE_WITH_KNOTS('',1,(#13137,#13138),.UNSPECIFIED.,
  .F.,.F.,(2,2),(0.,30.),.PIECEWISE_BEZIER_KNOTS.);
#13137 = CARTESIAN_POINT('',(0.,-120.));
#13138 = CARTESIAN_POINT('',(30.,-120.));
#13139 = ( GEOMETRIC_REPRESENTATION_CONTEXT(2) 
PARAMETRIC_REPRESENTATION_CONTEXT() REPRESENTATION_CONTEXT('2D SPACE',''
  ) );
#13140 = ORIENTED_EDGE('',*,*,#13141,.T.);
#13141 = EDGE_CURVE('',#13121,#13142,#13144,.T.);
#13142 = VERTEX_POINT('',#13143);
#13143 = CARTESIAN_POINT('',(-23.,73.,104.));
#13144 = SURFACE_CURVE('',#13145,(#13149,#13156),.PCURVE_S1.);
#13145 = LINE('',#13146,#13147);
#13146 = CARTESIAN_POINT('',(-136.,73.,104.));
#13147 = VECTOR('',#13148,1.);
#13148 = DIRECTION('',(1.,0.,0.));
#13149 = PCURVE('',#10594,#13150);
#13150 = DEFINITIONAL_REPRESENTATION('',(#13151),#13155);
#13151 = LINE('',#13152,#13153);
#13152 = CARTESIAN_POINT('',(30.,0.));
#13153 = VECTOR('',#13154,1.);
#13154 = DIRECTION('',(0.,1.));
#13155 = ( GEOMETRIC_REPRESENTATION_CONTEXT(2) 
PARAMETRIC_REPRESENTATION_CONTEXT() REPRESENTATION_CONTEXT('2D SPACE',''
  ) );
#13156 = PCURVE('',#13157,#13162);
#13157 = PLANE('',#13158);
#13158 = AXIS2_PLACEMENT_3D('',#13159,#13160,#13161);
#13159 = CARTESIAN_POINT('',(-140.,-50.,104.));
#13160 = DIRECTION('',(0.,0.,1.));
#13161 = DIRECTION('',(1.,0.,0.));
#13162 = DEFINITIONAL_REPRESENTATION('',(#13163),#13167);
#13163 = LINE('',#13164,#13165);
#13164 = CARTESIAN_POINT('',(4.,123.));
#13165 = VECTOR('',#13166,1.);
#13166 = DIRECTION('',(1.,0.));
#13167 = ( GEOMETRIC_REPRESENTATION_CONTEXT(2) 
PARAMETRIC_REPRESENTATION_CONTEXT() REPRESENTATION_CONTEXT('2D SPACE',''
  ) );
#13168 = ORIENTED_EDGE('',*,*,#13169,.F.);
#13169 = EDGE_CURVE('',#13170,#13142,#13172,.T.);
#13170 = VERTEX_POINT('',#13171);
#13171 = CARTESIAN_POINT('',(-23.,73.,76.));
#13172 = SURFACE_CURVE('',#13173,(#13177,#13183),.PCURVE_S1.);
#13173 = LINE('',#13174,#13175);
#13174 = CARTESIAN_POINT('',(-23.,73.,74.));
#13175 = VECTOR('',#13176,1.);
#13176 = DIRECTION('',(0.,0.,1.));
#13177 = PCURVE('',#10594,#13178);
#13178 = DEFINITIONAL_REPRESENTATION('',(#13179),#13182);
#13179 = B_SPLINE_CURVE_WITH_KNOTS('',1,(#13180,#13181),.UNSPECIFIED.,
  .F.,.F.,(2,2),(0.,30.),.PIECEWISE_BEZIER_KNOTS.);
#13180 = CARTESIAN_POINT('',(0.,113.));
#13181 = CARTESIAN_POINT('',(30.,113.));
#13182 = ( GEOMETRIC_REPRESENTATION_CONTEXT(2) 
PARAMETRIC_REPRESENTATION_CONTEXT() REPRESENTATION_CONTEXT('2D SPACE',''
  ) );
#13183 = PCURVE('',#10678,#13184);
#13184 = DEFINITIONAL_REPRESENTATION('',(#13185),#13189);
#13185 = LINE('',#13186,#13187);
#13186 = CARTESIAN_POINT('',(0.,-120.));
#13187 = VECTOR('',#13188,1.);
#13188 = DIRECTION('',(1.,0.));
#13189 = ( GEOMETRIC_REPRESENTATION_CONTEXT(2) 
PARAMETRIC_REPRESENTATION_CONTEXT() REPRESENTATION_CONTEXT('2D SPACE',''
  ) );
#13190 = ORIENTED_EDGE('',*,*,#13191,.F.);
#13191 = EDGE_CURVE('',#13192,#13170,#13194,.T.);
#13192 = VERTEX_POINT('',#13193);
#13193 = CARTESIAN_POINT('',(-40.,73.,76.));
#13194 = SURFACE_CURVE('',#13195,(#13199,#13205),.PCURVE_S1.);
#13195 = LINE('',#13196,#13197);
#13196 = CARTESIAN_POINT('',(-88.,73.,76.));
#13197 = VECTOR('',#13198,1.);
#13198 = DIRECTION('',(1.,0.,0.));
#13199 = PCURVE('',#10594,#13200);
#13200 = DEFINITIONAL_REPRESENTATION('',(#13201),#13204);
#13201 = B_SPLINE_CURVE_WITH_KNOTS('',1,(#13202,#13203),.UNSPECIFIED.,
  .F.,.F.,(2,2),(48.,65.),.PIECEWISE_BEZIER_KNOTS.);
#13202 = CARTESIAN_POINT('',(2.,96.));
#13203 = CARTESIAN_POINT('',(2.,113.));
#13204 = ( GEOMETRIC_REPRESENTATION_CONTEXT(2) 
PARAMETRIC_REPRESENTATION_CONTEXT() REPRESENTATION_CONTEXT('2D SPACE',''
  ) );
#13205 = PCURVE('',#13206,#13211);
#13206 = PLANE('',#13207);
#13207 = AXIS2_PLACEMENT_3D('',#13208,#13209,#13210);
#13208 = CARTESIAN_POINT('',(-40.,18.,76.));
#13209 = DIRECTION('',(0.,0.,1.));
#13210 = DIRECTION('',(1.,0.,0.));
#13211 = DEFINITIONAL_REPRESENTATION('',(#13212),#13215);
#13212 = B_SPLINE_CURVE_WITH_KNOTS('',1,(#13213,#13214),.UNSPECIFIED.,
  .F.,.F.,(2,2),(48.,65.),.PIECEWISE_BEZIER_KNOTS.);
#13213 = CARTESIAN_POINT('',(0.,55.));
#13214 = CARTESIAN_POINT('',(17.,55.));
#13215 = ( GEOMETRIC_REPRESENTATION_CONTEXT(2) 
PARAMETRIC_REPRESENTATION_CONTEXT() REPRESENTATION_CONTEXT('2D SPACE',''
  ) );
#13216 = ORIENTED_EDGE('',*,*,#13217,.T.);
#13217 = EDGE_CURVE('',#13192,#10579,#13218,.T.);
#13218 = SURFACE_CURVE('',#13219,(#13223,#13229),.PCURVE_S1.);
#13219 = LINE('',#13220,#13221);
#13220 = CARTESIAN_POINT('',(-40.,73.,72.));
#13221 = VECTOR('',#13222,1.);
#13222 = DIRECTION('',(0.,0.,-1.));
#13223 = PCURVE('',#10594,#13224);
#13224 = DEFINITIONAL_REPRESENTATION('',(#13225),#13228);
#13225 = B_SPLINE_CURVE_WITH_KNOTS('',1,(#13226,#13227),.UNSPECIFIED.,
  .F.,.F.,(2,2),(-32.,-2.),.PIECEWISE_BEZIER_KNOTS.);
#13226 = CARTESIAN_POINT('',(30.,96.));
#13227 = CARTESIAN_POINT('',(0.,96.));
#13228 = ( GEOMETRIC_REPRESENTATION_CONTEXT(2) 
PARAMETRIC_REPRESENTATION_CONTEXT() REPRESENTATION_CONTEXT('2D SPACE',''
  ) );
#13229 = PCURVE('',#11434,#13230);
#13230 = DEFINITIONAL_REPRESENTATION('',(#13231),#13234);
#13231 = B_SPLINE_CURVE_WITH_KNOTS('',1,(#13232,#13233),.UNSPECIFIED.,
  .F.,.F.,(2,2),(-32.,-2.),.PIECEWISE_BEZIER_KNOTS.);
#13232 = CARTESIAN_POINT('',(34.,-55.));
#13233 = CARTESIAN_POINT('',(4.,-55.));
#13234 = ( GEOMETRIC_REPRESENTATION_CONTEXT(2) 
PARAMETRIC_REPRESENTATION_CONTEXT() REPRESENTATION_CONTEXT('2D SPACE',''
  ) );
#13235 = ADVANCED_FACE('',(#13236),#11434,.F.);
#13236 = FACE_BOUND('',#13237,.F.);
#13237 = EDGE_LOOP('',(#13238,#13263,#13291,#13314,#13337,#13365,#13386,
    #13387,#13388,#13409,#13437,#13456,#13457,#13478,#13506,#13534));
#13238 = ORIENTED_EDGE('',*,*,#13239,.F.);
#13239 = EDGE_CURVE('',#13240,#13242,#13244,.T.);
#13240 = VERTEX_POINT('',#13241);
#13241 = CARTESIAN_POINT('',(-40.,18.,70.));
#13242 = VERTEX_POINT('',#13243);
#13243 = CARTESIAN_POINT('',(-40.,18.,104.));
#13244 = SURFACE_CURVE('',#13245,(#13249,#13256),.PCURVE_S1.);
#13245 = LINE('',#13246,#13247);
#13246 = CARTESIAN_POINT('',(-40.,18.,70.));
#13247 = VECTOR('',#13248,1.);
#13248 = DIRECTION('',(0.,0.,1.));
#13249 = PCURVE('',#11434,#13250);
#13250 = DEFINITIONAL_REPRESENTATION('',(#13251),#13255);
#13251 = LINE('',#13252,#13253);
#13252 = CARTESIAN_POINT('',(0.,0.));
#13253 = VECTOR('',#13254,1.);
#13254 = DIRECTION('',(1.,0.));
#13255 = ( GEOMETRIC_REPRESENTATION_CONTEXT(2) 
PARAMETRIC_REPRESENTATION_CONTEXT() REPRESENTATION_CONTEXT('2D SPACE',''
  ) );
#13256 = PCURVE('',#11191,#13257);
#13257 = DEFINITIONAL_REPRESENTATION('',(#13258),#13262);
#13258 = LINE('',#13259,#13260);
#13259 = CARTESIAN_POINT('',(0.,0.));
#13260 = VECTOR('',#13261,1.);
#13261 = DIRECTION('',(1.,0.));
#13262 = ( GEOMETRIC_REPRESENTATION_CONTEXT(2) 
PARAMETRIC_REPRESENTATION_CONTEXT() REPRESENTATION_CONTEXT('2D SPACE',''
  ) );
#13263 = ORIENTED_EDGE('',*,*,#13264,.T.);
#13264 = EDGE_CURVE('',#13240,#13265,#13267,.T.);
#13265 = VERTEX_POINT('',#13266);
#13266 = CARTESIAN_POINT('',(-40.,82.,70.));
#13267 = SURFACE_CURVE('',#13268,(#13272,#13279),.PCURVE_S1.);
#13268 = LINE('',#13269,#13270);
#13269 = CARTESIAN_POINT('',(-40.,18.,70.));
#13270 = VECTOR('',#13271,1.);
#13271 = DIRECTION('',(0.,1.,0.));
#13272 = PCURVE('',#11434,#13273);
#13273 = DEFINITIONAL_REPRESENTATION('',(#13274),#13278);
#13274 = LINE('',#13275,#13276);
#13275 = CARTESIAN_POINT('',(0.,0.));
#13276 = VECTOR('',#13277,1.);
#13277 = DIRECTION('',(0.,-1.));
#13278 = ( GEOMETRIC_REPRESENTATION_CONTEXT(2) 
PARAMETRIC_REPRESENTATION_CONTEXT() REPRESENTATION_CONTEXT('2D SPACE',''
  ) );
#13279 = PCURVE('',#13280,#13285);
#13280 = PLANE('',#13281);
#13281 = AXIS2_PLACEMENT_3D('',#13282,#13283,#13284);
#13282 = CARTESIAN_POINT('',(-40.,18.,70.));
#13283 = DIRECTION('',(0.,0.,1.));
#13284 = DIRECTION('',(1.,0.,0.));
#13285 = DEFINITIONAL_REPRESENTATION('',(#13286),#13290);
#13286 = LINE('',#13287,#13288);
#13287 = CARTESIAN_POINT('',(0.,0.));
#13288 = VECTOR('',#13289,1.);
#13289 = DIRECTION('',(0.,1.));
#13290 = ( GEOMETRIC_REPRESENTATION_CONTEXT(2) 
PARAMETRIC_REPRESENTATION_CONTEXT() REPRESENTATION_CONTEXT('2D SPACE',''
  ) );
#13291 = ORIENTED_EDGE('',*,*,#13292,.F.);
#13292 = EDGE_CURVE('',#13293,#13265,#13295,.T.);
#13293 = VERTEX_POINT('',#13294);
#13294 = CARTESIAN_POINT('',(-40.,82.,104.));
#13295 = SURFACE_CURVE('',#13296,(#13300,#13307),.PCURVE_S1.);
#13296 = LINE('',#13297,#13298);
#13297 = CARTESIAN_POINT('',(-40.,82.,104.));
#13298 = VECTOR('',#13299,1.);
#13299 = DIRECTION('',(0.,0.,-1.));
#13300 = PCURVE('',#11434,#13301);
#13301 = DEFINITIONAL_REPRESENTATION('',(#13302),#13306);
#13302 = LINE('',#13303,#13304);
#13303 = CARTESIAN_POINT('',(34.,-64.));
#13304 = VECTOR('',#13305,1.);
#13305 = DIRECTION('',(-1.,0.));
#13306 = ( GEOMETRIC_REPRESENTATION_CONTEXT(2) 
PARAMETRIC_REPRESENTATION_CONTEXT() REPRESENTATION_CONTEXT('2D SPACE',''
  ) );
#13307 = PCURVE('',#10705,#13308);
#13308 = DEFINITIONAL_REPRESENTATION('',(#13309),#13313);
#13309 = LINE('',#13310,#13311);
#13310 = CARTESIAN_POINT('',(34.,0.));
#13311 = VECTOR('',#13312,1.);
#13312 = DIRECTION('',(-1.,0.));
#13313 = ( GEOMETRIC_REPRESENTATION_CONTEXT(2) 
PARAMETRIC_REPRESENTATION_CONTEXT() REPRESENTATION_CONTEXT('2D SPACE',''
  ) );
#13314 = ORIENTED_EDGE('',*,*,#13315,.F.);
#13315 = EDGE_CURVE('',#13316,#13293,#13318,.T.);
#13316 = VERTEX_POINT('',#13317);
#13317 = CARTESIAN_POINT('',(-40.,74.,104.));
#13318 = SURFACE_CURVE('',#13319,(#13323,#13330),.PCURVE_S1.);
#13319 = LINE('',#13320,#13321);
#13320 = CARTESIAN_POINT('',(-40.,74.,104.));
#13321 = VECTOR('',#13322,1.);
#13322 = DIRECTION('',(0.,1.,0.));
#13323 = PCURVE('',#11434,#13324);
#13324 = DEFINITIONAL_REPRESENTATION('',(#13325),#13329);
#13325 = LINE('',#13326,#13327);
#13326 = CARTESIAN_POINT('',(34.,-56.));
#13327 = VECTOR('',#13328,1.);
#13328 = DIRECTION('',(0.,-1.));
#13329 = ( GEOMETRIC_REPRESENTATION_CONTEXT(2) 
PARAMETRIC_REPRESENTATION_CONTEXT() REPRESENTATION_CONTEXT('2D SPACE',''
  ) );
#13330 = PCURVE('',#13157,#13331);
#13331 = DEFINITIONAL_REPRESENTATION('',(#13332),#13336);
#13332 = LINE('',#13333,#13334);
#13333 = CARTESIAN_POINT('',(100.,124.));
#13334 = VECTOR('',#13335,1.);
#13335 = DIRECTION('',(0.,1.));
#13336 = ( GEOMETRIC_REPRESENTATION_CONTEXT(2) 
PARAMETRIC_REPRESENTATION_CONTEXT() REPRESENTATION_CONTEXT('2D SPACE',''
  ) );
#13337 = ORIENTED_EDGE('',*,*,#13338,.F.);
#13338 = EDGE_CURVE('',#13339,#13316,#13341,.T.);
#13339 = VERTEX_POINT('',#13340);
#13340 = CARTESIAN_POINT('',(-40.,74.,76.));
#13341 = SURFACE_CURVE('',#13342,(#13346,#13353),.PCURVE_S1.);
#13342 = LINE('',#13343,#13344);
#13343 = CARTESIAN_POINT('',(-40.,74.,76.));
#13344 = VECTOR('',#13345,1.);
#13345 = DIRECTION('',(0.,0.,1.));
#13346 = PCURVE('',#11434,#13347);
#13347 = DEFINITIONAL_REPRESENTATION('',(#13348),#13352);
#13348 = LINE('',#13349,#13350);
#13349 = CARTESIAN_POINT('',(6.,-56.));
#13350 = VECTOR('',#13351,1.);
#13351 = DIRECTION('',(1.,0.));
#13352 = ( GEOMETRIC_REPRESENTATION_CONTEXT(2) 
PARAMETRIC_REPRESENTATION_CONTEXT() REPRESENTATION_CONTEXT('2D SPACE',''
  ) );
#13353 = PCURVE('',#13354,#13359);
#13354 = PLANE('',#13355);
#13355 = AXIS2_PLACEMENT_3D('',#13356,#13357,#13358);
#13356 = CARTESIAN_POINT('',(-40.,74.,76.));
#13357 = DIRECTION('',(0.,1.,0.));
#13358 = DIRECTION('',(0.,0.,1.));
#13359 = DEFINITIONAL_REPRESENTATION('',(#13360),#13364);
#13360 = LINE('',#13361,#13362);
#13361 = CARTESIAN_POINT('',(0.,0.));
#13362 = VECTOR('',#13363,1.);
#13363 = DIRECTION('',(1.,0.));
#13364 = ( GEOMETRIC_REPRESENTATION_CONTEXT(2) 
PARAMETRIC_REPRESENTATION_CONTEXT() REPRESENTATION_CONTEXT('2D SPACE',''
  ) );
#13365 = ORIENTED_EDGE('',*,*,#13366,.F.);
#13366 = EDGE_CURVE('',#13192,#13339,#13367,.T.);
#13367 = SURFACE_CURVE('',#13368,(#13372,#13379),.PCURVE_S1.);
#13368 = LINE('',#13369,#13370);
#13369 = CARTESIAN_POINT('',(-40.,18.,76.));
#13370 = VECTOR('',#13371,1.);
#13371 = DIRECTION('',(0.,1.,0.));
#13372 = PCURVE('',#11434,#13373);
#13373 = DEFINITIONAL_REPRESENTATION('',(#13374),#13378);
#13374 = LINE('',#13375,#13376);
#13375 = CARTESIAN_POINT('',(6.,0.));
#13376 = VECTOR('',#13377,1.);
#13377 = DIRECTION('',(0.,-1.));
#13378 = ( GEOMETRIC_REPRESENTATION_CONTEXT(2) 
PARAMETRIC_REPRESENTATION_CONTEXT() REPRESENTATION_CONTEXT('2D SPACE',''
  ) );
#13379 = PCURVE('',#13206,#13380);
#13380 = DEFINITIONAL_REPRESENTATION('',(#13381),#13385);
#13381 = LINE('',#13382,#13383);
#13382 = CARTESIAN_POINT('',(0.,0.));
#13383 = VECTOR('',#13384,1.);
#13384 = DIRECTION('',(0.,1.));
#13385 = ( GEOMETRIC_REPRESENTATION_CONTEXT(2) 
PARAMETRIC_REPRESENTATION_CONTEXT() REPRESENTATION_CONTEXT('2D SPACE',''
  ) );
#13386 = ORIENTED_EDGE('',*,*,#13217,.T.);
#13387 = ORIENTED_EDGE('',*,*,#11529,.F.);
#13388 = ORIENTED_EDGE('',*,*,#13389,.F.);
#13389 = EDGE_CURVE('',#13390,#11502,#13392,.T.);
#13390 = VERTEX_POINT('',#13391);
#13391 = CARTESIAN_POINT('',(-40.,67.,76.));
#13392 = SURFACE_CURVE('',#13393,(#13397,#13403),.PCURVE_S1.);
#13393 = LINE('',#13394,#13395);
#13394 = CARTESIAN_POINT('',(-40.,67.,72.));
#13395 = VECTOR('',#13396,1.);
#13396 = DIRECTION('',(0.,0.,-1.));
#13397 = PCURVE('',#11434,#13398);
#13398 = DEFINITIONAL_REPRESENTATION('',(#13399),#13402);
#13399 = B_SPLINE_CURVE_WITH_KNOTS('',1,(#13400,#13401),.UNSPECIFIED.,
  .F.,.F.,(2,2),(-32.,-2.),.PIECEWISE_BEZIER_KNOTS.);
#13400 = CARTESIAN_POINT('',(34.,-49.));
#13401 = CARTESIAN_POINT('',(4.,-49.));
#13402 = ( GEOMETRIC_REPRESENTATION_CONTEXT(2) 
PARAMETRIC_REPRESENTATION_CONTEXT() REPRESENTATION_CONTEXT('2D SPACE',''
  ) );
#13403 = PCURVE('',#11517,#13404);
#13404 = DEFINITIONAL_REPRESENTATION('',(#13405),#13408);
#13405 = B_SPLINE_CURVE_WITH_KNOTS('',1,(#13406,#13407),.UNSPECIFIED.,
  .F.,.F.,(2,2),(-32.,-2.),.PIECEWISE_BEZIER_KNOTS.);
#13406 = CARTESIAN_POINT('',(30.,96.));
#13407 = CARTESIAN_POINT('',(0.,96.));
#13408 = ( GEOMETRIC_REPRESENTATION_CONTEXT(2) 
PARAMETRIC_REPRESENTATION_CONTEXT() REPRESENTATION_CONTEXT('2D SPACE',''
  ) );
#13409 = ORIENTED_EDGE('',*,*,#13410,.F.);
#13410 = EDGE_CURVE('',#13411,#13390,#13413,.T.);
#13411 = VERTEX_POINT('',#13412);
#13412 = CARTESIAN_POINT('',(-40.,33.,76.));
#13413 = SURFACE_CURVE('',#13414,(#13418,#13425),.PCURVE_S1.);
#13414 = LINE('',#13415,#13416);
#13415 = CARTESIAN_POINT('',(-40.,18.,76.));
#13416 = VECTOR('',#13417,1.);
#13417 = DIRECTION('',(0.,1.,0.));
#13418 = PCURVE('',#11434,#13419);
#13419 = DEFINITIONAL_REPRESENTATION('',(#13420),#13424);
#13420 = LINE('',#13421,#13422);
#13421 = CARTESIAN_POINT('',(6.,0.));
#13422 = VECTOR('',#13423,1.);
#13423 = DIRECTION('',(0.,-1.));
#13424 = ( GEOMETRIC_REPRESENTATION_CONTEXT(2) 
PARAMETRIC_REPRESENTATION_CONTEXT() REPRESENTATION_CONTEXT('2D SPACE',''
  ) );
#13425 = PCURVE('',#13426,#13431);
#13426 = PLANE('',#13427);
#13427 = AXIS2_PLACEMENT_3D('',#13428,#13429,#13430);
#13428 = CARTESIAN_POINT('',(-40.,18.,76.));
#13429 = DIRECTION('',(0.,0.,1.));
#13430 = DIRECTION('',(1.,0.,0.));
#13431 = DEFINITIONAL_REPRESENTATION('',(#13432),#13436);
#13432 = LINE('',#13433,#13434);
#13433 = CARTESIAN_POINT('',(0.,0.));
#13434 = VECTOR('',#13435,1.);
#13435 = DIRECTION('',(0.,1.));
#13436 = ( GEOMETRIC_REPRESENTATION_CONTEXT(2) 
PARAMETRIC_REPRESENTATION_CONTEXT() REPRESENTATION_CONTEXT('2D SPACE',''
  ) );
#13437 = ORIENTED_EDGE('',*,*,#13438,.T.);
#13438 = EDGE_CURVE('',#13411,#11420,#13439,.T.);
#13439 = SURFACE_CURVE('',#13440,(#13444,#13450),.PCURVE_S1.);
#13440 = LINE('',#13441,#13442);
#13441 = CARTESIAN_POINT('',(-40.,33.,72.));
#13442 = VECTOR('',#13443,1.);
#13443 = DIRECTION('',(0.,0.,-1.));
#13444 = PCURVE('',#11434,#13445);
#13445 = DEFINITIONAL_REPRESENTATION('',(#13446),#13449);
#13446 = B_SPLINE_CURVE_WITH_KNOTS('',1,(#13447,#13448),.UNSPECIFIED.,
  .F.,.F.,(2,2),(-32.,-2.),.PIECEWISE_BEZIER_KNOTS.);
#13447 = CARTESIAN_POINT('',(34.,-15.));
#13448 = CARTESIAN_POINT('',(4.,-15.));
#13449 = ( GEOMETRIC_REPRESENTATION_CONTEXT(2) 
PARAMETRIC_REPRESENTATION_CONTEXT() REPRESENTATION_CONTEXT('2D SPACE',''
  ) );
#13450 = PCURVE('',#11461,#13451);
#13451 = DEFINITIONAL_REPRESENTATION('',(#13452),#13455);
#13452 = B_SPLINE_CURVE_WITH_KNOTS('',1,(#13453,#13454),.UNSPECIFIED.,
  .F.,.F.,(2,2),(-32.,-2.),.PIECEWISE_BEZIER_KNOTS.);
#13453 = CARTESIAN_POINT('',(30.,96.));
#13454 = CARTESIAN_POINT('',(0.,96.));
#13455 = ( GEOMETRIC_REPRESENTATION_CONTEXT(2) 
PARAMETRIC_REPRESENTATION_CONTEXT() REPRESENTATION_CONTEXT('2D SPACE',''
  ) );
#13456 = ORIENTED_EDGE('',*,*,#11419,.F.);
#13457 = ORIENTED_EDGE('',*,*,#13458,.F.);
#13458 = EDGE_CURVE('',#13459,#11392,#13461,.T.);
#13459 = VERTEX_POINT('',#13460);
#13460 = CARTESIAN_POINT('',(-40.,27.,76.));
#13461 = SURFACE_CURVE('',#13462,(#13466,#13472),.PCURVE_S1.);
#13462 = LINE('',#13463,#13464);
#13463 = CARTESIAN_POINT('',(-40.,27.,72.));
#13464 = VECTOR('',#13465,1.);
#13465 = DIRECTION('',(0.,0.,-1.));
#13466 = PCURVE('',#11434,#13467);
#13467 = DEFINITIONAL_REPRESENTATION('',(#13468),#13471);
#13468 = B_SPLINE_CURVE_WITH_KNOTS('',1,(#13469,#13470),.UNSPECIFIED.,
  .F.,.F.,(2,2),(-32.,-2.),.PIECEWISE_BEZIER_KNOTS.);
#13469 = CARTESIAN_POINT('',(34.,-9.));
#13470 = CARTESIAN_POINT('',(4.,-9.));
#13471 = ( GEOMETRIC_REPRESENTATION_CONTEXT(2) 
PARAMETRIC_REPRESENTATION_CONTEXT() REPRESENTATION_CONTEXT('2D SPACE',''
  ) );
#13472 = PCURVE('',#11407,#13473);
#13473 = DEFINITIONAL_REPRESENTATION('',(#13474),#13477);
#13474 = B_SPLINE_CURVE_WITH_KNOTS('',1,(#13475,#13476),.UNSPECIFIED.,
  .F.,.F.,(2,2),(-32.,-2.),.PIECEWISE_BEZIER_KNOTS.);
#13475 = CARTESIAN_POINT('',(30.,96.));
#13476 = CARTESIAN_POINT('',(0.,96.));
#13477 = ( GEOMETRIC_REPRESENTATION_CONTEXT(2) 
PARAMETRIC_REPRESENTATION_CONTEXT() REPRESENTATION_CONTEXT('2D SPACE',''
  ) );
#13478 = ORIENTED_EDGE('',*,*,#13479,.F.);
#13479 = EDGE_CURVE('',#13480,#13459,#13482,.T.);
#13480 = VERTEX_POINT('',#13481);
#13481 = CARTESIAN_POINT('',(-40.,26.,76.));
#13482 = SURFACE_CURVE('',#13483,(#13487,#13494),.PCURVE_S1.);
#13483 = LINE('',#13484,#13485);
#13484 = CARTESIAN_POINT('',(-40.,18.,76.));
#13485 = VECTOR('',#13486,1.);
#13486 = DIRECTION('',(0.,1.,0.));
#13487 = PCURVE('',#11434,#13488);
#13488 = DEFINITIONAL_REPRESENTATION('',(#13489),#13493);
#13489 = LINE('',#13490,#13491);
#13490 = CARTESIAN_POINT('',(6.,0.));
#13491 = VECTOR('',#13492,1.);
#13492 = DIRECTION('',(0.,-1.));
#13493 = ( GEOMETRIC_REPRESENTATION_CONTEXT(2) 
PARAMETRIC_REPRESENTATION_CONTEXT() REPRESENTATION_CONTEXT('2D SPACE',''
  ) );
#13494 = PCURVE('',#13495,#13500);
#13495 = PLANE('',#13496);
#13496 = AXIS2_PLACEMENT_3D('',#13497,#13498,#13499);
#13497 = CARTESIAN_POINT('',(-40.,18.,76.));
#13498 = DIRECTION('',(0.,0.,1.));
#13499 = DIRECTION('',(1.,0.,0.));
#13500 = DEFINITIONAL_REPRESENTATION('',(#13501),#13505);
#13501 = LINE('',#13502,#13503);
#13502 = CARTESIAN_POINT('',(0.,0.));
#13503 = VECTOR('',#13504,1.);
#13504 = DIRECTION('',(0.,1.));
#13505 = ( GEOMETRIC_REPRESENTATION_CONTEXT(2) 
PARAMETRIC_REPRESENTATION_CONTEXT() REPRESENTATION_CONTEXT('2D SPACE',''
  ) );
#13506 = ORIENTED_EDGE('',*,*,#13507,.T.);
#13507 = EDGE_CURVE('',#13480,#13508,#13510,.T.);
#13508 = VERTEX_POINT('',#13509);
#13509 = CARTESIAN_POINT('',(-40.,26.,104.));
#13510 = SURFACE_CURVE('',#13511,(#13515,#13522),.PCURVE_S1.);
#13511 = LINE('',#13512,#13513);
#13512 = CARTESIAN_POINT('',(-40.,26.,76.));
#13513 = VECTOR('',#13514,1.);
#13514 = DIRECTION('',(0.,0.,1.));
#13515 = PCURVE('',#11434,#13516);
#13516 = DEFINITIONAL_REPRESENTATION('',(#13517),#13521);
#13517 = LINE('',#13518,#13519);
#13518 = CARTESIAN_POINT('',(6.,-8.));
#13519 = VECTOR('',#13520,1.);
#13520 = DIRECTION('',(1.,0.));
#13521 = ( GEOMETRIC_REPRESENTATION_CONTEXT(2) 
PARAMETRIC_REPRESENTATION_CONTEXT() REPRESENTATION_CONTEXT('2D SPACE',''
  ) );
#13522 = PCURVE('',#13523,#13528);
#13523 = PLANE('',#13524);
#13524 = AXIS2_PLACEMENT_3D('',#13525,#13526,#13527);
#13525 = CARTESIAN_POINT('',(-40.,26.,76.));
#13526 = DIRECTION('',(0.,1.,0.));
#13527 = DIRECTION('',(0.,0.,1.));
#13528 = DEFINITIONAL_REPRESENTATION('',(#13529),#13533);
#13529 = LINE('',#13530,#13531);
#13530 = CARTESIAN_POINT('',(0.,0.));
#13531 = VECTOR('',#13532,1.);
#13532 = DIRECTION('',(1.,0.));
#13533 = ( GEOMETRIC_REPRESENTATION_CONTEXT(2) 
PARAMETRIC_REPRESENTATION_CONTEXT() REPRESENTATION_CONTEXT('2D SPACE',''
  ) );
#13534 = ORIENTED_EDGE('',*,*,#13535,.F.);
#13535 = EDGE_CURVE('',#13242,#13508,#13536,.T.);
#13536 = SURFACE_CURVE('',#13537,(#13541,#13548),.PCURVE_S1.);
#13537 = LINE('',#13538,#13539);
#13538 = CARTESIAN_POINT('',(-40.,18.,104.));
#13539 = VECTOR('',#13540,1.);
#13540 = DIRECTION('',(0.,1.,0.));
#13541 = PCURVE('',#11434,#13542);
#13542 = DEFINITIONAL_REPRESENTATION('',(#13543),#13547);
#13543 = LINE('',#13544,#13545);
#13544 = CARTESIAN_POINT('',(34.,0.));
#13545 = VECTOR('',#13546,1.);
#13546 = DIRECTION('',(0.,-1.));
#13547 = ( GEOMETRIC_REPRESENTATION_CONTEXT(2) 
PARAMETRIC_REPRESENTATION_CONTEXT() REPRESENTATION_CONTEXT('2D SPACE',''
  ) );
#13548 = PCURVE('',#13549,#13554);
#13549 = PLANE('',#13550);
#13550 = AXIS2_PLACEMENT_3D('',#13551,#13552,#13553);
#13551 = CARTESIAN_POINT('',(-140.,-50.,104.));
#13552 = DIRECTION('',(0.,0.,1.));
#13553 = DIRECTION('',(1.,0.,0.));
#13554 = DEFINITIONAL_REPRESENTATION('',(#13555),#13559);
#13555 = LINE('',#13556,#13557);
#13556 = CARTESIAN_POINT('',(100.,68.));
#13557 = VECTOR('',#13558,1.);
#13558 = DIRECTION('',(0.,1.));
#13559 = ( GEOMETRIC_REPRESENTATION_CONTEXT(2) 
PARAMETRIC_REPRESENTATION_CONTEXT() REPRESENTATION_CONTEXT('2D SPACE',''
  ) );
#13560 = ADVANCED_FACE('',(#13561),#11517,.F.);
#13561 = FACE_BOUND('',#13562,.F.);
#13562 = EDGE_LOOP('',(#13563,#13564,#13585,#13613,#13639,#13658));
#13563 = ORIENTED_EDGE('',*,*,#11501,.F.);
#13564 = ORIENTED_EDGE('',*,*,#13565,.T.);
#13565 = EDGE_CURVE('',#11474,#13566,#13568,.T.);
#13566 = VERTEX_POINT('',#13567);
#13567 = CARTESIAN_POINT('',(-57.,67.,104.));
#13568 = SURFACE_CURVE('',#13569,(#13573,#13579),.PCURVE_S1.);
#13569 = LINE('',#13570,#13571);
#13570 = CARTESIAN_POINT('',(-57.,67.,74.));
#13571 = VECTOR('',#13572,1.);
#13572 = DIRECTION('',(0.,0.,1.));
#13573 = PCURVE('',#11517,#13574);
#13574 = DEFINITIONAL_REPRESENTATION('',(#13575),#13578);
#13575 = B_SPLINE_CURVE_WITH_KNOTS('',1,(#13576,#13577),.UNSPECIFIED.,
  .F.,.F.,(2,2),(0.,30.),.PIECEWISE_BEZIER_KNOTS.);
#13576 = CARTESIAN_POINT('',(0.,79.));
#13577 = CARTESIAN_POINT('',(30.,79.));
#13578 = ( GEOMETRIC_REPRESENTATION_CONTEXT(2) 
PARAMETRIC_REPRESENTATION_CONTEXT() REPRESENTATION_CONTEXT('2D SPACE',''
  ) );
#13579 = PCURVE('',#11489,#13580);
#13580 = DEFINITIONAL_REPRESENTATION('',(#13581),#13584);
#13581 = B_SPLINE_CURVE_WITH_KNOTS('',1,(#13582,#13583),.UNSPECIFIED.,
  .F.,.F.,(2,2),(0.,30.),.PIECEWISE_BEZIER_KNOTS.);
#13582 = CARTESIAN_POINT('',(0.,-114.));
#13583 = CARTESIAN_POINT('',(30.,-114.));
#13584 = ( GEOMETRIC_REPRESENTATION_CONTEXT(2) 
PARAMETRIC_REPRESENTATION_CONTEXT() REPRESENTATION_CONTEXT('2D SPACE',''
  ) );
#13585 = ORIENTED_EDGE('',*,*,#13586,.T.);
#13586 = EDGE_CURVE('',#13566,#13587,#13589,.T.);
#13587 = VERTEX_POINT('',#13588);
#13588 = CARTESIAN_POINT('',(-23.,67.,104.));
#13589 = SURFACE_CURVE('',#13590,(#13594,#13601),.PCURVE_S1.);
#13590 = LINE('',#13591,#13592);
#13591 = CARTESIAN_POINT('',(-136.,67.,104.));
#13592 = VECTOR('',#13593,1.);
#13593 = DIRECTION('',(1.,0.,0.));
#13594 = PCURVE('',#11517,#13595);
#13595 = DEFINITIONAL_REPRESENTATION('',(#13596),#13600);
#13596 = LINE('',#13597,#13598);
#13597 = CARTESIAN_POINT('',(30.,0.));
#13598 = VECTOR('',#13599,1.);
#13599 = DIRECTION('',(0.,1.));
#13600 = ( GEOMETRIC_REPRESENTATION_CONTEXT(2) 
PARAMETRIC_REPRESENTATION_CONTEXT() REPRESENTATION_CONTEXT('2D SPACE',''
  ) );
#13601 = PCURVE('',#13602,#13607);
#13602 = PLANE('',#13603);
#13603 = AXIS2_PLACEMENT_3D('',#13604,#13605,#13606);
#13604 = CARTESIAN_POINT('',(-140.,-50.,104.));
#13605 = DIRECTION('',(0.,0.,1.));
#13606 = DIRECTION('',(1.,0.,0.));
#13607 = DEFINITIONAL_REPRESENTATION('',(#13608),#13612);
#13608 = LINE('',#13609,#13610);
#13609 = CARTESIAN_POINT('',(4.,117.));
#13610 = VECTOR('',#13611,1.);
#13611 = DIRECTION('',(1.,0.));
#13612 = ( GEOMETRIC_REPRESENTATION_CONTEXT(2) 
PARAMETRIC_REPRESENTATION_CONTEXT() REPRESENTATION_CONTEXT('2D SPACE',''
  ) );
#13613 = ORIENTED_EDGE('',*,*,#13614,.F.);
#13614 = EDGE_CURVE('',#13615,#13587,#13617,.T.);
#13615 = VERTEX_POINT('',#13616);
#13616 = CARTESIAN_POINT('',(-23.,67.,76.));
#13617 = SURFACE_CURVE('',#13618,(#13622,#13628),.PCURVE_S1.);
#13618 = LINE('',#13619,#13620);
#13619 = CARTESIAN_POINT('',(-23.,67.,74.));
#13620 = VECTOR('',#13621,1.);
#13621 = DIRECTION('',(0.,0.,1.));
#13622 = PCURVE('',#11517,#13623);
#13623 = DEFINITIONAL_REPRESENTATION('',(#13624),#13627);
#13624 = B_SPLINE_CURVE_WITH_KNOTS('',1,(#13625,#13626),.UNSPECIFIED.,
  .F.,.F.,(2,2),(0.,30.),.PIECEWISE_BEZIER_KNOTS.);
#13625 = CARTESIAN_POINT('',(0.,113.));
#13626 = CARTESIAN_POINT('',(30.,113.));
#13627 = ( GEOMETRIC_REPRESENTATION_CONTEXT(2) 
PARAMETRIC_REPRESENTATION_CONTEXT() REPRESENTATION_CONTEXT('2D SPACE',''
  ) );
#13628 = PCURVE('',#13629,#13634);
#13629 = PLANE('',#13630);
#13630 = AXIS2_PLACEMENT_3D('',#13631,#13632,#13633);
#13631 = CARTESIAN_POINT('',(-23.,-47.,74.));
#13632 = DIRECTION('',(1.,0.,0.));
#13633 = DIRECTION('',(0.,0.,1.));
#13634 = DEFINITIONAL_REPRESENTATION('',(#13635),#13638);
#13635 = B_SPLINE_CURVE_WITH_KNOTS('',1,(#13636,#13637),.UNSPECIFIED.,
  .F.,.F.,(2,2),(0.,30.),.PIECEWISE_BEZIER_KNOTS.);
#13636 = CARTESIAN_POINT('',(0.,-114.));
#13637 = CARTESIAN_POINT('',(30.,-114.));
#13638 = ( GEOMETRIC_REPRESENTATION_CONTEXT(2) 
PARAMETRIC_REPRESENTATION_CONTEXT() REPRESENTATION_CONTEXT('2D SPACE',''
  ) );
#13639 = ORIENTED_EDGE('',*,*,#13640,.F.);
#13640 = EDGE_CURVE('',#13390,#13615,#13641,.T.);
#13641 = SURFACE_CURVE('',#13642,(#13646,#13652),.PCURVE_S1.);
#13642 = LINE('',#13643,#13644);
#13643 = CARTESIAN_POINT('',(-88.,67.,76.));
#13644 = VECTOR('',#13645,1.);
#13645 = DIRECTION('',(1.,0.,0.));
#13646 = PCURVE('',#11517,#13647);
#13647 = DEFINITIONAL_REPRESENTATION('',(#13648),#13651);
#13648 = B_SPLINE_CURVE_WITH_KNOTS('',1,(#13649,#13650),.UNSPECIFIED.,
  .F.,.F.,(2,2),(48.,65.),.PIECEWISE_BEZIER_KNOTS.);
#13649 = CARTESIAN_POINT('',(2.,96.));
#13650 = CARTESIAN_POINT('',(2.,113.));
#13651 = ( GEOMETRIC_REPRESENTATION_CONTEXT(2) 
PARAMETRIC_REPRESENTATION_CONTEXT() REPRESENTATION_CONTEXT('2D SPACE',''
  ) );
#13652 = PCURVE('',#13426,#13653);
#13653 = DEFINITIONAL_REPRESENTATION('',(#13654),#13657);
#13654 = B_SPLINE_CURVE_WITH_KNOTS('',1,(#13655,#13656),.UNSPECIFIED.,
  .F.,.F.,(2,2),(48.,65.),.PIECEWISE_BEZIER_KNOTS.);
#13655 = CARTESIAN_POINT('',(0.,49.));
#13656 = CARTESIAN_POINT('',(17.,49.));
#13657 = ( GEOMETRIC_REPRESENTATION_CONTEXT(2) 
PARAMETRIC_REPRESENTATION_CONTEXT() REPRESENTATION_CONTEXT('2D SPACE',''
  ) );
#13658 = ORIENTED_EDGE('',*,*,#13389,.T.);
#13659 = ADVANCED_FACE('',(#13660),#11489,.T.);
#13660 = FACE_BOUND('',#13661,.T.);
#13661 = EDGE_LOOP('',(#13662,#13683,#13684,#13685));
#13662 = ORIENTED_EDGE('',*,*,#13663,.F.);
#13663 = EDGE_CURVE('',#11446,#13664,#13666,.T.);
#13664 = VERTEX_POINT('',#13665);
#13665 = CARTESIAN_POINT('',(-57.,33.,104.));
#13666 = SURFACE_CURVE('',#13667,(#13671,#13677),.PCURVE_S1.);
#13667 = LINE('',#13668,#13669);
#13668 = CARTESIAN_POINT('',(-57.,33.,74.));
#13669 = VECTOR('',#13670,1.);
#13670 = DIRECTION('',(0.,0.,1.));
#13671 = PCURVE('',#11489,#13672);
#13672 = DEFINITIONAL_REPRESENTATION('',(#13673),#13676);
#13673 = B_SPLINE_CURVE_WITH_KNOTS('',1,(#13674,#13675),.UNSPECIFIED.,
  .F.,.F.,(2,2),(0.,30.),.PIECEWISE_BEZIER_KNOTS.);
#13674 = CARTESIAN_POINT('',(0.,-80.));
#13675 = CARTESIAN_POINT('',(30.,-80.));
#13676 = ( GEOMETRIC_REPRESENTATION_CONTEXT(2) 
PARAMETRIC_REPRESENTATION_CONTEXT() REPRESENTATION_CONTEXT('2D SPACE',''
  ) );
#13677 = PCURVE('',#11461,#13678);
#13678 = DEFINITIONAL_REPRESENTATION('',(#13679),#13682);
#13679 = B_SPLINE_CURVE_WITH_KNOTS('',1,(#13680,#13681),.UNSPECIFIED.,
  .F.,.F.,(2,2),(0.,30.),.PIECEWISE_BEZIER_KNOTS.);
#13680 = CARTESIAN_POINT('',(0.,79.));
#13681 = CARTESIAN_POINT('',(30.,79.));
#13682 = ( GEOMETRIC_REPRESENTATION_CONTEXT(2) 
PARAMETRIC_REPRESENTATION_CONTEXT() REPRESENTATION_CONTEXT('2D SPACE',''
  ) );
#13683 = ORIENTED_EDGE('',*,*,#11473,.T.);
#13684 = ORIENTED_EDGE('',*,*,#13565,.T.);
#13685 = ORIENTED_EDGE('',*,*,#13686,.F.);
#13686 = EDGE_CURVE('',#13664,#13566,#13687,.T.);
#13687 = SURFACE_CURVE('',#13688,(#13692,#13699),.PCURVE_S1.);
#13688 = LINE('',#13689,#13690);
#13689 = CARTESIAN_POINT('',(-57.,-47.,104.));
#13690 = VECTOR('',#13691,1.);
#13691 = DIRECTION('',(0.,1.,0.));
#13692 = PCURVE('',#11489,#13693);
#13693 = DEFINITIONAL_REPRESENTATION('',(#13694),#13698);
#13694 = LINE('',#13695,#13696);
#13695 = CARTESIAN_POINT('',(30.,0.));
#13696 = VECTOR('',#13697,1.);
#13697 = DIRECTION('',(0.,-1.));
#13698 = ( GEOMETRIC_REPRESENTATION_CONTEXT(2) 
PARAMETRIC_REPRESENTATION_CONTEXT() REPRESENTATION_CONTEXT('2D SPACE',''
  ) );
#13699 = PCURVE('',#13602,#13700);
#13700 = DEFINITIONAL_REPRESENTATION('',(#13701),#13705);
#13701 = LINE('',#13702,#13703);
#13702 = CARTESIAN_POINT('',(83.,3.));
#13703 = VECTOR('',#13704,1.);
#13704 = DIRECTION('',(0.,1.));
#13705 = ( GEOMETRIC_REPRESENTATION_CONTEXT(2) 
PARAMETRIC_REPRESENTATION_CONTEXT() REPRESENTATION_CONTEXT('2D SPACE',''
  ) );
#13706 = ADVANCED_FACE('',(#13707),#11461,.T.);
#13707 = FACE_BOUND('',#13708,.T.);
#13708 = EDGE_LOOP('',(#13709,#13710,#13711,#13734,#13755,#13774));
#13709 = ORIENTED_EDGE('',*,*,#11445,.F.);
#13710 = ORIENTED_EDGE('',*,*,#13663,.T.);
#13711 = ORIENTED_EDGE('',*,*,#13712,.T.);
#13712 = EDGE_CURVE('',#13664,#13713,#13715,.T.);
#13713 = VERTEX_POINT('',#13714);
#13714 = CARTESIAN_POINT('',(-23.,33.,104.));
#13715 = SURFACE_CURVE('',#13716,(#13720,#13727),.PCURVE_S1.);
#13716 = LINE('',#13717,#13718);
#13717 = CARTESIAN_POINT('',(-136.,33.,104.));
#13718 = VECTOR('',#13719,1.);
#13719 = DIRECTION('',(1.,0.,0.));
#13720 = PCURVE('',#11461,#13721);
#13721 = DEFINITIONAL_REPRESENTATION('',(#13722),#13726);
#13722 = LINE('',#13723,#13724);
#13723 = CARTESIAN_POINT('',(30.,0.));
#13724 = VECTOR('',#13725,1.);
#13725 = DIRECTION('',(0.,1.));
#13726 = ( GEOMETRIC_REPRESENTATION_CONTEXT(2) 
PARAMETRIC_REPRESENTATION_CONTEXT() REPRESENTATION_CONTEXT('2D SPACE',''
  ) );
#13727 = PCURVE('',#13602,#13728);
#13728 = DEFINITIONAL_REPRESENTATION('',(#13729),#13733);
#13729 = LINE('',#13730,#13731);
#13730 = CARTESIAN_POINT('',(4.,83.));
#13731 = VECTOR('',#13732,1.);
#13732 = DIRECTION('',(1.,0.));
#13733 = ( GEOMETRIC_REPRESENTATION_CONTEXT(2) 
PARAMETRIC_REPRESENTATION_CONTEXT() REPRESENTATION_CONTEXT('2D SPACE',''
  ) );
#13734 = ORIENTED_EDGE('',*,*,#13735,.F.);
#13735 = EDGE_CURVE('',#13736,#13713,#13738,.T.);
#13736 = VERTEX_POINT('',#13737);
#13737 = CARTESIAN_POINT('',(-23.,33.,76.));
#13738 = SURFACE_CURVE('',#13739,(#13743,#13749),.PCURVE_S1.);
#13739 = LINE('',#13740,#13741);
#13740 = CARTESIAN_POINT('',(-23.,33.,74.));
#13741 = VECTOR('',#13742,1.);
#13742 = DIRECTION('',(0.,0.,1.));
#13743 = PCURVE('',#11461,#13744);
#13744 = DEFINITIONAL_REPRESENTATION('',(#13745),#13748);
#13745 = B_SPLINE_CURVE_WITH_KNOTS('',1,(#13746,#13747),.UNSPECIFIED.,
  .F.,.F.,(2,2),(0.,30.),.PIECEWISE_BEZIER_KNOTS.);
#13746 = CARTESIAN_POINT('',(0.,113.));
#13747 = CARTESIAN_POINT('',(30.,113.));
#13748 = ( GEOMETRIC_REPRESENTATION_CONTEXT(2) 
PARAMETRIC_REPRESENTATION_CONTEXT() REPRESENTATION_CONTEXT('2D SPACE',''
  ) );
#13749 = PCURVE('',#13629,#13750);
#13750 = DEFINITIONAL_REPRESENTATION('',(#13751),#13754);
#13751 = B_SPLINE_CURVE_WITH_KNOTS('',1,(#13752,#13753),.UNSPECIFIED.,
  .F.,.F.,(2,2),(0.,30.),.PIECEWISE_BEZIER_KNOTS.);
#13752 = CARTESIAN_POINT('',(0.,-80.));
#13753 = CARTESIAN_POINT('',(30.,-80.));
#13754 = ( GEOMETRIC_REPRESENTATION_CONTEXT(2) 
PARAMETRIC_REPRESENTATION_CONTEXT() REPRESENTATION_CONTEXT('2D SPACE',''
  ) );
#13755 = ORIENTED_EDGE('',*,*,#13756,.F.);
#13756 = EDGE_CURVE('',#13411,#13736,#13757,.T.);
#13757 = SURFACE_CURVE('',#13758,(#13762,#13768),.PCURVE_S1.);
#13758 = LINE('',#13759,#13760);
#13759 = CARTESIAN_POINT('',(-88.,33.,76.));
#13760 = VECTOR('',#13761,1.);
#13761 = DIRECTION('',(1.,0.,0.));
#13762 = PCURVE('',#11461,#13763);
#13763 = DEFINITIONAL_REPRESENTATION('',(#13764),#13767);
#13764 = B_SPLINE_CURVE_WITH_KNOTS('',1,(#13765,#13766),.UNSPECIFIED.,
  .F.,.F.,(2,2),(48.,65.),.PIECEWISE_BEZIER_KNOTS.);
#13765 = CARTESIAN_POINT('',(2.,96.));
#13766 = CARTESIAN_POINT('',(2.,113.));
#13767 = ( GEOMETRIC_REPRESENTATION_CONTEXT(2) 
PARAMETRIC_REPRESENTATION_CONTEXT() REPRESENTATION_CONTEXT('2D SPACE',''
  ) );
#13768 = PCURVE('',#13426,#13769);
#13769 = DEFINITIONAL_REPRESENTATION('',(#13770),#13773);
#13770 = B_SPLINE_CURVE_WITH_KNOTS('',1,(#13771,#13772),.UNSPECIFIED.,
  .F.,.F.,(2,2),(48.,65.),.PIECEWISE_BEZIER_KNOTS.);
#13771 = CARTESIAN_POINT('',(0.,15.));
#13772 = CARTESIAN_POINT('',(17.,15.));
#13773 = ( GEOMETRIC_REPRESENTATION_CONTEXT(2) 
PARAMETRIC_REPRESENTATION_CONTEXT() REPRESENTATION_CONTEXT('2D SPACE',''
  ) );
#13774 = ORIENTED_EDGE('',*,*,#13438,.T.);
#13775 = ADVANCED_FACE('',(#13776),#11407,.F.);
#13776 = FACE_BOUND('',#13777,.F.);
#13777 = EDGE_LOOP('',(#13778,#13779,#13800,#13823,#13845,#13864));
#13778 = ORIENTED_EDGE('',*,*,#11391,.F.);
#13779 = ORIENTED_EDGE('',*,*,#13780,.T.);
#13780 = EDGE_CURVE('',#11364,#13781,#13783,.T.);
#13781 = VERTEX_POINT('',#13782);
#13782 = CARTESIAN_POINT('',(-57.,27.,104.));
#13783 = SURFACE_CURVE('',#13784,(#13788,#13794),.PCURVE_S1.);
#13784 = LINE('',#13785,#13786);
#13785 = CARTESIAN_POINT('',(-57.,27.,74.));
#13786 = VECTOR('',#13787,1.);
#13787 = DIRECTION('',(0.,0.,1.));
#13788 = PCURVE('',#11407,#13789);
#13789 = DEFINITIONAL_REPRESENTATION('',(#13790),#13793);
#13790 = B_SPLINE_CURVE_WITH_KNOTS('',1,(#13791,#13792),.UNSPECIFIED.,
  .F.,.F.,(2,2),(0.,30.),.PIECEWISE_BEZIER_KNOTS.);
#13791 = CARTESIAN_POINT('',(0.,79.));
#13792 = CARTESIAN_POINT('',(30.,79.));
#13793 = ( GEOMETRIC_REPRESENTATION_CONTEXT(2) 
PARAMETRIC_REPRESENTATION_CONTEXT() REPRESENTATION_CONTEXT('2D SPACE',''
  ) );
#13794 = PCURVE('',#11379,#13795);
#13795 = DEFINITIONAL_REPRESENTATION('',(#13796),#13799);
#13796 = B_SPLINE_CURVE_WITH_KNOTS('',1,(#13797,#13798),.UNSPECIFIED.,
  .F.,.F.,(2,2),(0.,30.),.PIECEWISE_BEZIER_KNOTS.);
#13797 = CARTESIAN_POINT('',(0.,-74.));
#13798 = CARTESIAN_POINT('',(30.,-74.));
#13799 = ( GEOMETRIC_REPRESENTATION_CONTEXT(2) 
PARAMETRIC_REPRESENTATION_CONTEXT() REPRESENTATION_CONTEXT('2D SPACE',''
  ) );
#13800 = ORIENTED_EDGE('',*,*,#13801,.T.);
#13801 = EDGE_CURVE('',#13781,#13802,#13804,.T.);
#13802 = VERTEX_POINT('',#13803);
#13803 = CARTESIAN_POINT('',(-23.,27.,104.));
#13804 = SURFACE_CURVE('',#13805,(#13809,#13816),.PCURVE_S1.);
#13805 = LINE('',#13806,#13807);
#13806 = CARTESIAN_POINT('',(-136.,27.,104.));
#13807 = VECTOR('',#13808,1.);
#13808 = DIRECTION('',(1.,0.,0.));
#13809 = PCURVE('',#11407,#13810);
#13810 = DEFINITIONAL_REPRESENTATION('',(#13811),#13815);
#13811 = LINE('',#13812,#13813);
#13812 = CARTESIAN_POINT('',(30.,0.));
#13813 = VECTOR('',#13814,1.);
#13814 = DIRECTION('',(0.,1.));
#13815 = ( GEOMETRIC_REPRESENTATION_CONTEXT(2) 
PARAMETRIC_REPRESENTATION_CONTEXT() REPRESENTATION_CONTEXT('2D SPACE',''
  ) );
#13816 = PCURVE('',#13549,#13817);
#13817 = DEFINITIONAL_REPRESENTATION('',(#13818),#13822);
#13818 = LINE('',#13819,#13820);
#13819 = CARTESIAN_POINT('',(4.,77.));
#13820 = VECTOR('',#13821,1.);
#13821 = DIRECTION('',(1.,0.));
#13822 = ( GEOMETRIC_REPRESENTATION_CONTEXT(2) 
PARAMETRIC_REPRESENTATION_CONTEXT() REPRESENTATION_CONTEXT('2D SPACE',''
  ) );
#13823 = ORIENTED_EDGE('',*,*,#13824,.F.);
#13824 = EDGE_CURVE('',#13825,#13802,#13827,.T.);
#13825 = VERTEX_POINT('',#13826);
#13826 = CARTESIAN_POINT('',(-23.,27.,76.));
#13827 = SURFACE_CURVE('',#13828,(#13832,#13838),.PCURVE_S1.);
#13828 = LINE('',#13829,#13830);
#13829 = CARTESIAN_POINT('',(-23.,27.,74.));
#13830 = VECTOR('',#13831,1.);
#13831 = DIRECTION('',(0.,0.,1.));
#13832 = PCURVE('',#11407,#13833);
#13833 = DEFINITIONAL_REPRESENTATION('',(#13834),#13837);
#13834 = B_SPLINE_CURVE_WITH_KNOTS('',1,(#13835,#13836),.UNSPECIFIED.,
  .F.,.F.,(2,2),(0.,30.),.PIECEWISE_BEZIER_KNOTS.);
#13835 = CARTESIAN_POINT('',(0.,113.));
#13836 = CARTESIAN_POINT('',(30.,113.));
#13837 = ( GEOMETRIC_REPRESENTATION_CONTEXT(2) 
PARAMETRIC_REPRESENTATION_CONTEXT() REPRESENTATION_CONTEXT('2D SPACE',''
  ) );
#13838 = PCURVE('',#11323,#13839);
#13839 = DEFINITIONAL_REPRESENTATION('',(#13840),#13844);
#13840 = LINE('',#13841,#13842);
#13841 = CARTESIAN_POINT('',(0.,-74.));
#13842 = VECTOR('',#13843,1.);
#13843 = DIRECTION('',(1.,0.));
#13844 = ( GEOMETRIC_REPRESENTATION_CONTEXT(2) 
PARAMETRIC_REPRESENTATION_CONTEXT() REPRESENTATION_CONTEXT('2D SPACE',''
  ) );
#13845 = ORIENTED_EDGE('',*,*,#13846,.F.);
#13846 = EDGE_CURVE('',#13459,#13825,#13847,.T.);
#13847 = SURFACE_CURVE('',#13848,(#13852,#13858),.PCURVE_S1.);
#13848 = LINE('',#13849,#13850);
#13849 = CARTESIAN_POINT('',(-88.,27.,76.));
#13850 = VECTOR('',#13851,1.);
#13851 = DIRECTION('',(1.,0.,0.));
#13852 = PCURVE('',#11407,#13853);
#13853 = DEFINITIONAL_REPRESENTATION('',(#13854),#13857);
#13854 = B_SPLINE_CURVE_WITH_KNOTS('',1,(#13855,#13856),.UNSPECIFIED.,
  .F.,.F.,(2,2),(48.,65.),.PIECEWISE_BEZIER_KNOTS.);
#13855 = CARTESIAN_POINT('',(2.,96.));
#13856 = CARTESIAN_POINT('',(2.,113.));
#13857 = ( GEOMETRIC_REPRESENTATION_CONTEXT(2) 
PARAMETRIC_REPRESENTATION_CONTEXT() REPRESENTATION_CONTEXT('2D SPACE',''
  ) );
#13858 = PCURVE('',#13495,#13859);
#13859 = DEFINITIONAL_REPRESENTATION('',(#13860),#13863);
#13860 = B_SPLINE_CURVE_WITH_KNOTS('',1,(#13861,#13862),.UNSPECIFIED.,
  .F.,.F.,(2,2),(48.,65.),.PIECEWISE_BEZIER_KNOTS.);
#13861 = CARTESIAN_POINT('',(0.,9.));
#13862 = CARTESIAN_POINT('',(17.,9.));
#13863 = ( GEOMETRIC_REPRESENTATION_CONTEXT(2) 
PARAMETRIC_REPRESENTATION_CONTEXT() REPRESENTATION_CONTEXT('2D SPACE',''
  ) );
#13864 = ORIENTED_EDGE('',*,*,#13458,.T.);
#13865 = ADVANCED_FACE('',(#13866),#11379,.T.);
#13866 = FACE_BOUND('',#13867,.T.);
#13867 = EDGE_LOOP('',(#13868,#13889,#13890,#13891));
#13868 = ORIENTED_EDGE('',*,*,#13869,.F.);
#13869 = EDGE_CURVE('',#11336,#13870,#13872,.T.);
#13870 = VERTEX_POINT('',#13871);
#13871 = CARTESIAN_POINT('',(-57.,-7.,104.));
#13872 = SURFACE_CURVE('',#13873,(#13877,#13883),.PCURVE_S1.);
#13873 = LINE('',#13874,#13875);
#13874 = CARTESIAN_POINT('',(-57.,-7.,74.));
#13875 = VECTOR('',#13876,1.);
#13876 = DIRECTION('',(0.,0.,1.));
#13877 = PCURVE('',#11379,#13878);
#13878 = DEFINITIONAL_REPRESENTATION('',(#13879),#13882);
#13879 = B_SPLINE_CURVE_WITH_KNOTS('',1,(#13880,#13881),.UNSPECIFIED.,
  .F.,.F.,(2,2),(0.,30.),.PIECEWISE_BEZIER_KNOTS.);
#13880 = CARTESIAN_POINT('',(0.,-40.));
#13881 = CARTESIAN_POINT('',(30.,-40.));
#13882 = ( GEOMETRIC_REPRESENTATION_CONTEXT(2) 
PARAMETRIC_REPRESENTATION_CONTEXT() REPRESENTATION_CONTEXT('2D SPACE',''
  ) );
#13883 = PCURVE('',#11351,#13884);
#13884 = DEFINITIONAL_REPRESENTATION('',(#13885),#13888);
#13885 = B_SPLINE_CURVE_WITH_KNOTS('',1,(#13886,#13887),.UNSPECIFIED.,
  .F.,.F.,(2,2),(0.,30.),.PIECEWISE_BEZIER_KNOTS.);
#13886 = CARTESIAN_POINT('',(0.,79.));
#13887 = CARTESIAN_POINT('',(30.,79.));
#13888 = ( GEOMETRIC_REPRESENTATION_CONTEXT(2) 
PARAMETRIC_REPRESENTATION_CONTEXT() REPRESENTATION_CONTEXT('2D SPACE',''
  ) );
#13889 = ORIENTED_EDGE('',*,*,#11363,.T.);
#13890 = ORIENTED_EDGE('',*,*,#13780,.T.);
#13891 = ORIENTED_EDGE('',*,*,#13892,.F.);
#13892 = EDGE_CURVE('',#13870,#13781,#13893,.T.);
#13893 = SURFACE_CURVE('',#13894,(#13898,#13905),.PCURVE_S1.);
#13894 = LINE('',#13895,#13896);
#13895 = CARTESIAN_POINT('',(-57.,-47.,104.));
#13896 = VECTOR('',#13897,1.);
#13897 = DIRECTION('',(0.,1.,0.));
#13898 = PCURVE('',#11379,#13899);
#13899 = DEFINITIONAL_REPRESENTATION('',(#13900),#13904);
#13900 = LINE('',#13901,#13902);
#13901 = CARTESIAN_POINT('',(30.,0.));
#13902 = VECTOR('',#13903,1.);
#13903 = DIRECTION('',(0.,-1.));
#13904 = ( GEOMETRIC_REPRESENTATION_CONTEXT(2) 
PARAMETRIC_REPRESENTATION_CONTEXT() REPRESENTATION_CONTEXT('2D SPACE',''
  ) );
#13905 = PCURVE('',#13549,#13906);
#13906 = DEFINITIONAL_REPRESENTATION('',(#13907),#13911);
#13907 = LINE('',#13908,#13909);
#13908 = CARTESIAN_POINT('',(83.,3.));
#13909 = VECTOR('',#13910,1.);
#13910 = DIRECTION('',(0.,1.));
#13911 = ( GEOMETRIC_REPRESENTATION_CONTEXT(2) 
PARAMETRIC_REPRESENTATION_CONTEXT() REPRESENTATION_CONTEXT('2D SPACE',''
  ) );
#13912 = ADVANCED_FACE('',(#13913),#11351,.T.);
#13913 = FACE_BOUND('',#13914,.T.);
#13914 = EDGE_LOOP('',(#13915,#13916,#13917,#13940));
#13915 = ORIENTED_EDGE('',*,*,#11335,.F.);
#13916 = ORIENTED_EDGE('',*,*,#13869,.T.);
#13917 = ORIENTED_EDGE('',*,*,#13918,.T.);
#13918 = EDGE_CURVE('',#13870,#13919,#13921,.T.);
#13919 = VERTEX_POINT('',#13920);
#13920 = CARTESIAN_POINT('',(-23.,-7.,104.));
#13921 = SURFACE_CURVE('',#13922,(#13926,#13933),.PCURVE_S1.);
#13922 = LINE('',#13923,#13924);
#13923 = CARTESIAN_POINT('',(-136.,-7.,104.));
#13924 = VECTOR('',#13925,1.);
#13925 = DIRECTION('',(1.,0.,0.));
#13926 = PCURVE('',#11351,#13927);
#13927 = DEFINITIONAL_REPRESENTATION('',(#13928),#13932);
#13928 = LINE('',#13929,#13930);
#13929 = CARTESIAN_POINT('',(30.,0.));
#13930 = VECTOR('',#13931,1.);
#13931 = DIRECTION('',(0.,1.));
#13932 = ( GEOMETRIC_REPRESENTATION_CONTEXT(2) 
PARAMETRIC_REPRESENTATION_CONTEXT() REPRESENTATION_CONTEXT('2D SPACE',''
  ) );
#13933 = PCURVE('',#13549,#13934);
#13934 = DEFINITIONAL_REPRESENTATION('',(#13935),#13939);
#13935 = LINE('',#13936,#13937);
#13936 = CARTESIAN_POINT('',(4.,43.));
#13937 = VECTOR('',#13938,1.);
#13938 = DIRECTION('',(1.,0.));
#13939 = ( GEOMETRIC_REPRESENTATION_CONTEXT(2) 
PARAMETRIC_REPRESENTATION_CONTEXT() REPRESENTATION_CONTEXT('2D SPACE',''
  ) );
#13940 = ORIENTED_EDGE('',*,*,#13941,.F.);
#13941 = EDGE_CURVE('',#11308,#13919,#13942,.T.);
#13942 = SURFACE_CURVE('',#13943,(#13947,#13953),.PCURVE_S1.);
#13943 = LINE('',#13944,#13945);
#13944 = CARTESIAN_POINT('',(-23.,-7.,74.));
#13945 = VECTOR('',#13946,1.);
#13946 = DIRECTION('',(0.,0.,1.));
#13947 = PCURVE('',#11351,#13948);
#13948 = DEFINITIONAL_REPRESENTATION('',(#13949),#13952);
#13949 = B_SPLINE_CURVE_WITH_KNOTS('',1,(#13950,#13951),.UNSPECIFIED.,
  .F.,.F.,(2,2),(0.,30.),.PIECEWISE_BEZIER_KNOTS.);
#13950 = CARTESIAN_POINT('',(0.,113.));
#13951 = CARTESIAN_POINT('',(30.,113.));
#13952 = ( GEOMETRIC_REPRESENTATION_CONTEXT(2) 
PARAMETRIC_REPRESENTATION_CONTEXT() REPRESENTATION_CONTEXT('2D SPACE',''
  ) );
#13953 = PCURVE('',#11323,#13954);
#13954 = DEFINITIONAL_REPRESENTATION('',(#13955),#13959);
#13955 = LINE('',#13956,#13957);
#13956 = CARTESIAN_POINT('',(0.,-40.));
#13957 = VECTOR('',#13958,1.);
#13958 = DIRECTION('',(1.,0.));
#13959 = ( GEOMETRIC_REPRESENTATION_CONTEXT(2) 
PARAMETRIC_REPRESENTATION_CONTEXT() REPRESENTATION_CONTEXT('2D SPACE',''
  ) );
#13960 = ADVANCED_FACE('',(#13961),#11323,.F.);
#13961 = FACE_BOUND('',#13962,.F.);
#13962 = EDGE_LOOP('',(#13963,#13964,#13965,#13987,#14008,#14009));
#13963 = ORIENTED_EDGE('',*,*,#13941,.F.);
#13964 = ORIENTED_EDGE('',*,*,#11307,.T.);
#13965 = ORIENTED_EDGE('',*,*,#13966,.T.);
#13966 = EDGE_CURVE('',#11287,#13967,#13969,.T.);
#13967 = VERTEX_POINT('',#13968);
#13968 = CARTESIAN_POINT('',(-23.,18.,76.));
#13969 = SURFACE_CURVE('',#13970,(#13974,#13981),.PCURVE_S1.);
#13970 = LINE('',#13971,#13972);
#13971 = CARTESIAN_POINT('',(-23.,18.,72.));
#13972 = VECTOR('',#13973,1.);
#13973 = DIRECTION('',(0.,0.,1.));
#13974 = PCURVE('',#11323,#13975);
#13975 = DEFINITIONAL_REPRESENTATION('',(#13976),#13980);
#13976 = LINE('',#13977,#13978);
#13977 = CARTESIAN_POINT('',(-2.,-65.));
#13978 = VECTOR('',#13979,1.);
#13979 = DIRECTION('',(1.,0.));
#13980 = ( GEOMETRIC_REPRESENTATION_CONTEXT(2) 
PARAMETRIC_REPRESENTATION_CONTEXT() REPRESENTATION_CONTEXT('2D SPACE',''
  ) );
#13981 = PCURVE('',#11191,#13982);
#13982 = DEFINITIONAL_REPRESENTATION('',(#13983),#13986);
#13983 = B_SPLINE_CURVE_WITH_KNOTS('',1,(#13984,#13985),.UNSPECIFIED.,
  .F.,.F.,(2,2),(2.,32.),.PIECEWISE_BEZIER_KNOTS.);
#13984 = CARTESIAN_POINT('',(4.,17.));
#13985 = CARTESIAN_POINT('',(34.,17.));
#13986 = ( GEOMETRIC_REPRESENTATION_CONTEXT(2) 
PARAMETRIC_REPRESENTATION_CONTEXT() REPRESENTATION_CONTEXT('2D SPACE',''
  ) );
#13987 = ORIENTED_EDGE('',*,*,#13988,.T.);
#13988 = EDGE_CURVE('',#13967,#13825,#13989,.T.);
#13989 = SURFACE_CURVE('',#13990,(#13994,#14001),.PCURVE_S1.);
#13990 = LINE('',#13991,#13992);
#13991 = CARTESIAN_POINT('',(-23.,18.,76.));
#13992 = VECTOR('',#13993,1.);
#13993 = DIRECTION('',(0.,1.,0.));
#13994 = PCURVE('',#11323,#13995);
#13995 = DEFINITIONAL_REPRESENTATION('',(#13996),#14000);
#13996 = LINE('',#13997,#13998);
#13997 = CARTESIAN_POINT('',(2.,-65.));
#13998 = VECTOR('',#13999,1.);
#13999 = DIRECTION('',(0.,-1.));
#14000 = ( GEOMETRIC_REPRESENTATION_CONTEXT(2) 
PARAMETRIC_REPRESENTATION_CONTEXT() REPRESENTATION_CONTEXT('2D SPACE',''
  ) );
#14001 = PCURVE('',#13495,#14002);
#14002 = DEFINITIONAL_REPRESENTATION('',(#14003),#14007);
#14003 = LINE('',#14004,#14005);
#14004 = CARTESIAN_POINT('',(17.,0.));
#14005 = VECTOR('',#14006,1.);
#14006 = DIRECTION('',(0.,1.));
#14007 = ( GEOMETRIC_REPRESENTATION_CONTEXT(2) 
PARAMETRIC_REPRESENTATION_CONTEXT() REPRESENTATION_CONTEXT('2D SPACE',''
  ) );
#14008 = ORIENTED_EDGE('',*,*,#13824,.T.);
#14009 = ORIENTED_EDGE('',*,*,#14010,.F.);
#14010 = EDGE_CURVE('',#13919,#13802,#14011,.T.);
#14011 = SURFACE_CURVE('',#14012,(#14016,#14023),.PCURVE_S1.);
#14012 = LINE('',#14013,#14014);
#14013 = CARTESIAN_POINT('',(-23.,-7.,104.));
#14014 = VECTOR('',#14015,1.);
#14015 = DIRECTION('',(0.,1.,0.));
#14016 = PCURVE('',#11323,#14017);
#14017 = DEFINITIONAL_REPRESENTATION('',(#14018),#14022);
#14018 = LINE('',#14019,#14020);
#14019 = CARTESIAN_POINT('',(30.,-40.));
#14020 = VECTOR('',#14021,1.);
#14021 = DIRECTION('',(0.,-1.));
#14022 = ( GEOMETRIC_REPRESENTATION_CONTEXT(2) 
PARAMETRIC_REPRESENTATION_CONTEXT() REPRESENTATION_CONTEXT('2D SPACE',''
  ) );
#14023 = PCURVE('',#13549,#14024);
#14024 = DEFINITIONAL_REPRESENTATION('',(#14025),#14029);
#14025 = LINE('',#14026,#14027);
#14026 = CARTESIAN_POINT('',(117.,43.));
#14027 = VECTOR('',#14028,1.);
#14028 = DIRECTION('',(0.,1.));
#14029 = ( GEOMETRIC_REPRESENTATION_CONTEXT(2) 
PARAMETRIC_REPRESENTATION_CONTEXT() REPRESENTATION_CONTEXT('2D SPACE',''
  ) );
#14030 = ADVANCED_FACE('',(#14031),#11191,.F.);
#14031 = FACE_BOUND('',#14032,.F.);
#14032 = EDGE_LOOP('',(#14033,#14058,#14079,#14080,#14103,#14131,#14152,
    #14153,#14154,#14176,#14204,#14224,#14225,#14247,#14275,#14303));
#14033 = ORIENTED_EDGE('',*,*,#14034,.F.);
#14034 = EDGE_CURVE('',#14035,#14037,#14039,.T.);
#14035 = VERTEX_POINT('',#14036);
#14036 = CARTESIAN_POINT('',(40.,18.,70.));
#14037 = VERTEX_POINT('',#14038);
#14038 = CARTESIAN_POINT('',(40.,18.,104.));
#14039 = SURFACE_CURVE('',#14040,(#14044,#14051),.PCURVE_S1.);
#14040 = LINE('',#14041,#14042);
#14041 = CARTESIAN_POINT('',(40.,18.,70.));
#14042 = VECTOR('',#14043,1.);
#14043 = DIRECTION('',(0.,0.,1.));
#14044 = PCURVE('',#11191,#14045);
#14045 = DEFINITIONAL_REPRESENTATION('',(#14046),#14050);
#14046 = LINE('',#14047,#14048);
#14047 = CARTESIAN_POINT('',(0.,80.));
#14048 = VECTOR('',#14049,1.);
#14049 = DIRECTION('',(1.,0.));
#14050 = ( GEOMETRIC_REPRESENTATION_CONTEXT(2) 
PARAMETRIC_REPRESENTATION_CONTEXT() REPRESENTATION_CONTEXT('2D SPACE',''
  ) );
#14051 = PCURVE('',#10948,#14052);
#14052 = DEFINITIONAL_REPRESENTATION('',(#14053),#14057);
#14053 = LINE('',#14054,#14055);
#14054 = CARTESIAN_POINT('',(0.,0.));
#14055 = VECTOR('',#14056,1.);
#14056 = DIRECTION('',(1.,0.));
#14057 = ( GEOMETRIC_REPRESENTATION_CONTEXT(2) 
PARAMETRIC_REPRESENTATION_CONTEXT() REPRESENTATION_CONTEXT('2D SPACE',''
  ) );
#14058 = ORIENTED_EDGE('',*,*,#14059,.F.);
#14059 = EDGE_CURVE('',#13240,#14035,#14060,.T.);
#14060 = SURFACE_CURVE('',#14061,(#14065,#14072),.PCURVE_S1.);
#14061 = LINE('',#14062,#14063);
#14062 = CARTESIAN_POINT('',(-40.,18.,70.));
#14063 = VECTOR('',#14064,1.);
#14064 = DIRECTION('',(1.,0.,0.));
#14065 = PCURVE('',#11191,#14066);
#14066 = DEFINITIONAL_REPRESENTATION('',(#14067),#14071);
#14067 = LINE('',#14068,#14069);
#14068 = CARTESIAN_POINT('',(0.,0.));
#14069 = VECTOR('',#14070,1.);
#14070 = DIRECTION('',(0.,1.));
#14071 = ( GEOMETRIC_REPRESENTATION_CONTEXT(2) 
PARAMETRIC_REPRESENTATION_CONTEXT() REPRESENTATION_CONTEXT('2D SPACE',''
  ) );
#14072 = PCURVE('',#13280,#14073);
#14073 = DEFINITIONAL_REPRESENTATION('',(#14074),#14078);
#14074 = LINE('',#14075,#14076);
#14075 = CARTESIAN_POINT('',(0.,0.));
#14076 = VECTOR('',#14077,1.);
#14077 = DIRECTION('',(1.,0.));
#14078 = ( GEOMETRIC_REPRESENTATION_CONTEXT(2) 
PARAMETRIC_REPRESENTATION_CONTEXT() REPRESENTATION_CONTEXT('2D SPACE',''
  ) );
#14079 = ORIENTED_EDGE('',*,*,#13239,.T.);
#14080 = ORIENTED_EDGE('',*,*,#14081,.T.);
#14081 = EDGE_CURVE('',#13242,#14082,#14084,.T.);
#14082 = VERTEX_POINT('',#14083);
#14083 = CARTESIAN_POINT('',(-32.,18.,104.));
#14084 = SURFACE_CURVE('',#14085,(#14089,#14096),.PCURVE_S1.);
#14085 = LINE('',#14086,#14087);
#14086 = CARTESIAN_POINT('',(-40.,18.,104.));
#14087 = VECTOR('',#14088,1.);
#14088 = DIRECTION('',(1.,0.,0.));
#14089 = PCURVE('',#11191,#14090);
#14090 = DEFINITIONAL_REPRESENTATION('',(#14091),#14095);
#14091 = LINE('',#14092,#14093);
#14092 = CARTESIAN_POINT('',(34.,0.));
#14093 = VECTOR('',#14094,1.);
#14094 = DIRECTION('',(0.,1.));
#14095 = ( GEOMETRIC_REPRESENTATION_CONTEXT(2) 
PARAMETRIC_REPRESENTATION_CONTEXT() REPRESENTATION_CONTEXT('2D SPACE',''
  ) );
#14096 = PCURVE('',#13549,#14097);
#14097 = DEFINITIONAL_REPRESENTATION('',(#14098),#14102);
#14098 = LINE('',#14099,#14100);
#14099 = CARTESIAN_POINT('',(100.,68.));
#14100 = VECTOR('',#14101,1.);
#14101 = DIRECTION('',(1.,0.));
#14102 = ( GEOMETRIC_REPRESENTATION_CONTEXT(2) 
PARAMETRIC_REPRESENTATION_CONTEXT() REPRESENTATION_CONTEXT('2D SPACE',''
  ) );
#14103 = ORIENTED_EDGE('',*,*,#14104,.F.);
#14104 = EDGE_CURVE('',#14105,#14082,#14107,.T.);
#14105 = VERTEX_POINT('',#14106);
#14106 = CARTESIAN_POINT('',(-32.,18.,76.));
#14107 = SURFACE_CURVE('',#14108,(#14112,#14119),.PCURVE_S1.);
#14108 = LINE('',#14109,#14110);
#14109 = CARTESIAN_POINT('',(-32.,18.,76.));
#14110 = VECTOR('',#14111,1.);
#14111 = DIRECTION('',(0.,0.,1.));
#14112 = PCURVE('',#11191,#14113);
#14113 = DEFINITIONAL_REPRESENTATION('',(#14114),#14118);
#14114 = LINE('',#14115,#14116);
#14115 = CARTESIAN_POINT('',(6.,8.));
#14116 = VECTOR('',#14117,1.);
#14117 = DIRECTION('',(1.,0.));
#14118 = ( GEOMETRIC_REPRESENTATION_CONTEXT(2) 
PARAMETRIC_REPRESENTATION_CONTEXT() REPRESENTATION_CONTEXT('2D SPACE',''
  ) );
#14119 = PCURVE('',#14120,#14125);
#14120 = PLANE('',#14121);
#14121 = AXIS2_PLACEMENT_3D('',#14122,#14123,#14124);
#14122 = CARTESIAN_POINT('',(-32.,18.,76.));
#14123 = DIRECTION('',(1.,0.,0.));
#14124 = DIRECTION('',(0.,0.,1.));
#14125 = DEFINITIONAL_REPRESENTATION('',(#14126),#14130);
#14126 = LINE('',#14127,#14128);
#14127 = CARTESIAN_POINT('',(0.,0.));
#14128 = VECTOR('',#14129,1.);
#14129 = DIRECTION('',(1.,0.));
#14130 = ( GEOMETRIC_REPRESENTATION_CONTEXT(2) 
PARAMETRIC_REPRESENTATION_CONTEXT() REPRESENTATION_CONTEXT('2D SPACE',''
  ) );
#14131 = ORIENTED_EDGE('',*,*,#14132,.T.);
#14132 = EDGE_CURVE('',#14105,#13967,#14133,.T.);
#14133 = SURFACE_CURVE('',#14134,(#14138,#14145),.PCURVE_S1.);
#14134 = LINE('',#14135,#14136);
#14135 = CARTESIAN_POINT('',(-40.,18.,76.));
#14136 = VECTOR('',#14137,1.);
#14137 = DIRECTION('',(1.,0.,0.));
#14138 = PCURVE('',#11191,#14139);
#14139 = DEFINITIONAL_REPRESENTATION('',(#14140),#14144);
#14140 = LINE('',#14141,#14142);
#14141 = CARTESIAN_POINT('',(6.,0.));
#14142 = VECTOR('',#14143,1.);
#14143 = DIRECTION('',(0.,1.));
#14144 = ( GEOMETRIC_REPRESENTATION_CONTEXT(2) 
PARAMETRIC_REPRESENTATION_CONTEXT() REPRESENTATION_CONTEXT('2D SPACE',''
  ) );
#14145 = PCURVE('',#13495,#14146);
#14146 = DEFINITIONAL_REPRESENTATION('',(#14147),#14151);
#14147 = LINE('',#14148,#14149);
#14148 = CARTESIAN_POINT('',(0.,0.));
#14149 = VECTOR('',#14150,1.);
#14150 = DIRECTION('',(1.,0.));
#14151 = ( GEOMETRIC_REPRESENTATION_CONTEXT(2) 
PARAMETRIC_REPRESENTATION_CONTEXT() REPRESENTATION_CONTEXT('2D SPACE',''
  ) );
#14152 = ORIENTED_EDGE('',*,*,#13966,.F.);
#14153 = ORIENTED_EDGE('',*,*,#11286,.F.);
#14154 = ORIENTED_EDGE('',*,*,#14155,.T.);
#14155 = EDGE_CURVE('',#11259,#14156,#14158,.T.);
#14156 = VERTEX_POINT('',#14157);
#14157 = CARTESIAN_POINT('',(-17.,18.,76.));
#14158 = SURFACE_CURVE('',#14159,(#14163,#14169),.PCURVE_S1.);
#14159 = LINE('',#14160,#14161);
#14160 = CARTESIAN_POINT('',(-17.,18.,72.));
#14161 = VECTOR('',#14162,1.);
#14162 = DIRECTION('',(0.,0.,1.));
#14163 = PCURVE('',#11191,#14164);
#14164 = DEFINITIONAL_REPRESENTATION('',(#14165),#14168);
#14165 = B_SPLINE_CURVE_WITH_KNOTS('',1,(#14166,#14167),.UNSPECIFIED.,
  .F.,.F.,(2,2),(2.,32.),.PIECEWISE_BEZIER_KNOTS.);
#14166 = CARTESIAN_POINT('',(4.,23.));
#14167 = CARTESIAN_POINT('',(34.,23.));
#14168 = ( GEOMETRIC_REPRESENTATION_CONTEXT(2) 
PARAMETRIC_REPRESENTATION_CONTEXT() REPRESENTATION_CONTEXT('2D SPACE',''
  ) );
#14169 = PCURVE('',#11274,#14170);
#14170 = DEFINITIONAL_REPRESENTATION('',(#14171),#14175);
#14171 = LINE('',#14172,#14173);
#14172 = CARTESIAN_POINT('',(-2.,-65.));
#14173 = VECTOR('',#14174,1.);
#14174 = DIRECTION('',(1.,0.));
#14175 = ( GEOMETRIC_REPRESENTATION_CONTEXT(2) 
PARAMETRIC_REPRESENTATION_CONTEXT() REPRESENTATION_CONTEXT('2D SPACE',''
  ) );
#14176 = ORIENTED_EDGE('',*,*,#14177,.T.);
#14177 = EDGE_CURVE('',#14156,#14178,#14180,.T.);
#14178 = VERTEX_POINT('',#14179);
#14179 = CARTESIAN_POINT('',(17.,18.,76.));
#14180 = SURFACE_CURVE('',#14181,(#14185,#14192),.PCURVE_S1.);
#14181 = LINE('',#14182,#14183);
#14182 = CARTESIAN_POINT('',(-40.,18.,76.));
#14183 = VECTOR('',#14184,1.);
#14184 = DIRECTION('',(1.,0.,0.));
#14185 = PCURVE('',#11191,#14186);
#14186 = DEFINITIONAL_REPRESENTATION('',(#14187),#14191);
#14187 = LINE('',#14188,#14189);
#14188 = CARTESIAN_POINT('',(6.,0.));
#14189 = VECTOR('',#14190,1.);
#14190 = DIRECTION('',(0.,1.));
#14191 = ( GEOMETRIC_REPRESENTATION_CONTEXT(2) 
PARAMETRIC_REPRESENTATION_CONTEXT() REPRESENTATION_CONTEXT('2D SPACE',''
  ) );
#14192 = PCURVE('',#14193,#14198);
#14193 = PLANE('',#14194);
#14194 = AXIS2_PLACEMENT_3D('',#14195,#14196,#14197);
#14195 = CARTESIAN_POINT('',(-40.,18.,76.));
#14196 = DIRECTION('',(0.,0.,1.));
#14197 = DIRECTION('',(1.,0.,0.));
#14198 = DEFINITIONAL_REPRESENTATION('',(#14199),#14203);
#14199 = LINE('',#14200,#14201);
#14200 = CARTESIAN_POINT('',(0.,0.));
#14201 = VECTOR('',#14202,1.);
#14202 = DIRECTION('',(1.,0.));
#14203 = ( GEOMETRIC_REPRESENTATION_CONTEXT(2) 
PARAMETRIC_REPRESENTATION_CONTEXT() REPRESENTATION_CONTEXT('2D SPACE',''
  ) );
#14204 = ORIENTED_EDGE('',*,*,#14205,.F.);
#14205 = EDGE_CURVE('',#11177,#14178,#14206,.T.);
#14206 = SURFACE_CURVE('',#14207,(#14211,#14217),.PCURVE_S1.);
#14207 = LINE('',#14208,#14209);
#14208 = CARTESIAN_POINT('',(17.,18.,72.));
#14209 = VECTOR('',#14210,1.);
#14210 = DIRECTION('',(0.,0.,1.));
#14211 = PCURVE('',#11191,#14212);
#14212 = DEFINITIONAL_REPRESENTATION('',(#14213),#14216);
#14213 = B_SPLINE_CURVE_WITH_KNOTS('',1,(#14214,#14215),.UNSPECIFIED.,
  .F.,.F.,(2,2),(2.,32.),.PIECEWISE_BEZIER_KNOTS.);
#14214 = CARTESIAN_POINT('',(4.,57.));
#14215 = CARTESIAN_POINT('',(34.,57.));
#14216 = ( GEOMETRIC_REPRESENTATION_CONTEXT(2) 
PARAMETRIC_REPRESENTATION_CONTEXT() REPRESENTATION_CONTEXT('2D SPACE',''
  ) );
#14217 = PCURVE('',#11218,#14218);
#14218 = DEFINITIONAL_REPRESENTATION('',(#14219),#14223);
#14219 = LINE('',#14220,#14221);
#14220 = CARTESIAN_POINT('',(-2.,-65.));
#14221 = VECTOR('',#14222,1.);
#14222 = DIRECTION('',(1.,0.));
#14223 = ( GEOMETRIC_REPRESENTATION_CONTEXT(2) 
PARAMETRIC_REPRESENTATION_CONTEXT() REPRESENTATION_CONTEXT('2D SPACE',''
  ) );
#14224 = ORIENTED_EDGE('',*,*,#11176,.F.);
#14225 = ORIENTED_EDGE('',*,*,#14226,.T.);
#14226 = EDGE_CURVE('',#11149,#14227,#14229,.T.);
#14227 = VERTEX_POINT('',#14228);
#14228 = CARTESIAN_POINT('',(23.,18.,76.));
#14229 = SURFACE_CURVE('',#14230,(#14234,#14240),.PCURVE_S1.);
#14230 = LINE('',#14231,#14232);
#14231 = CARTESIAN_POINT('',(23.,18.,72.));
#14232 = VECTOR('',#14233,1.);
#14233 = DIRECTION('',(0.,0.,1.));
#14234 = PCURVE('',#11191,#14235);
#14235 = DEFINITIONAL_REPRESENTATION('',(#14236),#14239);
#14236 = B_SPLINE_CURVE_WITH_KNOTS('',1,(#14237,#14238),.UNSPECIFIED.,
  .F.,.F.,(2,2),(2.,32.),.PIECEWISE_BEZIER_KNOTS.);
#14237 = CARTESIAN_POINT('',(4.,63.));
#14238 = CARTESIAN_POINT('',(34.,63.));
#14239 = ( GEOMETRIC_REPRESENTATION_CONTEXT(2) 
PARAMETRIC_REPRESENTATION_CONTEXT() REPRESENTATION_CONTEXT('2D SPACE',''
  ) );
#14240 = PCURVE('',#11164,#14241);
#14241 = DEFINITIONAL_REPRESENTATION('',(#14242),#14246);
#14242 = LINE('',#14243,#14244);
#14243 = CARTESIAN_POINT('',(-2.,-65.));
#14244 = VECTOR('',#14245,1.);
#14245 = DIRECTION('',(1.,0.));
#14246 = ( GEOMETRIC_REPRESENTATION_CONTEXT(2) 
PARAMETRIC_REPRESENTATION_CONTEXT() REPRESENTATION_CONTEXT('2D SPACE',''
  ) );
#14247 = ORIENTED_EDGE('',*,*,#14248,.T.);
#14248 = EDGE_CURVE('',#14227,#14249,#14251,.T.);
#14249 = VERTEX_POINT('',#14250);
#14250 = CARTESIAN_POINT('',(32.,18.,76.));
#14251 = SURFACE_CURVE('',#14252,(#14256,#14263),.PCURVE_S1.);
#14252 = LINE('',#14253,#14254);
#14253 = CARTESIAN_POINT('',(-40.,18.,76.));
#14254 = VECTOR('',#14255,1.);
#14255 = DIRECTION('',(1.,0.,0.));
#14256 = PCURVE('',#11191,#14257);
#14257 = DEFINITIONAL_REPRESENTATION('',(#14258),#14262);
#14258 = LINE('',#14259,#14260);
#14259 = CARTESIAN_POINT('',(6.,0.));
#14260 = VECTOR('',#14261,1.);
#14261 = DIRECTION('',(0.,1.));
#14262 = ( GEOMETRIC_REPRESENTATION_CONTEXT(2) 
PARAMETRIC_REPRESENTATION_CONTEXT() REPRESENTATION_CONTEXT('2D SPACE',''
  ) );
#14263 = PCURVE('',#14264,#14269);
#14264 = PLANE('',#14265);
#14265 = AXIS2_PLACEMENT_3D('',#14266,#14267,#14268);
#14266 = CARTESIAN_POINT('',(-40.,18.,76.));
#14267 = DIRECTION('',(0.,0.,1.));
#14268 = DIRECTION('',(1.,0.,0.));
#14269 = DEFINITIONAL_REPRESENTATION('',(#14270),#14274);
#14270 = LINE('',#14271,#14272);
#14271 = CARTESIAN_POINT('',(0.,0.));
#14272 = VECTOR('',#14273,1.);
#14273 = DIRECTION('',(1.,0.));
#14274 = ( GEOMETRIC_REPRESENTATION_CONTEXT(2) 
PARAMETRIC_REPRESENTATION_CONTEXT() REPRESENTATION_CONTEXT('2D SPACE',''
  ) );
#14275 = ORIENTED_EDGE('',*,*,#14276,.T.);
#14276 = EDGE_CURVE('',#14249,#14277,#14279,.T.);
#14277 = VERTEX_POINT('',#14278);
#14278 = CARTESIAN_POINT('',(32.,18.,104.));
#14279 = SURFACE_CURVE('',#14280,(#14284,#14291),.PCURVE_S1.);
#14280 = LINE('',#14281,#14282);
#14281 = CARTESIAN_POINT('',(32.,18.,76.));
#14282 = VECTOR('',#14283,1.);
#14283 = DIRECTION('',(0.,0.,1.));
#14284 = PCURVE('',#11191,#14285);
#14285 = DEFINITIONAL_REPRESENTATION('',(#14286),#14290);
#14286 = LINE('',#14287,#14288);
#14287 = CARTESIAN_POINT('',(6.,72.));
#14288 = VECTOR('',#14289,1.);
#14289 = DIRECTION('',(1.,0.));
#14290 = ( GEOMETRIC_REPRESENTATION_CONTEXT(2) 
PARAMETRIC_REPRESENTATION_CONTEXT() REPRESENTATION_CONTEXT('2D SPACE',''
  ) );
#14291 = PCURVE('',#14292,#14297);
#14292 = PLANE('',#14293);
#14293 = AXIS2_PLACEMENT_3D('',#14294,#14295,#14296);
#14294 = CARTESIAN_POINT('',(32.,18.,76.));
#14295 = DIRECTION('',(1.,0.,0.));
#14296 = DIRECTION('',(0.,0.,1.));
#14297 = DEFINITIONAL_REPRESENTATION('',(#14298),#14302);
#14298 = LINE('',#14299,#14300);
#14299 = CARTESIAN_POINT('',(0.,0.));
#14300 = VECTOR('',#14301,1.);
#14301 = DIRECTION('',(1.,0.));
#14302 = ( GEOMETRIC_REPRESENTATION_CONTEXT(2) 
PARAMETRIC_REPRESENTATION_CONTEXT() REPRESENTATION_CONTEXT('2D SPACE',''
  ) );
#14303 = ORIENTED_EDGE('',*,*,#14304,.T.);
#14304 = EDGE_CURVE('',#14277,#14037,#14305,.T.);
#14305 = SURFACE_CURVE('',#14306,(#14310,#14317),.PCURVE_S1.);
#14306 = LINE('',#14307,#14308);
#14307 = CARTESIAN_POINT('',(32.,18.,104.));
#14308 = VECTOR('',#14309,1.);
#14309 = DIRECTION('',(1.,0.,0.));
#14310 = PCURVE('',#11191,#14311);
#14311 = DEFINITIONAL_REPRESENTATION('',(#14312),#14316);
#14312 = LINE('',#14313,#14314);
#14313 = CARTESIAN_POINT('',(34.,72.));
#14314 = VECTOR('',#14315,1.);
#14315 = DIRECTION('',(0.,1.));
#14316 = ( GEOMETRIC_REPRESENTATION_CONTEXT(2) 
PARAMETRIC_REPRESENTATION_CONTEXT() REPRESENTATION_CONTEXT('2D SPACE',''
  ) );
#14317 = PCURVE('',#14318,#14323);
#14318 = PLANE('',#14319);
#14319 = AXIS2_PLACEMENT_3D('',#14320,#14321,#14322);
#14320 = CARTESIAN_POINT('',(-140.,-50.,104.));
#14321 = DIRECTION('',(0.,0.,1.));
#14322 = DIRECTION('',(1.,0.,0.));
#14323 = DEFINITIONAL_REPRESENTATION('',(#14324),#14328);
#14324 = LINE('',#14325,#14326);
#14325 = CARTESIAN_POINT('',(172.,68.));
#14326 = VECTOR('',#14327,1.);
#14327 = DIRECTION('',(1.,0.));
#14328 = ( GEOMETRIC_REPRESENTATION_CONTEXT(2) 
PARAMETRIC_REPRESENTATION_CONTEXT() REPRESENTATION_CONTEXT('2D SPACE',''
  ) );
#14329 = ADVANCED_FACE('',(#14330),#11274,.T.);
#14330 = FACE_BOUND('',#14331,.T.);
#14331 = EDGE_LOOP('',(#14332,#14354,#14355,#14356,#14379,#14406));
#14332 = ORIENTED_EDGE('',*,*,#14333,.F.);
#14333 = EDGE_CURVE('',#11231,#14334,#14336,.T.);
#14334 = VERTEX_POINT('',#14335);
#14335 = CARTESIAN_POINT('',(-17.,-7.,104.));
#14336 = SURFACE_CURVE('',#14337,(#14341,#14348),.PCURVE_S1.);
#14337 = LINE('',#14338,#14339);
#14338 = CARTESIAN_POINT('',(-17.,-7.,74.));
#14339 = VECTOR('',#14340,1.);
#14340 = DIRECTION('',(0.,0.,1.));
#14341 = PCURVE('',#11274,#14342);
#14342 = DEFINITIONAL_REPRESENTATION('',(#14343),#14347);
#14343 = LINE('',#14344,#14345);
#14344 = CARTESIAN_POINT('',(0.,-40.));
#14345 = VECTOR('',#14346,1.);
#14346 = DIRECTION('',(1.,0.));
#14347 = ( GEOMETRIC_REPRESENTATION_CONTEXT(2) 
PARAMETRIC_REPRESENTATION_CONTEXT() REPRESENTATION_CONTEXT('2D SPACE',''
  ) );
#14348 = PCURVE('',#11246,#14349);
#14349 = DEFINITIONAL_REPRESENTATION('',(#14350),#14353);
#14350 = B_SPLINE_CURVE_WITH_KNOTS('',1,(#14351,#14352),.UNSPECIFIED.,
  .F.,.F.,(2,2),(0.,30.),.PIECEWISE_BEZIER_KNOTS.);
#14351 = CARTESIAN_POINT('',(0.,119.));
#14352 = CARTESIAN_POINT('',(30.,119.));
#14353 = ( GEOMETRIC_REPRESENTATION_CONTEXT(2) 
PARAMETRIC_REPRESENTATION_CONTEXT() REPRESENTATION_CONTEXT('2D SPACE',''
  ) );
#14354 = ORIENTED_EDGE('',*,*,#11258,.T.);
#14355 = ORIENTED_EDGE('',*,*,#14155,.T.);
#14356 = ORIENTED_EDGE('',*,*,#14357,.T.);
#14357 = EDGE_CURVE('',#14156,#14358,#14360,.T.);
#14358 = VERTEX_POINT('',#14359);
#14359 = CARTESIAN_POINT('',(-17.,27.,76.));
#14360 = SURFACE_CURVE('',#14361,(#14365,#14372),.PCURVE_S1.);
#14361 = LINE('',#14362,#14363);
#14362 = CARTESIAN_POINT('',(-17.,18.,76.));
#14363 = VECTOR('',#14364,1.);
#14364 = DIRECTION('',(0.,1.,0.));
#14365 = PCURVE('',#11274,#14366);
#14366 = DEFINITIONAL_REPRESENTATION('',(#14367),#14371);
#14367 = LINE('',#14368,#14369);
#14368 = CARTESIAN_POINT('',(2.,-65.));
#14369 = VECTOR('',#14370,1.);
#14370 = DIRECTION('',(0.,-1.));
#14371 = ( GEOMETRIC_REPRESENTATION_CONTEXT(2) 
PARAMETRIC_REPRESENTATION_CONTEXT() REPRESENTATION_CONTEXT('2D SPACE',''
  ) );
#14372 = PCURVE('',#14193,#14373);
#14373 = DEFINITIONAL_REPRESENTATION('',(#14374),#14378);
#14374 = LINE('',#14375,#14376);
#14375 = CARTESIAN_POINT('',(23.,0.));
#14376 = VECTOR('',#14377,1.);
#14377 = DIRECTION('',(0.,1.));
#14378 = ( GEOMETRIC_REPRESENTATION_CONTEXT(2) 
PARAMETRIC_REPRESENTATION_CONTEXT() REPRESENTATION_CONTEXT('2D SPACE',''
  ) );
#14379 = ORIENTED_EDGE('',*,*,#14380,.T.);
#14380 = EDGE_CURVE('',#14358,#14381,#14383,.T.);
#14381 = VERTEX_POINT('',#14382);
#14382 = CARTESIAN_POINT('',(-17.,27.,104.));
#14383 = SURFACE_CURVE('',#14384,(#14388,#14395),.PCURVE_S1.);
#14384 = LINE('',#14385,#14386);
#14385 = CARTESIAN_POINT('',(-17.,27.,74.));
#14386 = VECTOR('',#14387,1.);
#14387 = DIRECTION('',(0.,0.,1.));
#14388 = PCURVE('',#11274,#14389);
#14389 = DEFINITIONAL_REPRESENTATION('',(#14390),#14394);
#14390 = LINE('',#14391,#14392);
#14391 = CARTESIAN_POINT('',(0.,-74.));
#14392 = VECTOR('',#14393,1.);
#14393 = DIRECTION('',(1.,0.));
#14394 = ( GEOMETRIC_REPRESENTATION_CONTEXT(2) 
PARAMETRIC_REPRESENTATION_CONTEXT() REPRESENTATION_CONTEXT('2D SPACE',''
  ) );
#14395 = PCURVE('',#14396,#14401);
#14396 = PLANE('',#14397);
#14397 = AXIS2_PLACEMENT_3D('',#14398,#14399,#14400);
#14398 = CARTESIAN_POINT('',(-136.,27.,74.));
#14399 = DIRECTION('',(0.,1.,0.));
#14400 = DIRECTION('',(0.,0.,1.));
#14401 = DEFINITIONAL_REPRESENTATION('',(#14402),#14405);
#14402 = B_SPLINE_CURVE_WITH_KNOTS('',1,(#14403,#14404),.UNSPECIFIED.,
  .F.,.F.,(2,2),(0.,30.),.PIECEWISE_BEZIER_KNOTS.);
#14403 = CARTESIAN_POINT('',(0.,119.));
#14404 = CARTESIAN_POINT('',(30.,119.));
#14405 = ( GEOMETRIC_REPRESENTATION_CONTEXT(2) 
PARAMETRIC_REPRESENTATION_CONTEXT() REPRESENTATION_CONTEXT('2D SPACE',''
  ) );
#14406 = ORIENTED_EDGE('',*,*,#14407,.T.);
#14407 = EDGE_CURVE('',#14381,#14334,#14408,.T.);
#14408 = SURFACE_CURVE('',#14409,(#14413,#14420),.PCURVE_S1.);
#14409 = LINE('',#14410,#14411);
#14410 = CARTESIAN_POINT('',(-17.,27.,104.));
#14411 = VECTOR('',#14412,1.);
#14412 = DIRECTION('',(0.,-1.,0.));
#14413 = PCURVE('',#11274,#14414);
#14414 = DEFINITIONAL_REPRESENTATION('',(#14415),#14419);
#14415 = LINE('',#14416,#14417);
#14416 = CARTESIAN_POINT('',(30.,-74.));
#14417 = VECTOR('',#14418,1.);
#14418 = DIRECTION('',(0.,1.));
#14419 = ( GEOMETRIC_REPRESENTATION_CONTEXT(2) 
PARAMETRIC_REPRESENTATION_CONTEXT() REPRESENTATION_CONTEXT('2D SPACE',''
  ) );
#14420 = PCURVE('',#14421,#14426);
#14421 = PLANE('',#14422);
#14422 = AXIS2_PLACEMENT_3D('',#14423,#14424,#14425);
#14423 = CARTESIAN_POINT('',(-140.,-50.,104.));
#14424 = DIRECTION('',(0.,0.,1.));
#14425 = DIRECTION('',(1.,0.,0.));
#14426 = DEFINITIONAL_REPRESENTATION('',(#14427),#14431);
#14427 = LINE('',#14428,#14429);
#14428 = CARTESIAN_POINT('',(123.,77.));
#14429 = VECTOR('',#14430,1.);
#14430 = DIRECTION('',(0.,-1.));
#14431 = ( GEOMETRIC_REPRESENTATION_CONTEXT(2) 
PARAMETRIC_REPRESENTATION_CONTEXT() REPRESENTATION_CONTEXT('2D SPACE',''
  ) );
#14432 = ADVANCED_FACE('',(#14433),#11246,.T.);
#14433 = FACE_BOUND('',#14434,.T.);
#14434 = EDGE_LOOP('',(#14435,#14436,#14437,#14460));
#14435 = ORIENTED_EDGE('',*,*,#11230,.F.);
#14436 = ORIENTED_EDGE('',*,*,#14333,.T.);
#14437 = ORIENTED_EDGE('',*,*,#14438,.T.);
#14438 = EDGE_CURVE('',#14334,#14439,#14441,.T.);
#14439 = VERTEX_POINT('',#14440);
#14440 = CARTESIAN_POINT('',(17.,-7.,104.));
#14441 = SURFACE_CURVE('',#14442,(#14446,#14453),.PCURVE_S1.);
#14442 = LINE('',#14443,#14444);
#14443 = CARTESIAN_POINT('',(-136.,-7.,104.));
#14444 = VECTOR('',#14445,1.);
#14445 = DIRECTION('',(1.,0.,0.));
#14446 = PCURVE('',#11246,#14447);
#14447 = DEFINITIONAL_REPRESENTATION('',(#14448),#14452);
#14448 = LINE('',#14449,#14450);
#14449 = CARTESIAN_POINT('',(30.,0.));
#14450 = VECTOR('',#14451,1.);
#14451 = DIRECTION('',(0.,1.));
#14452 = ( GEOMETRIC_REPRESENTATION_CONTEXT(2) 
PARAMETRIC_REPRESENTATION_CONTEXT() REPRESENTATION_CONTEXT('2D SPACE',''
  ) );
#14453 = PCURVE('',#14421,#14454);
#14454 = DEFINITIONAL_REPRESENTATION('',(#14455),#14459);
#14455 = LINE('',#14456,#14457);
#14456 = CARTESIAN_POINT('',(4.,43.));
#14457 = VECTOR('',#14458,1.);
#14458 = DIRECTION('',(1.,0.));
#14459 = ( GEOMETRIC_REPRESENTATION_CONTEXT(2) 
PARAMETRIC_REPRESENTATION_CONTEXT() REPRESENTATION_CONTEXT('2D SPACE',''
  ) );
#14460 = ORIENTED_EDGE('',*,*,#14461,.F.);
#14461 = EDGE_CURVE('',#11203,#14439,#14462,.T.);
#14462 = SURFACE_CURVE('',#14463,(#14467,#14473),.PCURVE_S1.);
#14463 = LINE('',#14464,#14465);
#14464 = CARTESIAN_POINT('',(17.,-7.,74.));
#14465 = VECTOR('',#14466,1.);
#14466 = DIRECTION('',(0.,0.,1.));
#14467 = PCURVE('',#11246,#14468);
#14468 = DEFINITIONAL_REPRESENTATION('',(#14469),#14472);
#14469 = B_SPLINE_CURVE_WITH_KNOTS('',1,(#14470,#14471),.UNSPECIFIED.,
  .F.,.F.,(2,2),(0.,30.),.PIECEWISE_BEZIER_KNOTS.);
#14470 = CARTESIAN_POINT('',(0.,153.));
#14471 = CARTESIAN_POINT('',(30.,153.));
#14472 = ( GEOMETRIC_REPRESENTATION_CONTEXT(2) 
PARAMETRIC_REPRESENTATION_CONTEXT() REPRESENTATION_CONTEXT('2D SPACE',''
  ) );
#14473 = PCURVE('',#11218,#14474);
#14474 = DEFINITIONAL_REPRESENTATION('',(#14475),#14479);
#14475 = LINE('',#14476,#14477);
#14476 = CARTESIAN_POINT('',(0.,-40.));
#14477 = VECTOR('',#14478,1.);
#14478 = DIRECTION('',(1.,0.));
#14479 = ( GEOMETRIC_REPRESENTATION_CONTEXT(2) 
PARAMETRIC_REPRESENTATION_CONTEXT() REPRESENTATION_CONTEXT('2D SPACE',''
  ) );
#14480 = ADVANCED_FACE('',(#14481),#11218,.F.);
#14481 = FACE_BOUND('',#14482,.F.);
#14482 = EDGE_LOOP('',(#14483,#14484,#14485,#14486,#14509,#14531));
#14483 = ORIENTED_EDGE('',*,*,#14461,.F.);
#14484 = ORIENTED_EDGE('',*,*,#11202,.T.);
#14485 = ORIENTED_EDGE('',*,*,#14205,.T.);
#14486 = ORIENTED_EDGE('',*,*,#14487,.T.);
#14487 = EDGE_CURVE('',#14178,#14488,#14490,.T.);
#14488 = VERTEX_POINT('',#14489);
#14489 = CARTESIAN_POINT('',(17.,27.,76.));
#14490 = SURFACE_CURVE('',#14491,(#14495,#14502),.PCURVE_S1.);
#14491 = LINE('',#14492,#14493);
#14492 = CARTESIAN_POINT('',(17.,18.,76.));
#14493 = VECTOR('',#14494,1.);
#14494 = DIRECTION('',(0.,1.,0.));
#14495 = PCURVE('',#11218,#14496);
#14496 = DEFINITIONAL_REPRESENTATION('',(#14497),#14501);
#14497 = LINE('',#14498,#14499);
#14498 = CARTESIAN_POINT('',(2.,-65.));
#14499 = VECTOR('',#14500,1.);
#14500 = DIRECTION('',(0.,-1.));
#14501 = ( GEOMETRIC_REPRESENTATION_CONTEXT(2) 
PARAMETRIC_REPRESENTATION_CONTEXT() REPRESENTATION_CONTEXT('2D SPACE',''
  ) );
#14502 = PCURVE('',#14193,#14503);
#14503 = DEFINITIONAL_REPRESENTATION('',(#14504),#14508);
#14504 = LINE('',#14505,#14506);
#14505 = CARTESIAN_POINT('',(57.,0.));
#14506 = VECTOR('',#14507,1.);
#14507 = DIRECTION('',(0.,1.));
#14508 = ( GEOMETRIC_REPRESENTATION_CONTEXT(2) 
PARAMETRIC_REPRESENTATION_CONTEXT() REPRESENTATION_CONTEXT('2D SPACE',''
  ) );
#14509 = ORIENTED_EDGE('',*,*,#14510,.T.);
#14510 = EDGE_CURVE('',#14488,#14511,#14513,.T.);
#14511 = VERTEX_POINT('',#14512);
#14512 = CARTESIAN_POINT('',(17.,27.,104.));
#14513 = SURFACE_CURVE('',#14514,(#14518,#14525),.PCURVE_S1.);
#14514 = LINE('',#14515,#14516);
#14515 = CARTESIAN_POINT('',(17.,27.,74.));
#14516 = VECTOR('',#14517,1.);
#14517 = DIRECTION('',(0.,0.,1.));
#14518 = PCURVE('',#11218,#14519);
#14519 = DEFINITIONAL_REPRESENTATION('',(#14520),#14524);
#14520 = LINE('',#14521,#14522);
#14521 = CARTESIAN_POINT('',(0.,-74.));
#14522 = VECTOR('',#14523,1.);
#14523 = DIRECTION('',(1.,0.));
#14524 = ( GEOMETRIC_REPRESENTATION_CONTEXT(2) 
PARAMETRIC_REPRESENTATION_CONTEXT() REPRESENTATION_CONTEXT('2D SPACE',''
  ) );
#14525 = PCURVE('',#14396,#14526);
#14526 = DEFINITIONAL_REPRESENTATION('',(#14527),#14530);
#14527 = B_SPLINE_CURVE_WITH_KNOTS('',1,(#14528,#14529),.UNSPECIFIED.,
  .F.,.F.,(2,2),(0.,30.),.PIECEWISE_BEZIER_KNOTS.);
#14528 = CARTESIAN_POINT('',(0.,153.));
#14529 = CARTESIAN_POINT('',(30.,153.));
#14530 = ( GEOMETRIC_REPRESENTATION_CONTEXT(2) 
PARAMETRIC_REPRESENTATION_CONTEXT() REPRESENTATION_CONTEXT('2D SPACE',''
  ) );
#14531 = ORIENTED_EDGE('',*,*,#14532,.F.);
#14532 = EDGE_CURVE('',#14439,#14511,#14533,.T.);
#14533 = SURFACE_CURVE('',#14534,(#14538,#14545),.PCURVE_S1.);
#14534 = LINE('',#14535,#14536);
#14535 = CARTESIAN_POINT('',(17.,-7.,104.));
#14536 = VECTOR('',#14537,1.);
#14537 = DIRECTION('',(0.,1.,0.));
#14538 = PCURVE('',#11218,#14539);
#14539 = DEFINITIONAL_REPRESENTATION('',(#14540),#14544);
#14540 = LINE('',#14541,#14542);
#14541 = CARTESIAN_POINT('',(30.,-40.));
#14542 = VECTOR('',#14543,1.);
#14543 = DIRECTION('',(0.,-1.));
#14544 = ( GEOMETRIC_REPRESENTATION_CONTEXT(2) 
PARAMETRIC_REPRESENTATION_CONTEXT() REPRESENTATION_CONTEXT('2D SPACE',''
  ) );
#14545 = PCURVE('',#14421,#14546);
#14546 = DEFINITIONAL_REPRESENTATION('',(#14547),#14551);
#14547 = LINE('',#14548,#14549);
#14548 = CARTESIAN_POINT('',(157.,43.));
#14549 = VECTOR('',#14550,1.);
#14550 = DIRECTION('',(0.,1.));
#14551 = ( GEOMETRIC_REPRESENTATION_CONTEXT(2) 
PARAMETRIC_REPRESENTATION_CONTEXT() REPRESENTATION_CONTEXT('2D SPACE',''
  ) );
#14552 = ADVANCED_FACE('',(#14553),#11164,.T.);
#14553 = FACE_BOUND('',#14554,.T.);
#14554 = EDGE_LOOP('',(#14555,#14577,#14578,#14579,#14602,#14624));
#14555 = ORIENTED_EDGE('',*,*,#14556,.F.);
#14556 = EDGE_CURVE('',#11121,#14557,#14559,.T.);
#14557 = VERTEX_POINT('',#14558);
#14558 = CARTESIAN_POINT('',(23.,-7.,104.));
#14559 = SURFACE_CURVE('',#14560,(#14564,#14571),.PCURVE_S1.);
#14560 = LINE('',#14561,#14562);
#14561 = CARTESIAN_POINT('',(23.,-7.,74.));
#14562 = VECTOR('',#14563,1.);
#14563 = DIRECTION('',(0.,0.,1.));
#14564 = PCURVE('',#11164,#14565);
#14565 = DEFINITIONAL_REPRESENTATION('',(#14566),#14570);
#14566 = LINE('',#14567,#14568);
#14567 = CARTESIAN_POINT('',(0.,-40.));
#14568 = VECTOR('',#14569,1.);
#14569 = DIRECTION('',(1.,0.));
#14570 = ( GEOMETRIC_REPRESENTATION_CONTEXT(2) 
PARAMETRIC_REPRESENTATION_CONTEXT() REPRESENTATION_CONTEXT('2D SPACE',''
  ) );
#14571 = PCURVE('',#11136,#14572);
#14572 = DEFINITIONAL_REPRESENTATION('',(#14573),#14576);
#14573 = B_SPLINE_CURVE_WITH_KNOTS('',1,(#14574,#14575),.UNSPECIFIED.,
  .F.,.F.,(2,2),(0.,30.),.PIECEWISE_BEZIER_KNOTS.);
#14574 = CARTESIAN_POINT('',(0.,159.));
#14575 = CARTESIAN_POINT('',(30.,159.));
#14576 = ( GEOMETRIC_REPRESENTATION_CONTEXT(2) 
PARAMETRIC_REPRESENTATION_CONTEXT() REPRESENTATION_CONTEXT('2D SPACE',''
  ) );
#14577 = ORIENTED_EDGE('',*,*,#11148,.T.);
#14578 = ORIENTED_EDGE('',*,*,#14226,.T.);
#14579 = ORIENTED_EDGE('',*,*,#14580,.T.);
#14580 = EDGE_CURVE('',#14227,#14581,#14583,.T.);
#14581 = VERTEX_POINT('',#14582);
#14582 = CARTESIAN_POINT('',(23.,27.,76.));
#14583 = SURFACE_CURVE('',#14584,(#14588,#14595),.PCURVE_S1.);
#14584 = LINE('',#14585,#14586);
#14585 = CARTESIAN_POINT('',(23.,18.,76.));
#14586 = VECTOR('',#14587,1.);
#14587 = DIRECTION('',(0.,1.,0.));
#14588 = PCURVE('',#11164,#14589);
#14589 = DEFINITIONAL_REPRESENTATION('',(#14590),#14594);
#14590 = LINE('',#14591,#14592);
#14591 = CARTESIAN_POINT('',(2.,-65.));
#14592 = VECTOR('',#14593,1.);
#14593 = DIRECTION('',(0.,-1.));
#14594 = ( GEOMETRIC_REPRESENTATION_CONTEXT(2) 
PARAMETRIC_REPRESENTATION_CONTEXT() REPRESENTATION_CONTEXT('2D SPACE',''
  ) );
#14595 = PCURVE('',#14264,#14596);
#14596 = DEFINITIONAL_REPRESENTATION('',(#14597),#14601);
#14597 = LINE('',#14598,#14599);
#14598 = CARTESIAN_POINT('',(63.,0.));
#14599 = VECTOR('',#14600,1.);
#14600 = DIRECTION('',(0.,1.));
#14601 = ( GEOMETRIC_REPRESENTATION_CONTEXT(2) 
PARAMETRIC_REPRESENTATION_CONTEXT() REPRESENTATION_CONTEXT('2D SPACE',''
  ) );
#14602 = ORIENTED_EDGE('',*,*,#14603,.T.);
#14603 = EDGE_CURVE('',#14581,#14604,#14606,.T.);
#14604 = VERTEX_POINT('',#14605);
#14605 = CARTESIAN_POINT('',(23.,27.,104.));
#14606 = SURFACE_CURVE('',#14607,(#14611,#14618),.PCURVE_S1.);
#14607 = LINE('',#14608,#14609);
#14608 = CARTESIAN_POINT('',(23.,27.,74.));
#14609 = VECTOR('',#14610,1.);
#14610 = DIRECTION('',(0.,0.,1.));
#14611 = PCURVE('',#11164,#14612);
#14612 = DEFINITIONAL_REPRESENTATION('',(#14613),#14617);
#14613 = LINE('',#14614,#14615);
#14614 = CARTESIAN_POINT('',(0.,-74.));
#14615 = VECTOR('',#14616,1.);
#14616 = DIRECTION('',(1.,0.));
#14617 = ( GEOMETRIC_REPRESENTATION_CONTEXT(2) 
PARAMETRIC_REPRESENTATION_CONTEXT() REPRESENTATION_CONTEXT('2D SPACE',''
  ) );
#14618 = PCURVE('',#11080,#14619);
#14619 = DEFINITIONAL_REPRESENTATION('',(#14620),#14623);
#14620 = B_SPLINE_CURVE_WITH_KNOTS('',1,(#14621,#14622),.UNSPECIFIED.,
  .F.,.F.,(2,2),(0.,30.),.PIECEWISE_BEZIER_KNOTS.);
#14621 = CARTESIAN_POINT('',(0.,159.));
#14622 = CARTESIAN_POINT('',(30.,159.));
#14623 = ( GEOMETRIC_REPRESENTATION_CONTEXT(2) 
PARAMETRIC_REPRESENTATION_CONTEXT() REPRESENTATION_CONTEXT('2D SPACE',''
  ) );
#14624 = ORIENTED_EDGE('',*,*,#14625,.T.);
#14625 = EDGE_CURVE('',#14604,#14557,#14626,.T.);
#14626 = SURFACE_CURVE('',#14627,(#14631,#14638),.PCURVE_S1.);
#14627 = LINE('',#14628,#14629);
#14628 = CARTESIAN_POINT('',(23.,27.,104.));
#14629 = VECTOR('',#14630,1.);
#14630 = DIRECTION('',(0.,-1.,0.));
#14631 = PCURVE('',#11164,#14632);
#14632 = DEFINITIONAL_REPRESENTATION('',(#14633),#14637);
#14633 = LINE('',#14634,#14635);
#14634 = CARTESIAN_POINT('',(30.,-74.));
#14635 = VECTOR('',#14636,1.);
#14636 = DIRECTION('',(0.,1.));
#14637 = ( GEOMETRIC_REPRESENTATION_CONTEXT(2) 
PARAMETRIC_REPRESENTATION_CONTEXT() REPRESENTATION_CONTEXT('2D SPACE',''
  ) );
#14638 = PCURVE('',#14318,#14639);
#14639 = DEFINITIONAL_REPRESENTATION('',(#14640),#14644);
#14640 = LINE('',#14641,#14642);
#14641 = CARTESIAN_POINT('',(163.,77.));
#14642 = VECTOR('',#14643,1.);
#14643 = DIRECTION('',(0.,-1.));
#14644 = ( GEOMETRIC_REPRESENTATION_CONTEXT(2) 
PARAMETRIC_REPRESENTATION_CONTEXT() REPRESENTATION_CONTEXT('2D SPACE',''
  ) );
#14645 = ADVANCED_FACE('',(#14646),#11136,.T.);
#14646 = FACE_BOUND('',#14647,.T.);
#14647 = EDGE_LOOP('',(#14648,#14649,#14650,#14673));
#14648 = ORIENTED_EDGE('',*,*,#11120,.F.);
#14649 = ORIENTED_EDGE('',*,*,#14556,.T.);
#14650 = ORIENTED_EDGE('',*,*,#14651,.T.);
#14651 = EDGE_CURVE('',#14557,#14652,#14654,.T.);
#14652 = VERTEX_POINT('',#14653);
#14653 = CARTESIAN_POINT('',(57.,-7.,104.));
#14654 = SURFACE_CURVE('',#14655,(#14659,#14666),.PCURVE_S1.);
#14655 = LINE('',#14656,#14657);
#14656 = CARTESIAN_POINT('',(-136.,-7.,104.));
#14657 = VECTOR('',#14658,1.);
#14658 = DIRECTION('',(1.,0.,0.));
#14659 = PCURVE('',#11136,#14660);
#14660 = DEFINITIONAL_REPRESENTATION('',(#14661),#14665);
#14661 = LINE('',#14662,#14663);
#14662 = CARTESIAN_POINT('',(30.,0.));
#14663 = VECTOR('',#14664,1.);
#14664 = DIRECTION('',(0.,1.));
#14665 = ( GEOMETRIC_REPRESENTATION_CONTEXT(2) 
PARAMETRIC_REPRESENTATION_CONTEXT() REPRESENTATION_CONTEXT('2D SPACE',''
  ) );
#14666 = PCURVE('',#14318,#14667);
#14667 = DEFINITIONAL_REPRESENTATION('',(#14668),#14672);
#14668 = LINE('',#14669,#14670);
#14669 = CARTESIAN_POINT('',(4.,43.));
#14670 = VECTOR('',#14671,1.);
#14671 = DIRECTION('',(1.,0.));
#14672 = ( GEOMETRIC_REPRESENTATION_CONTEXT(2) 
PARAMETRIC_REPRESENTATION_CONTEXT() REPRESENTATION_CONTEXT('2D SPACE',''
  ) );
#14673 = ORIENTED_EDGE('',*,*,#14674,.F.);
#14674 = EDGE_CURVE('',#11093,#14652,#14675,.T.);
#14675 = SURFACE_CURVE('',#14676,(#14680,#14686),.PCURVE_S1.);
#14676 = LINE('',#14677,#14678);
#14677 = CARTESIAN_POINT('',(57.,-7.,74.));
#14678 = VECTOR('',#14679,1.);
#14679 = DIRECTION('',(0.,0.,1.));
#14680 = PCURVE('',#11136,#14681);
#14681 = DEFINITIONAL_REPRESENTATION('',(#14682),#14685);
#14682 = B_SPLINE_CURVE_WITH_KNOTS('',1,(#14683,#14684),.UNSPECIFIED.,
  .F.,.F.,(2,2),(0.,30.),.PIECEWISE_BEZIER_KNOTS.);
#14683 = CARTESIAN_POINT('',(0.,193.));
#14684 = CARTESIAN_POINT('',(30.,193.));
#14685 = ( GEOMETRIC_REPRESENTATION_CONTEXT(2) 
PARAMETRIC_REPRESENTATION_CONTEXT() REPRESENTATION_CONTEXT('2D SPACE',''
  ) );
#14686 = PCURVE('',#11108,#14687);
#14687 = DEFINITIONAL_REPRESENTATION('',(#14688),#14691);
#14688 = B_SPLINE_CURVE_WITH_KNOTS('',1,(#14689,#14690),.UNSPECIFIED.,
  .F.,.F.,(2,2),(0.,30.),.PIECEWISE_BEZIER_KNOTS.);
#14689 = CARTESIAN_POINT('',(0.,-40.));
#14690 = CARTESIAN_POINT('',(30.,-40.));
#14691 = ( GEOMETRIC_REPRESENTATION_CONTEXT(2) 
PARAMETRIC_REPRESENTATION_CONTEXT() REPRESENTATION_CONTEXT('2D SPACE',''
  ) );
#14692 = ADVANCED_FACE('',(#14693),#11108,.F.);
#14693 = FACE_BOUND('',#14694,.F.);
#14694 = EDGE_LOOP('',(#14695,#14696,#14697,#14718));
#14695 = ORIENTED_EDGE('',*,*,#14674,.F.);
#14696 = ORIENTED_EDGE('',*,*,#11092,.T.);
#14697 = ORIENTED_EDGE('',*,*,#14698,.T.);
#14698 = EDGE_CURVE('',#11065,#14699,#14701,.T.);
#14699 = VERTEX_POINT('',#14700);
#14700 = CARTESIAN_POINT('',(57.,27.,104.));
#14701 = SURFACE_CURVE('',#14702,(#14706,#14712),.PCURVE_S1.);
#14702 = LINE('',#14703,#14704);
#14703 = CARTESIAN_POINT('',(57.,27.,74.));
#14704 = VECTOR('',#14705,1.);
#14705 = DIRECTION('',(0.,0.,1.));
#14706 = PCURVE('',#11108,#14707);
#14707 = DEFINITIONAL_REPRESENTATION('',(#14708),#14711);
#14708 = B_SPLINE_CURVE_WITH_KNOTS('',1,(#14709,#14710),.UNSPECIFIED.,
  .F.,.F.,(2,2),(0.,30.),.PIECEWISE_BEZIER_KNOTS.);
#14709 = CARTESIAN_POINT('',(0.,-74.));
#14710 = CARTESIAN_POINT('',(30.,-74.));
#14711 = ( GEOMETRIC_REPRESENTATION_CONTEXT(2) 
PARAMETRIC_REPRESENTATION_CONTEXT() REPRESENTATION_CONTEXT('2D SPACE',''
  ) );
#14712 = PCURVE('',#11080,#14713);
#14713 = DEFINITIONAL_REPRESENTATION('',(#14714),#14717);
#14714 = B_SPLINE_CURVE_WITH_KNOTS('',1,(#14715,#14716),.UNSPECIFIED.,
  .F.,.F.,(2,2),(0.,30.),.PIECEWISE_BEZIER_KNOTS.);
#14715 = CARTESIAN_POINT('',(0.,193.));
#14716 = CARTESIAN_POINT('',(30.,193.));
#14717 = ( GEOMETRIC_REPRESENTATION_CONTEXT(2) 
PARAMETRIC_REPRESENTATION_CONTEXT() REPRESENTATION_CONTEXT('2D SPACE',''
  ) );
#14718 = ORIENTED_EDGE('',*,*,#14719,.F.);
#14719 = EDGE_CURVE('',#14652,#14699,#14720,.T.);
#14720 = SURFACE_CURVE('',#14721,(#14725,#14732),.PCURVE_S1.);
#14721 = LINE('',#14722,#14723);
#14722 = CARTESIAN_POINT('',(57.,-47.,104.));
#14723 = VECTOR('',#14724,1.);
#14724 = DIRECTION('',(0.,1.,0.));
#14725 = PCURVE('',#11108,#14726);
#14726 = DEFINITIONAL_REPRESENTATION('',(#14727),#14731);
#14727 = LINE('',#14728,#14729);
#14728 = CARTESIAN_POINT('',(30.,0.));
#14729 = VECTOR('',#14730,1.);
#14730 = DIRECTION('',(0.,-1.));
#14731 = ( GEOMETRIC_REPRESENTATION_CONTEXT(2) 
PARAMETRIC_REPRESENTATION_CONTEXT() REPRESENTATION_CONTEXT('2D SPACE',''
  ) );
#14732 = PCURVE('',#14318,#14733);
#14733 = DEFINITIONAL_REPRESENTATION('',(#14734),#14738);
#14734 = LINE('',#14735,#14736);
#14735 = CARTESIAN_POINT('',(197.,3.));
#14736 = VECTOR('',#14737,1.);
#14737 = DIRECTION('',(0.,1.));
#14738 = ( GEOMETRIC_REPRESENTATION_CONTEXT(2) 
PARAMETRIC_REPRESENTATION_CONTEXT() REPRESENTATION_CONTEXT('2D SPACE',''
  ) );
#14739 = ADVANCED_FACE('',(#14740),#11080,.F.);
#14740 = FACE_BOUND('',#14741,.F.);
#14741 = EDGE_LOOP('',(#14742,#14743,#14764,#14783,#14784,#14805));
#14742 = ORIENTED_EDGE('',*,*,#11064,.F.);
#14743 = ORIENTED_EDGE('',*,*,#14744,.F.);
#14744 = EDGE_CURVE('',#14745,#11044,#14747,.T.);
#14745 = VERTEX_POINT('',#14746);
#14746 = CARTESIAN_POINT('',(40.,27.,76.));
#14747 = SURFACE_CURVE('',#14748,(#14752,#14758),.PCURVE_S1.);
#14748 = LINE('',#14749,#14750);
#14749 = CARTESIAN_POINT('',(40.,27.,72.));
#14750 = VECTOR('',#14751,1.);
#14751 = DIRECTION('',(0.,0.,-1.));
#14752 = PCURVE('',#11080,#14753);
#14753 = DEFINITIONAL_REPRESENTATION('',(#14754),#14757);
#14754 = B_SPLINE_CURVE_WITH_KNOTS('',1,(#14755,#14756),.UNSPECIFIED.,
  .F.,.F.,(2,2),(-32.,-2.),.PIECEWISE_BEZIER_KNOTS.);
#14755 = CARTESIAN_POINT('',(30.,176.));
#14756 = CARTESIAN_POINT('',(0.,176.));
#14757 = ( GEOMETRIC_REPRESENTATION_CONTEXT(2) 
PARAMETRIC_REPRESENTATION_CONTEXT() REPRESENTATION_CONTEXT('2D SPACE',''
  ) );
#14758 = PCURVE('',#10948,#14759);
#14759 = DEFINITIONAL_REPRESENTATION('',(#14760),#14763);
#14760 = B_SPLINE_CURVE_WITH_KNOTS('',1,(#14761,#14762),.UNSPECIFIED.,
  .F.,.F.,(2,2),(-32.,-2.),.PIECEWISE_BEZIER_KNOTS.);
#14761 = CARTESIAN_POINT('',(34.,-9.));
#14762 = CARTESIAN_POINT('',(4.,-9.));
#14763 = ( GEOMETRIC_REPRESENTATION_CONTEXT(2) 
PARAMETRIC_REPRESENTATION_CONTEXT() REPRESENTATION_CONTEXT('2D SPACE',''
  ) );
#14764 = ORIENTED_EDGE('',*,*,#14765,.F.);
#14765 = EDGE_CURVE('',#14581,#14745,#14766,.T.);
#14766 = SURFACE_CURVE('',#14767,(#14771,#14777),.PCURVE_S1.);
#14767 = LINE('',#14768,#14769);
#14768 = CARTESIAN_POINT('',(-88.,27.,76.));
#14769 = VECTOR('',#14770,1.);
#14770 = DIRECTION('',(1.,0.,0.));
#14771 = PCURVE('',#11080,#14772);
#14772 = DEFINITIONAL_REPRESENTATION('',(#14773),#14776);
#14773 = B_SPLINE_CURVE_WITH_KNOTS('',1,(#14774,#14775),.UNSPECIFIED.,
  .F.,.F.,(2,2),(111.,128.),.PIECEWISE_BEZIER_KNOTS.);
#14774 = CARTESIAN_POINT('',(2.,159.));
#14775 = CARTESIAN_POINT('',(2.,176.));
#14776 = ( GEOMETRIC_REPRESENTATION_CONTEXT(2) 
PARAMETRIC_REPRESENTATION_CONTEXT() REPRESENTATION_CONTEXT('2D SPACE',''
  ) );
#14777 = PCURVE('',#14264,#14778);
#14778 = DEFINITIONAL_REPRESENTATION('',(#14779),#14782);
#14779 = B_SPLINE_CURVE_WITH_KNOTS('',1,(#14780,#14781),.UNSPECIFIED.,
  .F.,.F.,(2,2),(111.,128.),.PIECEWISE_BEZIER_KNOTS.);
#14780 = CARTESIAN_POINT('',(63.,9.));
#14781 = CARTESIAN_POINT('',(80.,9.));
#14782 = ( GEOMETRIC_REPRESENTATION_CONTEXT(2) 
PARAMETRIC_REPRESENTATION_CONTEXT() REPRESENTATION_CONTEXT('2D SPACE',''
  ) );
#14783 = ORIENTED_EDGE('',*,*,#14603,.T.);
#14784 = ORIENTED_EDGE('',*,*,#14785,.T.);
#14785 = EDGE_CURVE('',#14604,#14699,#14786,.T.);
#14786 = SURFACE_CURVE('',#14787,(#14791,#14798),.PCURVE_S1.);
#14787 = LINE('',#14788,#14789);
#14788 = CARTESIAN_POINT('',(-136.,27.,104.));
#14789 = VECTOR('',#14790,1.);
#14790 = DIRECTION('',(1.,0.,0.));
#14791 = PCURVE('',#11080,#14792);
#14792 = DEFINITIONAL_REPRESENTATION('',(#14793),#14797);
#14793 = LINE('',#14794,#14795);
#14794 = CARTESIAN_POINT('',(30.,0.));
#14795 = VECTOR('',#14796,1.);
#14796 = DIRECTION('',(0.,1.));
#14797 = ( GEOMETRIC_REPRESENTATION_CONTEXT(2) 
PARAMETRIC_REPRESENTATION_CONTEXT() REPRESENTATION_CONTEXT('2D SPACE',''
  ) );
#14798 = PCURVE('',#14318,#14799);
#14799 = DEFINITIONAL_REPRESENTATION('',(#14800),#14804);
#14800 = LINE('',#14801,#14802);
#14801 = CARTESIAN_POINT('',(4.,77.));
#14802 = VECTOR('',#14803,1.);
#14803 = DIRECTION('',(1.,0.));
#14804 = ( GEOMETRIC_REPRESENTATION_CONTEXT(2) 
PARAMETRIC_REPRESENTATION_CONTEXT() REPRESENTATION_CONTEXT('2D SPACE',''
  ) );
#14805 = ORIENTED_EDGE('',*,*,#14698,.F.);
#14806 = ADVANCED_FACE('',(#14807),#10948,.T.);
#14807 = FACE_BOUND('',#14808,.T.);
#14808 = EDGE_LOOP('',(#14809,#14810,#14833,#14856,#14884,#14912,#14940,
    #14959,#14960,#14981,#15009,#15028,#15029,#15030,#15053,#15081));
#14809 = ORIENTED_EDGE('',*,*,#14034,.F.);
#14810 = ORIENTED_EDGE('',*,*,#14811,.T.);
#14811 = EDGE_CURVE('',#14035,#14812,#14814,.T.);
#14812 = VERTEX_POINT('',#14813);
#14813 = CARTESIAN_POINT('',(40.,82.,70.));
#14814 = SURFACE_CURVE('',#14815,(#14819,#14826),.PCURVE_S1.);
#14815 = LINE('',#14816,#14817);
#14816 = CARTESIAN_POINT('',(40.,18.,70.));
#14817 = VECTOR('',#14818,1.);
#14818 = DIRECTION('',(0.,1.,0.));
#14819 = PCURVE('',#10948,#14820);
#14820 = DEFINITIONAL_REPRESENTATION('',(#14821),#14825);
#14821 = LINE('',#14822,#14823);
#14822 = CARTESIAN_POINT('',(0.,0.));
#14823 = VECTOR('',#14824,1.);
#14824 = DIRECTION('',(0.,-1.));
#14825 = ( GEOMETRIC_REPRESENTATION_CONTEXT(2) 
PARAMETRIC_REPRESENTATION_CONTEXT() REPRESENTATION_CONTEXT('2D SPACE',''
  ) );
#14826 = PCURVE('',#13280,#14827);
#14827 = DEFINITIONAL_REPRESENTATION('',(#14828),#14832);
#14828 = LINE('',#14829,#14830);
#14829 = CARTESIAN_POINT('',(80.,0.));
#14830 = VECTOR('',#14831,1.);
#14831 = DIRECTION('',(0.,1.));
#14832 = ( GEOMETRIC_REPRESENTATION_CONTEXT(2) 
PARAMETRIC_REPRESENTATION_CONTEXT() REPRESENTATION_CONTEXT('2D SPACE',''
  ) );
#14833 = ORIENTED_EDGE('',*,*,#14834,.F.);
#14834 = EDGE_CURVE('',#14835,#14812,#14837,.T.);
#14835 = VERTEX_POINT('',#14836);
#14836 = CARTESIAN_POINT('',(40.,82.,104.));
#14837 = SURFACE_CURVE('',#14838,(#14842,#14849),.PCURVE_S1.);
#14838 = LINE('',#14839,#14840);
#14839 = CARTESIAN_POINT('',(40.,82.,104.));
#14840 = VECTOR('',#14841,1.);
#14841 = DIRECTION('',(0.,0.,-1.));
#14842 = PCURVE('',#10948,#14843);
#14843 = DEFINITIONAL_REPRESENTATION('',(#14844),#14848);
#14844 = LINE('',#14845,#14846);
#14845 = CARTESIAN_POINT('',(34.,-64.));
#14846 = VECTOR('',#14847,1.);
#14847 = DIRECTION('',(-1.,0.));
#14848 = ( GEOMETRIC_REPRESENTATION_CONTEXT(2) 
PARAMETRIC_REPRESENTATION_CONTEXT() REPRESENTATION_CONTEXT('2D SPACE',''
  ) );
#14849 = PCURVE('',#10705,#14850);
#14850 = DEFINITIONAL_REPRESENTATION('',(#14851),#14855);
#14851 = LINE('',#14852,#14853);
#14852 = CARTESIAN_POINT('',(34.,80.));
#14853 = VECTOR('',#14854,1.);
#14854 = DIRECTION('',(-1.,0.));
#14855 = ( GEOMETRIC_REPRESENTATION_CONTEXT(2) 
PARAMETRIC_REPRESENTATION_CONTEXT() REPRESENTATION_CONTEXT('2D SPACE',''
  ) );
#14856 = ORIENTED_EDGE('',*,*,#14857,.F.);
#14857 = EDGE_CURVE('',#14858,#14835,#14860,.T.);
#14858 = VERTEX_POINT('',#14859);
#14859 = CARTESIAN_POINT('',(40.,74.,104.));
#14860 = SURFACE_CURVE('',#14861,(#14865,#14872),.PCURVE_S1.);
#14861 = LINE('',#14862,#14863);
#14862 = CARTESIAN_POINT('',(40.,74.,104.));
#14863 = VECTOR('',#14864,1.);
#14864 = DIRECTION('',(0.,1.,0.));
#14865 = PCURVE('',#10948,#14866);
#14866 = DEFINITIONAL_REPRESENTATION('',(#14867),#14871);
#14867 = LINE('',#14868,#14869);
#14868 = CARTESIAN_POINT('',(34.,-56.));
#14869 = VECTOR('',#14870,1.);
#14870 = DIRECTION('',(0.,-1.));
#14871 = ( GEOMETRIC_REPRESENTATION_CONTEXT(2) 
PARAMETRIC_REPRESENTATION_CONTEXT() REPRESENTATION_CONTEXT('2D SPACE',''
  ) );
#14872 = PCURVE('',#14873,#14878);
#14873 = PLANE('',#14874);
#14874 = AXIS2_PLACEMENT_3D('',#14875,#14876,#14877);
#14875 = CARTESIAN_POINT('',(-140.,-50.,104.));
#14876 = DIRECTION('',(0.,0.,1.));
#14877 = DIRECTION('',(1.,0.,0.));
#14878 = DEFINITIONAL_REPRESENTATION('',(#14879),#14883);
#14879 = LINE('',#14880,#14881);
#14880 = CARTESIAN_POINT('',(180.,124.));
#14881 = VECTOR('',#14882,1.);
#14882 = DIRECTION('',(0.,1.));
#14883 = ( GEOMETRIC_REPRESENTATION_CONTEXT(2) 
PARAMETRIC_REPRESENTATION_CONTEXT() REPRESENTATION_CONTEXT('2D SPACE',''
  ) );
#14884 = ORIENTED_EDGE('',*,*,#14885,.F.);
#14885 = EDGE_CURVE('',#14886,#14858,#14888,.T.);
#14886 = VERTEX_POINT('',#14887);
#14887 = CARTESIAN_POINT('',(40.,74.,76.));
#14888 = SURFACE_CURVE('',#14889,(#14893,#14900),.PCURVE_S1.);
#14889 = LINE('',#14890,#14891);
#14890 = CARTESIAN_POINT('',(40.,74.,76.));
#14891 = VECTOR('',#14892,1.);
#14892 = DIRECTION('',(0.,0.,1.));
#14893 = PCURVE('',#10948,#14894);
#14894 = DEFINITIONAL_REPRESENTATION('',(#14895),#14899);
#14895 = LINE('',#14896,#14897);
#14896 = CARTESIAN_POINT('',(6.,-56.));
#14897 = VECTOR('',#14898,1.);
#14898 = DIRECTION('',(1.,0.));
#14899 = ( GEOMETRIC_REPRESENTATION_CONTEXT(2) 
PARAMETRIC_REPRESENTATION_CONTEXT() REPRESENTATION_CONTEXT('2D SPACE',''
  ) );
#14900 = PCURVE('',#14901,#14906);
#14901 = PLANE('',#14902);
#14902 = AXIS2_PLACEMENT_3D('',#14903,#14904,#14905);
#14903 = CARTESIAN_POINT('',(32.,74.,76.));
#14904 = DIRECTION('',(0.,1.,0.));
#14905 = DIRECTION('',(0.,0.,1.));
#14906 = DEFINITIONAL_REPRESENTATION('',(#14907),#14911);
#14907 = LINE('',#14908,#14909);
#14908 = CARTESIAN_POINT('',(0.,8.));
#14909 = VECTOR('',#14910,1.);
#14910 = DIRECTION('',(1.,0.));
#14911 = ( GEOMETRIC_REPRESENTATION_CONTEXT(2) 
PARAMETRIC_REPRESENTATION_CONTEXT() REPRESENTATION_CONTEXT('2D SPACE',''
  ) );
#14912 = ORIENTED_EDGE('',*,*,#14913,.F.);
#14913 = EDGE_CURVE('',#14914,#14886,#14916,.T.);
#14914 = VERTEX_POINT('',#14915);
#14915 = CARTESIAN_POINT('',(40.,73.,76.));
#14916 = SURFACE_CURVE('',#14917,(#14921,#14928),.PCURVE_S1.);
#14917 = LINE('',#14918,#14919);
#14918 = CARTESIAN_POINT('',(40.,18.,76.));
#14919 = VECTOR('',#14920,1.);
#14920 = DIRECTION('',(0.,1.,0.));
#14921 = PCURVE('',#10948,#14922);
#14922 = DEFINITIONAL_REPRESENTATION('',(#14923),#14927);
#14923 = LINE('',#14924,#14925);
#14924 = CARTESIAN_POINT('',(6.,0.));
#14925 = VECTOR('',#14926,1.);
#14926 = DIRECTION('',(0.,-1.));
#14927 = ( GEOMETRIC_REPRESENTATION_CONTEXT(2) 
PARAMETRIC_REPRESENTATION_CONTEXT() REPRESENTATION_CONTEXT('2D SPACE',''
  ) );
#14928 = PCURVE('',#14929,#14934);
#14929 = PLANE('',#14930);
#14930 = AXIS2_PLACEMENT_3D('',#14931,#14932,#14933);
#14931 = CARTESIAN_POINT('',(-40.,18.,76.));
#14932 = DIRECTION('',(0.,0.,1.));
#14933 = DIRECTION('',(1.,0.,0.));
#14934 = DEFINITIONAL_REPRESENTATION('',(#14935),#14939);
#14935 = LINE('',#14936,#14937);
#14936 = CARTESIAN_POINT('',(80.,0.));
#14937 = VECTOR('',#14938,1.);
#14938 = DIRECTION('',(0.,1.));
#14939 = ( GEOMETRIC_REPRESENTATION_CONTEXT(2) 
PARAMETRIC_REPRESENTATION_CONTEXT() REPRESENTATION_CONTEXT('2D SPACE',''
  ) );
#14940 = ORIENTED_EDGE('',*,*,#14941,.T.);
#14941 = EDGE_CURVE('',#14914,#10906,#14942,.T.);
#14942 = SURFACE_CURVE('',#14943,(#14947,#14953),.PCURVE_S1.);
#14943 = LINE('',#14944,#14945);
#14944 = CARTESIAN_POINT('',(40.,73.,72.));
#14945 = VECTOR('',#14946,1.);
#14946 = DIRECTION('',(0.,0.,-1.));
#14947 = PCURVE('',#10948,#14948);
#14948 = DEFINITIONAL_REPRESENTATION('',(#14949),#14952);
#14949 = B_SPLINE_CURVE_WITH_KNOTS('',1,(#14950,#14951),.UNSPECIFIED.,
  .F.,.F.,(2,2),(-32.,-2.),.PIECEWISE_BEZIER_KNOTS.);
#14950 = CARTESIAN_POINT('',(34.,-55.));
#14951 = CARTESIAN_POINT('',(4.,-55.));
#14952 = ( GEOMETRIC_REPRESENTATION_CONTEXT(2) 
PARAMETRIC_REPRESENTATION_CONTEXT() REPRESENTATION_CONTEXT('2D SPACE',''
  ) );
#14953 = PCURVE('',#10921,#14954);
#14954 = DEFINITIONAL_REPRESENTATION('',(#14955),#14958);
#14955 = B_SPLINE_CURVE_WITH_KNOTS('',1,(#14956,#14957),.UNSPECIFIED.,
  .F.,.F.,(2,2),(-32.,-2.),.PIECEWISE_BEZIER_KNOTS.);
#14956 = CARTESIAN_POINT('',(30.,176.));
#14957 = CARTESIAN_POINT('',(0.,176.));
#14958 = ( GEOMETRIC_REPRESENTATION_CONTEXT(2) 
PARAMETRIC_REPRESENTATION_CONTEXT() REPRESENTATION_CONTEXT('2D SPACE',''
  ) );
#14959 = ORIENTED_EDGE('',*,*,#10933,.F.);
#14960 = ORIENTED_EDGE('',*,*,#14961,.F.);
#14961 = EDGE_CURVE('',#14962,#10934,#14964,.T.);
#14962 = VERTEX_POINT('',#14963);
#14963 = CARTESIAN_POINT('',(40.,67.,76.));
#14964 = SURFACE_CURVE('',#14965,(#14969,#14975),.PCURVE_S1.);
#14965 = LINE('',#14966,#14967);
#14966 = CARTESIAN_POINT('',(40.,67.,72.));
#14967 = VECTOR('',#14968,1.);
#14968 = DIRECTION('',(0.,0.,-1.));
#14969 = PCURVE('',#10948,#14970);
#14970 = DEFINITIONAL_REPRESENTATION('',(#14971),#14974);
#14971 = B_SPLINE_CURVE_WITH_KNOTS('',1,(#14972,#14973),.UNSPECIFIED.,
  .F.,.F.,(2,2),(-32.,-2.),.PIECEWISE_BEZIER_KNOTS.);
#14972 = CARTESIAN_POINT('',(34.,-49.));
#14973 = CARTESIAN_POINT('',(4.,-49.));
#14974 = ( GEOMETRIC_REPRESENTATION_CONTEXT(2) 
PARAMETRIC_REPRESENTATION_CONTEXT() REPRESENTATION_CONTEXT('2D SPACE',''
  ) );
#14975 = PCURVE('',#10975,#14976);
#14976 = DEFINITIONAL_REPRESENTATION('',(#14977),#14980);
#14977 = B_SPLINE_CURVE_WITH_KNOTS('',1,(#14978,#14979),.UNSPECIFIED.,
  .F.,.F.,(2,2),(-32.,-2.),.PIECEWISE_BEZIER_KNOTS.);
#14978 = CARTESIAN_POINT('',(30.,176.));
#14979 = CARTESIAN_POINT('',(0.,176.));
#14980 = ( GEOMETRIC_REPRESENTATION_CONTEXT(2) 
PARAMETRIC_REPRESENTATION_CONTEXT() REPRESENTATION_CONTEXT('2D SPACE',''
  ) );
#14981 = ORIENTED_EDGE('',*,*,#14982,.F.);
#14982 = EDGE_CURVE('',#14983,#14962,#14985,.T.);
#14983 = VERTEX_POINT('',#14984);
#14984 = CARTESIAN_POINT('',(40.,33.,76.));
#14985 = SURFACE_CURVE('',#14986,(#14990,#14997),.PCURVE_S1.);
#14986 = LINE('',#14987,#14988);
#14987 = CARTESIAN_POINT('',(40.,18.,76.));
#14988 = VECTOR('',#14989,1.);
#14989 = DIRECTION('',(0.,1.,0.));
#14990 = PCURVE('',#10948,#14991);
#14991 = DEFINITIONAL_REPRESENTATION('',(#14992),#14996);
#14992 = LINE('',#14993,#14994);
#14993 = CARTESIAN_POINT('',(6.,0.));
#14994 = VECTOR('',#14995,1.);
#14995 = DIRECTION('',(0.,-1.));
#14996 = ( GEOMETRIC_REPRESENTATION_CONTEXT(2) 
PARAMETRIC_REPRESENTATION_CONTEXT() REPRESENTATION_CONTEXT('2D SPACE',''
  ) );
#14997 = PCURVE('',#14998,#15003);
#14998 = PLANE('',#14999);
#14999 = AXIS2_PLACEMENT_3D('',#15000,#15001,#15002);
#15000 = CARTESIAN_POINT('',(-40.,18.,76.));
#15001 = DIRECTION('',(0.,0.,1.));
#15002 = DIRECTION('',(1.,0.,0.));
#15003 = DEFINITIONAL_REPRESENTATION('',(#15004),#15008);
#15004 = LINE('',#15005,#15006);
#15005 = CARTESIAN_POINT('',(80.,0.));
#15006 = VECTOR('',#15007,1.);
#15007 = DIRECTION('',(0.,1.));
#15008 = ( GEOMETRIC_REPRESENTATION_CONTEXT(2) 
PARAMETRIC_REPRESENTATION_CONTEXT() REPRESENTATION_CONTEXT('2D SPACE',''
  ) );
#15009 = ORIENTED_EDGE('',*,*,#15010,.T.);
#15010 = EDGE_CURVE('',#14983,#11016,#15011,.T.);
#15011 = SURFACE_CURVE('',#15012,(#15016,#15022),.PCURVE_S1.);
#15012 = LINE('',#15013,#15014);
#15013 = CARTESIAN_POINT('',(40.,33.,72.));
#15014 = VECTOR('',#15015,1.);
#15015 = DIRECTION('',(0.,0.,-1.));
#15016 = PCURVE('',#10948,#15017);
#15017 = DEFINITIONAL_REPRESENTATION('',(#15018),#15021);
#15018 = B_SPLINE_CURVE_WITH_KNOTS('',1,(#15019,#15020),.UNSPECIFIED.,
  .F.,.F.,(2,2),(-32.,-2.),.PIECEWISE_BEZIER_KNOTS.);
#15019 = CARTESIAN_POINT('',(34.,-15.));
#15020 = CARTESIAN_POINT('',(4.,-15.));
#15021 = ( GEOMETRIC_REPRESENTATION_CONTEXT(2) 
PARAMETRIC_REPRESENTATION_CONTEXT() REPRESENTATION_CONTEXT('2D SPACE',''
  ) );
#15022 = PCURVE('',#11031,#15023);
#15023 = DEFINITIONAL_REPRESENTATION('',(#15024),#15027);
#15024 = B_SPLINE_CURVE_WITH_KNOTS('',1,(#15025,#15026),.UNSPECIFIED.,
  .F.,.F.,(2,2),(-32.,-2.),.PIECEWISE_BEZIER_KNOTS.);
#15025 = CARTESIAN_POINT('',(30.,176.));
#15026 = CARTESIAN_POINT('',(0.,176.));
#15027 = ( GEOMETRIC_REPRESENTATION_CONTEXT(2) 
PARAMETRIC_REPRESENTATION_CONTEXT() REPRESENTATION_CONTEXT('2D SPACE',''
  ) );
#15028 = ORIENTED_EDGE('',*,*,#11043,.F.);
#15029 = ORIENTED_EDGE('',*,*,#14744,.F.);
#15030 = ORIENTED_EDGE('',*,*,#15031,.F.);
#15031 = EDGE_CURVE('',#15032,#14745,#15034,.T.);
#15032 = VERTEX_POINT('',#15033);
#15033 = CARTESIAN_POINT('',(40.,26.,76.));
#15034 = SURFACE_CURVE('',#15035,(#15039,#15046),.PCURVE_S1.);
#15035 = LINE('',#15036,#15037);
#15036 = CARTESIAN_POINT('',(40.,18.,76.));
#15037 = VECTOR('',#15038,1.);
#15038 = DIRECTION('',(0.,1.,0.));
#15039 = PCURVE('',#10948,#15040);
#15040 = DEFINITIONAL_REPRESENTATION('',(#15041),#15045);
#15041 = LINE('',#15042,#15043);
#15042 = CARTESIAN_POINT('',(6.,0.));
#15043 = VECTOR('',#15044,1.);
#15044 = DIRECTION('',(0.,-1.));
#15045 = ( GEOMETRIC_REPRESENTATION_CONTEXT(2) 
PARAMETRIC_REPRESENTATION_CONTEXT() REPRESENTATION_CONTEXT('2D SPACE',''
  ) );
#15046 = PCURVE('',#14264,#15047);
#15047 = DEFINITIONAL_REPRESENTATION('',(#15048),#15052);
#15048 = LINE('',#15049,#15050);
#15049 = CARTESIAN_POINT('',(80.,0.));
#15050 = VECTOR('',#15051,1.);
#15051 = DIRECTION('',(0.,1.));
#15052 = ( GEOMETRIC_REPRESENTATION_CONTEXT(2) 
PARAMETRIC_REPRESENTATION_CONTEXT() REPRESENTATION_CONTEXT('2D SPACE',''
  ) );
#15053 = ORIENTED_EDGE('',*,*,#15054,.T.);
#15054 = EDGE_CURVE('',#15032,#15055,#15057,.T.);
#15055 = VERTEX_POINT('',#15056);
#15056 = CARTESIAN_POINT('',(40.,26.,104.));
#15057 = SURFACE_CURVE('',#15058,(#15062,#15069),.PCURVE_S1.);
#15058 = LINE('',#15059,#15060);
#15059 = CARTESIAN_POINT('',(40.,26.,76.));
#15060 = VECTOR('',#15061,1.);
#15061 = DIRECTION('',(0.,0.,1.));
#15062 = PCURVE('',#10948,#15063);
#15063 = DEFINITIONAL_REPRESENTATION('',(#15064),#15068);
#15064 = LINE('',#15065,#15066);
#15065 = CARTESIAN_POINT('',(6.,-8.));
#15066 = VECTOR('',#15067,1.);
#15067 = DIRECTION('',(1.,0.));
#15068 = ( GEOMETRIC_REPRESENTATION_CONTEXT(2) 
PARAMETRIC_REPRESENTATION_CONTEXT() REPRESENTATION_CONTEXT('2D SPACE',''
  ) );
#15069 = PCURVE('',#15070,#15075);
#15070 = PLANE('',#15071);
#15071 = AXIS2_PLACEMENT_3D('',#15072,#15073,#15074);
#15072 = CARTESIAN_POINT('',(32.,26.,76.));
#15073 = DIRECTION('',(0.,1.,0.));
#15074 = DIRECTION('',(0.,0.,1.));
#15075 = DEFINITIONAL_REPRESENTATION('',(#15076),#15080);
#15076 = LINE('',#15077,#15078);
#15077 = CARTESIAN_POINT('',(0.,8.));
#15078 = VECTOR('',#15079,1.);
#15079 = DIRECTION('',(1.,0.));
#15080 = ( GEOMETRIC_REPRESENTATION_CONTEXT(2) 
PARAMETRIC_REPRESENTATION_CONTEXT() REPRESENTATION_CONTEXT('2D SPACE',''
  ) );
#15081 = ORIENTED_EDGE('',*,*,#15082,.F.);
#15082 = EDGE_CURVE('',#14037,#15055,#15083,.T.);
#15083 = SURFACE_CURVE('',#15084,(#15088,#15095),.PCURVE_S1.);
#15084 = LINE('',#15085,#15086);
#15085 = CARTESIAN_POINT('',(40.,18.,104.));
#15086 = VECTOR('',#15087,1.);
#15087 = DIRECTION('',(0.,1.,0.));
#15088 = PCURVE('',#10948,#15089);
#15089 = DEFINITIONAL_REPRESENTATION('',(#15090),#15094);
#15090 = LINE('',#15091,#15092);
#15091 = CARTESIAN_POINT('',(34.,0.));
#15092 = VECTOR('',#15093,1.);
#15093 = DIRECTION('',(0.,-1.));
#15094 = ( GEOMETRIC_REPRESENTATION_CONTEXT(2) 
PARAMETRIC_REPRESENTATION_CONTEXT() REPRESENTATION_CONTEXT('2D SPACE',''
  ) );
#15095 = PCURVE('',#14318,#15096);
#15096 = DEFINITIONAL_REPRESENTATION('',(#15097),#15101);
#15097 = LINE('',#15098,#15099);
#15098 = CARTESIAN_POINT('',(180.,68.));
#15099 = VECTOR('',#15100,1.);
#15100 = DIRECTION('',(0.,1.));
#15101 = ( GEOMETRIC_REPRESENTATION_CONTEXT(2) 
PARAMETRIC_REPRESENTATION_CONTEXT() REPRESENTATION_CONTEXT('2D SPACE',''
  ) );
#15102 = ADVANCED_FACE('',(#15103),#11031,.T.);
#15103 = FACE_BOUND('',#15104,.T.);
#15104 = EDGE_LOOP('',(#15105,#15106,#15107,#15128,#15154,#15182));
#15105 = ORIENTED_EDGE('',*,*,#11015,.F.);
#15106 = ORIENTED_EDGE('',*,*,#15010,.F.);
#15107 = ORIENTED_EDGE('',*,*,#15108,.F.);
#15108 = EDGE_CURVE('',#15109,#14983,#15111,.T.);
#15109 = VERTEX_POINT('',#15110);
#15110 = CARTESIAN_POINT('',(23.,33.,76.));
#15111 = SURFACE_CURVE('',#15112,(#15116,#15122),.PCURVE_S1.);
#15112 = LINE('',#15113,#15114);
#15113 = CARTESIAN_POINT('',(-88.,33.,76.));
#15114 = VECTOR('',#15115,1.);
#15115 = DIRECTION('',(1.,0.,0.));
#15116 = PCURVE('',#11031,#15117);
#15117 = DEFINITIONAL_REPRESENTATION('',(#15118),#15121);
#15118 = B_SPLINE_CURVE_WITH_KNOTS('',1,(#15119,#15120),.UNSPECIFIED.,
  .F.,.F.,(2,2),(111.,128.),.PIECEWISE_BEZIER_KNOTS.);
#15119 = CARTESIAN_POINT('',(2.,159.));
#15120 = CARTESIAN_POINT('',(2.,176.));
#15121 = ( GEOMETRIC_REPRESENTATION_CONTEXT(2) 
PARAMETRIC_REPRESENTATION_CONTEXT() REPRESENTATION_CONTEXT('2D SPACE',''
  ) );
#15122 = PCURVE('',#14998,#15123);
#15123 = DEFINITIONAL_REPRESENTATION('',(#15124),#15127);
#15124 = B_SPLINE_CURVE_WITH_KNOTS('',1,(#15125,#15126),.UNSPECIFIED.,
  .F.,.F.,(2,2),(111.,128.),.PIECEWISE_BEZIER_KNOTS.);
#15125 = CARTESIAN_POINT('',(63.,15.));
#15126 = CARTESIAN_POINT('',(80.,15.));
#15127 = ( GEOMETRIC_REPRESENTATION_CONTEXT(2) 
PARAMETRIC_REPRESENTATION_CONTEXT() REPRESENTATION_CONTEXT('2D SPACE',''
  ) );
#15128 = ORIENTED_EDGE('',*,*,#15129,.T.);
#15129 = EDGE_CURVE('',#15109,#15130,#15132,.T.);
#15130 = VERTEX_POINT('',#15131);
#15131 = CARTESIAN_POINT('',(23.,33.,104.));
#15132 = SURFACE_CURVE('',#15133,(#15137,#15143),.PCURVE_S1.);
#15133 = LINE('',#15134,#15135);
#15134 = CARTESIAN_POINT('',(23.,33.,74.));
#15135 = VECTOR('',#15136,1.);
#15136 = DIRECTION('',(0.,0.,1.));
#15137 = PCURVE('',#11031,#15138);
#15138 = DEFINITIONAL_REPRESENTATION('',(#15139),#15142);
#15139 = B_SPLINE_CURVE_WITH_KNOTS('',1,(#15140,#15141),.UNSPECIFIED.,
  .F.,.F.,(2,2),(0.,30.),.PIECEWISE_BEZIER_KNOTS.);
#15140 = CARTESIAN_POINT('',(0.,159.));
#15141 = CARTESIAN_POINT('',(30.,159.));
#15142 = ( GEOMETRIC_REPRESENTATION_CONTEXT(2) 
PARAMETRIC_REPRESENTATION_CONTEXT() REPRESENTATION_CONTEXT('2D SPACE',''
  ) );
#15143 = PCURVE('',#15144,#15149);
#15144 = PLANE('',#15145);
#15145 = AXIS2_PLACEMENT_3D('',#15146,#15147,#15148);
#15146 = CARTESIAN_POINT('',(23.,-47.,74.));
#15147 = DIRECTION('',(1.,0.,0.));
#15148 = DIRECTION('',(0.,0.,1.));
#15149 = DEFINITIONAL_REPRESENTATION('',(#15150),#15153);
#15150 = B_SPLINE_CURVE_WITH_KNOTS('',1,(#15151,#15152),.UNSPECIFIED.,
  .F.,.F.,(2,2),(0.,30.),.PIECEWISE_BEZIER_KNOTS.);
#15151 = CARTESIAN_POINT('',(0.,-80.));
#15152 = CARTESIAN_POINT('',(30.,-80.));
#15153 = ( GEOMETRIC_REPRESENTATION_CONTEXT(2) 
PARAMETRIC_REPRESENTATION_CONTEXT() REPRESENTATION_CONTEXT('2D SPACE',''
  ) );
#15154 = ORIENTED_EDGE('',*,*,#15155,.T.);
#15155 = EDGE_CURVE('',#15130,#15156,#15158,.T.);
#15156 = VERTEX_POINT('',#15157);
#15157 = CARTESIAN_POINT('',(57.,33.,104.));
#15158 = SURFACE_CURVE('',#15159,(#15163,#15170),.PCURVE_S1.);
#15159 = LINE('',#15160,#15161);
#15160 = CARTESIAN_POINT('',(-136.,33.,104.));
#15161 = VECTOR('',#15162,1.);
#15162 = DIRECTION('',(1.,0.,0.));
#15163 = PCURVE('',#11031,#15164);
#15164 = DEFINITIONAL_REPRESENTATION('',(#15165),#15169);
#15165 = LINE('',#15166,#15167);
#15166 = CARTESIAN_POINT('',(30.,0.));
#15167 = VECTOR('',#15168,1.);
#15168 = DIRECTION('',(0.,1.));
#15169 = ( GEOMETRIC_REPRESENTATION_CONTEXT(2) 
PARAMETRIC_REPRESENTATION_CONTEXT() REPRESENTATION_CONTEXT('2D SPACE',''
  ) );
#15170 = PCURVE('',#15171,#15176);
#15171 = PLANE('',#15172);
#15172 = AXIS2_PLACEMENT_3D('',#15173,#15174,#15175);
#15173 = CARTESIAN_POINT('',(-140.,-50.,104.));
#15174 = DIRECTION('',(0.,0.,1.));
#15175 = DIRECTION('',(1.,0.,0.));
#15176 = DEFINITIONAL_REPRESENTATION('',(#15177),#15181);
#15177 = LINE('',#15178,#15179);
#15178 = CARTESIAN_POINT('',(4.,83.));
#15179 = VECTOR('',#15180,1.);
#15180 = DIRECTION('',(1.,0.));
#15181 = ( GEOMETRIC_REPRESENTATION_CONTEXT(2) 
PARAMETRIC_REPRESENTATION_CONTEXT() REPRESENTATION_CONTEXT('2D SPACE',''
  ) );
#15182 = ORIENTED_EDGE('',*,*,#15183,.F.);
#15183 = EDGE_CURVE('',#10988,#15156,#15184,.T.);
#15184 = SURFACE_CURVE('',#15185,(#15189,#15195),.PCURVE_S1.);
#15185 = LINE('',#15186,#15187);
#15186 = CARTESIAN_POINT('',(57.,33.,74.));
#15187 = VECTOR('',#15188,1.);
#15188 = DIRECTION('',(0.,0.,1.));
#15189 = PCURVE('',#11031,#15190);
#15190 = DEFINITIONAL_REPRESENTATION('',(#15191),#15194);
#15191 = B_SPLINE_CURVE_WITH_KNOTS('',1,(#15192,#15193),.UNSPECIFIED.,
  .F.,.F.,(2,2),(0.,30.),.PIECEWISE_BEZIER_KNOTS.);
#15192 = CARTESIAN_POINT('',(0.,193.));
#15193 = CARTESIAN_POINT('',(30.,193.));
#15194 = ( GEOMETRIC_REPRESENTATION_CONTEXT(2) 
PARAMETRIC_REPRESENTATION_CONTEXT() REPRESENTATION_CONTEXT('2D SPACE',''
  ) );
#15195 = PCURVE('',#11003,#15196);
#15196 = DEFINITIONAL_REPRESENTATION('',(#15197),#15200);
#15197 = B_SPLINE_CURVE_WITH_KNOTS('',1,(#15198,#15199),.UNSPECIFIED.,
  .F.,.F.,(2,2),(0.,30.),.PIECEWISE_BEZIER_KNOTS.);
#15198 = CARTESIAN_POINT('',(0.,-80.));
#15199 = CARTESIAN_POINT('',(30.,-80.));
#15200 = ( GEOMETRIC_REPRESENTATION_CONTEXT(2) 
PARAMETRIC_REPRESENTATION_CONTEXT() REPRESENTATION_CONTEXT('2D SPACE',''
  ) );
#15201 = ADVANCED_FACE('',(#15202),#11003,.F.);
#15202 = FACE_BOUND('',#15203,.F.);
#15203 = EDGE_LOOP('',(#15204,#15205,#15206,#15227));
#15204 = ORIENTED_EDGE('',*,*,#15183,.F.);
#15205 = ORIENTED_EDGE('',*,*,#10987,.T.);
#15206 = ORIENTED_EDGE('',*,*,#15207,.T.);
#15207 = EDGE_CURVE('',#10960,#15208,#15210,.T.);
#15208 = VERTEX_POINT('',#15209);
#15209 = CARTESIAN_POINT('',(57.,67.,104.));
#15210 = SURFACE_CURVE('',#15211,(#15215,#15221),.PCURVE_S1.);
#15211 = LINE('',#15212,#15213);
#15212 = CARTESIAN_POINT('',(57.,67.,74.));
#15213 = VECTOR('',#15214,1.);
#15214 = DIRECTION('',(0.,0.,1.));
#15215 = PCURVE('',#11003,#15216);
#15216 = DEFINITIONAL_REPRESENTATION('',(#15217),#15220);
#15217 = B_SPLINE_CURVE_WITH_KNOTS('',1,(#15218,#15219),.UNSPECIFIED.,
  .F.,.F.,(2,2),(0.,30.),.PIECEWISE_BEZIER_KNOTS.);
#15218 = CARTESIAN_POINT('',(0.,-114.));
#15219 = CARTESIAN_POINT('',(30.,-114.));
#15220 = ( GEOMETRIC_REPRESENTATION_CONTEXT(2) 
PARAMETRIC_REPRESENTATION_CONTEXT() REPRESENTATION_CONTEXT('2D SPACE',''
  ) );
#15221 = PCURVE('',#10975,#15222);
#15222 = DEFINITIONAL_REPRESENTATION('',(#15223),#15226);
#15223 = B_SPLINE_CURVE_WITH_KNOTS('',1,(#15224,#15225),.UNSPECIFIED.,
  .F.,.F.,(2,2),(0.,30.),.PIECEWISE_BEZIER_KNOTS.);
#15224 = CARTESIAN_POINT('',(0.,193.));
#15225 = CARTESIAN_POINT('',(30.,193.));
#15226 = ( GEOMETRIC_REPRESENTATION_CONTEXT(2) 
PARAMETRIC_REPRESENTATION_CONTEXT() REPRESENTATION_CONTEXT('2D SPACE',''
  ) );
#15227 = ORIENTED_EDGE('',*,*,#15228,.F.);
#15228 = EDGE_CURVE('',#15156,#15208,#15229,.T.);
#15229 = SURFACE_CURVE('',#15230,(#15234,#15241),.PCURVE_S1.);
#15230 = LINE('',#15231,#15232);
#15231 = CARTESIAN_POINT('',(57.,-47.,104.));
#15232 = VECTOR('',#15233,1.);
#15233 = DIRECTION('',(0.,1.,0.));
#15234 = PCURVE('',#11003,#15235);
#15235 = DEFINITIONAL_REPRESENTATION('',(#15236),#15240);
#15236 = LINE('',#15237,#15238);
#15237 = CARTESIAN_POINT('',(30.,0.));
#15238 = VECTOR('',#15239,1.);
#15239 = DIRECTION('',(0.,-1.));
#15240 = ( GEOMETRIC_REPRESENTATION_CONTEXT(2) 
PARAMETRIC_REPRESENTATION_CONTEXT() REPRESENTATION_CONTEXT('2D SPACE',''
  ) );
#15241 = PCURVE('',#15171,#15242);
#15242 = DEFINITIONAL_REPRESENTATION('',(#15243),#15247);
#15243 = LINE('',#15244,#15245);
#15244 = CARTESIAN_POINT('',(197.,3.));
#15245 = VECTOR('',#15246,1.);
#15246 = DIRECTION('',(0.,1.));
#15247 = ( GEOMETRIC_REPRESENTATION_CONTEXT(2) 
PARAMETRIC_REPRESENTATION_CONTEXT() REPRESENTATION_CONTEXT('2D SPACE',''
  ) );
#15248 = ADVANCED_FACE('',(#15249),#10975,.F.);
#15249 = FACE_BOUND('',#15250,.F.);
#15250 = EDGE_LOOP('',(#15251,#15252,#15253,#15274,#15295,#15316));
#15251 = ORIENTED_EDGE('',*,*,#10959,.F.);
#15252 = ORIENTED_EDGE('',*,*,#14961,.F.);
#15253 = ORIENTED_EDGE('',*,*,#15254,.F.);
#15254 = EDGE_CURVE('',#15255,#14962,#15257,.T.);
#15255 = VERTEX_POINT('',#15256);
#15256 = CARTESIAN_POINT('',(23.,67.,76.));
#15257 = SURFACE_CURVE('',#15258,(#15262,#15268),.PCURVE_S1.);
#15258 = LINE('',#15259,#15260);
#15259 = CARTESIAN_POINT('',(-88.,67.,76.));
#15260 = VECTOR('',#15261,1.);
#15261 = DIRECTION('',(1.,0.,0.));
#15262 = PCURVE('',#10975,#15263);
#15263 = DEFINITIONAL_REPRESENTATION('',(#15264),#15267);
#15264 = B_SPLINE_CURVE_WITH_KNOTS('',1,(#15265,#15266),.UNSPECIFIED.,
  .F.,.F.,(2,2),(111.,128.),.PIECEWISE_BEZIER_KNOTS.);
#15265 = CARTESIAN_POINT('',(2.,159.));
#15266 = CARTESIAN_POINT('',(2.,176.));
#15267 = ( GEOMETRIC_REPRESENTATION_CONTEXT(2) 
PARAMETRIC_REPRESENTATION_CONTEXT() REPRESENTATION_CONTEXT('2D SPACE',''
  ) );
#15268 = PCURVE('',#14998,#15269);
#15269 = DEFINITIONAL_REPRESENTATION('',(#15270),#15273);
#15270 = B_SPLINE_CURVE_WITH_KNOTS('',1,(#15271,#15272),.UNSPECIFIED.,
  .F.,.F.,(2,2),(111.,128.),.PIECEWISE_BEZIER_KNOTS.);
#15271 = CARTESIAN_POINT('',(63.,49.));
#15272 = CARTESIAN_POINT('',(80.,49.));
#15273 = ( GEOMETRIC_REPRESENTATION_CONTEXT(2) 
PARAMETRIC_REPRESENTATION_CONTEXT() REPRESENTATION_CONTEXT('2D SPACE',''
  ) );
#15274 = ORIENTED_EDGE('',*,*,#15275,.T.);
#15275 = EDGE_CURVE('',#15255,#15276,#15278,.T.);
#15276 = VERTEX_POINT('',#15277);
#15277 = CARTESIAN_POINT('',(23.,67.,104.));
#15278 = SURFACE_CURVE('',#15279,(#15283,#15289),.PCURVE_S1.);
#15279 = LINE('',#15280,#15281);
#15280 = CARTESIAN_POINT('',(23.,67.,74.));
#15281 = VECTOR('',#15282,1.);
#15282 = DIRECTION('',(0.,0.,1.));
#15283 = PCURVE('',#10975,#15284);
#15284 = DEFINITIONAL_REPRESENTATION('',(#15285),#15288);
#15285 = B_SPLINE_CURVE_WITH_KNOTS('',1,(#15286,#15287),.UNSPECIFIED.,
  .F.,.F.,(2,2),(0.,30.),.PIECEWISE_BEZIER_KNOTS.);
#15286 = CARTESIAN_POINT('',(0.,159.));
#15287 = CARTESIAN_POINT('',(30.,159.));
#15288 = ( GEOMETRIC_REPRESENTATION_CONTEXT(2) 
PARAMETRIC_REPRESENTATION_CONTEXT() REPRESENTATION_CONTEXT('2D SPACE',''
  ) );
#15289 = PCURVE('',#15144,#15290);
#15290 = DEFINITIONAL_REPRESENTATION('',(#15291),#15294);
#15291 = B_SPLINE_CURVE_WITH_KNOTS('',1,(#15292,#15293),.UNSPECIFIED.,
  .F.,.F.,(2,2),(0.,30.),.PIECEWISE_BEZIER_KNOTS.);
#15292 = CARTESIAN_POINT('',(0.,-114.));
#15293 = CARTESIAN_POINT('',(30.,-114.));
#15294 = ( GEOMETRIC_REPRESENTATION_CONTEXT(2) 
PARAMETRIC_REPRESENTATION_CONTEXT() REPRESENTATION_CONTEXT('2D SPACE',''
  ) );
#15295 = ORIENTED_EDGE('',*,*,#15296,.T.);
#15296 = EDGE_CURVE('',#15276,#15208,#15297,.T.);
#15297 = SURFACE_CURVE('',#15298,(#15302,#15309),.PCURVE_S1.);
#15298 = LINE('',#15299,#15300);
#15299 = CARTESIAN_POINT('',(-136.,67.,104.));
#15300 = VECTOR('',#15301,1.);
#15301 = DIRECTION('',(1.,0.,0.));
#15302 = PCURVE('',#10975,#15303);
#15303 = DEFINITIONAL_REPRESENTATION('',(#15304),#15308);
#15304 = LINE('',#15305,#15306);
#15305 = CARTESIAN_POINT('',(30.,0.));
#15306 = VECTOR('',#15307,1.);
#15307 = DIRECTION('',(0.,1.));
#15308 = ( GEOMETRIC_REPRESENTATION_CONTEXT(2) 
PARAMETRIC_REPRESENTATION_CONTEXT() REPRESENTATION_CONTEXT('2D SPACE',''
  ) );
#15309 = PCURVE('',#15171,#15310);
#15310 = DEFINITIONAL_REPRESENTATION('',(#15311),#15315);
#15311 = LINE('',#15312,#15313);
#15312 = CARTESIAN_POINT('',(4.,117.));
#15313 = VECTOR('',#15314,1.);
#15314 = DIRECTION('',(1.,0.));
#15315 = ( GEOMETRIC_REPRESENTATION_CONTEXT(2) 
PARAMETRIC_REPRESENTATION_CONTEXT() REPRESENTATION_CONTEXT('2D SPACE',''
  ) );
#15316 = ORIENTED_EDGE('',*,*,#15207,.F.);
#15317 = ADVANCED_FACE('',(#15318),#10921,.T.);
#15318 = FACE_BOUND('',#15319,.T.);
#15319 = EDGE_LOOP('',(#15320,#15321,#15322,#15343,#15365,#15388));
#15320 = ORIENTED_EDGE('',*,*,#10905,.F.);
#15321 = ORIENTED_EDGE('',*,*,#14941,.F.);
#15322 = ORIENTED_EDGE('',*,*,#15323,.F.);
#15323 = EDGE_CURVE('',#15324,#14914,#15326,.T.);
#15324 = VERTEX_POINT('',#15325);
#15325 = CARTESIAN_POINT('',(23.,73.,76.));
#15326 = SURFACE_CURVE('',#15327,(#15331,#15337),.PCURVE_S1.);
#15327 = LINE('',#15328,#15329);
#15328 = CARTESIAN_POINT('',(-88.,73.,76.));
#15329 = VECTOR('',#15330,1.);
#15330 = DIRECTION('',(1.,0.,0.));
#15331 = PCURVE('',#10921,#15332);
#15332 = DEFINITIONAL_REPRESENTATION('',(#15333),#15336);
#15333 = B_SPLINE_CURVE_WITH_KNOTS('',1,(#15334,#15335),.UNSPECIFIED.,
  .F.,.F.,(2,2),(111.,128.),.PIECEWISE_BEZIER_KNOTS.);
#15334 = CARTESIAN_POINT('',(2.,159.));
#15335 = CARTESIAN_POINT('',(2.,176.));
#15336 = ( GEOMETRIC_REPRESENTATION_CONTEXT(2) 
PARAMETRIC_REPRESENTATION_CONTEXT() REPRESENTATION_CONTEXT('2D SPACE',''
  ) );
#15337 = PCURVE('',#14929,#15338);
#15338 = DEFINITIONAL_REPRESENTATION('',(#15339),#15342);
#15339 = B_SPLINE_CURVE_WITH_KNOTS('',1,(#15340,#15341),.UNSPECIFIED.,
  .F.,.F.,(2,2),(111.,128.),.PIECEWISE_BEZIER_KNOTS.);
#15340 = CARTESIAN_POINT('',(63.,55.));
#15341 = CARTESIAN_POINT('',(80.,55.));
#15342 = ( GEOMETRIC_REPRESENTATION_CONTEXT(2) 
PARAMETRIC_REPRESENTATION_CONTEXT() REPRESENTATION_CONTEXT('2D SPACE',''
  ) );
#15343 = ORIENTED_EDGE('',*,*,#15344,.T.);
#15344 = EDGE_CURVE('',#15324,#15345,#15347,.T.);
#15345 = VERTEX_POINT('',#15346);
#15346 = CARTESIAN_POINT('',(23.,73.,104.));
#15347 = SURFACE_CURVE('',#15348,(#15352,#15358),.PCURVE_S1.);
#15348 = LINE('',#15349,#15350);
#15349 = CARTESIAN_POINT('',(23.,73.,74.));
#15350 = VECTOR('',#15351,1.);
#15351 = DIRECTION('',(0.,0.,1.));
#15352 = PCURVE('',#10921,#15353);
#15353 = DEFINITIONAL_REPRESENTATION('',(#15354),#15357);
#15354 = B_SPLINE_CURVE_WITH_KNOTS('',1,(#15355,#15356),.UNSPECIFIED.,
  .F.,.F.,(2,2),(0.,30.),.PIECEWISE_BEZIER_KNOTS.);
#15355 = CARTESIAN_POINT('',(0.,159.));
#15356 = CARTESIAN_POINT('',(30.,159.));
#15357 = ( GEOMETRIC_REPRESENTATION_CONTEXT(2) 
PARAMETRIC_REPRESENTATION_CONTEXT() REPRESENTATION_CONTEXT('2D SPACE',''
  ) );
#15358 = PCURVE('',#10837,#15359);
#15359 = DEFINITIONAL_REPRESENTATION('',(#15360),#15364);
#15360 = LINE('',#15361,#15362);
#15361 = CARTESIAN_POINT('',(0.,-120.));
#15362 = VECTOR('',#15363,1.);
#15363 = DIRECTION('',(1.,0.));
#15364 = ( GEOMETRIC_REPRESENTATION_CONTEXT(2) 
PARAMETRIC_REPRESENTATION_CONTEXT() REPRESENTATION_CONTEXT('2D SPACE',''
  ) );
#15365 = ORIENTED_EDGE('',*,*,#15366,.T.);
#15366 = EDGE_CURVE('',#15345,#15367,#15369,.T.);
#15367 = VERTEX_POINT('',#15368);
#15368 = CARTESIAN_POINT('',(57.,73.,104.));
#15369 = SURFACE_CURVE('',#15370,(#15374,#15381),.PCURVE_S1.);
#15370 = LINE('',#15371,#15372);
#15371 = CARTESIAN_POINT('',(-136.,73.,104.));
#15372 = VECTOR('',#15373,1.);
#15373 = DIRECTION('',(1.,0.,0.));
#15374 = PCURVE('',#10921,#15375);
#15375 = DEFINITIONAL_REPRESENTATION('',(#15376),#15380);
#15376 = LINE('',#15377,#15378);
#15377 = CARTESIAN_POINT('',(30.,0.));
#15378 = VECTOR('',#15379,1.);
#15379 = DIRECTION('',(0.,1.));
#15380 = ( GEOMETRIC_REPRESENTATION_CONTEXT(2) 
PARAMETRIC_REPRESENTATION_CONTEXT() REPRESENTATION_CONTEXT('2D SPACE',''
  ) );
#15381 = PCURVE('',#14873,#15382);
#15382 = DEFINITIONAL_REPRESENTATION('',(#15383),#15387);
#15383 = LINE('',#15384,#15385);
#15384 = CARTESIAN_POINT('',(4.,123.));
#15385 = VECTOR('',#15386,1.);
#15386 = DIRECTION('',(1.,0.));
#15387 = ( GEOMETRIC_REPRESENTATION_CONTEXT(2) 
PARAMETRIC_REPRESENTATION_CONTEXT() REPRESENTATION_CONTEXT('2D SPACE',''
  ) );
#15388 = ORIENTED_EDGE('',*,*,#15389,.F.);
#15389 = EDGE_CURVE('',#10878,#15367,#15390,.T.);
#15390 = SURFACE_CURVE('',#15391,(#15395,#15401),.PCURVE_S1.);
#15391 = LINE('',#15392,#15393);
#15392 = CARTESIAN_POINT('',(57.,73.,74.));
#15393 = VECTOR('',#15394,1.);
#15394 = DIRECTION('',(0.,0.,1.));
#15395 = PCURVE('',#10921,#15396);
#15396 = DEFINITIONAL_REPRESENTATION('',(#15397),#15400);
#15397 = B_SPLINE_CURVE_WITH_KNOTS('',1,(#15398,#15399),.UNSPECIFIED.,
  .F.,.F.,(2,2),(0.,30.),.PIECEWISE_BEZIER_KNOTS.);
#15398 = CARTESIAN_POINT('',(0.,193.));
#15399 = CARTESIAN_POINT('',(30.,193.));
#15400 = ( GEOMETRIC_REPRESENTATION_CONTEXT(2) 
PARAMETRIC_REPRESENTATION_CONTEXT() REPRESENTATION_CONTEXT('2D SPACE',''
  ) );
#15401 = PCURVE('',#10893,#15402);
#15402 = DEFINITIONAL_REPRESENTATION('',(#15403),#15406);
#15403 = B_SPLINE_CURVE_WITH_KNOTS('',1,(#15404,#15405),.UNSPECIFIED.,
  .F.,.F.,(2,2),(0.,30.),.PIECEWISE_BEZIER_KNOTS.);
#15404 = CARTESIAN_POINT('',(0.,-120.));
#15405 = CARTESIAN_POINT('',(30.,-120.));
#15406 = ( GEOMETRIC_REPRESENTATION_CONTEXT(2) 
PARAMETRIC_REPRESENTATION_CONTEXT() REPRESENTATION_CONTEXT('2D SPACE',''
  ) );
#15407 = ADVANCED_FACE('',(#15408),#10893,.F.);
#15408 = FACE_BOUND('',#15409,.F.);
#15409 = EDGE_LOOP('',(#15410,#15411,#15412,#15433));
#15410 = ORIENTED_EDGE('',*,*,#15389,.F.);
#15411 = ORIENTED_EDGE('',*,*,#10877,.T.);
#15412 = ORIENTED_EDGE('',*,*,#15413,.T.);
#15413 = EDGE_CURVE('',#10850,#15414,#15416,.T.);
#15414 = VERTEX_POINT('',#15415);
#15415 = CARTESIAN_POINT('',(57.,107.,104.));
#15416 = SURFACE_CURVE('',#15417,(#15421,#15427),.PCURVE_S1.);
#15417 = LINE('',#15418,#15419);
#15418 = CARTESIAN_POINT('',(57.,107.,74.));
#15419 = VECTOR('',#15420,1.);
#15420 = DIRECTION('',(0.,0.,1.));
#15421 = PCURVE('',#10893,#15422);
#15422 = DEFINITIONAL_REPRESENTATION('',(#15423),#15426);
#15423 = B_SPLINE_CURVE_WITH_KNOTS('',1,(#15424,#15425),.UNSPECIFIED.,
  .F.,.F.,(2,2),(0.,30.),.PIECEWISE_BEZIER_KNOTS.);
#15424 = CARTESIAN_POINT('',(0.,-154.));
#15425 = CARTESIAN_POINT('',(30.,-154.));
#15426 = ( GEOMETRIC_REPRESENTATION_CONTEXT(2) 
PARAMETRIC_REPRESENTATION_CONTEXT() REPRESENTATION_CONTEXT('2D SPACE',''
  ) );
#15427 = PCURVE('',#10865,#15428);
#15428 = DEFINITIONAL_REPRESENTATION('',(#15429),#15432);
#15429 = B_SPLINE_CURVE_WITH_KNOTS('',1,(#15430,#15431),.UNSPECIFIED.,
  .F.,.F.,(2,2),(0.,30.),.PIECEWISE_BEZIER_KNOTS.);
#15430 = CARTESIAN_POINT('',(0.,193.));
#15431 = CARTESIAN_POINT('',(30.,193.));
#15432 = ( GEOMETRIC_REPRESENTATION_CONTEXT(2) 
PARAMETRIC_REPRESENTATION_CONTEXT() REPRESENTATION_CONTEXT('2D SPACE',''
  ) );
#15433 = ORIENTED_EDGE('',*,*,#15434,.F.);
#15434 = EDGE_CURVE('',#15367,#15414,#15435,.T.);
#15435 = SURFACE_CURVE('',#15436,(#15440,#15447),.PCURVE_S1.);
#15436 = LINE('',#15437,#15438);
#15437 = CARTESIAN_POINT('',(57.,-47.,104.));
#15438 = VECTOR('',#15439,1.);
#15439 = DIRECTION('',(0.,1.,0.));
#15440 = PCURVE('',#10893,#15441);
#15441 = DEFINITIONAL_REPRESENTATION('',(#15442),#15446);
#15442 = LINE('',#15443,#15444);
#15443 = CARTESIAN_POINT('',(30.,0.));
#15444 = VECTOR('',#15445,1.);
#15445 = DIRECTION('',(0.,-1.));
#15446 = ( GEOMETRIC_REPRESENTATION_CONTEXT(2) 
PARAMETRIC_REPRESENTATION_CONTEXT() REPRESENTATION_CONTEXT('2D SPACE',''
  ) );
#15447 = PCURVE('',#14873,#15448);
#15448 = DEFINITIONAL_REPRESENTATION('',(#15449),#15453);
#15449 = LINE('',#15450,#15451);
#15450 = CARTESIAN_POINT('',(197.,3.));
#15451 = VECTOR('',#15452,1.);
#15452 = DIRECTION('',(0.,1.));
#15453 = ( GEOMETRIC_REPRESENTATION_CONTEXT(2) 
PARAMETRIC_REPRESENTATION_CONTEXT() REPRESENTATION_CONTEXT('2D SPACE',''
  ) );
#15454 = ADVANCED_FACE('',(#15455),#10865,.F.);
#15455 = FACE_BOUND('',#15456,.F.);
#15456 = EDGE_LOOP('',(#15457,#15458,#15480,#15501));
#15457 = ORIENTED_EDGE('',*,*,#10849,.F.);
#15458 = ORIENTED_EDGE('',*,*,#15459,.T.);
#15459 = EDGE_CURVE('',#10822,#15460,#15462,.T.);
#15460 = VERTEX_POINT('',#15461);
#15461 = CARTESIAN_POINT('',(23.,107.,104.));
#15462 = SURFACE_CURVE('',#15463,(#15467,#15473),.PCURVE_S1.);
#15463 = LINE('',#15464,#15465);
#15464 = CARTESIAN_POINT('',(23.,107.,74.));
#15465 = VECTOR('',#15466,1.);
#15466 = DIRECTION('',(0.,0.,1.));
#15467 = PCURVE('',#10865,#15468);
#15468 = DEFINITIONAL_REPRESENTATION('',(#15469),#15472);
#15469 = B_SPLINE_CURVE_WITH_KNOTS('',1,(#15470,#15471),.UNSPECIFIED.,
  .F.,.F.,(2,2),(0.,30.),.PIECEWISE_BEZIER_KNOTS.);
#15470 = CARTESIAN_POINT('',(0.,159.));
#15471 = CARTESIAN_POINT('',(30.,159.));
#15472 = ( GEOMETRIC_REPRESENTATION_CONTEXT(2) 
PARAMETRIC_REPRESENTATION_CONTEXT() REPRESENTATION_CONTEXT('2D SPACE',''
  ) );
#15473 = PCURVE('',#10837,#15474);
#15474 = DEFINITIONAL_REPRESENTATION('',(#15475),#15479);
#15475 = LINE('',#15476,#15477);
#15476 = CARTESIAN_POINT('',(0.,-154.));
#15477 = VECTOR('',#15478,1.);
#15478 = DIRECTION('',(1.,0.));
#15479 = ( GEOMETRIC_REPRESENTATION_CONTEXT(2) 
PARAMETRIC_REPRESENTATION_CONTEXT() REPRESENTATION_CONTEXT('2D SPACE',''
  ) );
#15480 = ORIENTED_EDGE('',*,*,#15481,.T.);
#15481 = EDGE_CURVE('',#15460,#15414,#15482,.T.);
#15482 = SURFACE_CURVE('',#15483,(#15487,#15494),.PCURVE_S1.);
#15483 = LINE('',#15484,#15485);
#15484 = CARTESIAN_POINT('',(-136.,107.,104.));
#15485 = VECTOR('',#15486,1.);
#15486 = DIRECTION('',(1.,0.,0.));
#15487 = PCURVE('',#10865,#15488);
#15488 = DEFINITIONAL_REPRESENTATION('',(#15489),#15493);
#15489 = LINE('',#15490,#15491);
#15490 = CARTESIAN_POINT('',(30.,0.));
#15491 = VECTOR('',#15492,1.);
#15492 = DIRECTION('',(0.,1.));
#15493 = ( GEOMETRIC_REPRESENTATION_CONTEXT(2) 
PARAMETRIC_REPRESENTATION_CONTEXT() REPRESENTATION_CONTEXT('2D SPACE',''
  ) );
#15494 = PCURVE('',#14873,#15495);
#15495 = DEFINITIONAL_REPRESENTATION('',(#15496),#15500);
#15496 = LINE('',#15497,#15498);
#15497 = CARTESIAN_POINT('',(4.,157.));
#15498 = VECTOR('',#15499,1.);
#15499 = DIRECTION('',(1.,0.));
#15500 = ( GEOMETRIC_REPRESENTATION_CONTEXT(2) 
PARAMETRIC_REPRESENTATION_CONTEXT() REPRESENTATION_CONTEXT('2D SPACE',''
  ) );
#15501 = ORIENTED_EDGE('',*,*,#15413,.F.);
#15502 = ADVANCED_FACE('',(#15503),#10837,.T.);
#15503 = FACE_BOUND('',#15504,.T.);
#15504 = EDGE_LOOP('',(#15505,#15527,#15528,#15529,#15550,#15551));
#15505 = ORIENTED_EDGE('',*,*,#15506,.F.);
#15506 = EDGE_CURVE('',#10801,#15507,#15509,.T.);
#15507 = VERTEX_POINT('',#15508);
#15508 = CARTESIAN_POINT('',(23.,82.,76.));
#15509 = SURFACE_CURVE('',#15510,(#15514,#15521),.PCURVE_S1.);
#15510 = LINE('',#15511,#15512);
#15511 = CARTESIAN_POINT('',(23.,82.,72.));
#15512 = VECTOR('',#15513,1.);
#15513 = DIRECTION('',(0.,0.,1.));
#15514 = PCURVE('',#10837,#15515);
#15515 = DEFINITIONAL_REPRESENTATION('',(#15516),#15520);
#15516 = LINE('',#15517,#15518);
#15517 = CARTESIAN_POINT('',(-2.,-129.));
#15518 = VECTOR('',#15519,1.);
#15519 = DIRECTION('',(1.,0.));
#15520 = ( GEOMETRIC_REPRESENTATION_CONTEXT(2) 
PARAMETRIC_REPRESENTATION_CONTEXT() REPRESENTATION_CONTEXT('2D SPACE',''
  ) );
#15521 = PCURVE('',#10705,#15522);
#15522 = DEFINITIONAL_REPRESENTATION('',(#15523),#15526);
#15523 = B_SPLINE_CURVE_WITH_KNOTS('',1,(#15524,#15525),.UNSPECIFIED.,
  .F.,.F.,(2,2),(2.,32.),.PIECEWISE_BEZIER_KNOTS.);
#15524 = CARTESIAN_POINT('',(4.,63.));
#15525 = CARTESIAN_POINT('',(34.,63.));
#15526 = ( GEOMETRIC_REPRESENTATION_CONTEXT(2) 
PARAMETRIC_REPRESENTATION_CONTEXT() REPRESENTATION_CONTEXT('2D SPACE',''
  ) );
#15527 = ORIENTED_EDGE('',*,*,#10821,.T.);
#15528 = ORIENTED_EDGE('',*,*,#15459,.T.);
#15529 = ORIENTED_EDGE('',*,*,#15530,.T.);
#15530 = EDGE_CURVE('',#15460,#15345,#15531,.T.);
#15531 = SURFACE_CURVE('',#15532,(#15536,#15543),.PCURVE_S1.);
#15532 = LINE('',#15533,#15534);
#15533 = CARTESIAN_POINT('',(23.,107.,104.));
#15534 = VECTOR('',#15535,1.);
#15535 = DIRECTION('',(0.,-1.,0.));
#15536 = PCURVE('',#10837,#15537);
#15537 = DEFINITIONAL_REPRESENTATION('',(#15538),#15542);
#15538 = LINE('',#15539,#15540);
#15539 = CARTESIAN_POINT('',(30.,-154.));
#15540 = VECTOR('',#15541,1.);
#15541 = DIRECTION('',(0.,1.));
#15542 = ( GEOMETRIC_REPRESENTATION_CONTEXT(2) 
PARAMETRIC_REPRESENTATION_CONTEXT() REPRESENTATION_CONTEXT('2D SPACE',''
  ) );
#15543 = PCURVE('',#14873,#15544);
#15544 = DEFINITIONAL_REPRESENTATION('',(#15545),#15549);
#15545 = LINE('',#15546,#15547);
#15546 = CARTESIAN_POINT('',(163.,157.));
#15547 = VECTOR('',#15548,1.);
#15548 = DIRECTION('',(0.,-1.));
#15549 = ( GEOMETRIC_REPRESENTATION_CONTEXT(2) 
PARAMETRIC_REPRESENTATION_CONTEXT() REPRESENTATION_CONTEXT('2D SPACE',''
  ) );
#15550 = ORIENTED_EDGE('',*,*,#15344,.F.);
#15551 = ORIENTED_EDGE('',*,*,#15552,.T.);
#15552 = EDGE_CURVE('',#15324,#15507,#15553,.T.);
#15553 = SURFACE_CURVE('',#15554,(#15558,#15565),.PCURVE_S1.);
#15554 = LINE('',#15555,#15556);
#15555 = CARTESIAN_POINT('',(23.,18.,76.));
#15556 = VECTOR('',#15557,1.);
#15557 = DIRECTION('',(0.,1.,0.));
#15558 = PCURVE('',#10837,#15559);
#15559 = DEFINITIONAL_REPRESENTATION('',(#15560),#15564);
#15560 = LINE('',#15561,#15562);
#15561 = CARTESIAN_POINT('',(2.,-65.));
#15562 = VECTOR('',#15563,1.);
#15563 = DIRECTION('',(0.,-1.));
#15564 = ( GEOMETRIC_REPRESENTATION_CONTEXT(2) 
PARAMETRIC_REPRESENTATION_CONTEXT() REPRESENTATION_CONTEXT('2D SPACE',''
  ) );
#15565 = PCURVE('',#14929,#15566);
#15566 = DEFINITIONAL_REPRESENTATION('',(#15567),#15571);
#15567 = LINE('',#15568,#15569);
#15568 = CARTESIAN_POINT('',(63.,0.));
#15569 = VECTOR('',#15570,1.);
#15570 = DIRECTION('',(0.,1.));
#15571 = ( GEOMETRIC_REPRESENTATION_CONTEXT(2) 
PARAMETRIC_REPRESENTATION_CONTEXT() REPRESENTATION_CONTEXT('2D SPACE',''
  ) );
#15572 = ADVANCED_FACE('',(#15573),#10705,.T.);
#15573 = FACE_BOUND('',#15574,.T.);
#15574 = EDGE_LOOP('',(#15575,#15576,#15597,#15598,#15621,#15649,#15672,
    #15692,#15693,#15715,#15743,#15763,#15764,#15765,#15788,#15816));
#15575 = ORIENTED_EDGE('',*,*,#14834,.T.);
#15576 = ORIENTED_EDGE('',*,*,#15577,.F.);
#15577 = EDGE_CURVE('',#13265,#14812,#15578,.T.);
#15578 = SURFACE_CURVE('',#15579,(#15583,#15590),.PCURVE_S1.);
#15579 = LINE('',#15580,#15581);
#15580 = CARTESIAN_POINT('',(-40.,82.,70.));
#15581 = VECTOR('',#15582,1.);
#15582 = DIRECTION('',(1.,0.,0.));
#15583 = PCURVE('',#10705,#15584);
#15584 = DEFINITIONAL_REPRESENTATION('',(#15585),#15589);
#15585 = LINE('',#15586,#15587);
#15586 = CARTESIAN_POINT('',(0.,0.));
#15587 = VECTOR('',#15588,1.);
#15588 = DIRECTION('',(0.,1.));
#15589 = ( GEOMETRIC_REPRESENTATION_CONTEXT(2) 
PARAMETRIC_REPRESENTATION_CONTEXT() REPRESENTATION_CONTEXT('2D SPACE',''
  ) );
#15590 = PCURVE('',#13280,#15591);
#15591 = DEFINITIONAL_REPRESENTATION('',(#15592),#15596);
#15592 = LINE('',#15593,#15594);
#15593 = CARTESIAN_POINT('',(0.,64.));
#15594 = VECTOR('',#15595,1.);
#15595 = DIRECTION('',(1.,0.));
#15596 = ( GEOMETRIC_REPRESENTATION_CONTEXT(2) 
PARAMETRIC_REPRESENTATION_CONTEXT() REPRESENTATION_CONTEXT('2D SPACE',''
  ) );
#15597 = ORIENTED_EDGE('',*,*,#13292,.F.);
#15598 = ORIENTED_EDGE('',*,*,#15599,.T.);
#15599 = EDGE_CURVE('',#13293,#15600,#15602,.T.);
#15600 = VERTEX_POINT('',#15601);
#15601 = CARTESIAN_POINT('',(-32.,82.,104.));
#15602 = SURFACE_CURVE('',#15603,(#15607,#15614),.PCURVE_S1.);
#15603 = LINE('',#15604,#15605);
#15604 = CARTESIAN_POINT('',(-40.,82.,104.));
#15605 = VECTOR('',#15606,1.);
#15606 = DIRECTION('',(1.,0.,0.));
#15607 = PCURVE('',#10705,#15608);
#15608 = DEFINITIONAL_REPRESENTATION('',(#15609),#15613);
#15609 = LINE('',#15610,#15611);
#15610 = CARTESIAN_POINT('',(34.,0.));
#15611 = VECTOR('',#15612,1.);
#15612 = DIRECTION('',(0.,1.));
#15613 = ( GEOMETRIC_REPRESENTATION_CONTEXT(2) 
PARAMETRIC_REPRESENTATION_CONTEXT() REPRESENTATION_CONTEXT('2D SPACE',''
  ) );
#15614 = PCURVE('',#13157,#15615);
#15615 = DEFINITIONAL_REPRESENTATION('',(#15616),#15620);
#15616 = LINE('',#15617,#15618);
#15617 = CARTESIAN_POINT('',(100.,132.));
#15618 = VECTOR('',#15619,1.);
#15619 = DIRECTION('',(1.,0.));
#15620 = ( GEOMETRIC_REPRESENTATION_CONTEXT(2) 
PARAMETRIC_REPRESENTATION_CONTEXT() REPRESENTATION_CONTEXT('2D SPACE',''
  ) );
#15621 = ORIENTED_EDGE('',*,*,#15622,.F.);
#15622 = EDGE_CURVE('',#15623,#15600,#15625,.T.);
#15623 = VERTEX_POINT('',#15624);
#15624 = CARTESIAN_POINT('',(-32.,82.,76.));
#15625 = SURFACE_CURVE('',#15626,(#15630,#15637),.PCURVE_S1.);
#15626 = LINE('',#15627,#15628);
#15627 = CARTESIAN_POINT('',(-32.,82.,76.));
#15628 = VECTOR('',#15629,1.);
#15629 = DIRECTION('',(0.,0.,1.));
#15630 = PCURVE('',#10705,#15631);
#15631 = DEFINITIONAL_REPRESENTATION('',(#15632),#15636);
#15632 = LINE('',#15633,#15634);
#15633 = CARTESIAN_POINT('',(6.,8.));
#15634 = VECTOR('',#15635,1.);
#15635 = DIRECTION('',(1.,0.));
#15636 = ( GEOMETRIC_REPRESENTATION_CONTEXT(2) 
PARAMETRIC_REPRESENTATION_CONTEXT() REPRESENTATION_CONTEXT('2D SPACE',''
  ) );
#15637 = PCURVE('',#15638,#15643);
#15638 = PLANE('',#15639);
#15639 = AXIS2_PLACEMENT_3D('',#15640,#15641,#15642);
#15640 = CARTESIAN_POINT('',(-32.,74.,76.));
#15641 = DIRECTION('',(1.,0.,0.));
#15642 = DIRECTION('',(0.,0.,1.));
#15643 = DEFINITIONAL_REPRESENTATION('',(#15644),#15648);
#15644 = LINE('',#15645,#15646);
#15645 = CARTESIAN_POINT('',(0.,-8.));
#15646 = VECTOR('',#15647,1.);
#15647 = DIRECTION('',(1.,0.));
#15648 = ( GEOMETRIC_REPRESENTATION_CONTEXT(2) 
PARAMETRIC_REPRESENTATION_CONTEXT() REPRESENTATION_CONTEXT('2D SPACE',''
  ) );
#15649 = ORIENTED_EDGE('',*,*,#15650,.T.);
#15650 = EDGE_CURVE('',#15623,#15651,#15653,.T.);
#15651 = VERTEX_POINT('',#15652);
#15652 = CARTESIAN_POINT('',(-23.,82.,76.));
#15653 = SURFACE_CURVE('',#15654,(#15658,#15665),.PCURVE_S1.);
#15654 = LINE('',#15655,#15656);
#15655 = CARTESIAN_POINT('',(-40.,82.,76.));
#15656 = VECTOR('',#15657,1.);
#15657 = DIRECTION('',(1.,0.,0.));
#15658 = PCURVE('',#10705,#15659);
#15659 = DEFINITIONAL_REPRESENTATION('',(#15660),#15664);
#15660 = LINE('',#15661,#15662);
#15661 = CARTESIAN_POINT('',(6.,0.));
#15662 = VECTOR('',#15663,1.);
#15663 = DIRECTION('',(0.,1.));
#15664 = ( GEOMETRIC_REPRESENTATION_CONTEXT(2) 
PARAMETRIC_REPRESENTATION_CONTEXT() REPRESENTATION_CONTEXT('2D SPACE',''
  ) );
#15665 = PCURVE('',#13206,#15666);
#15666 = DEFINITIONAL_REPRESENTATION('',(#15667),#15671);
#15667 = LINE('',#15668,#15669);
#15668 = CARTESIAN_POINT('',(0.,64.));
#15669 = VECTOR('',#15670,1.);
#15670 = DIRECTION('',(1.,0.));
#15671 = ( GEOMETRIC_REPRESENTATION_CONTEXT(2) 
PARAMETRIC_REPRESENTATION_CONTEXT() REPRESENTATION_CONTEXT('2D SPACE',''
  ) );
#15672 = ORIENTED_EDGE('',*,*,#15673,.F.);
#15673 = EDGE_CURVE('',#10663,#15651,#15674,.T.);
#15674 = SURFACE_CURVE('',#15675,(#15679,#15685),.PCURVE_S1.);
#15675 = LINE('',#15676,#15677);
#15676 = CARTESIAN_POINT('',(-23.,82.,72.));
#15677 = VECTOR('',#15678,1.);
#15678 = DIRECTION('',(0.,0.,1.));
#15679 = PCURVE('',#10705,#15680);
#15680 = DEFINITIONAL_REPRESENTATION('',(#15681),#15684);
#15681 = B_SPLINE_CURVE_WITH_KNOTS('',1,(#15682,#15683),.UNSPECIFIED.,
  .F.,.F.,(2,2),(2.,32.),.PIECEWISE_BEZIER_KNOTS.);
#15682 = CARTESIAN_POINT('',(4.,17.));
#15683 = CARTESIAN_POINT('',(34.,17.));
#15684 = ( GEOMETRIC_REPRESENTATION_CONTEXT(2) 
PARAMETRIC_REPRESENTATION_CONTEXT() REPRESENTATION_CONTEXT('2D SPACE',''
  ) );
#15685 = PCURVE('',#10678,#15686);
#15686 = DEFINITIONAL_REPRESENTATION('',(#15687),#15691);
#15687 = LINE('',#15688,#15689);
#15688 = CARTESIAN_POINT('',(-2.,-129.));
#15689 = VECTOR('',#15690,1.);
#15690 = DIRECTION('',(1.,0.));
#15691 = ( GEOMETRIC_REPRESENTATION_CONTEXT(2) 
PARAMETRIC_REPRESENTATION_CONTEXT() REPRESENTATION_CONTEXT('2D SPACE',''
  ) );
#15692 = ORIENTED_EDGE('',*,*,#10690,.F.);
#15693 = ORIENTED_EDGE('',*,*,#15694,.T.);
#15694 = EDGE_CURVE('',#10691,#15695,#15697,.T.);
#15695 = VERTEX_POINT('',#15696);
#15696 = CARTESIAN_POINT('',(-17.,82.,76.));
#15697 = SURFACE_CURVE('',#15698,(#15702,#15708),.PCURVE_S1.);
#15698 = LINE('',#15699,#15700);
#15699 = CARTESIAN_POINT('',(-17.,82.,72.));
#15700 = VECTOR('',#15701,1.);
#15701 = DIRECTION('',(0.,0.,1.));
#15702 = PCURVE('',#10705,#15703);
#15703 = DEFINITIONAL_REPRESENTATION('',(#15704),#15707);
#15704 = B_SPLINE_CURVE_WITH_KNOTS('',1,(#15705,#15706),.UNSPECIFIED.,
  .F.,.F.,(2,2),(2.,32.),.PIECEWISE_BEZIER_KNOTS.);
#15705 = CARTESIAN_POINT('',(4.,23.));
#15706 = CARTESIAN_POINT('',(34.,23.));
#15707 = ( GEOMETRIC_REPRESENTATION_CONTEXT(2) 
PARAMETRIC_REPRESENTATION_CONTEXT() REPRESENTATION_CONTEXT('2D SPACE',''
  ) );
#15708 = PCURVE('',#10732,#15709);
#15709 = DEFINITIONAL_REPRESENTATION('',(#15710),#15714);
#15710 = LINE('',#15711,#15712);
#15711 = CARTESIAN_POINT('',(-2.,-129.));
#15712 = VECTOR('',#15713,1.);
#15713 = DIRECTION('',(1.,0.));
#15714 = ( GEOMETRIC_REPRESENTATION_CONTEXT(2) 
PARAMETRIC_REPRESENTATION_CONTEXT() REPRESENTATION_CONTEXT('2D SPACE',''
  ) );
#15715 = ORIENTED_EDGE('',*,*,#15716,.T.);
#15716 = EDGE_CURVE('',#15695,#15717,#15719,.T.);
#15717 = VERTEX_POINT('',#15718);
#15718 = CARTESIAN_POINT('',(17.,82.,76.));
#15719 = SURFACE_CURVE('',#15720,(#15724,#15731),.PCURVE_S1.);
#15720 = LINE('',#15721,#15722);
#15721 = CARTESIAN_POINT('',(-40.,82.,76.));
#15722 = VECTOR('',#15723,1.);
#15723 = DIRECTION('',(1.,0.,0.));
#15724 = PCURVE('',#10705,#15725);
#15725 = DEFINITIONAL_REPRESENTATION('',(#15726),#15730);
#15726 = LINE('',#15727,#15728);
#15727 = CARTESIAN_POINT('',(6.,0.));
#15728 = VECTOR('',#15729,1.);
#15729 = DIRECTION('',(0.,1.));
#15730 = ( GEOMETRIC_REPRESENTATION_CONTEXT(2) 
PARAMETRIC_REPRESENTATION_CONTEXT() REPRESENTATION_CONTEXT('2D SPACE',''
  ) );
#15731 = PCURVE('',#15732,#15737);
#15732 = PLANE('',#15733);
#15733 = AXIS2_PLACEMENT_3D('',#15734,#15735,#15736);
#15734 = CARTESIAN_POINT('',(-40.,18.,76.));
#15735 = DIRECTION('',(0.,0.,1.));
#15736 = DIRECTION('',(1.,0.,0.));
#15737 = DEFINITIONAL_REPRESENTATION('',(#15738),#15742);
#15738 = LINE('',#15739,#15740);
#15739 = CARTESIAN_POINT('',(0.,64.));
#15740 = VECTOR('',#15741,1.);
#15741 = DIRECTION('',(1.,0.));
#15742 = ( GEOMETRIC_REPRESENTATION_CONTEXT(2) 
PARAMETRIC_REPRESENTATION_CONTEXT() REPRESENTATION_CONTEXT('2D SPACE',''
  ) );
#15743 = ORIENTED_EDGE('',*,*,#15744,.F.);
#15744 = EDGE_CURVE('',#10773,#15717,#15745,.T.);
#15745 = SURFACE_CURVE('',#15746,(#15750,#15756),.PCURVE_S1.);
#15746 = LINE('',#15747,#15748);
#15747 = CARTESIAN_POINT('',(17.,82.,72.));
#15748 = VECTOR('',#15749,1.);
#15749 = DIRECTION('',(0.,0.,1.));
#15750 = PCURVE('',#10705,#15751);
#15751 = DEFINITIONAL_REPRESENTATION('',(#15752),#15755);
#15752 = B_SPLINE_CURVE_WITH_KNOTS('',1,(#15753,#15754),.UNSPECIFIED.,
  .F.,.F.,(2,2),(2.,32.),.PIECEWISE_BEZIER_KNOTS.);
#15753 = CARTESIAN_POINT('',(4.,57.));
#15754 = CARTESIAN_POINT('',(34.,57.));
#15755 = ( GEOMETRIC_REPRESENTATION_CONTEXT(2) 
PARAMETRIC_REPRESENTATION_CONTEXT() REPRESENTATION_CONTEXT('2D SPACE',''
  ) );
#15756 = PCURVE('',#10788,#15757);
#15757 = DEFINITIONAL_REPRESENTATION('',(#15758),#15762);
#15758 = LINE('',#15759,#15760);
#15759 = CARTESIAN_POINT('',(-2.,-129.));
#15760 = VECTOR('',#15761,1.);
#15761 = DIRECTION('',(1.,0.));
#15762 = ( GEOMETRIC_REPRESENTATION_CONTEXT(2) 
PARAMETRIC_REPRESENTATION_CONTEXT() REPRESENTATION_CONTEXT('2D SPACE',''
  ) );
#15763 = ORIENTED_EDGE('',*,*,#10800,.F.);
#15764 = ORIENTED_EDGE('',*,*,#15506,.T.);
#15765 = ORIENTED_EDGE('',*,*,#15766,.T.);
#15766 = EDGE_CURVE('',#15507,#15767,#15769,.T.);
#15767 = VERTEX_POINT('',#15768);
#15768 = CARTESIAN_POINT('',(32.,82.,76.));
#15769 = SURFACE_CURVE('',#15770,(#15774,#15781),.PCURVE_S1.);
#15770 = LINE('',#15771,#15772);
#15771 = CARTESIAN_POINT('',(-40.,82.,76.));
#15772 = VECTOR('',#15773,1.);
#15773 = DIRECTION('',(1.,0.,0.));
#15774 = PCURVE('',#10705,#15775);
#15775 = DEFINITIONAL_REPRESENTATION('',(#15776),#15780);
#15776 = LINE('',#15777,#15778);
#15777 = CARTESIAN_POINT('',(6.,0.));
#15778 = VECTOR('',#15779,1.);
#15779 = DIRECTION('',(0.,1.));
#15780 = ( GEOMETRIC_REPRESENTATION_CONTEXT(2) 
PARAMETRIC_REPRESENTATION_CONTEXT() REPRESENTATION_CONTEXT('2D SPACE',''
  ) );
#15781 = PCURVE('',#14929,#15782);
#15782 = DEFINITIONAL_REPRESENTATION('',(#15783),#15787);
#15783 = LINE('',#15784,#15785);
#15784 = CARTESIAN_POINT('',(0.,64.));
#15785 = VECTOR('',#15786,1.);
#15786 = DIRECTION('',(1.,0.));
#15787 = ( GEOMETRIC_REPRESENTATION_CONTEXT(2) 
PARAMETRIC_REPRESENTATION_CONTEXT() REPRESENTATION_CONTEXT('2D SPACE',''
  ) );
#15788 = ORIENTED_EDGE('',*,*,#15789,.T.);
#15789 = EDGE_CURVE('',#15767,#15790,#15792,.T.);
#15790 = VERTEX_POINT('',#15791);
#15791 = CARTESIAN_POINT('',(32.,82.,104.));
#15792 = SURFACE_CURVE('',#15793,(#15797,#15804),.PCURVE_S1.);
#15793 = LINE('',#15794,#15795);
#15794 = CARTESIAN_POINT('',(32.,82.,76.));
#15795 = VECTOR('',#15796,1.);
#15796 = DIRECTION('',(0.,0.,1.));
#15797 = PCURVE('',#10705,#15798);
#15798 = DEFINITIONAL_REPRESENTATION('',(#15799),#15803);
#15799 = LINE('',#15800,#15801);
#15800 = CARTESIAN_POINT('',(6.,72.));
#15801 = VECTOR('',#15802,1.);
#15802 = DIRECTION('',(1.,0.));
#15803 = ( GEOMETRIC_REPRESENTATION_CONTEXT(2) 
PARAMETRIC_REPRESENTATION_CONTEXT() REPRESENTATION_CONTEXT('2D SPACE',''
  ) );
#15804 = PCURVE('',#15805,#15810);
#15805 = PLANE('',#15806);
#15806 = AXIS2_PLACEMENT_3D('',#15807,#15808,#15809);
#15807 = CARTESIAN_POINT('',(32.,74.,76.));
#15808 = DIRECTION('',(1.,0.,0.));
#15809 = DIRECTION('',(0.,0.,1.));
#15810 = DEFINITIONAL_REPRESENTATION('',(#15811),#15815);
#15811 = LINE('',#15812,#15813);
#15812 = CARTESIAN_POINT('',(0.,-8.));
#15813 = VECTOR('',#15814,1.);
#15814 = DIRECTION('',(1.,0.));
#15815 = ( GEOMETRIC_REPRESENTATION_CONTEXT(2) 
PARAMETRIC_REPRESENTATION_CONTEXT() REPRESENTATION_CONTEXT('2D SPACE',''
  ) );
#15816 = ORIENTED_EDGE('',*,*,#15817,.T.);
#15817 = EDGE_CURVE('',#15790,#14835,#15818,.T.);
#15818 = SURFACE_CURVE('',#15819,(#15823,#15830),.PCURVE_S1.);
#15819 = LINE('',#15820,#15821);
#15820 = CARTESIAN_POINT('',(32.,82.,104.));
#15821 = VECTOR('',#15822,1.);
#15822 = DIRECTION('',(1.,0.,0.));
#15823 = PCURVE('',#10705,#15824);
#15824 = DEFINITIONAL_REPRESENTATION('',(#15825),#15829);
#15825 = LINE('',#15826,#15827);
#15826 = CARTESIAN_POINT('',(34.,72.));
#15827 = VECTOR('',#15828,1.);
#15828 = DIRECTION('',(0.,1.));
#15829 = ( GEOMETRIC_REPRESENTATION_CONTEXT(2) 
PARAMETRIC_REPRESENTATION_CONTEXT() REPRESENTATION_CONTEXT('2D SPACE',''
  ) );
#15830 = PCURVE('',#14873,#15831);
#15831 = DEFINITIONAL_REPRESENTATION('',(#15832),#15836);
#15832 = LINE('',#15833,#15834);
#15833 = CARTESIAN_POINT('',(172.,132.));
#15834 = VECTOR('',#15835,1.);
#15835 = DIRECTION('',(1.,0.));
#15836 = ( GEOMETRIC_REPRESENTATION_CONTEXT(2) 
PARAMETRIC_REPRESENTATION_CONTEXT() REPRESENTATION_CONTEXT('2D SPACE',''
  ) );
#15837 = ADVANCED_FACE('',(#15838),#10788,.F.);
#15838 = FACE_BOUND('',#15839,.F.);
#15839 = EDGE_LOOP('',(#15840,#15841,#15842,#15864,#15892,#15919));
#15840 = ORIENTED_EDGE('',*,*,#15744,.F.);
#15841 = ORIENTED_EDGE('',*,*,#10772,.T.);
#15842 = ORIENTED_EDGE('',*,*,#15843,.T.);
#15843 = EDGE_CURVE('',#10745,#15844,#15846,.T.);
#15844 = VERTEX_POINT('',#15845);
#15845 = CARTESIAN_POINT('',(17.,107.,104.));
#15846 = SURFACE_CURVE('',#15847,(#15851,#15858),.PCURVE_S1.);
#15847 = LINE('',#15848,#15849);
#15848 = CARTESIAN_POINT('',(17.,107.,74.));
#15849 = VECTOR('',#15850,1.);
#15850 = DIRECTION('',(0.,0.,1.));
#15851 = PCURVE('',#10788,#15852);
#15852 = DEFINITIONAL_REPRESENTATION('',(#15853),#15857);
#15853 = LINE('',#15854,#15855);
#15854 = CARTESIAN_POINT('',(0.,-154.));
#15855 = VECTOR('',#15856,1.);
#15856 = DIRECTION('',(1.,0.));
#15857 = ( GEOMETRIC_REPRESENTATION_CONTEXT(2) 
PARAMETRIC_REPRESENTATION_CONTEXT() REPRESENTATION_CONTEXT('2D SPACE',''
  ) );
#15858 = PCURVE('',#10760,#15859);
#15859 = DEFINITIONAL_REPRESENTATION('',(#15860),#15863);
#15860 = B_SPLINE_CURVE_WITH_KNOTS('',1,(#15861,#15862),.UNSPECIFIED.,
  .F.,.F.,(2,2),(0.,30.),.PIECEWISE_BEZIER_KNOTS.);
#15861 = CARTESIAN_POINT('',(0.,153.));
#15862 = CARTESIAN_POINT('',(30.,153.));
#15863 = ( GEOMETRIC_REPRESENTATION_CONTEXT(2) 
PARAMETRIC_REPRESENTATION_CONTEXT() REPRESENTATION_CONTEXT('2D SPACE',''
  ) );
#15864 = ORIENTED_EDGE('',*,*,#15865,.F.);
#15865 = EDGE_CURVE('',#15866,#15844,#15868,.T.);
#15866 = VERTEX_POINT('',#15867);
#15867 = CARTESIAN_POINT('',(17.,73.,104.));
#15868 = SURFACE_CURVE('',#15869,(#15873,#15880),.PCURVE_S1.);
#15869 = LINE('',#15870,#15871);
#15870 = CARTESIAN_POINT('',(17.,73.,104.));
#15871 = VECTOR('',#15872,1.);
#15872 = DIRECTION('',(0.,1.,0.));
#15873 = PCURVE('',#10788,#15874);
#15874 = DEFINITIONAL_REPRESENTATION('',(#15875),#15879);
#15875 = LINE('',#15876,#15877);
#15876 = CARTESIAN_POINT('',(30.,-120.));
#15877 = VECTOR('',#15878,1.);
#15878 = DIRECTION('',(0.,-1.));
#15879 = ( GEOMETRIC_REPRESENTATION_CONTEXT(2) 
PARAMETRIC_REPRESENTATION_CONTEXT() REPRESENTATION_CONTEXT('2D SPACE',''
  ) );
#15880 = PCURVE('',#15881,#15886);
#15881 = PLANE('',#15882);
#15882 = AXIS2_PLACEMENT_3D('',#15883,#15884,#15885);
#15883 = CARTESIAN_POINT('',(-140.,-50.,104.));
#15884 = DIRECTION('',(0.,0.,1.));
#15885 = DIRECTION('',(1.,0.,0.));
#15886 = DEFINITIONAL_REPRESENTATION('',(#15887),#15891);
#15887 = LINE('',#15888,#15889);
#15888 = CARTESIAN_POINT('',(157.,123.));
#15889 = VECTOR('',#15890,1.);
#15890 = DIRECTION('',(0.,1.));
#15891 = ( GEOMETRIC_REPRESENTATION_CONTEXT(2) 
PARAMETRIC_REPRESENTATION_CONTEXT() REPRESENTATION_CONTEXT('2D SPACE',''
  ) );
#15892 = ORIENTED_EDGE('',*,*,#15893,.F.);
#15893 = EDGE_CURVE('',#15894,#15866,#15896,.T.);
#15894 = VERTEX_POINT('',#15895);
#15895 = CARTESIAN_POINT('',(17.,73.,76.));
#15896 = SURFACE_CURVE('',#15897,(#15901,#15908),.PCURVE_S1.);
#15897 = LINE('',#15898,#15899);
#15898 = CARTESIAN_POINT('',(17.,73.,74.));
#15899 = VECTOR('',#15900,1.);
#15900 = DIRECTION('',(0.,0.,1.));
#15901 = PCURVE('',#10788,#15902);
#15902 = DEFINITIONAL_REPRESENTATION('',(#15903),#15907);
#15903 = LINE('',#15904,#15905);
#15904 = CARTESIAN_POINT('',(0.,-120.));
#15905 = VECTOR('',#15906,1.);
#15906 = DIRECTION('',(1.,0.));
#15907 = ( GEOMETRIC_REPRESENTATION_CONTEXT(2) 
PARAMETRIC_REPRESENTATION_CONTEXT() REPRESENTATION_CONTEXT('2D SPACE',''
  ) );
#15908 = PCURVE('',#15909,#15914);
#15909 = PLANE('',#15910);
#15910 = AXIS2_PLACEMENT_3D('',#15911,#15912,#15913);
#15911 = CARTESIAN_POINT('',(-136.,73.,74.));
#15912 = DIRECTION('',(0.,1.,0.));
#15913 = DIRECTION('',(0.,0.,1.));
#15914 = DEFINITIONAL_REPRESENTATION('',(#15915),#15918);
#15915 = B_SPLINE_CURVE_WITH_KNOTS('',1,(#15916,#15917),.UNSPECIFIED.,
  .F.,.F.,(2,2),(0.,30.),.PIECEWISE_BEZIER_KNOTS.);
#15916 = CARTESIAN_POINT('',(0.,153.));
#15917 = CARTESIAN_POINT('',(30.,153.));
#15918 = ( GEOMETRIC_REPRESENTATION_CONTEXT(2) 
PARAMETRIC_REPRESENTATION_CONTEXT() REPRESENTATION_CONTEXT('2D SPACE',''
  ) );
#15919 = ORIENTED_EDGE('',*,*,#15920,.T.);
#15920 = EDGE_CURVE('',#15894,#15717,#15921,.T.);
#15921 = SURFACE_CURVE('',#15922,(#15926,#15933),.PCURVE_S1.);
#15922 = LINE('',#15923,#15924);
#15923 = CARTESIAN_POINT('',(17.,18.,76.));
#15924 = VECTOR('',#15925,1.);
#15925 = DIRECTION('',(0.,1.,0.));
#15926 = PCURVE('',#10788,#15927);
#15927 = DEFINITIONAL_REPRESENTATION('',(#15928),#15932);
#15928 = LINE('',#15929,#15930);
#15929 = CARTESIAN_POINT('',(2.,-65.));
#15930 = VECTOR('',#15931,1.);
#15931 = DIRECTION('',(0.,-1.));
#15932 = ( GEOMETRIC_REPRESENTATION_CONTEXT(2) 
PARAMETRIC_REPRESENTATION_CONTEXT() REPRESENTATION_CONTEXT('2D SPACE',''
  ) );
#15933 = PCURVE('',#15732,#15934);
#15934 = DEFINITIONAL_REPRESENTATION('',(#15935),#15939);
#15935 = LINE('',#15936,#15937);
#15936 = CARTESIAN_POINT('',(57.,0.));
#15937 = VECTOR('',#15938,1.);
#15938 = DIRECTION('',(0.,1.));
#15939 = ( GEOMETRIC_REPRESENTATION_CONTEXT(2) 
PARAMETRIC_REPRESENTATION_CONTEXT() REPRESENTATION_CONTEXT('2D SPACE',''
  ) );
#15940 = ADVANCED_FACE('',(#15941),#10760,.F.);
#15941 = FACE_BOUND('',#15942,.F.);
#15942 = EDGE_LOOP('',(#15943,#15944,#15966,#15987));
#15943 = ORIENTED_EDGE('',*,*,#10744,.F.);
#15944 = ORIENTED_EDGE('',*,*,#15945,.T.);
#15945 = EDGE_CURVE('',#10717,#15946,#15948,.T.);
#15946 = VERTEX_POINT('',#15947);
#15947 = CARTESIAN_POINT('',(-17.,107.,104.));
#15948 = SURFACE_CURVE('',#15949,(#15953,#15959),.PCURVE_S1.);
#15949 = LINE('',#15950,#15951);
#15950 = CARTESIAN_POINT('',(-17.,107.,74.));
#15951 = VECTOR('',#15952,1.);
#15952 = DIRECTION('',(0.,0.,1.));
#15953 = PCURVE('',#10760,#15954);
#15954 = DEFINITIONAL_REPRESENTATION('',(#15955),#15958);
#15955 = B_SPLINE_CURVE_WITH_KNOTS('',1,(#15956,#15957),.UNSPECIFIED.,
  .F.,.F.,(2,2),(0.,30.),.PIECEWISE_BEZIER_KNOTS.);
#15956 = CARTESIAN_POINT('',(0.,119.));
#15957 = CARTESIAN_POINT('',(30.,119.));
#15958 = ( GEOMETRIC_REPRESENTATION_CONTEXT(2) 
PARAMETRIC_REPRESENTATION_CONTEXT() REPRESENTATION_CONTEXT('2D SPACE',''
  ) );
#15959 = PCURVE('',#10732,#15960);
#15960 = DEFINITIONAL_REPRESENTATION('',(#15961),#15965);
#15961 = LINE('',#15962,#15963);
#15962 = CARTESIAN_POINT('',(0.,-154.));
#15963 = VECTOR('',#15964,1.);
#15964 = DIRECTION('',(1.,0.));
#15965 = ( GEOMETRIC_REPRESENTATION_CONTEXT(2) 
PARAMETRIC_REPRESENTATION_CONTEXT() REPRESENTATION_CONTEXT('2D SPACE',''
  ) );
#15966 = ORIENTED_EDGE('',*,*,#15967,.T.);
#15967 = EDGE_CURVE('',#15946,#15844,#15968,.T.);
#15968 = SURFACE_CURVE('',#15969,(#15973,#15980),.PCURVE_S1.);
#15969 = LINE('',#15970,#15971);
#15970 = CARTESIAN_POINT('',(-136.,107.,104.));
#15971 = VECTOR('',#15972,1.);
#15972 = DIRECTION('',(1.,0.,0.));
#15973 = PCURVE('',#10760,#15974);
#15974 = DEFINITIONAL_REPRESENTATION('',(#15975),#15979);
#15975 = LINE('',#15976,#15977);
#15976 = CARTESIAN_POINT('',(30.,0.));
#15977 = VECTOR('',#15978,1.);
#15978 = DIRECTION('',(0.,1.));
#15979 = ( GEOMETRIC_REPRESENTATION_CONTEXT(2) 
PARAMETRIC_REPRESENTATION_CONTEXT() REPRESENTATION_CONTEXT('2D SPACE',''
  ) );
#15980 = PCURVE('',#15881,#15981);
#15981 = DEFINITIONAL_REPRESENTATION('',(#15982),#15986);
#15982 = LINE('',#15983,#15984);
#15983 = CARTESIAN_POINT('',(4.,157.));
#15984 = VECTOR('',#15985,1.);
#15985 = DIRECTION('',(1.,0.));
#15986 = ( GEOMETRIC_REPRESENTATION_CONTEXT(2) 
PARAMETRIC_REPRESENTATION_CONTEXT() REPRESENTATION_CONTEXT('2D SPACE',''
  ) );
#15987 = ORIENTED_EDGE('',*,*,#15843,.F.);
#15988 = ADVANCED_FACE('',(#15989),#10732,.T.);
#15989 = FACE_BOUND('',#15990,.T.);
#15990 = EDGE_LOOP('',(#15991,#15992,#15993,#15994,#16017,#16039));
#15991 = ORIENTED_EDGE('',*,*,#15694,.F.);
#15992 = ORIENTED_EDGE('',*,*,#10716,.T.);
#15993 = ORIENTED_EDGE('',*,*,#15945,.T.);
#15994 = ORIENTED_EDGE('',*,*,#15995,.T.);
#15995 = EDGE_CURVE('',#15946,#15996,#15998,.T.);
#15996 = VERTEX_POINT('',#15997);
#15997 = CARTESIAN_POINT('',(-17.,73.,104.));
#15998 = SURFACE_CURVE('',#15999,(#16003,#16010),.PCURVE_S1.);
#15999 = LINE('',#16000,#16001);
#16000 = CARTESIAN_POINT('',(-17.,107.,104.));
#16001 = VECTOR('',#16002,1.);
#16002 = DIRECTION('',(0.,-1.,0.));
#16003 = PCURVE('',#10732,#16004);
#16004 = DEFINITIONAL_REPRESENTATION('',(#16005),#16009);
#16005 = LINE('',#16006,#16007);
#16006 = CARTESIAN_POINT('',(30.,-154.));
#16007 = VECTOR('',#16008,1.);
#16008 = DIRECTION('',(0.,1.));
#16009 = ( GEOMETRIC_REPRESENTATION_CONTEXT(2) 
PARAMETRIC_REPRESENTATION_CONTEXT() REPRESENTATION_CONTEXT('2D SPACE',''
  ) );
#16010 = PCURVE('',#15881,#16011);
#16011 = DEFINITIONAL_REPRESENTATION('',(#16012),#16016);
#16012 = LINE('',#16013,#16014);
#16013 = CARTESIAN_POINT('',(123.,157.));
#16014 = VECTOR('',#16015,1.);
#16015 = DIRECTION('',(0.,-1.));
#16016 = ( GEOMETRIC_REPRESENTATION_CONTEXT(2) 
PARAMETRIC_REPRESENTATION_CONTEXT() REPRESENTATION_CONTEXT('2D SPACE',''
  ) );
#16017 = ORIENTED_EDGE('',*,*,#16018,.F.);
#16018 = EDGE_CURVE('',#16019,#15996,#16021,.T.);
#16019 = VERTEX_POINT('',#16020);
#16020 = CARTESIAN_POINT('',(-17.,73.,76.));
#16021 = SURFACE_CURVE('',#16022,(#16026,#16033),.PCURVE_S1.);
#16022 = LINE('',#16023,#16024);
#16023 = CARTESIAN_POINT('',(-17.,73.,74.));
#16024 = VECTOR('',#16025,1.);
#16025 = DIRECTION('',(0.,0.,1.));
#16026 = PCURVE('',#10732,#16027);
#16027 = DEFINITIONAL_REPRESENTATION('',(#16028),#16032);
#16028 = LINE('',#16029,#16030);
#16029 = CARTESIAN_POINT('',(0.,-120.));
#16030 = VECTOR('',#16031,1.);
#16031 = DIRECTION('',(1.,0.));
#16032 = ( GEOMETRIC_REPRESENTATION_CONTEXT(2) 
PARAMETRIC_REPRESENTATION_CONTEXT() REPRESENTATION_CONTEXT('2D SPACE',''
  ) );
#16033 = PCURVE('',#15909,#16034);
#16034 = DEFINITIONAL_REPRESENTATION('',(#16035),#16038);
#16035 = B_SPLINE_CURVE_WITH_KNOTS('',1,(#16036,#16037),.UNSPECIFIED.,
  .F.,.F.,(2,2),(0.,30.),.PIECEWISE_BEZIER_KNOTS.);
#16036 = CARTESIAN_POINT('',(0.,119.));
#16037 = CARTESIAN_POINT('',(30.,119.));
#16038 = ( GEOMETRIC_REPRESENTATION_CONTEXT(2) 
PARAMETRIC_REPRESENTATION_CONTEXT() REPRESENTATION_CONTEXT('2D SPACE',''
  ) );
#16039 = ORIENTED_EDGE('',*,*,#16040,.T.);
#16040 = EDGE_CURVE('',#16019,#15695,#16041,.T.);
#16041 = SURFACE_CURVE('',#16042,(#16046,#16053),.PCURVE_S1.);
#16042 = LINE('',#16043,#16044);
#16043 = CARTESIAN_POINT('',(-17.,18.,76.));
#16044 = VECTOR('',#16045,1.);
#16045 = DIRECTION('',(0.,1.,0.));
#16046 = PCURVE('',#10732,#16047);
#16047 = DEFINITIONAL_REPRESENTATION('',(#16048),#16052);
#16048 = LINE('',#16049,#16050);
#16049 = CARTESIAN_POINT('',(2.,-65.));
#16050 = VECTOR('',#16051,1.);
#16051 = DIRECTION('',(0.,-1.));
#16052 = ( GEOMETRIC_REPRESENTATION_CONTEXT(2) 
PARAMETRIC_REPRESENTATION_CONTEXT() REPRESENTATION_CONTEXT('2D SPACE',''
  ) );
#16053 = PCURVE('',#15732,#16054);
#16054 = DEFINITIONAL_REPRESENTATION('',(#16055),#16059);
#16055 = LINE('',#16056,#16057);
#16056 = CARTESIAN_POINT('',(23.,0.));
#16057 = VECTOR('',#16058,1.);
#16058 = DIRECTION('',(0.,1.));
#16059 = ( GEOMETRIC_REPRESENTATION_CONTEXT(2) 
PARAMETRIC_REPRESENTATION_CONTEXT() REPRESENTATION_CONTEXT('2D SPACE',''
  ) );
#16060 = ADVANCED_FACE('',(#16061),#10678,.F.);
#16061 = FACE_BOUND('',#16062,.F.);
#16062 = EDGE_LOOP('',(#16063,#16064,#16065,#16087,#16108,#16109));
#16063 = ORIENTED_EDGE('',*,*,#15673,.F.);
#16064 = ORIENTED_EDGE('',*,*,#10662,.T.);
#16065 = ORIENTED_EDGE('',*,*,#16066,.T.);
#16066 = EDGE_CURVE('',#10635,#16067,#16069,.T.);
#16067 = VERTEX_POINT('',#16068);
#16068 = CARTESIAN_POINT('',(-23.,107.,104.));
#16069 = SURFACE_CURVE('',#16070,(#16074,#16081),.PCURVE_S1.);
#16070 = LINE('',#16071,#16072);
#16071 = CARTESIAN_POINT('',(-23.,107.,74.));
#16072 = VECTOR('',#16073,1.);
#16073 = DIRECTION('',(0.,0.,1.));
#16074 = PCURVE('',#10678,#16075);
#16075 = DEFINITIONAL_REPRESENTATION('',(#16076),#16080);
#16076 = LINE('',#16077,#16078);
#16077 = CARTESIAN_POINT('',(0.,-154.));
#16078 = VECTOR('',#16079,1.);
#16079 = DIRECTION('',(1.,0.));
#16080 = ( GEOMETRIC_REPRESENTATION_CONTEXT(2) 
PARAMETRIC_REPRESENTATION_CONTEXT() REPRESENTATION_CONTEXT('2D SPACE',''
  ) );
#16081 = PCURVE('',#10650,#16082);
#16082 = DEFINITIONAL_REPRESENTATION('',(#16083),#16086);
#16083 = B_SPLINE_CURVE_WITH_KNOTS('',1,(#16084,#16085),.UNSPECIFIED.,
  .F.,.F.,(2,2),(0.,30.),.PIECEWISE_BEZIER_KNOTS.);
#16084 = CARTESIAN_POINT('',(0.,113.));
#16085 = CARTESIAN_POINT('',(30.,113.));
#16086 = ( GEOMETRIC_REPRESENTATION_CONTEXT(2) 
PARAMETRIC_REPRESENTATION_CONTEXT() REPRESENTATION_CONTEXT('2D SPACE',''
  ) );
#16087 = ORIENTED_EDGE('',*,*,#16088,.F.);
#16088 = EDGE_CURVE('',#13142,#16067,#16089,.T.);
#16089 = SURFACE_CURVE('',#16090,(#16094,#16101),.PCURVE_S1.);
#16090 = LINE('',#16091,#16092);
#16091 = CARTESIAN_POINT('',(-23.,73.,104.));
#16092 = VECTOR('',#16093,1.);
#16093 = DIRECTION('',(0.,1.,0.));
#16094 = PCURVE('',#10678,#16095);
#16095 = DEFINITIONAL_REPRESENTATION('',(#16096),#16100);
#16096 = LINE('',#16097,#16098);
#16097 = CARTESIAN_POINT('',(30.,-120.));
#16098 = VECTOR('',#16099,1.);
#16099 = DIRECTION('',(0.,-1.));
#16100 = ( GEOMETRIC_REPRESENTATION_CONTEXT(2) 
PARAMETRIC_REPRESENTATION_CONTEXT() REPRESENTATION_CONTEXT('2D SPACE',''
  ) );
#16101 = PCURVE('',#13157,#16102);
#16102 = DEFINITIONAL_REPRESENTATION('',(#16103),#16107);
#16103 = LINE('',#16104,#16105);
#16104 = CARTESIAN_POINT('',(117.,123.));
#16105 = VECTOR('',#16106,1.);
#16106 = DIRECTION('',(0.,1.));
#16107 = ( GEOMETRIC_REPRESENTATION_CONTEXT(2) 
PARAMETRIC_REPRESENTATION_CONTEXT() REPRESENTATION_CONTEXT('2D SPACE',''
  ) );
#16108 = ORIENTED_EDGE('',*,*,#13169,.F.);
#16109 = ORIENTED_EDGE('',*,*,#16110,.T.);
#16110 = EDGE_CURVE('',#13170,#15651,#16111,.T.);
#16111 = SURFACE_CURVE('',#16112,(#16116,#16123),.PCURVE_S1.);
#16112 = LINE('',#16113,#16114);
#16113 = CARTESIAN_POINT('',(-23.,18.,76.));
#16114 = VECTOR('',#16115,1.);
#16115 = DIRECTION('',(0.,1.,0.));
#16116 = PCURVE('',#10678,#16117);
#16117 = DEFINITIONAL_REPRESENTATION('',(#16118),#16122);
#16118 = LINE('',#16119,#16120);
#16119 = CARTESIAN_POINT('',(2.,-65.));
#16120 = VECTOR('',#16121,1.);
#16121 = DIRECTION('',(0.,-1.));
#16122 = ( GEOMETRIC_REPRESENTATION_CONTEXT(2) 
PARAMETRIC_REPRESENTATION_CONTEXT() REPRESENTATION_CONTEXT('2D SPACE',''
  ) );
#16123 = PCURVE('',#13206,#16124);
#16124 = DEFINITIONAL_REPRESENTATION('',(#16125),#16129);
#16125 = LINE('',#16126,#16127);
#16126 = CARTESIAN_POINT('',(17.,0.));
#16127 = VECTOR('',#16128,1.);
#16128 = DIRECTION('',(0.,1.));
#16129 = ( GEOMETRIC_REPRESENTATION_CONTEXT(2) 
PARAMETRIC_REPRESENTATION_CONTEXT() REPRESENTATION_CONTEXT('2D SPACE',''
  ) );
#16130 = ADVANCED_FACE('',(#16131),#10650,.F.);
#16131 = FACE_BOUND('',#16132,.F.);
#16132 = EDGE_LOOP('',(#16133,#16134,#16155,#16176));
#16133 = ORIENTED_EDGE('',*,*,#10634,.F.);
#16134 = ORIENTED_EDGE('',*,*,#16135,.T.);
#16135 = EDGE_CURVE('',#10607,#16136,#16138,.T.);
#16136 = VERTEX_POINT('',#16137);
#16137 = CARTESIAN_POINT('',(-57.,107.,104.));
#16138 = SURFACE_CURVE('',#16139,(#16143,#16149),.PCURVE_S1.);
#16139 = LINE('',#16140,#16141);
#16140 = CARTESIAN_POINT('',(-57.,107.,74.));
#16141 = VECTOR('',#16142,1.);
#16142 = DIRECTION('',(0.,0.,1.));
#16143 = PCURVE('',#10650,#16144);
#16144 = DEFINITIONAL_REPRESENTATION('',(#16145),#16148);
#16145 = B_SPLINE_CURVE_WITH_KNOTS('',1,(#16146,#16147),.UNSPECIFIED.,
  .F.,.F.,(2,2),(0.,30.),.PIECEWISE_BEZIER_KNOTS.);
#16146 = CARTESIAN_POINT('',(0.,79.));
#16147 = CARTESIAN_POINT('',(30.,79.));
#16148 = ( GEOMETRIC_REPRESENTATION_CONTEXT(2) 
PARAMETRIC_REPRESENTATION_CONTEXT() REPRESENTATION_CONTEXT('2D SPACE',''
  ) );
#16149 = PCURVE('',#10622,#16150);
#16150 = DEFINITIONAL_REPRESENTATION('',(#16151),#16154);
#16151 = B_SPLINE_CURVE_WITH_KNOTS('',1,(#16152,#16153),.UNSPECIFIED.,
  .F.,.F.,(2,2),(0.,30.),.PIECEWISE_BEZIER_KNOTS.);
#16152 = CARTESIAN_POINT('',(0.,-154.));
#16153 = CARTESIAN_POINT('',(30.,-154.));
#16154 = ( GEOMETRIC_REPRESENTATION_CONTEXT(2) 
PARAMETRIC_REPRESENTATION_CONTEXT() REPRESENTATION_CONTEXT('2D SPACE',''
  ) );
#16155 = ORIENTED_EDGE('',*,*,#16156,.T.);
#16156 = EDGE_CURVE('',#16136,#16067,#16157,.T.);
#16157 = SURFACE_CURVE('',#16158,(#16162,#16169),.PCURVE_S1.);
#16158 = LINE('',#16159,#16160);
#16159 = CARTESIAN_POINT('',(-136.,107.,104.));
#16160 = VECTOR('',#16161,1.);
#16161 = DIRECTION('',(1.,0.,0.));
#16162 = PCURVE('',#10650,#16163);
#16163 = DEFINITIONAL_REPRESENTATION('',(#16164),#16168);
#16164 = LINE('',#16165,#16166);
#16165 = CARTESIAN_POINT('',(30.,0.));
#16166 = VECTOR('',#16167,1.);
#16167 = DIRECTION('',(0.,1.));
#16168 = ( GEOMETRIC_REPRESENTATION_CONTEXT(2) 
PARAMETRIC_REPRESENTATION_CONTEXT() REPRESENTATION_CONTEXT('2D SPACE',''
  ) );
#16169 = PCURVE('',#13157,#16170);
#16170 = DEFINITIONAL_REPRESENTATION('',(#16171),#16175);
#16171 = LINE('',#16172,#16173);
#16172 = CARTESIAN_POINT('',(4.,157.));
#16173 = VECTOR('',#16174,1.);
#16174 = DIRECTION('',(1.,0.));
#16175 = ( GEOMETRIC_REPRESENTATION_CONTEXT(2) 
PARAMETRIC_REPRESENTATION_CONTEXT() REPRESENTATION_CONTEXT('2D SPACE',''
  ) );
#16176 = ORIENTED_EDGE('',*,*,#16066,.F.);
#16177 = ADVANCED_FACE('',(#16178),#10622,.T.);
#16178 = FACE_BOUND('',#16179,.T.);
#16179 = EDGE_LOOP('',(#16180,#16181,#16182,#16183));
#16180 = ORIENTED_EDGE('',*,*,#13120,.F.);
#16181 = ORIENTED_EDGE('',*,*,#10606,.T.);
#16182 = ORIENTED_EDGE('',*,*,#16135,.T.);
#16183 = ORIENTED_EDGE('',*,*,#16184,.F.);
#16184 = EDGE_CURVE('',#13121,#16136,#16185,.T.);
#16185 = SURFACE_CURVE('',#16186,(#16190,#16197),.PCURVE_S1.);
#16186 = LINE('',#16187,#16188);
#16187 = CARTESIAN_POINT('',(-57.,-47.,104.));
#16188 = VECTOR('',#16189,1.);
#16189 = DIRECTION('',(0.,1.,0.));
#16190 = PCURVE('',#10622,#16191);
#16191 = DEFINITIONAL_REPRESENTATION('',(#16192),#16196);
#16192 = LINE('',#16193,#16194);
#16193 = CARTESIAN_POINT('',(30.,0.));
#16194 = VECTOR('',#16195,1.);
#16195 = DIRECTION('',(0.,-1.));
#16196 = ( GEOMETRIC_REPRESENTATION_CONTEXT(2) 
PARAMETRIC_REPRESENTATION_CONTEXT() REPRESENTATION_CONTEXT('2D SPACE',''
  ) );
#16197 = PCURVE('',#13157,#16198);
#16198 = DEFINITIONAL_REPRESENTATION('',(#16199),#16203);
#16199 = LINE('',#16200,#16201);
#16200 = CARTESIAN_POINT('',(83.,3.));
#16201 = VECTOR('',#16202,1.);
#16202 = DIRECTION('',(0.,1.));
#16203 = ( GEOMETRIC_REPRESENTATION_CONTEXT(2) 
PARAMETRIC_REPRESENTATION_CONTEXT() REPRESENTATION_CONTEXT('2D SPACE',''
  ) );
#16204 = ADVANCED_FACE('',(#16205),#11568,.T.);
#16205 = FACE_BOUND('',#16206,.T.);
#16206 = EDGE_LOOP('',(#16207,#16228,#16229,#16250));
#16207 = ORIENTED_EDGE('',*,*,#16208,.F.);
#16208 = EDGE_CURVE('',#11551,#16209,#16211,.T.);
#16209 = VERTEX_POINT('',#16210);
#16210 = CARTESIAN_POINT('',(63.,33.,104.));
#16211 = SURFACE_CURVE('',#16212,(#16216,#16222),.PCURVE_S1.);
#16212 = LINE('',#16213,#16214);
#16213 = CARTESIAN_POINT('',(63.,33.,74.));
#16214 = VECTOR('',#16215,1.);
#16215 = DIRECTION('',(0.,0.,1.));
#16216 = PCURVE('',#11568,#16217);
#16217 = DEFINITIONAL_REPRESENTATION('',(#16218),#16221);
#16218 = B_SPLINE_CURVE_WITH_KNOTS('',1,(#16219,#16220),.UNSPECIFIED.,
  .F.,.F.,(2,2),(0.,30.),.PIECEWISE_BEZIER_KNOTS.);
#16219 = CARTESIAN_POINT('',(0.,-80.));
#16220 = CARTESIAN_POINT('',(30.,-80.));
#16221 = ( GEOMETRIC_REPRESENTATION_CONTEXT(2) 
PARAMETRIC_REPRESENTATION_CONTEXT() REPRESENTATION_CONTEXT('2D SPACE',''
  ) );
#16222 = PCURVE('',#11650,#16223);
#16223 = DEFINITIONAL_REPRESENTATION('',(#16224),#16227);
#16224 = B_SPLINE_CURVE_WITH_KNOTS('',1,(#16225,#16226),.UNSPECIFIED.,
  .F.,.F.,(2,2),(0.,30.),.PIECEWISE_BEZIER_KNOTS.);
#16225 = CARTESIAN_POINT('',(0.,199.));
#16226 = CARTESIAN_POINT('',(30.,199.));
#16227 = ( GEOMETRIC_REPRESENTATION_CONTEXT(2) 
PARAMETRIC_REPRESENTATION_CONTEXT() REPRESENTATION_CONTEXT('2D SPACE',''
  ) );
#16228 = ORIENTED_EDGE('',*,*,#11550,.T.);
#16229 = ORIENTED_EDGE('',*,*,#16230,.T.);
#16230 = EDGE_CURVE('',#11553,#16231,#16233,.T.);
#16231 = VERTEX_POINT('',#16232);
#16232 = CARTESIAN_POINT('',(63.,67.,104.));
#16233 = SURFACE_CURVE('',#16234,(#16238,#16244),.PCURVE_S1.);
#16234 = LINE('',#16235,#16236);
#16235 = CARTESIAN_POINT('',(63.,67.,74.));
#16236 = VECTOR('',#16237,1.);
#16237 = DIRECTION('',(0.,0.,1.));
#16238 = PCURVE('',#11568,#16239);
#16239 = DEFINITIONAL_REPRESENTATION('',(#16240),#16243);
#16240 = B_SPLINE_CURVE_WITH_KNOTS('',1,(#16241,#16242),.UNSPECIFIED.,
  .F.,.F.,(2,2),(0.,30.),.PIECEWISE_BEZIER_KNOTS.);
#16241 = CARTESIAN_POINT('',(0.,-114.));
#16242 = CARTESIAN_POINT('',(30.,-114.));
#16243 = ( GEOMETRIC_REPRESENTATION_CONTEXT(2) 
PARAMETRIC_REPRESENTATION_CONTEXT() REPRESENTATION_CONTEXT('2D SPACE',''
  ) );
#16244 = PCURVE('',#11596,#16245);
#16245 = DEFINITIONAL_REPRESENTATION('',(#16246),#16249);
#16246 = B_SPLINE_CURVE_WITH_KNOTS('',1,(#16247,#16248),.UNSPECIFIED.,
  .F.,.F.,(2,2),(0.,30.),.PIECEWISE_BEZIER_KNOTS.);
#16247 = CARTESIAN_POINT('',(0.,199.));
#16248 = CARTESIAN_POINT('',(30.,199.));
#16249 = ( GEOMETRIC_REPRESENTATION_CONTEXT(2) 
PARAMETRIC_REPRESENTATION_CONTEXT() REPRESENTATION_CONTEXT('2D SPACE',''
  ) );
#16250 = ORIENTED_EDGE('',*,*,#16251,.F.);
#16251 = EDGE_CURVE('',#16209,#16231,#16252,.T.);
#16252 = SURFACE_CURVE('',#16253,(#16257,#16264),.PCURVE_S1.);
#16253 = LINE('',#16254,#16255);
#16254 = CARTESIAN_POINT('',(63.,-47.,104.));
#16255 = VECTOR('',#16256,1.);
#16256 = DIRECTION('',(0.,1.,0.));
#16257 = PCURVE('',#11568,#16258);
#16258 = DEFINITIONAL_REPRESENTATION('',(#16259),#16263);
#16259 = LINE('',#16260,#16261);
#16260 = CARTESIAN_POINT('',(30.,0.));
#16261 = VECTOR('',#16262,1.);
#16262 = DIRECTION('',(0.,-1.));
#16263 = ( GEOMETRIC_REPRESENTATION_CONTEXT(2) 
PARAMETRIC_REPRESENTATION_CONTEXT() REPRESENTATION_CONTEXT('2D SPACE',''
  ) );
#16264 = PCURVE('',#16265,#16270);
#16265 = PLANE('',#16266);
#16266 = AXIS2_PLACEMENT_3D('',#16267,#16268,#16269);
#16267 = CARTESIAN_POINT('',(-140.,-50.,104.));
#16268 = DIRECTION('',(0.,0.,1.));
#16269 = DIRECTION('',(1.,0.,0.));
#16270 = DEFINITIONAL_REPRESENTATION('',(#16271),#16275);
#16271 = LINE('',#16272,#16273);
#16272 = CARTESIAN_POINT('',(203.,3.));
#16273 = VECTOR('',#16274,1.);
#16274 = DIRECTION('',(0.,1.));
#16275 = ( GEOMETRIC_REPRESENTATION_CONTEXT(2) 
PARAMETRIC_REPRESENTATION_CONTEXT() REPRESENTATION_CONTEXT('2D SPACE',''
  ) );
#16276 = ADVANCED_FACE('',(#16277),#11650,.T.);
#16277 = FACE_BOUND('',#16278,.T.);
#16278 = EDGE_LOOP('',(#16279,#16280,#16281,#16304));
#16279 = ORIENTED_EDGE('',*,*,#11636,.F.);
#16280 = ORIENTED_EDGE('',*,*,#16208,.T.);
#16281 = ORIENTED_EDGE('',*,*,#16282,.T.);
#16282 = EDGE_CURVE('',#16209,#16283,#16285,.T.);
#16283 = VERTEX_POINT('',#16284);
#16284 = CARTESIAN_POINT('',(97.,33.,104.));
#16285 = SURFACE_CURVE('',#16286,(#16290,#16297),.PCURVE_S1.);
#16286 = LINE('',#16287,#16288);
#16287 = CARTESIAN_POINT('',(-136.,33.,104.));
#16288 = VECTOR('',#16289,1.);
#16289 = DIRECTION('',(1.,0.,0.));
#16290 = PCURVE('',#11650,#16291);
#16291 = DEFINITIONAL_REPRESENTATION('',(#16292),#16296);
#16292 = LINE('',#16293,#16294);
#16293 = CARTESIAN_POINT('',(30.,0.));
#16294 = VECTOR('',#16295,1.);
#16295 = DIRECTION('',(0.,1.));
#16296 = ( GEOMETRIC_REPRESENTATION_CONTEXT(2) 
PARAMETRIC_REPRESENTATION_CONTEXT() REPRESENTATION_CONTEXT('2D SPACE',''
  ) );
#16297 = PCURVE('',#16265,#16298);
#16298 = DEFINITIONAL_REPRESENTATION('',(#16299),#16303);
#16299 = LINE('',#16300,#16301);
#16300 = CARTESIAN_POINT('',(4.,83.));
#16301 = VECTOR('',#16302,1.);
#16302 = DIRECTION('',(1.,0.));
#16303 = ( GEOMETRIC_REPRESENTATION_CONTEXT(2) 
PARAMETRIC_REPRESENTATION_CONTEXT() REPRESENTATION_CONTEXT('2D SPACE',''
  ) );
#16304 = ORIENTED_EDGE('',*,*,#16305,.F.);
#16305 = EDGE_CURVE('',#11609,#16283,#16306,.T.);
#16306 = SURFACE_CURVE('',#16307,(#16311,#16317),.PCURVE_S1.);
#16307 = LINE('',#16308,#16309);
#16308 = CARTESIAN_POINT('',(97.,33.,74.));
#16309 = VECTOR('',#16310,1.);
#16310 = DIRECTION('',(0.,0.,1.));
#16311 = PCURVE('',#11650,#16312);
#16312 = DEFINITIONAL_REPRESENTATION('',(#16313),#16316);
#16313 = B_SPLINE_CURVE_WITH_KNOTS('',1,(#16314,#16315),.UNSPECIFIED.,
  .F.,.F.,(2,2),(0.,30.),.PIECEWISE_BEZIER_KNOTS.);
#16314 = CARTESIAN_POINT('',(0.,233.));
#16315 = CARTESIAN_POINT('',(30.,233.));
#16316 = ( GEOMETRIC_REPRESENTATION_CONTEXT(2) 
PARAMETRIC_REPRESENTATION_CONTEXT() REPRESENTATION_CONTEXT('2D SPACE',''
  ) );
#16317 = PCURVE('',#11624,#16318);
#16318 = DEFINITIONAL_REPRESENTATION('',(#16319),#16322);
#16319 = B_SPLINE_CURVE_WITH_KNOTS('',1,(#16320,#16321),.UNSPECIFIED.,
  .F.,.F.,(2,2),(0.,30.),.PIECEWISE_BEZIER_KNOTS.);
#16320 = CARTESIAN_POINT('',(0.,-80.));
#16321 = CARTESIAN_POINT('',(30.,-80.));
#16322 = ( GEOMETRIC_REPRESENTATION_CONTEXT(2) 
PARAMETRIC_REPRESENTATION_CONTEXT() REPRESENTATION_CONTEXT('2D SPACE',''
  ) );
#16323 = ADVANCED_FACE('',(#16324),#11596,.F.);
#16324 = FACE_BOUND('',#16325,.F.);
#16325 = EDGE_LOOP('',(#16326,#16327,#16328,#16351));
#16326 = ORIENTED_EDGE('',*,*,#11580,.F.);
#16327 = ORIENTED_EDGE('',*,*,#16230,.T.);
#16328 = ORIENTED_EDGE('',*,*,#16329,.T.);
#16329 = EDGE_CURVE('',#16231,#16330,#16332,.T.);
#16330 = VERTEX_POINT('',#16331);
#16331 = CARTESIAN_POINT('',(97.,67.,104.));
#16332 = SURFACE_CURVE('',#16333,(#16337,#16344),.PCURVE_S1.);
#16333 = LINE('',#16334,#16335);
#16334 = CARTESIAN_POINT('',(-136.,67.,104.));
#16335 = VECTOR('',#16336,1.);
#16336 = DIRECTION('',(1.,0.,0.));
#16337 = PCURVE('',#11596,#16338);
#16338 = DEFINITIONAL_REPRESENTATION('',(#16339),#16343);
#16339 = LINE('',#16340,#16341);
#16340 = CARTESIAN_POINT('',(30.,0.));
#16341 = VECTOR('',#16342,1.);
#16342 = DIRECTION('',(0.,1.));
#16343 = ( GEOMETRIC_REPRESENTATION_CONTEXT(2) 
PARAMETRIC_REPRESENTATION_CONTEXT() REPRESENTATION_CONTEXT('2D SPACE',''
  ) );
#16344 = PCURVE('',#16265,#16345);
#16345 = DEFINITIONAL_REPRESENTATION('',(#16346),#16350);
#16346 = LINE('',#16347,#16348);
#16347 = CARTESIAN_POINT('',(4.,117.));
#16348 = VECTOR('',#16349,1.);
#16349 = DIRECTION('',(1.,0.));
#16350 = ( GEOMETRIC_REPRESENTATION_CONTEXT(2) 
PARAMETRIC_REPRESENTATION_CONTEXT() REPRESENTATION_CONTEXT('2D SPACE',''
  ) );
#16351 = ORIENTED_EDGE('',*,*,#16352,.F.);
#16352 = EDGE_CURVE('',#11581,#16330,#16353,.T.);
#16353 = SURFACE_CURVE('',#16354,(#16358,#16364),.PCURVE_S1.);
#16354 = LINE('',#16355,#16356);
#16355 = CARTESIAN_POINT('',(97.,67.,74.));
#16356 = VECTOR('',#16357,1.);
#16357 = DIRECTION('',(0.,0.,1.));
#16358 = PCURVE('',#11596,#16359);
#16359 = DEFINITIONAL_REPRESENTATION('',(#16360),#16363);
#16360 = B_SPLINE_CURVE_WITH_KNOTS('',1,(#16361,#16362),.UNSPECIFIED.,
  .F.,.F.,(2,2),(0.,30.),.PIECEWISE_BEZIER_KNOTS.);
#16361 = CARTESIAN_POINT('',(0.,233.));
#16362 = CARTESIAN_POINT('',(30.,233.));
#16363 = ( GEOMETRIC_REPRESENTATION_CONTEXT(2) 
PARAMETRIC_REPRESENTATION_CONTEXT() REPRESENTATION_CONTEXT('2D SPACE',''
  ) );
#16364 = PCURVE('',#11624,#16365);
#16365 = DEFINITIONAL_REPRESENTATION('',(#16366),#16369);
#16366 = B_SPLINE_CURVE_WITH_KNOTS('',1,(#16367,#16368),.UNSPECIFIED.,
  .F.,.F.,(2,2),(0.,30.),.PIECEWISE_BEZIER_KNOTS.);
#16367 = CARTESIAN_POINT('',(0.,-114.));
#16368 = CARTESIAN_POINT('',(30.,-114.));
#16369 = ( GEOMETRIC_REPRESENTATION_CONTEXT(2) 
PARAMETRIC_REPRESENTATION_CONTEXT() REPRESENTATION_CONTEXT('2D SPACE',''
  ) );
#16370 = ADVANCED_FACE('',(#16371),#11624,.F.);
#16371 = FACE_BOUND('',#16372,.F.);
#16372 = EDGE_LOOP('',(#16373,#16374,#16375,#16376));
#16373 = ORIENTED_EDGE('',*,*,#16305,.F.);
#16374 = ORIENTED_EDGE('',*,*,#11608,.T.);
#16375 = ORIENTED_EDGE('',*,*,#16352,.T.);
#16376 = ORIENTED_EDGE('',*,*,#16377,.F.);
#16377 = EDGE_CURVE('',#16283,#16330,#16378,.T.);
#16378 = SURFACE_CURVE('',#16379,(#16383,#16390),.PCURVE_S1.);
#16379 = LINE('',#16380,#16381);
#16380 = CARTESIAN_POINT('',(97.,-47.,104.));
#16381 = VECTOR('',#16382,1.);
#16382 = DIRECTION('',(0.,1.,0.));
#16383 = PCURVE('',#11624,#16384);
#16384 = DEFINITIONAL_REPRESENTATION('',(#16385),#16389);
#16385 = LINE('',#16386,#16387);
#16386 = CARTESIAN_POINT('',(30.,0.));
#16387 = VECTOR('',#16388,1.);
#16388 = DIRECTION('',(0.,-1.));
#16389 = ( GEOMETRIC_REPRESENTATION_CONTEXT(2) 
PARAMETRIC_REPRESENTATION_CONTEXT() REPRESENTATION_CONTEXT('2D SPACE',''
  ) );
#16390 = PCURVE('',#16265,#16391);
#16391 = DEFINITIONAL_REPRESENTATION('',(#16392),#16396);
#16392 = LINE('',#16393,#16394);
#16393 = CARTESIAN_POINT('',(237.,3.));
#16394 = VECTOR('',#16395,1.);
#16395 = DIRECTION('',(0.,1.));
#16396 = ( GEOMETRIC_REPRESENTATION_CONTEXT(2) 
PARAMETRIC_REPRESENTATION_CONTEXT() REPRESENTATION_CONTEXT('2D SPACE',''
  ) );
#16397 = ADVANCED_FACE('',(#16398),#11682,.T.);
#16398 = FACE_BOUND('',#16399,.T.);
#16399 = EDGE_LOOP('',(#16400,#16421,#16422,#16443));
#16400 = ORIENTED_EDGE('',*,*,#16401,.F.);
#16401 = EDGE_CURVE('',#11665,#16402,#16404,.T.);
#16402 = VERTEX_POINT('',#16403);
#16403 = CARTESIAN_POINT('',(63.,73.,104.));
#16404 = SURFACE_CURVE('',#16405,(#16409,#16415),.PCURVE_S1.);
#16405 = LINE('',#16406,#16407);
#16406 = CARTESIAN_POINT('',(63.,73.,74.));
#16407 = VECTOR('',#16408,1.);
#16408 = DIRECTION('',(0.,0.,1.));
#16409 = PCURVE('',#11682,#16410);
#16410 = DEFINITIONAL_REPRESENTATION('',(#16411),#16414);
#16411 = B_SPLINE_CURVE_WITH_KNOTS('',1,(#16412,#16413),.UNSPECIFIED.,
  .F.,.F.,(2,2),(0.,30.),.PIECEWISE_BEZIER_KNOTS.);
#16412 = CARTESIAN_POINT('',(0.,-120.));
#16413 = CARTESIAN_POINT('',(30.,-120.));
#16414 = ( GEOMETRIC_REPRESENTATION_CONTEXT(2) 
PARAMETRIC_REPRESENTATION_CONTEXT() REPRESENTATION_CONTEXT('2D SPACE',''
  ) );
#16415 = PCURVE('',#11764,#16416);
#16416 = DEFINITIONAL_REPRESENTATION('',(#16417),#16420);
#16417 = B_SPLINE_CURVE_WITH_KNOTS('',1,(#16418,#16419),.UNSPECIFIED.,
  .F.,.F.,(2,2),(0.,30.),.PIECEWISE_BEZIER_KNOTS.);
#16418 = CARTESIAN_POINT('',(0.,199.));
#16419 = CARTESIAN_POINT('',(30.,199.));
#16420 = ( GEOMETRIC_REPRESENTATION_CONTEXT(2) 
PARAMETRIC_REPRESENTATION_CONTEXT() REPRESENTATION_CONTEXT('2D SPACE',''
  ) );
#16421 = ORIENTED_EDGE('',*,*,#11664,.T.);
#16422 = ORIENTED_EDGE('',*,*,#16423,.T.);
#16423 = EDGE_CURVE('',#11667,#16424,#16426,.T.);
#16424 = VERTEX_POINT('',#16425);
#16425 = CARTESIAN_POINT('',(63.,107.,104.));
#16426 = SURFACE_CURVE('',#16427,(#16431,#16437),.PCURVE_S1.);
#16427 = LINE('',#16428,#16429);
#16428 = CARTESIAN_POINT('',(63.,107.,74.));
#16429 = VECTOR('',#16430,1.);
#16430 = DIRECTION('',(0.,0.,1.));
#16431 = PCURVE('',#11682,#16432);
#16432 = DEFINITIONAL_REPRESENTATION('',(#16433),#16436);
#16433 = B_SPLINE_CURVE_WITH_KNOTS('',1,(#16434,#16435),.UNSPECIFIED.,
  .F.,.F.,(2,2),(0.,30.),.PIECEWISE_BEZIER_KNOTS.);
#16434 = CARTESIAN_POINT('',(0.,-154.));
#16435 = CARTESIAN_POINT('',(30.,-154.));
#16436 = ( GEOMETRIC_REPRESENTATION_CONTEXT(2) 
PARAMETRIC_REPRESENTATION_CONTEXT() REPRESENTATION_CONTEXT('2D SPACE',''
  ) );
#16437 = PCURVE('',#11710,#16438);
#16438 = DEFINITIONAL_REPRESENTATION('',(#16439),#16442);
#16439 = B_SPLINE_CURVE_WITH_KNOTS('',1,(#16440,#16441),.UNSPECIFIED.,
  .F.,.F.,(2,2),(0.,30.),.PIECEWISE_BEZIER_KNOTS.);
#16440 = CARTESIAN_POINT('',(0.,199.));
#16441 = CARTESIAN_POINT('',(30.,199.));
#16442 = ( GEOMETRIC_REPRESENTATION_CONTEXT(2) 
PARAMETRIC_REPRESENTATION_CONTEXT() REPRESENTATION_CONTEXT('2D SPACE',''
  ) );
#16443 = ORIENTED_EDGE('',*,*,#16444,.F.);
#16444 = EDGE_CURVE('',#16402,#16424,#16445,.T.);
#16445 = SURFACE_CURVE('',#16446,(#16450,#16457),.PCURVE_S1.);
#16446 = LINE('',#16447,#16448);
#16447 = CARTESIAN_POINT('',(63.,-47.,104.));
#16448 = VECTOR('',#16449,1.);
#16449 = DIRECTION('',(0.,1.,0.));
#16450 = PCURVE('',#11682,#16451);
#16451 = DEFINITIONAL_REPRESENTATION('',(#16452),#16456);
#16452 = LINE('',#16453,#16454);
#16453 = CARTESIAN_POINT('',(30.,0.));
#16454 = VECTOR('',#16455,1.);
#16455 = DIRECTION('',(0.,-1.));
#16456 = ( GEOMETRIC_REPRESENTATION_CONTEXT(2) 
PARAMETRIC_REPRESENTATION_CONTEXT() REPRESENTATION_CONTEXT('2D SPACE',''
  ) );
#16457 = PCURVE('',#16458,#16463);
#16458 = PLANE('',#16459);
#16459 = AXIS2_PLACEMENT_3D('',#16460,#16461,#16462);
#16460 = CARTESIAN_POINT('',(-140.,-50.,104.));
#16461 = DIRECTION('',(0.,0.,1.));
#16462 = DIRECTION('',(1.,0.,0.));
#16463 = DEFINITIONAL_REPRESENTATION('',(#16464),#16468);
#16464 = LINE('',#16465,#16466);
#16465 = CARTESIAN_POINT('',(203.,3.));
#16466 = VECTOR('',#16467,1.);
#16467 = DIRECTION('',(0.,1.));
#16468 = ( GEOMETRIC_REPRESENTATION_CONTEXT(2) 
PARAMETRIC_REPRESENTATION_CONTEXT() REPRESENTATION_CONTEXT('2D SPACE',''
  ) );
#16469 = ADVANCED_FACE('',(#16470),#11764,.T.);
#16470 = FACE_BOUND('',#16471,.T.);
#16471 = EDGE_LOOP('',(#16472,#16473,#16474,#16497));
#16472 = ORIENTED_EDGE('',*,*,#11750,.F.);
#16473 = ORIENTED_EDGE('',*,*,#16401,.T.);
#16474 = ORIENTED_EDGE('',*,*,#16475,.T.);
#16475 = EDGE_CURVE('',#16402,#16476,#16478,.T.);
#16476 = VERTEX_POINT('',#16477);
#16477 = CARTESIAN_POINT('',(97.,73.,104.));
#16478 = SURFACE_CURVE('',#16479,(#16483,#16490),.PCURVE_S1.);
#16479 = LINE('',#16480,#16481);
#16480 = CARTESIAN_POINT('',(-136.,73.,104.));
#16481 = VECTOR('',#16482,1.);
#16482 = DIRECTION('',(1.,0.,0.));
#16483 = PCURVE('',#11764,#16484);
#16484 = DEFINITIONAL_REPRESENTATION('',(#16485),#16489);
#16485 = LINE('',#16486,#16487);
#16486 = CARTESIAN_POINT('',(30.,0.));
#16487 = VECTOR('',#16488,1.);
#16488 = DIRECTION('',(0.,1.));
#16489 = ( GEOMETRIC_REPRESENTATION_CONTEXT(2) 
PARAMETRIC_REPRESENTATION_CONTEXT() REPRESENTATION_CONTEXT('2D SPACE',''
  ) );
#16490 = PCURVE('',#16458,#16491);
#16491 = DEFINITIONAL_REPRESENTATION('',(#16492),#16496);
#16492 = LINE('',#16493,#16494);
#16493 = CARTESIAN_POINT('',(4.,123.));
#16494 = VECTOR('',#16495,1.);
#16495 = DIRECTION('',(1.,0.));
#16496 = ( GEOMETRIC_REPRESENTATION_CONTEXT(2) 
PARAMETRIC_REPRESENTATION_CONTEXT() REPRESENTATION_CONTEXT('2D SPACE',''
  ) );
#16497 = ORIENTED_EDGE('',*,*,#16498,.F.);
#16498 = EDGE_CURVE('',#11723,#16476,#16499,.T.);
#16499 = SURFACE_CURVE('',#16500,(#16504,#16510),.PCURVE_S1.);
#16500 = LINE('',#16501,#16502);
#16501 = CARTESIAN_POINT('',(97.,73.,74.));
#16502 = VECTOR('',#16503,1.);
#16503 = DIRECTION('',(0.,0.,1.));
#16504 = PCURVE('',#11764,#16505);
#16505 = DEFINITIONAL_REPRESENTATION('',(#16506),#16509);
#16506 = B_SPLINE_CURVE_WITH_KNOTS('',1,(#16507,#16508),.UNSPECIFIED.,
  .F.,.F.,(2,2),(0.,30.),.PIECEWISE_BEZIER_KNOTS.);
#16507 = CARTESIAN_POINT('',(0.,233.));
#16508 = CARTESIAN_POINT('',(30.,233.));
#16509 = ( GEOMETRIC_REPRESENTATION_CONTEXT(2) 
PARAMETRIC_REPRESENTATION_CONTEXT() REPRESENTATION_CONTEXT('2D SPACE',''
  ) );
#16510 = PCURVE('',#11738,#16511);
#16511 = DEFINITIONAL_REPRESENTATION('',(#16512),#16515);
#16512 = B_SPLINE_CURVE_WITH_KNOTS('',1,(#16513,#16514),.UNSPECIFIED.,
  .F.,.F.,(2,2),(0.,30.),.PIECEWISE_BEZIER_KNOTS.);
#16513 = CARTESIAN_POINT('',(0.,-120.));
#16514 = CARTESIAN_POINT('',(30.,-120.));
#16515 = ( GEOMETRIC_REPRESENTATION_CONTEXT(2) 
PARAMETRIC_REPRESENTATION_CONTEXT() REPRESENTATION_CONTEXT('2D SPACE',''
  ) );
#16516 = ADVANCED_FACE('',(#16517),#11710,.F.);
#16517 = FACE_BOUND('',#16518,.F.);
#16518 = EDGE_LOOP('',(#16519,#16520,#16521,#16544));
#16519 = ORIENTED_EDGE('',*,*,#11694,.F.);
#16520 = ORIENTED_EDGE('',*,*,#16423,.T.);
#16521 = ORIENTED_EDGE('',*,*,#16522,.T.);
#16522 = EDGE_CURVE('',#16424,#16523,#16525,.T.);
#16523 = VERTEX_POINT('',#16524);
#16524 = CARTESIAN_POINT('',(97.,107.,104.));
#16525 = SURFACE_CURVE('',#16526,(#16530,#16537),.PCURVE_S1.);
#16526 = LINE('',#16527,#16528);
#16527 = CARTESIAN_POINT('',(-136.,107.,104.));
#16528 = VECTOR('',#16529,1.);
#16529 = DIRECTION('',(1.,0.,0.));
#16530 = PCURVE('',#11710,#16531);
#16531 = DEFINITIONAL_REPRESENTATION('',(#16532),#16536);
#16532 = LINE('',#16533,#16534);
#16533 = CARTESIAN_POINT('',(30.,0.));
#16534 = VECTOR('',#16535,1.);
#16535 = DIRECTION('',(0.,1.));
#16536 = ( GEOMETRIC_REPRESENTATION_CONTEXT(2) 
PARAMETRIC_REPRESENTATION_CONTEXT() REPRESENTATION_CONTEXT('2D SPACE',''
  ) );
#16537 = PCURVE('',#16458,#16538);
#16538 = DEFINITIONAL_REPRESENTATION('',(#16539),#16543);
#16539 = LINE('',#16540,#16541);
#16540 = CARTESIAN_POINT('',(4.,157.));
#16541 = VECTOR('',#16542,1.);
#16542 = DIRECTION('',(1.,0.));
#16543 = ( GEOMETRIC_REPRESENTATION_CONTEXT(2) 
PARAMETRIC_REPRESENTATION_CONTEXT() REPRESENTATION_CONTEXT('2D SPACE',''
  ) );
#16544 = ORIENTED_EDGE('',*,*,#16545,.F.);
#16545 = EDGE_CURVE('',#11695,#16523,#16546,.T.);
#16546 = SURFACE_CURVE('',#16547,(#16551,#16557),.PCURVE_S1.);
#16547 = LINE('',#16548,#16549);
#16548 = CARTESIAN_POINT('',(97.,107.,74.));
#16549 = VECTOR('',#16550,1.);
#16550 = DIRECTION('',(0.,0.,1.));
#16551 = PCURVE('',#11710,#16552);
#16552 = DEFINITIONAL_REPRESENTATION('',(#16553),#16556);
#16553 = B_SPLINE_CURVE_WITH_KNOTS('',1,(#16554,#16555),.UNSPECIFIED.,
  .F.,.F.,(2,2),(0.,30.),.PIECEWISE_BEZIER_KNOTS.);
#16554 = CARTESIAN_POINT('',(0.,233.));
#16555 = CARTESIAN_POINT('',(30.,233.));
#16556 = ( GEOMETRIC_REPRESENTATION_CONTEXT(2) 
PARAMETRIC_REPRESENTATION_CONTEXT() REPRESENTATION_CONTEXT('2D SPACE',''
  ) );
#16557 = PCURVE('',#11738,#16558);
#16558 = DEFINITIONAL_REPRESENTATION('',(#16559),#16562);
#16559 = B_SPLINE_CURVE_WITH_KNOTS('',1,(#16560,#16561),.UNSPECIFIED.,
  .F.,.F.,(2,2),(0.,30.),.PIECEWISE_BEZIER_KNOTS.);
#16560 = CARTESIAN_POINT('',(0.,-154.));
#16561 = CARTESIAN_POINT('',(30.,-154.));
#16562 = ( GEOMETRIC_REPRESENTATION_CONTEXT(2) 
PARAMETRIC_REPRESENTATION_CONTEXT() REPRESENTATION_CONTEXT('2D SPACE',''
  ) );
#16563 = ADVANCED_FACE('',(#16564),#11738,.F.);
#16564 = FACE_BOUND('',#16565,.F.);
#16565 = EDGE_LOOP('',(#16566,#16567,#16568,#16569));
#16566 = ORIENTED_EDGE('',*,*,#16498,.F.);
#16567 = ORIENTED_EDGE('',*,*,#11722,.T.);
#16568 = ORIENTED_EDGE('',*,*,#16545,.T.);
#16569 = ORIENTED_EDGE('',*,*,#16570,.F.);
#16570 = EDGE_CURVE('',#16476,#16523,#16571,.T.);
#16571 = SURFACE_CURVE('',#16572,(#16576,#16583),.PCURVE_S1.);
#16572 = LINE('',#16573,#16574);
#16573 = CARTESIAN_POINT('',(97.,-47.,104.));
#16574 = VECTOR('',#16575,1.);
#16575 = DIRECTION('',(0.,1.,0.));
#16576 = PCURVE('',#11738,#16577);
#16577 = DEFINITIONAL_REPRESENTATION('',(#16578),#16582);
#16578 = LINE('',#16579,#16580);
#16579 = CARTESIAN_POINT('',(30.,0.));
#16580 = VECTOR('',#16581,1.);
#16581 = DIRECTION('',(0.,-1.));
#16582 = ( GEOMETRIC_REPRESENTATION_CONTEXT(2) 
PARAMETRIC_REPRESENTATION_CONTEXT() REPRESENTATION_CONTEXT('2D SPACE',''
  ) );
#16583 = PCURVE('',#16458,#16584);
#16584 = DEFINITIONAL_REPRESENTATION('',(#16585),#16589);
#16585 = LINE('',#16586,#16587);
#16586 = CARTESIAN_POINT('',(237.,3.));
#16587 = VECTOR('',#16588,1.);
#16588 = DIRECTION('',(0.,1.));
#16589 = ( GEOMETRIC_REPRESENTATION_CONTEXT(2) 
PARAMETRIC_REPRESENTATION_CONTEXT() REPRESENTATION_CONTEXT('2D SPACE',''
  ) );
#16590 = ADVANCED_FACE('',(#16591),#12404,.F.);
#16591 = FACE_BOUND('',#16592,.F.);
#16592 = EDGE_LOOP('',(#16593,#16594,#16595,#16596));
#16593 = ORIENTED_EDGE('',*,*,#12390,.F.);
#16594 = ORIENTED_EDGE('',*,*,#12421,.T.);
#16595 = ORIENTED_EDGE('',*,*,#12516,.T.);
#16596 = ORIENTED_EDGE('',*,*,#12468,.F.);
#16597 = ADVANCED_FACE('',(#16598),#12597,.F.);
#16598 = FACE_BOUND('',#16599,.F.);
#16599 = EDGE_LOOP('',(#16600,#16601,#16602,#16603));
#16600 = ORIENTED_EDGE('',*,*,#12583,.F.);
#16601 = ORIENTED_EDGE('',*,*,#12614,.T.);
#16602 = ORIENTED_EDGE('',*,*,#12709,.T.);
#16603 = ORIENTED_EDGE('',*,*,#12661,.F.);
#16604 = ADVANCED_FACE('',(#16605),#12790,.F.);
#16605 = FACE_BOUND('',#16606,.F.);
#16606 = EDGE_LOOP('',(#16607,#16608,#16609,#16610));
#16607 = ORIENTED_EDGE('',*,*,#12776,.F.);
#16608 = ORIENTED_EDGE('',*,*,#12807,.T.);
#16609 = ORIENTED_EDGE('',*,*,#12902,.T.);
#16610 = ORIENTED_EDGE('',*,*,#12854,.F.);
#16611 = ADVANCED_FACE('',(#16612),#12983,.F.);
#16612 = FACE_BOUND('',#16613,.F.);
#16613 = EDGE_LOOP('',(#16614,#16615,#16616,#16617));
#16614 = ORIENTED_EDGE('',*,*,#12969,.F.);
#16615 = ORIENTED_EDGE('',*,*,#13000,.T.);
#16616 = ORIENTED_EDGE('',*,*,#13095,.T.);
#16617 = ORIENTED_EDGE('',*,*,#13047,.F.);
#16618 = ADVANCED_FACE('',(#16619),#13206,.T.);
#16619 = FACE_BOUND('',#16620,.T.);
#16620 = EDGE_LOOP('',(#16621,#16622,#16623,#16624,#16625,#16648));
#16621 = ORIENTED_EDGE('',*,*,#13366,.F.);
#16622 = ORIENTED_EDGE('',*,*,#13191,.T.);
#16623 = ORIENTED_EDGE('',*,*,#16110,.T.);
#16624 = ORIENTED_EDGE('',*,*,#15650,.F.);
#16625 = ORIENTED_EDGE('',*,*,#16626,.F.);
#16626 = EDGE_CURVE('',#16627,#15623,#16629,.T.);
#16627 = VERTEX_POINT('',#16628);
#16628 = CARTESIAN_POINT('',(-32.,74.,76.));
#16629 = SURFACE_CURVE('',#16630,(#16634,#16641),.PCURVE_S1.);
#16630 = LINE('',#16631,#16632);
#16631 = CARTESIAN_POINT('',(-32.,74.,76.));
#16632 = VECTOR('',#16633,1.);
#16633 = DIRECTION('',(0.,1.,0.));
#16634 = PCURVE('',#13206,#16635);
#16635 = DEFINITIONAL_REPRESENTATION('',(#16636),#16640);
#16636 = LINE('',#16637,#16638);
#16637 = CARTESIAN_POINT('',(8.,56.));
#16638 = VECTOR('',#16639,1.);
#16639 = DIRECTION('',(0.,1.));
#16640 = ( GEOMETRIC_REPRESENTATION_CONTEXT(2) 
PARAMETRIC_REPRESENTATION_CONTEXT() REPRESENTATION_CONTEXT('2D SPACE',''
  ) );
#16641 = PCURVE('',#15638,#16642);
#16642 = DEFINITIONAL_REPRESENTATION('',(#16643),#16647);
#16643 = LINE('',#16644,#16645);
#16644 = CARTESIAN_POINT('',(0.,0.));
#16645 = VECTOR('',#16646,1.);
#16646 = DIRECTION('',(0.,-1.));
#16647 = ( GEOMETRIC_REPRESENTATION_CONTEXT(2) 
PARAMETRIC_REPRESENTATION_CONTEXT() REPRESENTATION_CONTEXT('2D SPACE',''
  ) );
#16648 = ORIENTED_EDGE('',*,*,#16649,.F.);
#16649 = EDGE_CURVE('',#13339,#16627,#16650,.T.);
#16650 = SURFACE_CURVE('',#16651,(#16655,#16662),.PCURVE_S1.);
#16651 = LINE('',#16652,#16653);
#16652 = CARTESIAN_POINT('',(-40.,74.,76.));
#16653 = VECTOR('',#16654,1.);
#16654 = DIRECTION('',(1.,0.,0.));
#16655 = PCURVE('',#13206,#16656);
#16656 = DEFINITIONAL_REPRESENTATION('',(#16657),#16661);
#16657 = LINE('',#16658,#16659);
#16658 = CARTESIAN_POINT('',(0.,56.));
#16659 = VECTOR('',#16660,1.);
#16660 = DIRECTION('',(1.,0.));
#16661 = ( GEOMETRIC_REPRESENTATION_CONTEXT(2) 
PARAMETRIC_REPRESENTATION_CONTEXT() REPRESENTATION_CONTEXT('2D SPACE',''
  ) );
#16662 = PCURVE('',#13354,#16663);
#16663 = DEFINITIONAL_REPRESENTATION('',(#16664),#16668);
#16664 = LINE('',#16665,#16666);
#16665 = CARTESIAN_POINT('',(0.,0.));
#16666 = VECTOR('',#16667,1.);
#16667 = DIRECTION('',(0.,1.));
#16668 = ( GEOMETRIC_REPRESENTATION_CONTEXT(2) 
PARAMETRIC_REPRESENTATION_CONTEXT() REPRESENTATION_CONTEXT('2D SPACE',''
  ) );
#16669 = ADVANCED_FACE('',(#16670,#16676),#13157,.F.);
#16670 = FACE_BOUND('',#16671,.F.);
#16671 = EDGE_LOOP('',(#16672,#16673,#16674,#16675));
#16672 = ORIENTED_EDGE('',*,*,#16184,.F.);
#16673 = ORIENTED_EDGE('',*,*,#13141,.T.);
#16674 = ORIENTED_EDGE('',*,*,#16088,.T.);
#16675 = ORIENTED_EDGE('',*,*,#16156,.F.);
#16676 = FACE_BOUND('',#16677,.F.);
#16677 = EDGE_LOOP('',(#16678,#16679,#16680,#16703));
#16678 = ORIENTED_EDGE('',*,*,#13315,.T.);
#16679 = ORIENTED_EDGE('',*,*,#15599,.T.);
#16680 = ORIENTED_EDGE('',*,*,#16681,.F.);
#16681 = EDGE_CURVE('',#16682,#15600,#16684,.T.);
#16682 = VERTEX_POINT('',#16683);
#16683 = CARTESIAN_POINT('',(-32.,74.,104.));
#16684 = SURFACE_CURVE('',#16685,(#16689,#16696),.PCURVE_S1.);
#16685 = LINE('',#16686,#16687);
#16686 = CARTESIAN_POINT('',(-32.,74.,104.));
#16687 = VECTOR('',#16688,1.);
#16688 = DIRECTION('',(0.,1.,0.));
#16689 = PCURVE('',#13157,#16690);
#16690 = DEFINITIONAL_REPRESENTATION('',(#16691),#16695);
#16691 = LINE('',#16692,#16693);
#16692 = CARTESIAN_POINT('',(108.,124.));
#16693 = VECTOR('',#16694,1.);
#16694 = DIRECTION('',(0.,1.));
#16695 = ( GEOMETRIC_REPRESENTATION_CONTEXT(2) 
PARAMETRIC_REPRESENTATION_CONTEXT() REPRESENTATION_CONTEXT('2D SPACE',''
  ) );
#16696 = PCURVE('',#15638,#16697);
#16697 = DEFINITIONAL_REPRESENTATION('',(#16698),#16702);
#16698 = LINE('',#16699,#16700);
#16699 = CARTESIAN_POINT('',(28.,0.));
#16700 = VECTOR('',#16701,1.);
#16701 = DIRECTION('',(0.,-1.));
#16702 = ( GEOMETRIC_REPRESENTATION_CONTEXT(2) 
PARAMETRIC_REPRESENTATION_CONTEXT() REPRESENTATION_CONTEXT('2D SPACE',''
  ) );
#16703 = ORIENTED_EDGE('',*,*,#16704,.F.);
#16704 = EDGE_CURVE('',#13316,#16682,#16705,.T.);
#16705 = SURFACE_CURVE('',#16706,(#16710,#16717),.PCURVE_S1.);
#16706 = LINE('',#16707,#16708);
#16707 = CARTESIAN_POINT('',(-40.,74.,104.));
#16708 = VECTOR('',#16709,1.);
#16709 = DIRECTION('',(1.,0.,0.));
#16710 = PCURVE('',#13157,#16711);
#16711 = DEFINITIONAL_REPRESENTATION('',(#16712),#16716);
#16712 = LINE('',#16713,#16714);
#16713 = CARTESIAN_POINT('',(100.,124.));
#16714 = VECTOR('',#16715,1.);
#16715 = DIRECTION('',(1.,0.));
#16716 = ( GEOMETRIC_REPRESENTATION_CONTEXT(2) 
PARAMETRIC_REPRESENTATION_CONTEXT() REPRESENTATION_CONTEXT('2D SPACE',''
  ) );
#16717 = PCURVE('',#13354,#16718);
#16718 = DEFINITIONAL_REPRESENTATION('',(#16719),#16723);
#16719 = LINE('',#16720,#16721);
#16720 = CARTESIAN_POINT('',(28.,0.));
#16721 = VECTOR('',#16722,1.);
#16722 = DIRECTION('',(0.,1.));
#16723 = ( GEOMETRIC_REPRESENTATION_CONTEXT(2) 
PARAMETRIC_REPRESENTATION_CONTEXT() REPRESENTATION_CONTEXT('2D SPACE',''
  ) );
#16724 = ADVANCED_FACE('',(#16725,#16731),#13549,.F.);
#16725 = FACE_BOUND('',#16726,.F.);
#16726 = EDGE_LOOP('',(#16727,#16728,#16729,#16730));
#16727 = ORIENTED_EDGE('',*,*,#13892,.F.);
#16728 = ORIENTED_EDGE('',*,*,#13918,.T.);
#16729 = ORIENTED_EDGE('',*,*,#14010,.T.);
#16730 = ORIENTED_EDGE('',*,*,#13801,.F.);
#16731 = FACE_BOUND('',#16732,.F.);
#16732 = EDGE_LOOP('',(#16733,#16734,#16757,#16778));
#16733 = ORIENTED_EDGE('',*,*,#13535,.T.);
#16734 = ORIENTED_EDGE('',*,*,#16735,.T.);
#16735 = EDGE_CURVE('',#13508,#16736,#16738,.T.);
#16736 = VERTEX_POINT('',#16737);
#16737 = CARTESIAN_POINT('',(-32.,26.,104.));
#16738 = SURFACE_CURVE('',#16739,(#16743,#16750),.PCURVE_S1.);
#16739 = LINE('',#16740,#16741);
#16740 = CARTESIAN_POINT('',(-40.,26.,104.));
#16741 = VECTOR('',#16742,1.);
#16742 = DIRECTION('',(1.,0.,0.));
#16743 = PCURVE('',#13549,#16744);
#16744 = DEFINITIONAL_REPRESENTATION('',(#16745),#16749);
#16745 = LINE('',#16746,#16747);
#16746 = CARTESIAN_POINT('',(100.,76.));
#16747 = VECTOR('',#16748,1.);
#16748 = DIRECTION('',(1.,0.));
#16749 = ( GEOMETRIC_REPRESENTATION_CONTEXT(2) 
PARAMETRIC_REPRESENTATION_CONTEXT() REPRESENTATION_CONTEXT('2D SPACE',''
  ) );
#16750 = PCURVE('',#13523,#16751);
#16751 = DEFINITIONAL_REPRESENTATION('',(#16752),#16756);
#16752 = LINE('',#16753,#16754);
#16753 = CARTESIAN_POINT('',(28.,0.));
#16754 = VECTOR('',#16755,1.);
#16755 = DIRECTION('',(0.,1.));
#16756 = ( GEOMETRIC_REPRESENTATION_CONTEXT(2) 
PARAMETRIC_REPRESENTATION_CONTEXT() REPRESENTATION_CONTEXT('2D SPACE',''
  ) );
#16757 = ORIENTED_EDGE('',*,*,#16758,.F.);
#16758 = EDGE_CURVE('',#14082,#16736,#16759,.T.);
#16759 = SURFACE_CURVE('',#16760,(#16764,#16771),.PCURVE_S1.);
#16760 = LINE('',#16761,#16762);
#16761 = CARTESIAN_POINT('',(-32.,18.,104.));
#16762 = VECTOR('',#16763,1.);
#16763 = DIRECTION('',(0.,1.,0.));
#16764 = PCURVE('',#13549,#16765);
#16765 = DEFINITIONAL_REPRESENTATION('',(#16766),#16770);
#16766 = LINE('',#16767,#16768);
#16767 = CARTESIAN_POINT('',(108.,68.));
#16768 = VECTOR('',#16769,1.);
#16769 = DIRECTION('',(0.,1.));
#16770 = ( GEOMETRIC_REPRESENTATION_CONTEXT(2) 
PARAMETRIC_REPRESENTATION_CONTEXT() REPRESENTATION_CONTEXT('2D SPACE',''
  ) );
#16771 = PCURVE('',#14120,#16772);
#16772 = DEFINITIONAL_REPRESENTATION('',(#16773),#16777);
#16773 = LINE('',#16774,#16775);
#16774 = CARTESIAN_POINT('',(28.,0.));
#16775 = VECTOR('',#16776,1.);
#16776 = DIRECTION('',(0.,-1.));
#16777 = ( GEOMETRIC_REPRESENTATION_CONTEXT(2) 
PARAMETRIC_REPRESENTATION_CONTEXT() REPRESENTATION_CONTEXT('2D SPACE',''
  ) );
#16778 = ORIENTED_EDGE('',*,*,#14081,.F.);
#16779 = ADVANCED_FACE('',(#16780),#13523,.T.);
#16780 = FACE_BOUND('',#16781,.T.);
#16781 = EDGE_LOOP('',(#16782,#16805,#16806,#16807));
#16782 = ORIENTED_EDGE('',*,*,#16783,.F.);
#16783 = EDGE_CURVE('',#13480,#16784,#16786,.T.);
#16784 = VERTEX_POINT('',#16785);
#16785 = CARTESIAN_POINT('',(-32.,26.,76.));
#16786 = SURFACE_CURVE('',#16787,(#16791,#16798),.PCURVE_S1.);
#16787 = LINE('',#16788,#16789);
#16788 = CARTESIAN_POINT('',(-40.,26.,76.));
#16789 = VECTOR('',#16790,1.);
#16790 = DIRECTION('',(1.,0.,0.));
#16791 = PCURVE('',#13523,#16792);
#16792 = DEFINITIONAL_REPRESENTATION('',(#16793),#16797);
#16793 = LINE('',#16794,#16795);
#16794 = CARTESIAN_POINT('',(0.,0.));
#16795 = VECTOR('',#16796,1.);
#16796 = DIRECTION('',(0.,1.));
#16797 = ( GEOMETRIC_REPRESENTATION_CONTEXT(2) 
PARAMETRIC_REPRESENTATION_CONTEXT() REPRESENTATION_CONTEXT('2D SPACE',''
  ) );
#16798 = PCURVE('',#13495,#16799);
#16799 = DEFINITIONAL_REPRESENTATION('',(#16800),#16804);
#16800 = LINE('',#16801,#16802);
#16801 = CARTESIAN_POINT('',(0.,8.));
#16802 = VECTOR('',#16803,1.);
#16803 = DIRECTION('',(1.,0.));
#16804 = ( GEOMETRIC_REPRESENTATION_CONTEXT(2) 
PARAMETRIC_REPRESENTATION_CONTEXT() REPRESENTATION_CONTEXT('2D SPACE',''
  ) );
#16805 = ORIENTED_EDGE('',*,*,#13507,.T.);
#16806 = ORIENTED_EDGE('',*,*,#16735,.T.);
#16807 = ORIENTED_EDGE('',*,*,#16808,.F.);
#16808 = EDGE_CURVE('',#16784,#16736,#16809,.T.);
#16809 = SURFACE_CURVE('',#16810,(#16814,#16821),.PCURVE_S1.);
#16810 = LINE('',#16811,#16812);
#16811 = CARTESIAN_POINT('',(-32.,26.,76.));
#16812 = VECTOR('',#16813,1.);
#16813 = DIRECTION('',(0.,0.,1.));
#16814 = PCURVE('',#13523,#16815);
#16815 = DEFINITIONAL_REPRESENTATION('',(#16816),#16820);
#16816 = LINE('',#16817,#16818);
#16817 = CARTESIAN_POINT('',(0.,8.));
#16818 = VECTOR('',#16819,1.);
#16819 = DIRECTION('',(1.,0.));
#16820 = ( GEOMETRIC_REPRESENTATION_CONTEXT(2) 
PARAMETRIC_REPRESENTATION_CONTEXT() REPRESENTATION_CONTEXT('2D SPACE',''
  ) );
#16821 = PCURVE('',#14120,#16822);
#16822 = DEFINITIONAL_REPRESENTATION('',(#16823),#16827);
#16823 = LINE('',#16824,#16825);
#16824 = CARTESIAN_POINT('',(0.,-8.));
#16825 = VECTOR('',#16826,1.);
#16826 = DIRECTION('',(1.,0.));
#16827 = ( GEOMETRIC_REPRESENTATION_CONTEXT(2) 
PARAMETRIC_REPRESENTATION_CONTEXT() REPRESENTATION_CONTEXT('2D SPACE',''
  ) );
#16828 = ADVANCED_FACE('',(#16829),#13495,.T.);
#16829 = FACE_BOUND('',#16830,.T.);
#16830 = EDGE_LOOP('',(#16831,#16832,#16833,#16854,#16855,#16856));
#16831 = ORIENTED_EDGE('',*,*,#13479,.F.);
#16832 = ORIENTED_EDGE('',*,*,#16783,.T.);
#16833 = ORIENTED_EDGE('',*,*,#16834,.F.);
#16834 = EDGE_CURVE('',#14105,#16784,#16835,.T.);
#16835 = SURFACE_CURVE('',#16836,(#16840,#16847),.PCURVE_S1.);
#16836 = LINE('',#16837,#16838);
#16837 = CARTESIAN_POINT('',(-32.,18.,76.));
#16838 = VECTOR('',#16839,1.);
#16839 = DIRECTION('',(0.,1.,0.));
#16840 = PCURVE('',#13495,#16841);
#16841 = DEFINITIONAL_REPRESENTATION('',(#16842),#16846);
#16842 = LINE('',#16843,#16844);
#16843 = CARTESIAN_POINT('',(8.,0.));
#16844 = VECTOR('',#16845,1.);
#16845 = DIRECTION('',(0.,1.));
#16846 = ( GEOMETRIC_REPRESENTATION_CONTEXT(2) 
PARAMETRIC_REPRESENTATION_CONTEXT() REPRESENTATION_CONTEXT('2D SPACE',''
  ) );
#16847 = PCURVE('',#14120,#16848);
#16848 = DEFINITIONAL_REPRESENTATION('',(#16849),#16853);
#16849 = LINE('',#16850,#16851);
#16850 = CARTESIAN_POINT('',(0.,0.));
#16851 = VECTOR('',#16852,1.);
#16852 = DIRECTION('',(0.,-1.));
#16853 = ( GEOMETRIC_REPRESENTATION_CONTEXT(2) 
PARAMETRIC_REPRESENTATION_CONTEXT() REPRESENTATION_CONTEXT('2D SPACE',''
  ) );
#16854 = ORIENTED_EDGE('',*,*,#14132,.T.);
#16855 = ORIENTED_EDGE('',*,*,#13988,.T.);
#16856 = ORIENTED_EDGE('',*,*,#13846,.F.);
#16857 = ADVANCED_FACE('',(#16858),#13426,.T.);
#16858 = FACE_BOUND('',#16859,.T.);
#16859 = EDGE_LOOP('',(#16860,#16861,#16862,#16883));
#16860 = ORIENTED_EDGE('',*,*,#13410,.F.);
#16861 = ORIENTED_EDGE('',*,*,#13756,.T.);
#16862 = ORIENTED_EDGE('',*,*,#16863,.T.);
#16863 = EDGE_CURVE('',#13736,#13615,#16864,.T.);
#16864 = SURFACE_CURVE('',#16865,(#16869,#16876),.PCURVE_S1.);
#16865 = LINE('',#16866,#16867);
#16866 = CARTESIAN_POINT('',(-23.,18.,76.));
#16867 = VECTOR('',#16868,1.);
#16868 = DIRECTION('',(0.,1.,0.));
#16869 = PCURVE('',#13426,#16870);
#16870 = DEFINITIONAL_REPRESENTATION('',(#16871),#16875);
#16871 = LINE('',#16872,#16873);
#16872 = CARTESIAN_POINT('',(17.,0.));
#16873 = VECTOR('',#16874,1.);
#16874 = DIRECTION('',(0.,1.));
#16875 = ( GEOMETRIC_REPRESENTATION_CONTEXT(2) 
PARAMETRIC_REPRESENTATION_CONTEXT() REPRESENTATION_CONTEXT('2D SPACE',''
  ) );
#16876 = PCURVE('',#13629,#16877);
#16877 = DEFINITIONAL_REPRESENTATION('',(#16878),#16882);
#16878 = LINE('',#16879,#16880);
#16879 = CARTESIAN_POINT('',(2.,-65.));
#16880 = VECTOR('',#16881,1.);
#16881 = DIRECTION('',(0.,-1.));
#16882 = ( GEOMETRIC_REPRESENTATION_CONTEXT(2) 
PARAMETRIC_REPRESENTATION_CONTEXT() REPRESENTATION_CONTEXT('2D SPACE',''
  ) );
#16883 = ORIENTED_EDGE('',*,*,#13640,.F.);
#16884 = ADVANCED_FACE('',(#16885),#13354,.F.);
#16885 = FACE_BOUND('',#16886,.F.);
#16886 = EDGE_LOOP('',(#16887,#16888,#16889,#16890));
#16887 = ORIENTED_EDGE('',*,*,#16649,.F.);
#16888 = ORIENTED_EDGE('',*,*,#13338,.T.);
#16889 = ORIENTED_EDGE('',*,*,#16704,.T.);
#16890 = ORIENTED_EDGE('',*,*,#16891,.F.);
#16891 = EDGE_CURVE('',#16627,#16682,#16892,.T.);
#16892 = SURFACE_CURVE('',#16893,(#16897,#16904),.PCURVE_S1.);
#16893 = LINE('',#16894,#16895);
#16894 = CARTESIAN_POINT('',(-32.,74.,76.));
#16895 = VECTOR('',#16896,1.);
#16896 = DIRECTION('',(0.,0.,1.));
#16897 = PCURVE('',#13354,#16898);
#16898 = DEFINITIONAL_REPRESENTATION('',(#16899),#16903);
#16899 = LINE('',#16900,#16901);
#16900 = CARTESIAN_POINT('',(0.,8.));
#16901 = VECTOR('',#16902,1.);
#16902 = DIRECTION('',(1.,0.));
#16903 = ( GEOMETRIC_REPRESENTATION_CONTEXT(2) 
PARAMETRIC_REPRESENTATION_CONTEXT() REPRESENTATION_CONTEXT('2D SPACE',''
  ) );
#16904 = PCURVE('',#15638,#16905);
#16905 = DEFINITIONAL_REPRESENTATION('',(#16906),#16910);
#16906 = LINE('',#16907,#16908);
#16907 = CARTESIAN_POINT('',(0.,0.));
#16908 = VECTOR('',#16909,1.);
#16909 = DIRECTION('',(1.,0.));
#16910 = ( GEOMETRIC_REPRESENTATION_CONTEXT(2) 
PARAMETRIC_REPRESENTATION_CONTEXT() REPRESENTATION_CONTEXT('2D SPACE',''
  ) );
#16911 = ADVANCED_FACE('',(#16912,#16918),#13280,.F.);
#16912 = FACE_BOUND('',#16913,.F.);
#16913 = EDGE_LOOP('',(#16914,#16915,#16916,#16917));
#16914 = ORIENTED_EDGE('',*,*,#13264,.F.);
#16915 = ORIENTED_EDGE('',*,*,#14059,.T.);
#16916 = ORIENTED_EDGE('',*,*,#14811,.T.);
#16917 = ORIENTED_EDGE('',*,*,#15577,.F.);
#16918 = FACE_BOUND('',#16919,.F.);
#16919 = EDGE_LOOP('',(#16920));
#16920 = ORIENTED_EDGE('',*,*,#16921,.T.);
#16921 = EDGE_CURVE('',#16922,#16922,#16924,.T.);
#16922 = VERTEX_POINT('',#16923);
#16923 = CARTESIAN_POINT('',(12.,50.,70.));
#16924 = SURFACE_CURVE('',#16925,(#16930,#16941),.PCURVE_S1.);
#16925 = CIRCLE('',#16926,12.);
#16926 = AXIS2_PLACEMENT_3D('',#16927,#16928,#16929);
#16927 = CARTESIAN_POINT('',(0.,50.,70.));
#16928 = DIRECTION('',(0.,0.,-1.));
#16929 = DIRECTION('',(1.,0.,0.));
#16930 = PCURVE('',#13280,#16931);
#16931 = DEFINITIONAL_REPRESENTATION('',(#16932),#16940);
#16932 = ( BOUNDED_CURVE() B_SPLINE_CURVE(2,(#16933,#16934,#16935,#16936
    ,#16937,#16938,#16939),.UNSPECIFIED.,.T.,.F.) 
B_SPLINE_CURVE_WITH_KNOTS((1,2,2,2,2,1),(-2.094395102393,0.,
    2.094395102393,4.188790204786,6.28318530718,8.377580409573),
.UNSPECIFIED.) CURVE() GEOMETRIC_REPRESENTATION_ITEM() 
RATIONAL_B_SPLINE_CURVE((1.,0.5,1.,0.5,1.,0.5,1.)) REPRESENTATION_ITEM(
  '') );
#16933 = CARTESIAN_POINT('',(52.,32.));
#16934 = CARTESIAN_POINT('',(52.,11.215390309173));
#16935 = CARTESIAN_POINT('',(34.,21.607695154587));
#16936 = CARTESIAN_POINT('',(16.,32.));
#16937 = CARTESIAN_POINT('',(34.,42.392304845413));
#16938 = CARTESIAN_POINT('',(52.,52.784609690827));
#16939 = CARTESIAN_POINT('',(52.,32.));
#16940 = ( GEOMETRIC_REPRESENTATION_CONTEXT(2) 
PARAMETRIC_REPRESENTATION_CONTEXT() REPRESENTATION_CONTEXT('2D SPACE',''
  ) );
#16941 = PCURVE('',#16942,#16947);
#16942 = CYLINDRICAL_SURFACE('',#16943,12.);
#16943 = AXIS2_PLACEMENT_3D('',#16944,#16945,#16946);
#16944 = CARTESIAN_POINT('',(0.,50.,-1.));
#16945 = DIRECTION('',(-0.,-0.,-1.));
#16946 = DIRECTION('',(1.,0.,0.));
#16947 = DEFINITIONAL_REPRESENTATION('',(#16948),#16952);
#16948 = LINE('',#16949,#16950);
#16949 = CARTESIAN_POINT('',(-6.28318530718,-71.));
#16950 = VECTOR('',#16951,1.);
#16951 = DIRECTION('',(1.,-0.));
#16952 = ( GEOMETRIC_REPRESENTATION_CONTEXT(2) 
PARAMETRIC_REPRESENTATION_CONTEXT() REPRESENTATION_CONTEXT('2D SPACE',''
  ) );
#16953 = ADVANCED_FACE('',(#16954),#13629,.F.);
#16954 = FACE_BOUND('',#16955,.F.);
#16955 = EDGE_LOOP('',(#16956,#16957,#16958,#16959));
#16956 = ORIENTED_EDGE('',*,*,#13735,.F.);
#16957 = ORIENTED_EDGE('',*,*,#16863,.T.);
#16958 = ORIENTED_EDGE('',*,*,#13614,.T.);
#16959 = ORIENTED_EDGE('',*,*,#16960,.F.);
#16960 = EDGE_CURVE('',#13713,#13587,#16961,.T.);
#16961 = SURFACE_CURVE('',#16962,(#16966,#16973),.PCURVE_S1.);
#16962 = LINE('',#16963,#16964);
#16963 = CARTESIAN_POINT('',(-23.,-47.,104.));
#16964 = VECTOR('',#16965,1.);
#16965 = DIRECTION('',(0.,1.,0.));
#16966 = PCURVE('',#13629,#16967);
#16967 = DEFINITIONAL_REPRESENTATION('',(#16968),#16972);
#16968 = LINE('',#16969,#16970);
#16969 = CARTESIAN_POINT('',(30.,0.));
#16970 = VECTOR('',#16971,1.);
#16971 = DIRECTION('',(0.,-1.));
#16972 = ( GEOMETRIC_REPRESENTATION_CONTEXT(2) 
PARAMETRIC_REPRESENTATION_CONTEXT() REPRESENTATION_CONTEXT('2D SPACE',''
  ) );
#16973 = PCURVE('',#13602,#16974);
#16974 = DEFINITIONAL_REPRESENTATION('',(#16975),#16979);
#16975 = LINE('',#16976,#16977);
#16976 = CARTESIAN_POINT('',(117.,3.));
#16977 = VECTOR('',#16978,1.);
#16978 = DIRECTION('',(0.,1.));
#16979 = ( GEOMETRIC_REPRESENTATION_CONTEXT(2) 
PARAMETRIC_REPRESENTATION_CONTEXT() REPRESENTATION_CONTEXT('2D SPACE',''
  ) );
#16980 = ADVANCED_FACE('',(#16981),#13602,.F.);
#16981 = FACE_BOUND('',#16982,.F.);
#16982 = EDGE_LOOP('',(#16983,#16984,#16985,#16986));
#16983 = ORIENTED_EDGE('',*,*,#13686,.F.);
#16984 = ORIENTED_EDGE('',*,*,#13712,.T.);
#16985 = ORIENTED_EDGE('',*,*,#16960,.T.);
#16986 = ORIENTED_EDGE('',*,*,#13586,.F.);
#16987 = ADVANCED_FACE('',(#16988,#16994),#14318,.F.);
#16988 = FACE_BOUND('',#16989,.F.);
#16989 = EDGE_LOOP('',(#16990,#16991,#16992,#16993));
#16990 = ORIENTED_EDGE('',*,*,#14651,.T.);
#16991 = ORIENTED_EDGE('',*,*,#14719,.T.);
#16992 = ORIENTED_EDGE('',*,*,#14785,.F.);
#16993 = ORIENTED_EDGE('',*,*,#14625,.T.);
#16994 = FACE_BOUND('',#16995,.F.);
#16995 = EDGE_LOOP('',(#16996,#16997,#16998,#17021));
#16996 = ORIENTED_EDGE('',*,*,#15082,.F.);
#16997 = ORIENTED_EDGE('',*,*,#14304,.F.);
#16998 = ORIENTED_EDGE('',*,*,#16999,.T.);
#16999 = EDGE_CURVE('',#14277,#17000,#17002,.T.);
#17000 = VERTEX_POINT('',#17001);
#17001 = CARTESIAN_POINT('',(32.,26.,104.));
#17002 = SURFACE_CURVE('',#17003,(#17007,#17014),.PCURVE_S1.);
#17003 = LINE('',#17004,#17005);
#17004 = CARTESIAN_POINT('',(32.,18.,104.));
#17005 = VECTOR('',#17006,1.);
#17006 = DIRECTION('',(0.,1.,0.));
#17007 = PCURVE('',#14318,#17008);
#17008 = DEFINITIONAL_REPRESENTATION('',(#17009),#17013);
#17009 = LINE('',#17010,#17011);
#17010 = CARTESIAN_POINT('',(172.,68.));
#17011 = VECTOR('',#17012,1.);
#17012 = DIRECTION('',(0.,1.));
#17013 = ( GEOMETRIC_REPRESENTATION_CONTEXT(2) 
PARAMETRIC_REPRESENTATION_CONTEXT() REPRESENTATION_CONTEXT('2D SPACE',''
  ) );
#17014 = PCURVE('',#14292,#17015);
#17015 = DEFINITIONAL_REPRESENTATION('',(#17016),#17020);
#17016 = LINE('',#17017,#17018);
#17017 = CARTESIAN_POINT('',(28.,0.));
#17018 = VECTOR('',#17019,1.);
#17019 = DIRECTION('',(0.,-1.));
#17020 = ( GEOMETRIC_REPRESENTATION_CONTEXT(2) 
PARAMETRIC_REPRESENTATION_CONTEXT() REPRESENTATION_CONTEXT('2D SPACE',''
  ) );
#17021 = ORIENTED_EDGE('',*,*,#17022,.T.);
#17022 = EDGE_CURVE('',#17000,#15055,#17023,.T.);
#17023 = SURFACE_CURVE('',#17024,(#17028,#17035),.PCURVE_S1.);
#17024 = LINE('',#17025,#17026);
#17025 = CARTESIAN_POINT('',(32.,26.,104.));
#17026 = VECTOR('',#17027,1.);
#17027 = DIRECTION('',(1.,0.,0.));
#17028 = PCURVE('',#14318,#17029);
#17029 = DEFINITIONAL_REPRESENTATION('',(#17030),#17034);
#17030 = LINE('',#17031,#17032);
#17031 = CARTESIAN_POINT('',(172.,76.));
#17032 = VECTOR('',#17033,1.);
#17033 = DIRECTION('',(1.,0.));
#17034 = ( GEOMETRIC_REPRESENTATION_CONTEXT(2) 
PARAMETRIC_REPRESENTATION_CONTEXT() REPRESENTATION_CONTEXT('2D SPACE',''
  ) );
#17035 = PCURVE('',#15070,#17036);
#17036 = DEFINITIONAL_REPRESENTATION('',(#17037),#17041);
#17037 = LINE('',#17038,#17039);
#17038 = CARTESIAN_POINT('',(28.,0.));
#17039 = VECTOR('',#17040,1.);
#17040 = DIRECTION('',(0.,1.));
#17041 = ( GEOMETRIC_REPRESENTATION_CONTEXT(2) 
PARAMETRIC_REPRESENTATION_CONTEXT() REPRESENTATION_CONTEXT('2D SPACE',''
  ) );
#17042 = ADVANCED_FACE('',(#17043),#14292,.F.);
#17043 = FACE_BOUND('',#17044,.F.);
#17044 = EDGE_LOOP('',(#17045,#17046,#17069,#17090));
#17045 = ORIENTED_EDGE('',*,*,#14276,.F.);
#17046 = ORIENTED_EDGE('',*,*,#17047,.T.);
#17047 = EDGE_CURVE('',#14249,#17048,#17050,.T.);
#17048 = VERTEX_POINT('',#17049);
#17049 = CARTESIAN_POINT('',(32.,26.,76.));
#17050 = SURFACE_CURVE('',#17051,(#17055,#17062),.PCURVE_S1.);
#17051 = LINE('',#17052,#17053);
#17052 = CARTESIAN_POINT('',(32.,18.,76.));
#17053 = VECTOR('',#17054,1.);
#17054 = DIRECTION('',(0.,1.,0.));
#17055 = PCURVE('',#14292,#17056);
#17056 = DEFINITIONAL_REPRESENTATION('',(#17057),#17061);
#17057 = LINE('',#17058,#17059);
#17058 = CARTESIAN_POINT('',(0.,0.));
#17059 = VECTOR('',#17060,1.);
#17060 = DIRECTION('',(0.,-1.));
#17061 = ( GEOMETRIC_REPRESENTATION_CONTEXT(2) 
PARAMETRIC_REPRESENTATION_CONTEXT() REPRESENTATION_CONTEXT('2D SPACE',''
  ) );
#17062 = PCURVE('',#14264,#17063);
#17063 = DEFINITIONAL_REPRESENTATION('',(#17064),#17068);
#17064 = LINE('',#17065,#17066);
#17065 = CARTESIAN_POINT('',(72.,0.));
#17066 = VECTOR('',#17067,1.);
#17067 = DIRECTION('',(0.,1.));
#17068 = ( GEOMETRIC_REPRESENTATION_CONTEXT(2) 
PARAMETRIC_REPRESENTATION_CONTEXT() REPRESENTATION_CONTEXT('2D SPACE',''
  ) );
#17069 = ORIENTED_EDGE('',*,*,#17070,.T.);
#17070 = EDGE_CURVE('',#17048,#17000,#17071,.T.);
#17071 = SURFACE_CURVE('',#17072,(#17076,#17083),.PCURVE_S1.);
#17072 = LINE('',#17073,#17074);
#17073 = CARTESIAN_POINT('',(32.,26.,76.));
#17074 = VECTOR('',#17075,1.);
#17075 = DIRECTION('',(0.,0.,1.));
#17076 = PCURVE('',#14292,#17077);
#17077 = DEFINITIONAL_REPRESENTATION('',(#17078),#17082);
#17078 = LINE('',#17079,#17080);
#17079 = CARTESIAN_POINT('',(0.,-8.));
#17080 = VECTOR('',#17081,1.);
#17081 = DIRECTION('',(1.,0.));
#17082 = ( GEOMETRIC_REPRESENTATION_CONTEXT(2) 
PARAMETRIC_REPRESENTATION_CONTEXT() REPRESENTATION_CONTEXT('2D SPACE',''
  ) );
#17083 = PCURVE('',#15070,#17084);
#17084 = DEFINITIONAL_REPRESENTATION('',(#17085),#17089);
#17085 = LINE('',#17086,#17087);
#17086 = CARTESIAN_POINT('',(0.,0.));
#17087 = VECTOR('',#17088,1.);
#17088 = DIRECTION('',(1.,0.));
#17089 = ( GEOMETRIC_REPRESENTATION_CONTEXT(2) 
PARAMETRIC_REPRESENTATION_CONTEXT() REPRESENTATION_CONTEXT('2D SPACE',''
  ) );
#17090 = ORIENTED_EDGE('',*,*,#16999,.F.);
#17091 = ADVANCED_FACE('',(#17092),#14264,.T.);
#17092 = FACE_BOUND('',#17093,.T.);
#17093 = EDGE_LOOP('',(#17094,#17095,#17096,#17097,#17098,#17119));
#17094 = ORIENTED_EDGE('',*,*,#14765,.F.);
#17095 = ORIENTED_EDGE('',*,*,#14580,.F.);
#17096 = ORIENTED_EDGE('',*,*,#14248,.T.);
#17097 = ORIENTED_EDGE('',*,*,#17047,.T.);
#17098 = ORIENTED_EDGE('',*,*,#17099,.T.);
#17099 = EDGE_CURVE('',#17048,#15032,#17100,.T.);
#17100 = SURFACE_CURVE('',#17101,(#17105,#17112),.PCURVE_S1.);
#17101 = LINE('',#17102,#17103);
#17102 = CARTESIAN_POINT('',(32.,26.,76.));
#17103 = VECTOR('',#17104,1.);
#17104 = DIRECTION('',(1.,0.,0.));
#17105 = PCURVE('',#14264,#17106);
#17106 = DEFINITIONAL_REPRESENTATION('',(#17107),#17111);
#17107 = LINE('',#17108,#17109);
#17108 = CARTESIAN_POINT('',(72.,8.));
#17109 = VECTOR('',#17110,1.);
#17110 = DIRECTION('',(1.,0.));
#17111 = ( GEOMETRIC_REPRESENTATION_CONTEXT(2) 
PARAMETRIC_REPRESENTATION_CONTEXT() REPRESENTATION_CONTEXT('2D SPACE',''
  ) );
#17112 = PCURVE('',#15070,#17113);
#17113 = DEFINITIONAL_REPRESENTATION('',(#17114),#17118);
#17114 = LINE('',#17115,#17116);
#17115 = CARTESIAN_POINT('',(0.,0.));
#17116 = VECTOR('',#17117,1.);
#17117 = DIRECTION('',(0.,1.));
#17118 = ( GEOMETRIC_REPRESENTATION_CONTEXT(2) 
PARAMETRIC_REPRESENTATION_CONTEXT() REPRESENTATION_CONTEXT('2D SPACE',''
  ) );
#17119 = ORIENTED_EDGE('',*,*,#15031,.T.);
#17120 = ADVANCED_FACE('',(#17121),#14193,.T.);
#17121 = FACE_BOUND('',#17122,.T.);
#17122 = EDGE_LOOP('',(#17123,#17142,#17143,#17144));
#17123 = ORIENTED_EDGE('',*,*,#17124,.F.);
#17124 = EDGE_CURVE('',#14358,#14488,#17125,.T.);
#17125 = SURFACE_CURVE('',#17126,(#17130,#17136),.PCURVE_S1.);
#17126 = LINE('',#17127,#17128);
#17127 = CARTESIAN_POINT('',(-88.,27.,76.));
#17128 = VECTOR('',#17129,1.);
#17129 = DIRECTION('',(1.,0.,0.));
#17130 = PCURVE('',#14193,#17131);
#17131 = DEFINITIONAL_REPRESENTATION('',(#17132),#17135);
#17132 = B_SPLINE_CURVE_WITH_KNOTS('',1,(#17133,#17134),.UNSPECIFIED.,
  .F.,.F.,(2,2),(71.,105.),.PIECEWISE_BEZIER_KNOTS.);
#17133 = CARTESIAN_POINT('',(23.,9.));
#17134 = CARTESIAN_POINT('',(57.,9.));
#17135 = ( GEOMETRIC_REPRESENTATION_CONTEXT(2) 
PARAMETRIC_REPRESENTATION_CONTEXT() REPRESENTATION_CONTEXT('2D SPACE',''
  ) );
#17136 = PCURVE('',#14396,#17137);
#17137 = DEFINITIONAL_REPRESENTATION('',(#17138),#17141);
#17138 = B_SPLINE_CURVE_WITH_KNOTS('',1,(#17139,#17140),.UNSPECIFIED.,
  .F.,.F.,(2,2),(71.,105.),.PIECEWISE_BEZIER_KNOTS.);
#17139 = CARTESIAN_POINT('',(2.,119.));
#17140 = CARTESIAN_POINT('',(2.,153.));
#17141 = ( GEOMETRIC_REPRESENTATION_CONTEXT(2) 
PARAMETRIC_REPRESENTATION_CONTEXT() REPRESENTATION_CONTEXT('2D SPACE',''
  ) );
#17142 = ORIENTED_EDGE('',*,*,#14357,.F.);
#17143 = ORIENTED_EDGE('',*,*,#14177,.T.);
#17144 = ORIENTED_EDGE('',*,*,#14487,.T.);
#17145 = ADVANCED_FACE('',(#17146),#14120,.T.);
#17146 = FACE_BOUND('',#17147,.T.);
#17147 = EDGE_LOOP('',(#17148,#17149,#17150,#17151));
#17148 = ORIENTED_EDGE('',*,*,#14104,.F.);
#17149 = ORIENTED_EDGE('',*,*,#16834,.T.);
#17150 = ORIENTED_EDGE('',*,*,#16808,.T.);
#17151 = ORIENTED_EDGE('',*,*,#16758,.F.);
#17152 = ADVANCED_FACE('',(#17153),#14396,.F.);
#17153 = FACE_BOUND('',#17154,.F.);
#17154 = EDGE_LOOP('',(#17155,#17156,#17157,#17178));
#17155 = ORIENTED_EDGE('',*,*,#17124,.F.);
#17156 = ORIENTED_EDGE('',*,*,#14380,.T.);
#17157 = ORIENTED_EDGE('',*,*,#17158,.T.);
#17158 = EDGE_CURVE('',#14381,#14511,#17159,.T.);
#17159 = SURFACE_CURVE('',#17160,(#17164,#17171),.PCURVE_S1.);
#17160 = LINE('',#17161,#17162);
#17161 = CARTESIAN_POINT('',(-136.,27.,104.));
#17162 = VECTOR('',#17163,1.);
#17163 = DIRECTION('',(1.,0.,0.));
#17164 = PCURVE('',#14396,#17165);
#17165 = DEFINITIONAL_REPRESENTATION('',(#17166),#17170);
#17166 = LINE('',#17167,#17168);
#17167 = CARTESIAN_POINT('',(30.,0.));
#17168 = VECTOR('',#17169,1.);
#17169 = DIRECTION('',(0.,1.));
#17170 = ( GEOMETRIC_REPRESENTATION_CONTEXT(2) 
PARAMETRIC_REPRESENTATION_CONTEXT() REPRESENTATION_CONTEXT('2D SPACE',''
  ) );
#17171 = PCURVE('',#14421,#17172);
#17172 = DEFINITIONAL_REPRESENTATION('',(#17173),#17177);
#17173 = LINE('',#17174,#17175);
#17174 = CARTESIAN_POINT('',(4.,77.));
#17175 = VECTOR('',#17176,1.);
#17176 = DIRECTION('',(1.,0.));
#17177 = ( GEOMETRIC_REPRESENTATION_CONTEXT(2) 
PARAMETRIC_REPRESENTATION_CONTEXT() REPRESENTATION_CONTEXT('2D SPACE',''
  ) );
#17178 = ORIENTED_EDGE('',*,*,#14510,.F.);
#17179 = ADVANCED_FACE('',(#17180),#14421,.F.);
#17180 = FACE_BOUND('',#17181,.F.);
#17181 = EDGE_LOOP('',(#17182,#17183,#17184,#17185));
#17182 = ORIENTED_EDGE('',*,*,#14407,.T.);
#17183 = ORIENTED_EDGE('',*,*,#14438,.T.);
#17184 = ORIENTED_EDGE('',*,*,#14532,.T.);
#17185 = ORIENTED_EDGE('',*,*,#17158,.F.);
#17186 = ADVANCED_FACE('',(#17187),#15070,.T.);
#17187 = FACE_BOUND('',#17188,.T.);
#17188 = EDGE_LOOP('',(#17189,#17190,#17191,#17192));
#17189 = ORIENTED_EDGE('',*,*,#17099,.F.);
#17190 = ORIENTED_EDGE('',*,*,#17070,.T.);
#17191 = ORIENTED_EDGE('',*,*,#17022,.T.);
#17192 = ORIENTED_EDGE('',*,*,#15054,.F.);
#17193 = ADVANCED_FACE('',(#17194),#14998,.T.);
#17194 = FACE_BOUND('',#17195,.T.);
#17195 = EDGE_LOOP('',(#17196,#17197,#17218,#17219));
#17196 = ORIENTED_EDGE('',*,*,#15254,.F.);
#17197 = ORIENTED_EDGE('',*,*,#17198,.F.);
#17198 = EDGE_CURVE('',#15109,#15255,#17199,.T.);
#17199 = SURFACE_CURVE('',#17200,(#17204,#17211),.PCURVE_S1.);
#17200 = LINE('',#17201,#17202);
#17201 = CARTESIAN_POINT('',(23.,18.,76.));
#17202 = VECTOR('',#17203,1.);
#17203 = DIRECTION('',(0.,1.,0.));
#17204 = PCURVE('',#14998,#17205);
#17205 = DEFINITIONAL_REPRESENTATION('',(#17206),#17210);
#17206 = LINE('',#17207,#17208);
#17207 = CARTESIAN_POINT('',(63.,0.));
#17208 = VECTOR('',#17209,1.);
#17209 = DIRECTION('',(0.,1.));
#17210 = ( GEOMETRIC_REPRESENTATION_CONTEXT(2) 
PARAMETRIC_REPRESENTATION_CONTEXT() REPRESENTATION_CONTEXT('2D SPACE',''
  ) );
#17211 = PCURVE('',#15144,#17212);
#17212 = DEFINITIONAL_REPRESENTATION('',(#17213),#17217);
#17213 = LINE('',#17214,#17215);
#17214 = CARTESIAN_POINT('',(2.,-65.));
#17215 = VECTOR('',#17216,1.);
#17216 = DIRECTION('',(0.,-1.));
#17217 = ( GEOMETRIC_REPRESENTATION_CONTEXT(2) 
PARAMETRIC_REPRESENTATION_CONTEXT() REPRESENTATION_CONTEXT('2D SPACE',''
  ) );
#17218 = ORIENTED_EDGE('',*,*,#15108,.T.);
#17219 = ORIENTED_EDGE('',*,*,#14982,.T.);
#17220 = ADVANCED_FACE('',(#17221),#14929,.T.);
#17221 = FACE_BOUND('',#17222,.T.);
#17222 = EDGE_LOOP('',(#17223,#17224,#17225,#17226,#17227,#17250));
#17223 = ORIENTED_EDGE('',*,*,#15766,.F.);
#17224 = ORIENTED_EDGE('',*,*,#15552,.F.);
#17225 = ORIENTED_EDGE('',*,*,#15323,.T.);
#17226 = ORIENTED_EDGE('',*,*,#14913,.T.);
#17227 = ORIENTED_EDGE('',*,*,#17228,.F.);
#17228 = EDGE_CURVE('',#17229,#14886,#17231,.T.);
#17229 = VERTEX_POINT('',#17230);
#17230 = CARTESIAN_POINT('',(32.,74.,76.));
#17231 = SURFACE_CURVE('',#17232,(#17236,#17243),.PCURVE_S1.);
#17232 = LINE('',#17233,#17234);
#17233 = CARTESIAN_POINT('',(32.,74.,76.));
#17234 = VECTOR('',#17235,1.);
#17235 = DIRECTION('',(1.,0.,0.));
#17236 = PCURVE('',#14929,#17237);
#17237 = DEFINITIONAL_REPRESENTATION('',(#17238),#17242);
#17238 = LINE('',#17239,#17240);
#17239 = CARTESIAN_POINT('',(72.,56.));
#17240 = VECTOR('',#17241,1.);
#17241 = DIRECTION('',(1.,0.));
#17242 = ( GEOMETRIC_REPRESENTATION_CONTEXT(2) 
PARAMETRIC_REPRESENTATION_CONTEXT() REPRESENTATION_CONTEXT('2D SPACE',''
  ) );
#17243 = PCURVE('',#14901,#17244);
#17244 = DEFINITIONAL_REPRESENTATION('',(#17245),#17249);
#17245 = LINE('',#17246,#17247);
#17246 = CARTESIAN_POINT('',(0.,0.));
#17247 = VECTOR('',#17248,1.);
#17248 = DIRECTION('',(0.,1.));
#17249 = ( GEOMETRIC_REPRESENTATION_CONTEXT(2) 
PARAMETRIC_REPRESENTATION_CONTEXT() REPRESENTATION_CONTEXT('2D SPACE',''
  ) );
#17250 = ORIENTED_EDGE('',*,*,#17251,.T.);
#17251 = EDGE_CURVE('',#17229,#15767,#17252,.T.);
#17252 = SURFACE_CURVE('',#17253,(#17257,#17264),.PCURVE_S1.);
#17253 = LINE('',#17254,#17255);
#17254 = CARTESIAN_POINT('',(32.,74.,76.));
#17255 = VECTOR('',#17256,1.);
#17256 = DIRECTION('',(0.,1.,0.));
#17257 = PCURVE('',#14929,#17258);
#17258 = DEFINITIONAL_REPRESENTATION('',(#17259),#17263);
#17259 = LINE('',#17260,#17261);
#17260 = CARTESIAN_POINT('',(72.,56.));
#17261 = VECTOR('',#17262,1.);
#17262 = DIRECTION('',(0.,1.));
#17263 = ( GEOMETRIC_REPRESENTATION_CONTEXT(2) 
PARAMETRIC_REPRESENTATION_CONTEXT() REPRESENTATION_CONTEXT('2D SPACE',''
  ) );
#17264 = PCURVE('',#15805,#17265);
#17265 = DEFINITIONAL_REPRESENTATION('',(#17266),#17270);
#17266 = LINE('',#17267,#17268);
#17267 = CARTESIAN_POINT('',(0.,0.));
#17268 = VECTOR('',#17269,1.);
#17269 = DIRECTION('',(0.,-1.));
#17270 = ( GEOMETRIC_REPRESENTATION_CONTEXT(2) 
PARAMETRIC_REPRESENTATION_CONTEXT() REPRESENTATION_CONTEXT('2D SPACE',''
  ) );
#17271 = ADVANCED_FACE('',(#17272),#14901,.F.);
#17272 = FACE_BOUND('',#17273,.F.);
#17273 = EDGE_LOOP('',(#17274,#17275,#17298,#17319));
#17274 = ORIENTED_EDGE('',*,*,#17228,.F.);
#17275 = ORIENTED_EDGE('',*,*,#17276,.T.);
#17276 = EDGE_CURVE('',#17229,#17277,#17279,.T.);
#17277 = VERTEX_POINT('',#17278);
#17278 = CARTESIAN_POINT('',(32.,74.,104.));
#17279 = SURFACE_CURVE('',#17280,(#17284,#17291),.PCURVE_S1.);
#17280 = LINE('',#17281,#17282);
#17281 = CARTESIAN_POINT('',(32.,74.,76.));
#17282 = VECTOR('',#17283,1.);
#17283 = DIRECTION('',(0.,0.,1.));
#17284 = PCURVE('',#14901,#17285);
#17285 = DEFINITIONAL_REPRESENTATION('',(#17286),#17290);
#17286 = LINE('',#17287,#17288);
#17287 = CARTESIAN_POINT('',(0.,0.));
#17288 = VECTOR('',#17289,1.);
#17289 = DIRECTION('',(1.,0.));
#17290 = ( GEOMETRIC_REPRESENTATION_CONTEXT(2) 
PARAMETRIC_REPRESENTATION_CONTEXT() REPRESENTATION_CONTEXT('2D SPACE',''
  ) );
#17291 = PCURVE('',#15805,#17292);
#17292 = DEFINITIONAL_REPRESENTATION('',(#17293),#17297);
#17293 = LINE('',#17294,#17295);
#17294 = CARTESIAN_POINT('',(0.,0.));
#17295 = VECTOR('',#17296,1.);
#17296 = DIRECTION('',(1.,0.));
#17297 = ( GEOMETRIC_REPRESENTATION_CONTEXT(2) 
PARAMETRIC_REPRESENTATION_CONTEXT() REPRESENTATION_CONTEXT('2D SPACE',''
  ) );
#17298 = ORIENTED_EDGE('',*,*,#17299,.T.);
#17299 = EDGE_CURVE('',#17277,#14858,#17300,.T.);
#17300 = SURFACE_CURVE('',#17301,(#17305,#17312),.PCURVE_S1.);
#17301 = LINE('',#17302,#17303);
#17302 = CARTESIAN_POINT('',(32.,74.,104.));
#17303 = VECTOR('',#17304,1.);
#17304 = DIRECTION('',(1.,0.,0.));
#17305 = PCURVE('',#14901,#17306);
#17306 = DEFINITIONAL_REPRESENTATION('',(#17307),#17311);
#17307 = LINE('',#17308,#17309);
#17308 = CARTESIAN_POINT('',(28.,0.));
#17309 = VECTOR('',#17310,1.);
#17310 = DIRECTION('',(0.,1.));
#17311 = ( GEOMETRIC_REPRESENTATION_CONTEXT(2) 
PARAMETRIC_REPRESENTATION_CONTEXT() REPRESENTATION_CONTEXT('2D SPACE',''
  ) );
#17312 = PCURVE('',#14873,#17313);
#17313 = DEFINITIONAL_REPRESENTATION('',(#17314),#17318);
#17314 = LINE('',#17315,#17316);
#17315 = CARTESIAN_POINT('',(172.,124.));
#17316 = VECTOR('',#17317,1.);
#17317 = DIRECTION('',(1.,0.));
#17318 = ( GEOMETRIC_REPRESENTATION_CONTEXT(2) 
PARAMETRIC_REPRESENTATION_CONTEXT() REPRESENTATION_CONTEXT('2D SPACE',''
  ) );
#17319 = ORIENTED_EDGE('',*,*,#14885,.F.);
#17320 = ADVANCED_FACE('',(#17321,#17327),#14873,.F.);
#17321 = FACE_BOUND('',#17322,.F.);
#17322 = EDGE_LOOP('',(#17323,#17324,#17325,#17326));
#17323 = ORIENTED_EDGE('',*,*,#15366,.T.);
#17324 = ORIENTED_EDGE('',*,*,#15434,.T.);
#17325 = ORIENTED_EDGE('',*,*,#15481,.F.);
#17326 = ORIENTED_EDGE('',*,*,#15530,.T.);
#17327 = FACE_BOUND('',#17328,.F.);
#17328 = EDGE_LOOP('',(#17329,#17330,#17331,#17332));
#17329 = ORIENTED_EDGE('',*,*,#15817,.T.);
#17330 = ORIENTED_EDGE('',*,*,#14857,.F.);
#17331 = ORIENTED_EDGE('',*,*,#17299,.F.);
#17332 = ORIENTED_EDGE('',*,*,#17333,.T.);
#17333 = EDGE_CURVE('',#17277,#15790,#17334,.T.);
#17334 = SURFACE_CURVE('',#17335,(#17339,#17346),.PCURVE_S1.);
#17335 = LINE('',#17336,#17337);
#17336 = CARTESIAN_POINT('',(32.,74.,104.));
#17337 = VECTOR('',#17338,1.);
#17338 = DIRECTION('',(0.,1.,0.));
#17339 = PCURVE('',#14873,#17340);
#17340 = DEFINITIONAL_REPRESENTATION('',(#17341),#17345);
#17341 = LINE('',#17342,#17343);
#17342 = CARTESIAN_POINT('',(172.,124.));
#17343 = VECTOR('',#17344,1.);
#17344 = DIRECTION('',(0.,1.));
#17345 = ( GEOMETRIC_REPRESENTATION_CONTEXT(2) 
PARAMETRIC_REPRESENTATION_CONTEXT() REPRESENTATION_CONTEXT('2D SPACE',''
  ) );
#17346 = PCURVE('',#15805,#17347);
#17347 = DEFINITIONAL_REPRESENTATION('',(#17348),#17352);
#17348 = LINE('',#17349,#17350);
#17349 = CARTESIAN_POINT('',(28.,0.));
#17350 = VECTOR('',#17351,1.);
#17351 = DIRECTION('',(0.,-1.));
#17352 = ( GEOMETRIC_REPRESENTATION_CONTEXT(2) 
PARAMETRIC_REPRESENTATION_CONTEXT() REPRESENTATION_CONTEXT('2D SPACE',''
  ) );
#17353 = ADVANCED_FACE('',(#17354),#15171,.F.);
#17354 = FACE_BOUND('',#17355,.F.);
#17355 = EDGE_LOOP('',(#17356,#17377,#17378,#17379));
#17356 = ORIENTED_EDGE('',*,*,#17357,.F.);
#17357 = EDGE_CURVE('',#15130,#15276,#17358,.T.);
#17358 = SURFACE_CURVE('',#17359,(#17363,#17370),.PCURVE_S1.);
#17359 = LINE('',#17360,#17361);
#17360 = CARTESIAN_POINT('',(23.,-47.,104.));
#17361 = VECTOR('',#17362,1.);
#17362 = DIRECTION('',(0.,1.,0.));
#17363 = PCURVE('',#15171,#17364);
#17364 = DEFINITIONAL_REPRESENTATION('',(#17365),#17369);
#17365 = LINE('',#17366,#17367);
#17366 = CARTESIAN_POINT('',(163.,3.));
#17367 = VECTOR('',#17368,1.);
#17368 = DIRECTION('',(0.,1.));
#17369 = ( GEOMETRIC_REPRESENTATION_CONTEXT(2) 
PARAMETRIC_REPRESENTATION_CONTEXT() REPRESENTATION_CONTEXT('2D SPACE',''
  ) );
#17370 = PCURVE('',#15144,#17371);
#17371 = DEFINITIONAL_REPRESENTATION('',(#17372),#17376);
#17372 = LINE('',#17373,#17374);
#17373 = CARTESIAN_POINT('',(30.,0.));
#17374 = VECTOR('',#17375,1.);
#17375 = DIRECTION('',(0.,-1.));
#17376 = ( GEOMETRIC_REPRESENTATION_CONTEXT(2) 
PARAMETRIC_REPRESENTATION_CONTEXT() REPRESENTATION_CONTEXT('2D SPACE',''
  ) );
#17377 = ORIENTED_EDGE('',*,*,#15155,.T.);
#17378 = ORIENTED_EDGE('',*,*,#15228,.T.);
#17379 = ORIENTED_EDGE('',*,*,#15296,.F.);
#17380 = ADVANCED_FACE('',(#17381),#15144,.T.);
#17381 = FACE_BOUND('',#17382,.T.);
#17382 = EDGE_LOOP('',(#17383,#17384,#17385,#17386));
#17383 = ORIENTED_EDGE('',*,*,#15129,.F.);
#17384 = ORIENTED_EDGE('',*,*,#17198,.T.);
#17385 = ORIENTED_EDGE('',*,*,#15275,.T.);
#17386 = ORIENTED_EDGE('',*,*,#17357,.F.);
#17387 = ADVANCED_FACE('',(#17388),#15805,.F.);
#17388 = FACE_BOUND('',#17389,.F.);
#17389 = EDGE_LOOP('',(#17390,#17391,#17392,#17393));
#17390 = ORIENTED_EDGE('',*,*,#17276,.F.);
#17391 = ORIENTED_EDGE('',*,*,#17251,.T.);
#17392 = ORIENTED_EDGE('',*,*,#15789,.T.);
#17393 = ORIENTED_EDGE('',*,*,#17333,.F.);
#17394 = ADVANCED_FACE('',(#17395),#15732,.T.);
#17395 = FACE_BOUND('',#17396,.T.);
#17396 = EDGE_LOOP('',(#17397,#17398,#17399,#17418));
#17397 = ORIENTED_EDGE('',*,*,#15716,.F.);
#17398 = ORIENTED_EDGE('',*,*,#16040,.F.);
#17399 = ORIENTED_EDGE('',*,*,#17400,.T.);
#17400 = EDGE_CURVE('',#16019,#15894,#17401,.T.);
#17401 = SURFACE_CURVE('',#17402,(#17406,#17412),.PCURVE_S1.);
#17402 = LINE('',#17403,#17404);
#17403 = CARTESIAN_POINT('',(-88.,73.,76.));
#17404 = VECTOR('',#17405,1.);
#17405 = DIRECTION('',(1.,0.,0.));
#17406 = PCURVE('',#15732,#17407);
#17407 = DEFINITIONAL_REPRESENTATION('',(#17408),#17411);
#17408 = B_SPLINE_CURVE_WITH_KNOTS('',1,(#17409,#17410),.UNSPECIFIED.,
  .F.,.F.,(2,2),(71.,105.),.PIECEWISE_BEZIER_KNOTS.);
#17409 = CARTESIAN_POINT('',(23.,55.));
#17410 = CARTESIAN_POINT('',(57.,55.));
#17411 = ( GEOMETRIC_REPRESENTATION_CONTEXT(2) 
PARAMETRIC_REPRESENTATION_CONTEXT() REPRESENTATION_CONTEXT('2D SPACE',''
  ) );
#17412 = PCURVE('',#15909,#17413);
#17413 = DEFINITIONAL_REPRESENTATION('',(#17414),#17417);
#17414 = B_SPLINE_CURVE_WITH_KNOTS('',1,(#17415,#17416),.UNSPECIFIED.,
  .F.,.F.,(2,2),(71.,105.),.PIECEWISE_BEZIER_KNOTS.);
#17415 = CARTESIAN_POINT('',(2.,119.));
#17416 = CARTESIAN_POINT('',(2.,153.));
#17417 = ( GEOMETRIC_REPRESENTATION_CONTEXT(2) 
PARAMETRIC_REPRESENTATION_CONTEXT() REPRESENTATION_CONTEXT('2D SPACE',''
  ) );
#17418 = ORIENTED_EDGE('',*,*,#15920,.T.);
#17419 = ADVANCED_FACE('',(#17420),#15638,.T.);
#17420 = FACE_BOUND('',#17421,.T.);
#17421 = EDGE_LOOP('',(#17422,#17423,#17424,#17425));
#17422 = ORIENTED_EDGE('',*,*,#16891,.F.);
#17423 = ORIENTED_EDGE('',*,*,#16626,.T.);
#17424 = ORIENTED_EDGE('',*,*,#15622,.T.);
#17425 = ORIENTED_EDGE('',*,*,#16681,.F.);
#17426 = ADVANCED_FACE('',(#17427),#15881,.F.);
#17427 = FACE_BOUND('',#17428,.F.);
#17428 = EDGE_LOOP('',(#17429,#17430,#17451,#17452));
#17429 = ORIENTED_EDGE('',*,*,#15995,.T.);
#17430 = ORIENTED_EDGE('',*,*,#17431,.T.);
#17431 = EDGE_CURVE('',#15996,#15866,#17432,.T.);
#17432 = SURFACE_CURVE('',#17433,(#17437,#17444),.PCURVE_S1.);
#17433 = LINE('',#17434,#17435);
#17434 = CARTESIAN_POINT('',(-136.,73.,104.));
#17435 = VECTOR('',#17436,1.);
#17436 = DIRECTION('',(1.,0.,0.));
#17437 = PCURVE('',#15881,#17438);
#17438 = DEFINITIONAL_REPRESENTATION('',(#17439),#17443);
#17439 = LINE('',#17440,#17441);
#17440 = CARTESIAN_POINT('',(4.,123.));
#17441 = VECTOR('',#17442,1.);
#17442 = DIRECTION('',(1.,0.));
#17443 = ( GEOMETRIC_REPRESENTATION_CONTEXT(2) 
PARAMETRIC_REPRESENTATION_CONTEXT() REPRESENTATION_CONTEXT('2D SPACE',''
  ) );
#17444 = PCURVE('',#15909,#17445);
#17445 = DEFINITIONAL_REPRESENTATION('',(#17446),#17450);
#17446 = LINE('',#17447,#17448);
#17447 = CARTESIAN_POINT('',(30.,0.));
#17448 = VECTOR('',#17449,1.);
#17449 = DIRECTION('',(0.,1.));
#17450 = ( GEOMETRIC_REPRESENTATION_CONTEXT(2) 
PARAMETRIC_REPRESENTATION_CONTEXT() REPRESENTATION_CONTEXT('2D SPACE',''
  ) );
#17451 = ORIENTED_EDGE('',*,*,#15865,.T.);
#17452 = ORIENTED_EDGE('',*,*,#15967,.F.);
#17453 = ADVANCED_FACE('',(#17454),#15909,.T.);
#17454 = FACE_BOUND('',#17455,.T.);
#17455 = EDGE_LOOP('',(#17456,#17457,#17458,#17459));
#17456 = ORIENTED_EDGE('',*,*,#17400,.F.);
#17457 = ORIENTED_EDGE('',*,*,#16018,.T.);
#17458 = ORIENTED_EDGE('',*,*,#17431,.T.);
#17459 = ORIENTED_EDGE('',*,*,#15893,.F.);
#17460 = ADVANCED_FACE('',(#17461),#16265,.F.);
#17461 = FACE_BOUND('',#17462,.F.);
#17462 = EDGE_LOOP('',(#17463,#17464,#17465,#17466));
#17463 = ORIENTED_EDGE('',*,*,#16251,.F.);
#17464 = ORIENTED_EDGE('',*,*,#16282,.T.);
#17465 = ORIENTED_EDGE('',*,*,#16377,.T.);
#17466 = ORIENTED_EDGE('',*,*,#16329,.F.);
#17467 = ADVANCED_FACE('',(#17468),#16458,.F.);
#17468 = FACE_BOUND('',#17469,.F.);
#17469 = EDGE_LOOP('',(#17470,#17471,#17472,#17473));
#17470 = ORIENTED_EDGE('',*,*,#16444,.F.);
#17471 = ORIENTED_EDGE('',*,*,#16475,.T.);
#17472 = ORIENTED_EDGE('',*,*,#16570,.T.);
#17473 = ORIENTED_EDGE('',*,*,#16522,.F.);
#17474 = ADVANCED_FACE('',(#17475),#16942,.F.);
#17475 = FACE_BOUND('',#17476,.T.);
#17476 = EDGE_LOOP('',(#17477,#17478,#17501,#17528));
#17477 = ORIENTED_EDGE('',*,*,#16921,.T.);
#17478 = ORIENTED_EDGE('',*,*,#17479,.T.);
#17479 = EDGE_CURVE('',#16922,#17480,#17482,.T.);
#17480 = VERTEX_POINT('',#17481);
#17481 = CARTESIAN_POINT('',(12.,50.,76.));
#17482 = SEAM_CURVE('',#17483,(#17487,#17494),.PCURVE_S1.);
#17483 = LINE('',#17484,#17485);
#17484 = CARTESIAN_POINT('',(12.,50.,-1.));
#17485 = VECTOR('',#17486,1.);
#17486 = DIRECTION('',(0.,0.,1.));
#17487 = PCURVE('',#16942,#17488);
#17488 = DEFINITIONAL_REPRESENTATION('',(#17489),#17493);
#17489 = LINE('',#17490,#17491);
#17490 = CARTESIAN_POINT('',(-6.28318530718,0.));
#17491 = VECTOR('',#17492,1.);
#17492 = DIRECTION('',(-0.,-1.));
#17493 = ( GEOMETRIC_REPRESENTATION_CONTEXT(2) 
PARAMETRIC_REPRESENTATION_CONTEXT() REPRESENTATION_CONTEXT('2D SPACE',''
  ) );
#17494 = PCURVE('',#16942,#17495);
#17495 = DEFINITIONAL_REPRESENTATION('',(#17496),#17500);
#17496 = LINE('',#17497,#17498);
#17497 = CARTESIAN_POINT('',(-0.,0.));
#17498 = VECTOR('',#17499,1.);
#17499 = DIRECTION('',(-0.,-1.));
#17500 = ( GEOMETRIC_REPRESENTATION_CONTEXT(2) 
PARAMETRIC_REPRESENTATION_CONTEXT() REPRESENTATION_CONTEXT('2D SPACE',''
  ) );
#17501 = ORIENTED_EDGE('',*,*,#17502,.T.);
#17502 = EDGE_CURVE('',#17480,#17480,#17503,.T.);
#17503 = SURFACE_CURVE('',#17504,(#17509,#17516),.PCURVE_S1.);
#17504 = CIRCLE('',#17505,12.);
#17505 = AXIS2_PLACEMENT_3D('',#17506,#17507,#17508);
#17506 = CARTESIAN_POINT('',(0.,50.,76.));
#17507 = DIRECTION('',(0.,0.,1.));
#17508 = DIRECTION('',(1.,0.,0.));
#17509 = PCURVE('',#16942,#17510);
#17510 = DEFINITIONAL_REPRESENTATION('',(#17511),#17515);
#17511 = LINE('',#17512,#17513);
#17512 = CARTESIAN_POINT('',(-0.,-77.));
#17513 = VECTOR('',#17514,1.);
#17514 = DIRECTION('',(-1.,0.));
#17515 = ( GEOMETRIC_REPRESENTATION_CONTEXT(2) 
PARAMETRIC_REPRESENTATION_CONTEXT() REPRESENTATION_CONTEXT('2D SPACE',''
  ) );
#17516 = PCURVE('',#17517,#17522);
#17517 = PLANE('',#17518);
#17518 = AXIS2_PLACEMENT_3D('',#17519,#17520,#17521);
#17519 = CARTESIAN_POINT('',(-40.,18.,76.));
#17520 = DIRECTION('',(0.,0.,1.));
#17521 = DIRECTION('',(1.,0.,0.));
#17522 = DEFINITIONAL_REPRESENTATION('',(#17523),#17527);
#17523 = CIRCLE('',#17524,12.);
#17524 = AXIS2_PLACEMENT_2D('',#17525,#17526);
#17525 = CARTESIAN_POINT('',(40.,32.));
#17526 = DIRECTION('',(1.,0.));
#17527 = ( GEOMETRIC_REPRESENTATION_CONTEXT(2) 
PARAMETRIC_REPRESENTATION_CONTEXT() REPRESENTATION_CONTEXT('2D SPACE',''
  ) );
#17528 = ORIENTED_EDGE('',*,*,#17479,.F.);
#17529 = ADVANCED_FACE('',(#17530,#17640),#17517,.T.);
#17530 = FACE_BOUND('',#17531,.T.);
#17531 = EDGE_LOOP('',(#17532,#17560,#17588,#17614));
#17532 = ORIENTED_EDGE('',*,*,#17533,.F.);
#17533 = EDGE_CURVE('',#17534,#17536,#17538,.T.);
#17534 = VERTEX_POINT('',#17535);
#17535 = CARTESIAN_POINT('',(-17.,67.,76.));
#17536 = VERTEX_POINT('',#17537);
#17537 = CARTESIAN_POINT('',(17.,67.,76.));
#17538 = SURFACE_CURVE('',#17539,(#17543,#17549),.PCURVE_S1.);
#17539 = LINE('',#17540,#17541);
#17540 = CARTESIAN_POINT('',(-88.,67.,76.));
#17541 = VECTOR('',#17542,1.);
#17542 = DIRECTION('',(1.,0.,0.));
#17543 = PCURVE('',#17517,#17544);
#17544 = DEFINITIONAL_REPRESENTATION('',(#17545),#17548);
#17545 = B_SPLINE_CURVE_WITH_KNOTS('',1,(#17546,#17547),.UNSPECIFIED.,
  .F.,.F.,(2,2),(71.,105.),.PIECEWISE_BEZIER_KNOTS.);
#17546 = CARTESIAN_POINT('',(23.,49.));
#17547 = CARTESIAN_POINT('',(57.,49.));
#17548 = ( GEOMETRIC_REPRESENTATION_CONTEXT(2) 
PARAMETRIC_REPRESENTATION_CONTEXT() REPRESENTATION_CONTEXT('2D SPACE',''
  ) );
#17549 = PCURVE('',#17550,#17555);
#17550 = PLANE('',#17551);
#17551 = AXIS2_PLACEMENT_3D('',#17552,#17553,#17554);
#17552 = CARTESIAN_POINT('',(-136.,67.,74.));
#17553 = DIRECTION('',(0.,1.,0.));
#17554 = DIRECTION('',(0.,0.,1.));
#17555 = DEFINITIONAL_REPRESENTATION('',(#17556),#17559);
#17556 = B_SPLINE_CURVE_WITH_KNOTS('',1,(#17557,#17558),.UNSPECIFIED.,
  .F.,.F.,(2,2),(71.,105.),.PIECEWISE_BEZIER_KNOTS.);
#17557 = CARTESIAN_POINT('',(2.,119.));
#17558 = CARTESIAN_POINT('',(2.,153.));
#17559 = ( GEOMETRIC_REPRESENTATION_CONTEXT(2) 
PARAMETRIC_REPRESENTATION_CONTEXT() REPRESENTATION_CONTEXT('2D SPACE',''
  ) );
#17560 = ORIENTED_EDGE('',*,*,#17561,.F.);
#17561 = EDGE_CURVE('',#17562,#17534,#17564,.T.);
#17562 = VERTEX_POINT('',#17563);
#17563 = CARTESIAN_POINT('',(-17.,33.,76.));
#17564 = SURFACE_CURVE('',#17565,(#17569,#17576),.PCURVE_S1.);
#17565 = LINE('',#17566,#17567);
#17566 = CARTESIAN_POINT('',(-17.,18.,76.));
#17567 = VECTOR('',#17568,1.);
#17568 = DIRECTION('',(0.,1.,0.));
#17569 = PCURVE('',#17517,#17570);
#17570 = DEFINITIONAL_REPRESENTATION('',(#17571),#17575);
#17571 = LINE('',#17572,#17573);
#17572 = CARTESIAN_POINT('',(23.,0.));
#17573 = VECTOR('',#17574,1.);
#17574 = DIRECTION('',(0.,1.));
#17575 = ( GEOMETRIC_REPRESENTATION_CONTEXT(2) 
PARAMETRIC_REPRESENTATION_CONTEXT() REPRESENTATION_CONTEXT('2D SPACE',''
  ) );
#17576 = PCURVE('',#17577,#17582);
#17577 = PLANE('',#17578);
#17578 = AXIS2_PLACEMENT_3D('',#17579,#17580,#17581);
#17579 = CARTESIAN_POINT('',(-17.,-47.,74.));
#17580 = DIRECTION('',(1.,0.,0.));
#17581 = DIRECTION('',(0.,0.,1.));
#17582 = DEFINITIONAL_REPRESENTATION('',(#17583),#17587);
#17583 = LINE('',#17584,#17585);
#17584 = CARTESIAN_POINT('',(2.,-65.));
#17585 = VECTOR('',#17586,1.);
#17586 = DIRECTION('',(0.,-1.));
#17587 = ( GEOMETRIC_REPRESENTATION_CONTEXT(2) 
PARAMETRIC_REPRESENTATION_CONTEXT() REPRESENTATION_CONTEXT('2D SPACE',''
  ) );
#17588 = ORIENTED_EDGE('',*,*,#17589,.T.);
#17589 = EDGE_CURVE('',#17562,#17590,#17592,.T.);
#17590 = VERTEX_POINT('',#17591);
#17591 = CARTESIAN_POINT('',(17.,33.,76.));
#17592 = SURFACE_CURVE('',#17593,(#17597,#17603),.PCURVE_S1.);
#17593 = LINE('',#17594,#17595);
#17594 = CARTESIAN_POINT('',(-88.,33.,76.));
#17595 = VECTOR('',#17596,1.);
#17596 = DIRECTION('',(1.,0.,0.));
#17597 = PCURVE('',#17517,#17598);
#17598 = DEFINITIONAL_REPRESENTATION('',(#17599),#17602);
#17599 = B_SPLINE_CURVE_WITH_KNOTS('',1,(#17600,#17601),.UNSPECIFIED.,
  .F.,.F.,(2,2),(71.,105.),.PIECEWISE_BEZIER_KNOTS.);
#17600 = CARTESIAN_POINT('',(23.,15.));
#17601 = CARTESIAN_POINT('',(57.,15.));
#17602 = ( GEOMETRIC_REPRESENTATION_CONTEXT(2) 
PARAMETRIC_REPRESENTATION_CONTEXT() REPRESENTATION_CONTEXT('2D SPACE',''
  ) );
#17603 = PCURVE('',#17604,#17609);
#17604 = PLANE('',#17605);
#17605 = AXIS2_PLACEMENT_3D('',#17606,#17607,#17608);
#17606 = CARTESIAN_POINT('',(-136.,33.,74.));
#17607 = DIRECTION('',(0.,1.,0.));
#17608 = DIRECTION('',(0.,0.,1.));
#17609 = DEFINITIONAL_REPRESENTATION('',(#17610),#17613);
#17610 = B_SPLINE_CURVE_WITH_KNOTS('',1,(#17611,#17612),.UNSPECIFIED.,
  .F.,.F.,(2,2),(71.,105.),.PIECEWISE_BEZIER_KNOTS.);
#17611 = CARTESIAN_POINT('',(2.,119.));
#17612 = CARTESIAN_POINT('',(2.,153.));
#17613 = ( GEOMETRIC_REPRESENTATION_CONTEXT(2) 
PARAMETRIC_REPRESENTATION_CONTEXT() REPRESENTATION_CONTEXT('2D SPACE',''
  ) );
#17614 = ORIENTED_EDGE('',*,*,#17615,.T.);
#17615 = EDGE_CURVE('',#17590,#17536,#17616,.T.);
#17616 = SURFACE_CURVE('',#17617,(#17621,#17628),.PCURVE_S1.);
#17617 = LINE('',#17618,#17619);
#17618 = CARTESIAN_POINT('',(17.,18.,76.));
#17619 = VECTOR('',#17620,1.);
#17620 = DIRECTION('',(0.,1.,0.));
#17621 = PCURVE('',#17517,#17622);
#17622 = DEFINITIONAL_REPRESENTATION('',(#17623),#17627);
#17623 = LINE('',#17624,#17625);
#17624 = CARTESIAN_POINT('',(57.,0.));
#17625 = VECTOR('',#17626,1.);
#17626 = DIRECTION('',(0.,1.));
#17627 = ( GEOMETRIC_REPRESENTATION_CONTEXT(2) 
PARAMETRIC_REPRESENTATION_CONTEXT() REPRESENTATION_CONTEXT('2D SPACE',''
  ) );
#17628 = PCURVE('',#17629,#17634);
#17629 = PLANE('',#17630);
#17630 = AXIS2_PLACEMENT_3D('',#17631,#17632,#17633);
#17631 = CARTESIAN_POINT('',(17.,-47.,74.));
#17632 = DIRECTION('',(1.,0.,0.));
#17633 = DIRECTION('',(0.,0.,1.));
#17634 = DEFINITIONAL_REPRESENTATION('',(#17635),#17639);
#17635 = LINE('',#17636,#17637);
#17636 = CARTESIAN_POINT('',(2.,-65.));
#17637 = VECTOR('',#17638,1.);
#17638 = DIRECTION('',(0.,-1.));
#17639 = ( GEOMETRIC_REPRESENTATION_CONTEXT(2) 
PARAMETRIC_REPRESENTATION_CONTEXT() REPRESENTATION_CONTEXT('2D SPACE',''
  ) );
#17640 = FACE_BOUND('',#17641,.T.);
#17641 = EDGE_LOOP('',(#17642));
#17642 = ORIENTED_EDGE('',*,*,#17502,.F.);
#17643 = ADVANCED_FACE('',(#17644),#17550,.F.);
#17644 = FACE_BOUND('',#17645,.F.);
#17645 = EDGE_LOOP('',(#17646,#17647,#17668,#17696));
#17646 = ORIENTED_EDGE('',*,*,#17533,.F.);
#17647 = ORIENTED_EDGE('',*,*,#17648,.T.);
#17648 = EDGE_CURVE('',#17534,#17649,#17651,.T.);
#17649 = VERTEX_POINT('',#17650);
#17650 = CARTESIAN_POINT('',(-17.,67.,104.));
#17651 = SURFACE_CURVE('',#17652,(#17656,#17662),.PCURVE_S1.);
#17652 = LINE('',#17653,#17654);
#17653 = CARTESIAN_POINT('',(-17.,67.,74.));
#17654 = VECTOR('',#17655,1.);
#17655 = DIRECTION('',(0.,0.,1.));
#17656 = PCURVE('',#17550,#17657);
#17657 = DEFINITIONAL_REPRESENTATION('',(#17658),#17661);
#17658 = B_SPLINE_CURVE_WITH_KNOTS('',1,(#17659,#17660),.UNSPECIFIED.,
  .F.,.F.,(2,2),(0.,30.),.PIECEWISE_BEZIER_KNOTS.);
#17659 = CARTESIAN_POINT('',(0.,119.));
#17660 = CARTESIAN_POINT('',(30.,119.));
#17661 = ( GEOMETRIC_REPRESENTATION_CONTEXT(2) 
PARAMETRIC_REPRESENTATION_CONTEXT() REPRESENTATION_CONTEXT('2D SPACE',''
  ) );
#17662 = PCURVE('',#17577,#17663);
#17663 = DEFINITIONAL_REPRESENTATION('',(#17664),#17667);
#17664 = B_SPLINE_CURVE_WITH_KNOTS('',1,(#17665,#17666),.UNSPECIFIED.,
  .F.,.F.,(2,2),(0.,30.),.PIECEWISE_BEZIER_KNOTS.);
#17665 = CARTESIAN_POINT('',(0.,-114.));
#17666 = CARTESIAN_POINT('',(30.,-114.));
#17667 = ( GEOMETRIC_REPRESENTATION_CONTEXT(2) 
PARAMETRIC_REPRESENTATION_CONTEXT() REPRESENTATION_CONTEXT('2D SPACE',''
  ) );
#17668 = ORIENTED_EDGE('',*,*,#17669,.T.);
#17669 = EDGE_CURVE('',#17649,#17670,#17672,.T.);
#17670 = VERTEX_POINT('',#17671);
#17671 = CARTESIAN_POINT('',(17.,67.,104.));
#17672 = SURFACE_CURVE('',#17673,(#17677,#17684),.PCURVE_S1.);
#17673 = LINE('',#17674,#17675);
#17674 = CARTESIAN_POINT('',(-136.,67.,104.));
#17675 = VECTOR('',#17676,1.);
#17676 = DIRECTION('',(1.,0.,0.));
#17677 = PCURVE('',#17550,#17678);
#17678 = DEFINITIONAL_REPRESENTATION('',(#17679),#17683);
#17679 = LINE('',#17680,#17681);
#17680 = CARTESIAN_POINT('',(30.,0.));
#17681 = VECTOR('',#17682,1.);
#17682 = DIRECTION('',(0.,1.));
#17683 = ( GEOMETRIC_REPRESENTATION_CONTEXT(2) 
PARAMETRIC_REPRESENTATION_CONTEXT() REPRESENTATION_CONTEXT('2D SPACE',''
  ) );
#17684 = PCURVE('',#17685,#17690);
#17685 = PLANE('',#17686);
#17686 = AXIS2_PLACEMENT_3D('',#17687,#17688,#17689);
#17687 = CARTESIAN_POINT('',(-140.,-50.,104.));
#17688 = DIRECTION('',(0.,0.,1.));
#17689 = DIRECTION('',(1.,0.,0.));
#17690 = DEFINITIONAL_REPRESENTATION('',(#17691),#17695);
#17691 = LINE('',#17692,#17693);
#17692 = CARTESIAN_POINT('',(4.,117.));
#17693 = VECTOR('',#17694,1.);
#17694 = DIRECTION('',(1.,0.));
#17695 = ( GEOMETRIC_REPRESENTATION_CONTEXT(2) 
PARAMETRIC_REPRESENTATION_CONTEXT() REPRESENTATION_CONTEXT('2D SPACE',''
  ) );
#17696 = ORIENTED_EDGE('',*,*,#17697,.F.);
#17697 = EDGE_CURVE('',#17536,#17670,#17698,.T.);
#17698 = SURFACE_CURVE('',#17699,(#17703,#17709),.PCURVE_S1.);
#17699 = LINE('',#17700,#17701);
#17700 = CARTESIAN_POINT('',(17.,67.,74.));
#17701 = VECTOR('',#17702,1.);
#17702 = DIRECTION('',(0.,0.,1.));
#17703 = PCURVE('',#17550,#17704);
#17704 = DEFINITIONAL_REPRESENTATION('',(#17705),#17708);
#17705 = B_SPLINE_CURVE_WITH_KNOTS('',1,(#17706,#17707),.UNSPECIFIED.,
  .F.,.F.,(2,2),(0.,30.),.PIECEWISE_BEZIER_KNOTS.);
#17706 = CARTESIAN_POINT('',(0.,153.));
#17707 = CARTESIAN_POINT('',(30.,153.));
#17708 = ( GEOMETRIC_REPRESENTATION_CONTEXT(2) 
PARAMETRIC_REPRESENTATION_CONTEXT() REPRESENTATION_CONTEXT('2D SPACE',''
  ) );
#17709 = PCURVE('',#17629,#17710);
#17710 = DEFINITIONAL_REPRESENTATION('',(#17711),#17714);
#17711 = B_SPLINE_CURVE_WITH_KNOTS('',1,(#17712,#17713),.UNSPECIFIED.,
  .F.,.F.,(2,2),(0.,30.),.PIECEWISE_BEZIER_KNOTS.);
#17712 = CARTESIAN_POINT('',(0.,-114.));
#17713 = CARTESIAN_POINT('',(30.,-114.));
#17714 = ( GEOMETRIC_REPRESENTATION_CONTEXT(2) 
PARAMETRIC_REPRESENTATION_CONTEXT() REPRESENTATION_CONTEXT('2D SPACE',''
  ) );
#17715 = ADVANCED_FACE('',(#17716),#17577,.T.);
#17716 = FACE_BOUND('',#17717,.T.);
#17717 = EDGE_LOOP('',(#17718,#17739,#17740,#17741));
#17718 = ORIENTED_EDGE('',*,*,#17719,.F.);
#17719 = EDGE_CURVE('',#17562,#17720,#17722,.T.);
#17720 = VERTEX_POINT('',#17721);
#17721 = CARTESIAN_POINT('',(-17.,33.,104.));
#17722 = SURFACE_CURVE('',#17723,(#17727,#17733),.PCURVE_S1.);
#17723 = LINE('',#17724,#17725);
#17724 = CARTESIAN_POINT('',(-17.,33.,74.));
#17725 = VECTOR('',#17726,1.);
#17726 = DIRECTION('',(0.,0.,1.));
#17727 = PCURVE('',#17577,#17728);
#17728 = DEFINITIONAL_REPRESENTATION('',(#17729),#17732);
#17729 = B_SPLINE_CURVE_WITH_KNOTS('',1,(#17730,#17731),.UNSPECIFIED.,
  .F.,.F.,(2,2),(0.,30.),.PIECEWISE_BEZIER_KNOTS.);
#17730 = CARTESIAN_POINT('',(0.,-80.));
#17731 = CARTESIAN_POINT('',(30.,-80.));
#17732 = ( GEOMETRIC_REPRESENTATION_CONTEXT(2) 
PARAMETRIC_REPRESENTATION_CONTEXT() REPRESENTATION_CONTEXT('2D SPACE',''
  ) );
#17733 = PCURVE('',#17604,#17734);
#17734 = DEFINITIONAL_REPRESENTATION('',(#17735),#17738);
#17735 = B_SPLINE_CURVE_WITH_KNOTS('',1,(#17736,#17737),.UNSPECIFIED.,
  .F.,.F.,(2,2),(0.,30.),.PIECEWISE_BEZIER_KNOTS.);
#17736 = CARTESIAN_POINT('',(0.,119.));
#17737 = CARTESIAN_POINT('',(30.,119.));
#17738 = ( GEOMETRIC_REPRESENTATION_CONTEXT(2) 
PARAMETRIC_REPRESENTATION_CONTEXT() REPRESENTATION_CONTEXT('2D SPACE',''
  ) );
#17739 = ORIENTED_EDGE('',*,*,#17561,.T.);
#17740 = ORIENTED_EDGE('',*,*,#17648,.T.);
#17741 = ORIENTED_EDGE('',*,*,#17742,.F.);
#17742 = EDGE_CURVE('',#17720,#17649,#17743,.T.);
#17743 = SURFACE_CURVE('',#17744,(#17748,#17755),.PCURVE_S1.);
#17744 = LINE('',#17745,#17746);
#17745 = CARTESIAN_POINT('',(-17.,-47.,104.));
#17746 = VECTOR('',#17747,1.);
#17747 = DIRECTION('',(0.,1.,0.));
#17748 = PCURVE('',#17577,#17749);
#17749 = DEFINITIONAL_REPRESENTATION('',(#17750),#17754);
#17750 = LINE('',#17751,#17752);
#17751 = CARTESIAN_POINT('',(30.,0.));
#17752 = VECTOR('',#17753,1.);
#17753 = DIRECTION('',(0.,-1.));
#17754 = ( GEOMETRIC_REPRESENTATION_CONTEXT(2) 
PARAMETRIC_REPRESENTATION_CONTEXT() REPRESENTATION_CONTEXT('2D SPACE',''
  ) );
#17755 = PCURVE('',#17685,#17756);
#17756 = DEFINITIONAL_REPRESENTATION('',(#17757),#17761);
#17757 = LINE('',#17758,#17759);
#17758 = CARTESIAN_POINT('',(123.,3.));
#17759 = VECTOR('',#17760,1.);
#17760 = DIRECTION('',(0.,1.));
#17761 = ( GEOMETRIC_REPRESENTATION_CONTEXT(2) 
PARAMETRIC_REPRESENTATION_CONTEXT() REPRESENTATION_CONTEXT('2D SPACE',''
  ) );
#17762 = ADVANCED_FACE('',(#17763),#17629,.F.);
#17763 = FACE_BOUND('',#17764,.F.);
#17764 = EDGE_LOOP('',(#17765,#17786,#17787,#17788));
#17765 = ORIENTED_EDGE('',*,*,#17766,.F.);
#17766 = EDGE_CURVE('',#17590,#17767,#17769,.T.);
#17767 = VERTEX_POINT('',#17768);
#17768 = CARTESIAN_POINT('',(17.,33.,104.));
#17769 = SURFACE_CURVE('',#17770,(#17774,#17780),.PCURVE_S1.);
#17770 = LINE('',#17771,#17772);
#17771 = CARTESIAN_POINT('',(17.,33.,74.));
#17772 = VECTOR('',#17773,1.);
#17773 = DIRECTION('',(0.,0.,1.));
#17774 = PCURVE('',#17629,#17775);
#17775 = DEFINITIONAL_REPRESENTATION('',(#17776),#17779);
#17776 = B_SPLINE_CURVE_WITH_KNOTS('',1,(#17777,#17778),.UNSPECIFIED.,
  .F.,.F.,(2,2),(0.,30.),.PIECEWISE_BEZIER_KNOTS.);
#17777 = CARTESIAN_POINT('',(0.,-80.));
#17778 = CARTESIAN_POINT('',(30.,-80.));
#17779 = ( GEOMETRIC_REPRESENTATION_CONTEXT(2) 
PARAMETRIC_REPRESENTATION_CONTEXT() REPRESENTATION_CONTEXT('2D SPACE',''
  ) );
#17780 = PCURVE('',#17604,#17781);
#17781 = DEFINITIONAL_REPRESENTATION('',(#17782),#17785);
#17782 = B_SPLINE_CURVE_WITH_KNOTS('',1,(#17783,#17784),.UNSPECIFIED.,
  .F.,.F.,(2,2),(0.,30.),.PIECEWISE_BEZIER_KNOTS.);
#17783 = CARTESIAN_POINT('',(0.,153.));
#17784 = CARTESIAN_POINT('',(30.,153.));
#17785 = ( GEOMETRIC_REPRESENTATION_CONTEXT(2) 
PARAMETRIC_REPRESENTATION_CONTEXT() REPRESENTATION_CONTEXT('2D SPACE',''
  ) );
#17786 = ORIENTED_EDGE('',*,*,#17615,.T.);
#17787 = ORIENTED_EDGE('',*,*,#17697,.T.);
#17788 = ORIENTED_EDGE('',*,*,#17789,.F.);
#17789 = EDGE_CURVE('',#17767,#17670,#17790,.T.);
#17790 = SURFACE_CURVE('',#17791,(#17795,#17802),.PCURVE_S1.);
#17791 = LINE('',#17792,#17793);
#17792 = CARTESIAN_POINT('',(17.,-47.,104.));
#17793 = VECTOR('',#17794,1.);
#17794 = DIRECTION('',(0.,1.,0.));
#17795 = PCURVE('',#17629,#17796);
#17796 = DEFINITIONAL_REPRESENTATION('',(#17797),#17801);
#17797 = LINE('',#17798,#17799);
#17798 = CARTESIAN_POINT('',(30.,0.));
#17799 = VECTOR('',#17800,1.);
#17800 = DIRECTION('',(0.,-1.));
#17801 = ( GEOMETRIC_REPRESENTATION_CONTEXT(2) 
PARAMETRIC_REPRESENTATION_CONTEXT() REPRESENTATION_CONTEXT('2D SPACE',''
  ) );
#17802 = PCURVE('',#17685,#17803);
#17803 = DEFINITIONAL_REPRESENTATION('',(#17804),#17808);
#17804 = LINE('',#17805,#17806);
#17805 = CARTESIAN_POINT('',(157.,3.));
#17806 = VECTOR('',#17807,1.);
#17807 = DIRECTION('',(0.,1.));
#17808 = ( GEOMETRIC_REPRESENTATION_CONTEXT(2) 
PARAMETRIC_REPRESENTATION_CONTEXT() REPRESENTATION_CONTEXT('2D SPACE',''
  ) );
#17809 = ADVANCED_FACE('',(#17810),#17604,.T.);
#17810 = FACE_BOUND('',#17811,.T.);
#17811 = EDGE_LOOP('',(#17812,#17813,#17814,#17835));
#17812 = ORIENTED_EDGE('',*,*,#17589,.F.);
#17813 = ORIENTED_EDGE('',*,*,#17719,.T.);
#17814 = ORIENTED_EDGE('',*,*,#17815,.T.);
#17815 = EDGE_CURVE('',#17720,#17767,#17816,.T.);
#17816 = SURFACE_CURVE('',#17817,(#17821,#17828),.PCURVE_S1.);
#17817 = LINE('',#17818,#17819);
#17818 = CARTESIAN_POINT('',(-136.,33.,104.));
#17819 = VECTOR('',#17820,1.);
#17820 = DIRECTION('',(1.,0.,0.));
#17821 = PCURVE('',#17604,#17822);
#17822 = DEFINITIONAL_REPRESENTATION('',(#17823),#17827);
#17823 = LINE('',#17824,#17825);
#17824 = CARTESIAN_POINT('',(30.,0.));
#17825 = VECTOR('',#17826,1.);
#17826 = DIRECTION('',(0.,1.));
#17827 = ( GEOMETRIC_REPRESENTATION_CONTEXT(2) 
PARAMETRIC_REPRESENTATION_CONTEXT() REPRESENTATION_CONTEXT('2D SPACE',''
  ) );
#17828 = PCURVE('',#17685,#17829);
#17829 = DEFINITIONAL_REPRESENTATION('',(#17830),#17834);
#17830 = LINE('',#17831,#17832);
#17831 = CARTESIAN_POINT('',(4.,83.));
#17832 = VECTOR('',#17833,1.);
#17833 = DIRECTION('',(1.,0.));
#17834 = ( GEOMETRIC_REPRESENTATION_CONTEXT(2) 
PARAMETRIC_REPRESENTATION_CONTEXT() REPRESENTATION_CONTEXT('2D SPACE',''
  ) );
#17835 = ORIENTED_EDGE('',*,*,#17766,.F.);
#17836 = ADVANCED_FACE('',(#17837),#17685,.F.);
#17837 = FACE_BOUND('',#17838,.F.);
#17838 = EDGE_LOOP('',(#17839,#17840,#17841,#17842));
#17839 = ORIENTED_EDGE('',*,*,#17742,.F.);
#17840 = ORIENTED_EDGE('',*,*,#17815,.T.);
#17841 = ORIENTED_EDGE('',*,*,#17789,.T.);
#17842 = ORIENTED_EDGE('',*,*,#17669,.F.);
#17843 = ( GEOMETRIC_REPRESENTATION_CONTEXT(3) 
GLOBAL_UNCERTAINTY_ASSIGNED_CONTEXT((#17847)) 
GLOBAL_UNIT_ASSIGNED_CONTEXT((#17844,#17845,#17846)) 
REPRESENTATION_CONTEXT('Context #1',
  '3D Context with UNIT and UNCERTAINTY') );
#17844 = ( LENGTH_UNIT() NAMED_UNIT(*) SI_UNIT(.MILLI.,.METRE.) );
#17845 = ( NAMED_UNIT(*) PLANE_ANGLE_UNIT() SI_UNIT($,.RADIAN.) );
#17846 = ( NAMED_UNIT(*) SI_UNIT($,.STERADIAN.) SOLID_ANGLE_UNIT() );
#17847 = UNCERTAINTY_MEASURE_WITH_UNIT(LENGTH_MEASURE(1.E-07),#17844,
  'distance_accuracy_value','confusion accuracy');
#17848 = PRODUCT_RELATED_PRODUCT_CATEGORY('part',$,(#7));
ENDSEC;
END-ISO-10303-21;
