ISO-10303-21;
HEADER;
FILE_DESCRIPTION(('Open CASCADE Model'),'2;1');
FILE_NAME('Open CASCADE Shape Model','2026-09-07T13:21:33',('Author'),(
    'Open CASCADE'),'Open CASCADE STEP processor 7.9','Open CASCADE 7.9'
  ,'Unknown');
FILE_SCHEMA(('AUTOMOTIVE_DESIGN { 1 0 10303 214 1 1 1 1 }'));
ENDSEC;
DATA;
#1 = APPLICATION_PROTOCOL_DEFINITION('international standard',
  'automotive_design',2000,#2);
#2 = APPLICATION_CONTEXT(
  'core data for automotive mechanical design processes');
#3 = SHAPE_DEFINITION_REPRESENTATION(#4,#10);
#4 = PRODUCT_DEFINITION_SHAPE('','',#5);
#5 = PRODUCT_DEFINITION('design','',#6,#9);
#6 = PRODUCT_DEFINITION_FORMATION('','',#7);
#7 = PRODUCT('Open CASCADE STEP translator 7.9 1',
  'Open CASCADE STEP translator 7.9 1','',(#8));
#8 = PRODUCT_CONTEXT('',#2,'mechanical');
#9 = PRODUCT_DEFINITION_CONTEXT('part definition',#2,'design');
#10 = ADVANCED_BREP_SHAPE_REPRESENTATION('',(#11,#15),#3441);
#11 = AXIS2_PLACEMENT_3D('',#12,#13,#14);
#12 = CARTESIAN_POINT('',(0.,0.,0.));
#13 = DIRECTION('',(0.,0.,1.));
#14 = DIRECTION('',(1.,0.,-0.));
#15 = MANIFOLD_SOLID_BREP('',#16);
#16 = CLOSED_SHELL('',(#17,#137,#1387,#1437,#1491,#2516,#2543,#2570,
    #2597,#2624,#2631,#2658,#2685,#2712,#2739,#2766,#2793,#2820,#2847,
    #2874,#2901,#2928,#2955,#2982,#3009,#3036,#3063,#3090,#3117,#3144,
    #3171,#3198,#3225,#3252,#3279,#3306,#3333,#3360,#3387,#3414));
#17 = ADVANCED_FACE('',(#18),#32,.F.);
#18 = FACE_BOUND('',#19,.F.);
#19 = EDGE_LOOP('',(#20,#55,#83,#111));
#20 = ORIENTED_EDGE('',*,*,#21,.F.);
#21 = EDGE_CURVE('',#22,#24,#26,.T.);
#22 = VERTEX_POINT('',#23);
#23 = CARTESIAN_POINT('',(-150.,-142.,19.));
#24 = VERTEX_POINT('',#25);
#25 = CARTESIAN_POINT('',(-150.,142.,19.));
#26 = SURFACE_CURVE('',#27,(#31,#43),.PCURVE_S1.);
#27 = LINE('',#28,#29);
#28 = CARTESIAN_POINT('',(-150.,-160.,19.));
#29 = VECTOR('',#30,1.);
#30 = DIRECTION('',(0.,1.,0.));
#31 = PCURVE('',#32,#37);
#32 = PLANE('',#33);
#33 = AXIS2_PLACEMENT_3D('',#34,#35,#36);
#34 = CARTESIAN_POINT('',(-150.,-160.,13.));
#35 = DIRECTION('',(1.,0.,0.));
#36 = DIRECTION('',(0.,0.,1.));
#37 = DEFINITIONAL_REPRESENTATION('',(#38),#42);
#38 = LINE('',#39,#40);
#39 = CARTESIAN_POINT('',(6.,0.));
#40 = VECTOR('',#41,1.);
#41 = DIRECTION('',(0.,-1.));
#42 = ( GEOMETRIC_REPRESENTATION_CONTEXT(2) 
PARAMETRIC_REPRESENTATION_CONTEXT() REPRESENTATION_CONTEXT('2D SPACE',''
  ) );
#43 = PCURVE('',#44,#49);
#44 = PLANE('',#45);
#45 = AXIS2_PLACEMENT_3D('',#46,#47,#48);
#46 = CARTESIAN_POINT('',(-150.,-160.,19.));
#47 = DIRECTION('',(0.,0.,1.));
#48 = DIRECTION('',(1.,0.,0.));
#49 = DEFINITIONAL_REPRESENTATION('',(#50),#54);
#50 = LINE('',#51,#52);
#51 = CARTESIAN_POINT('',(0.,0.));
#52 = VECTOR('',#53,1.);
#53 = DIRECTION('',(0.,1.));
#54 = ( GEOMETRIC_REPRESENTATION_CONTEXT(2) 
PARAMETRIC_REPRESENTATION_CONTEXT() REPRESENTATION_CONTEXT('2D SPACE',''
  ) );
#55 = ORIENTED_EDGE('',*,*,#56,.F.);
#56 = EDGE_CURVE('',#57,#22,#59,.T.);
#57 = VERTEX_POINT('',#58);
#58 = CARTESIAN_POINT('',(-150.,-142.,13.));
#59 = SURFACE_CURVE('',#60,(#64,#71),.PCURVE_S1.);
#60 = LINE('',#61,#62);
#61 = CARTESIAN_POINT('',(-150.,-142.,13.));
#62 = VECTOR('',#63,1.);
#63 = DIRECTION('',(0.,0.,1.));
#64 = PCURVE('',#32,#65);
#65 = DEFINITIONAL_REPRESENTATION('',(#66),#70);
#66 = LINE('',#67,#68);
#67 = CARTESIAN_POINT('',(0.,-18.));
#68 = VECTOR('',#69,1.);
#69 = DIRECTION('',(1.,0.));
#70 = ( GEOMETRIC_REPRESENTATION_CONTEXT(2) 
PARAMETRIC_REPRESENTATION_CONTEXT() REPRESENTATION_CONTEXT('2D SPACE',''
  ) );
#71 = PCURVE('',#72,#77);
#72 = CYLINDRICAL_SURFACE('',#73,18.);
#73 = AXIS2_PLACEMENT_3D('',#74,#75,#76);
#74 = CARTESIAN_POINT('',(-132.,-142.,13.));
#75 = DIRECTION('',(0.,0.,1.));
#76 = DIRECTION('',(-1.,-0.,0.));
#77 = DEFINITIONAL_REPRESENTATION('',(#78),#82);
#78 = LINE('',#79,#80);
#79 = CARTESIAN_POINT('',(0.,0.));
#80 = VECTOR('',#81,1.);
#81 = DIRECTION('',(0.,1.));
#82 = ( GEOMETRIC_REPRESENTATION_CONTEXT(2) 
PARAMETRIC_REPRESENTATION_CONTEXT() REPRESENTATION_CONTEXT('2D SPACE',''
  ) );
#83 = ORIENTED_EDGE('',*,*,#84,.T.);
#84 = EDGE_CURVE('',#57,#85,#87,.T.);
#85 = VERTEX_POINT('',#86);
#86 = CARTESIAN_POINT('',(-150.,142.,13.));
#87 = SURFACE_CURVE('',#88,(#92,#99),.PCURVE_S1.);
#88 = LINE('',#89,#90);
#89 = CARTESIAN_POINT('',(-150.,-160.,13.));
#90 = VECTOR('',#91,1.);
#91 = DIRECTION('',(0.,1.,0.));
#92 = PCURVE('',#32,#93);
#93 = DEFINITIONAL_REPRESENTATION('',(#94),#98);
#94 = LINE('',#95,#96);
#95 = CARTESIAN_POINT('',(0.,0.));
#96 = VECTOR('',#97,1.);
#97 = DIRECTION('',(0.,-1.));
#98 = ( GEOMETRIC_REPRESENTATION_CONTEXT(2) 
PARAMETRIC_REPRESENTATION_CONTEXT() REPRESENTATION_CONTEXT('2D SPACE',''
  ) );
#99 = PCURVE('',#100,#105);
#100 = PLANE('',#101);
#101 = AXIS2_PLACEMENT_3D('',#102,#103,#104);
#102 = CARTESIAN_POINT('',(-150.,-160.,13.));
#103 = DIRECTION('',(0.,0.,1.));
#104 = DIRECTION('',(1.,0.,0.));
#105 = DEFINITIONAL_REPRESENTATION('',(#106),#110);
#106 = LINE('',#107,#108);
#107 = CARTESIAN_POINT('',(0.,0.));
#108 = VECTOR('',#109,1.);
#109 = DIRECTION('',(0.,1.));
#110 = ( GEOMETRIC_REPRESENTATION_CONTEXT(2) 
PARAMETRIC_REPRESENTATION_CONTEXT() REPRESENTATION_CONTEXT('2D SPACE',''
  ) );
#111 = ORIENTED_EDGE('',*,*,#112,.T.);
#112 = EDGE_CURVE('',#85,#24,#113,.T.);
#113 = SURFACE_CURVE('',#114,(#118,#125),.PCURVE_S1.);
#114 = LINE('',#115,#116);
#115 = CARTESIAN_POINT('',(-150.,142.,13.));
#116 = VECTOR('',#117,1.);
#117 = DIRECTION('',(0.,0.,1.));
#118 = PCURVE('',#32,#119);
#119 = DEFINITIONAL_REPRESENTATION('',(#120),#124);
#120 = LINE('',#121,#122);
#121 = CARTESIAN_POINT('',(0.,-302.));
#122 = VECTOR('',#123,1.);
#123 = DIRECTION('',(1.,0.));
#124 = ( GEOMETRIC_REPRESENTATION_CONTEXT(2) 
PARAMETRIC_REPRESENTATION_CONTEXT() REPRESENTATION_CONTEXT('2D SPACE',''
  ) );
#125 = PCURVE('',#126,#131);
#126 = CYLINDRICAL_SURFACE('',#127,18.);
#127 = AXIS2_PLACEMENT_3D('',#128,#129,#130);
#128 = CARTESIAN_POINT('',(-132.,142.,13.));
#129 = DIRECTION('',(0.,0.,1.));
#130 = DIRECTION('',(-1.,-0.,0.));
#131 = DEFINITIONAL_REPRESENTATION('',(#132),#136);
#132 = LINE('',#133,#134);
#133 = CARTESIAN_POINT('',(-0.,0.));
#134 = VECTOR('',#135,1.);
#135 = DIRECTION('',(-0.,1.));
#136 = ( GEOMETRIC_REPRESENTATION_CONTEXT(2) 
PARAMETRIC_REPRESENTATION_CONTEXT() REPRESENTATION_CONTEXT('2D SPACE',''
  ) );
#137 = ADVANCED_FACE('',(#138,#337,#372,#407,#442,#477,#512,#547,#582,
    #617,#652,#687,#722,#757,#792,#827,#862,#897,#932,#967,#1002,#1037,
    #1072,#1107,#1142,#1177,#1212,#1247,#1282,#1317,#1352),#44,.T.);
#138 = FACE_BOUND('',#139,.T.);
#139 = EDGE_LOOP('',(#140,#141,#165,#193,#226,#254,#283,#311));
#140 = ORIENTED_EDGE('',*,*,#21,.F.);
#141 = ORIENTED_EDGE('',*,*,#142,.T.);
#142 = EDGE_CURVE('',#22,#143,#145,.T.);
#143 = VERTEX_POINT('',#144);
#144 = CARTESIAN_POINT('',(-132.,-160.,19.));
#145 = SURFACE_CURVE('',#146,(#151,#158),.PCURVE_S1.);
#146 = CIRCLE('',#147,18.);
#147 = AXIS2_PLACEMENT_3D('',#148,#149,#150);
#148 = CARTESIAN_POINT('',(-132.,-142.,19.));
#149 = DIRECTION('',(0.,0.,1.));
#150 = DIRECTION('',(0.,-1.,0.));
#151 = PCURVE('',#44,#152);
#152 = DEFINITIONAL_REPRESENTATION('',(#153),#157);
#153 = CIRCLE('',#154,18.);
#154 = AXIS2_PLACEMENT_2D('',#155,#156);
#155 = CARTESIAN_POINT('',(18.,18.));
#156 = DIRECTION('',(0.,-1.));
#157 = ( GEOMETRIC_REPRESENTATION_CONTEXT(2) 
PARAMETRIC_REPRESENTATION_CONTEXT() REPRESENTATION_CONTEXT('2D SPACE',''
  ) );
#158 = PCURVE('',#72,#159);
#159 = DEFINITIONAL_REPRESENTATION('',(#160),#164);
#160 = LINE('',#161,#162);
#161 = CARTESIAN_POINT('',(-4.712388980385,6.));
#162 = VECTOR('',#163,1.);
#163 = DIRECTION('',(1.,0.));
#164 = ( GEOMETRIC_REPRESENTATION_CONTEXT(2) 
PARAMETRIC_REPRESENTATION_CONTEXT() REPRESENTATION_CONTEXT('2D SPACE',''
  ) );
#165 = ORIENTED_EDGE('',*,*,#166,.T.);
#166 = EDGE_CURVE('',#143,#167,#169,.T.);
#167 = VERTEX_POINT('',#168);
#168 = CARTESIAN_POINT('',(132.,-160.,19.));
#169 = SURFACE_CURVE('',#170,(#174,#181),.PCURVE_S1.);
#170 = LINE('',#171,#172);
#171 = CARTESIAN_POINT('',(-150.,-160.,19.));
#172 = VECTOR('',#173,1.);
#173 = DIRECTION('',(1.,0.,0.));
#174 = PCURVE('',#44,#175);
#175 = DEFINITIONAL_REPRESENTATION('',(#176),#180);
#176 = LINE('',#177,#178);
#177 = CARTESIAN_POINT('',(0.,0.));
#178 = VECTOR('',#179,1.);
#179 = DIRECTION('',(1.,0.));
#180 = ( GEOMETRIC_REPRESENTATION_CONTEXT(2) 
PARAMETRIC_REPRESENTATION_CONTEXT() REPRESENTATION_CONTEXT('2D SPACE',''
  ) );
#181 = PCURVE('',#182,#187);
#182 = PLANE('',#183);
#183 = AXIS2_PLACEMENT_3D('',#184,#185,#186);
#184 = CARTESIAN_POINT('',(-150.,-160.,13.));
#185 = DIRECTION('',(0.,1.,0.));
#186 = DIRECTION('',(0.,0.,1.));
#187 = DEFINITIONAL_REPRESENTATION('',(#188),#192);
#188 = LINE('',#189,#190);
#189 = CARTESIAN_POINT('',(6.,0.));
#190 = VECTOR('',#191,1.);
#191 = DIRECTION('',(0.,1.));
#192 = ( GEOMETRIC_REPRESENTATION_CONTEXT(2) 
PARAMETRIC_REPRESENTATION_CONTEXT() REPRESENTATION_CONTEXT('2D SPACE',''
  ) );
#193 = ORIENTED_EDGE('',*,*,#194,.F.);
#194 = EDGE_CURVE('',#195,#167,#197,.T.);
#195 = VERTEX_POINT('',#196);
#196 = CARTESIAN_POINT('',(150.,-142.,19.));
#197 = SURFACE_CURVE('',#198,(#203,#214),.PCURVE_S1.);
#198 = CIRCLE('',#199,18.);
#199 = AXIS2_PLACEMENT_3D('',#200,#201,#202);
#200 = CARTESIAN_POINT('',(132.,-142.,19.));
#201 = DIRECTION('',(-0.,-0.,-1.));
#202 = DIRECTION('',(0.,-1.,0.));
#203 = PCURVE('',#44,#204);
#204 = DEFINITIONAL_REPRESENTATION('',(#205),#213);
#205 = ( BOUNDED_CURVE() B_SPLINE_CURVE(2,(#206,#207,#208,#209,#210,#211
,#212),.UNSPECIFIED.,.T.,.F.) B_SPLINE_CURVE_WITH_KNOTS((1,2,2,2,2,1),(
    -2.094395102393,0.,2.094395102393,4.188790204786,6.28318530718,
8.377580409573),.UNSPECIFIED.) CURVE() GEOMETRIC_REPRESENTATION_ITEM() 
RATIONAL_B_SPLINE_CURVE((1.,0.5,1.,0.5,1.,0.5,1.)) REPRESENTATION_ITEM(
  '') );
#206 = CARTESIAN_POINT('',(282.,0.));
#207 = CARTESIAN_POINT('',(250.82308546376,0.));
#208 = CARTESIAN_POINT('',(266.41154273188,27.));
#209 = CARTESIAN_POINT('',(282.,54.));
#210 = CARTESIAN_POINT('',(297.58845726812,27.));
#211 = CARTESIAN_POINT('',(313.17691453624,2.84217094304E-14));
#212 = CARTESIAN_POINT('',(282.,0.));
#213 = ( GEOMETRIC_REPRESENTATION_CONTEXT(2) 
PARAMETRIC_REPRESENTATION_CONTEXT() REPRESENTATION_CONTEXT('2D SPACE',''
  ) );
#214 = PCURVE('',#215,#220);
#215 = CYLINDRICAL_SURFACE('',#216,18.);
#216 = AXIS2_PLACEMENT_3D('',#217,#218,#219);
#217 = CARTESIAN_POINT('',(132.,-142.,13.));
#218 = DIRECTION('',(0.,0.,1.));
#219 = DIRECTION('',(1.,0.,-0.));
#220 = DEFINITIONAL_REPRESENTATION('',(#221),#225);
#221 = LINE('',#222,#223);
#222 = CARTESIAN_POINT('',(4.712388980385,6.));
#223 = VECTOR('',#224,1.);
#224 = DIRECTION('',(-1.,0.));
#225 = ( GEOMETRIC_REPRESENTATION_CONTEXT(2) 
PARAMETRIC_REPRESENTATION_CONTEXT() REPRESENTATION_CONTEXT('2D SPACE',''
  ) );
#226 = ORIENTED_EDGE('',*,*,#227,.T.);
#227 = EDGE_CURVE('',#195,#228,#230,.T.);
#228 = VERTEX_POINT('',#229);
#229 = CARTESIAN_POINT('',(150.,142.,19.));
#230 = SURFACE_CURVE('',#231,(#235,#242),.PCURVE_S1.);
#231 = LINE('',#232,#233);
#232 = CARTESIAN_POINT('',(150.,-160.,19.));
#233 = VECTOR('',#234,1.);
#234 = DIRECTION('',(0.,1.,0.));
#235 = PCURVE('',#44,#236);
#236 = DEFINITIONAL_REPRESENTATION('',(#237),#241);
#237 = LINE('',#238,#239);
#238 = CARTESIAN_POINT('',(300.,0.));
#239 = VECTOR('',#240,1.);
#240 = DIRECTION('',(0.,1.));
#241 = ( GEOMETRIC_REPRESENTATION_CONTEXT(2) 
PARAMETRIC_REPRESENTATION_CONTEXT() REPRESENTATION_CONTEXT('2D SPACE',''
  ) );
#242 = PCURVE('',#243,#248);
#243 = PLANE('',#244);
#244 = AXIS2_PLACEMENT_3D('',#245,#246,#247);
#245 = CARTESIAN_POINT('',(150.,-160.,13.));
#246 = DIRECTION('',(1.,0.,0.));
#247 = DIRECTION('',(0.,0.,1.));
#248 = DEFINITIONAL_REPRESENTATION('',(#249),#253);
#249 = LINE('',#250,#251);
#250 = CARTESIAN_POINT('',(6.,0.));
#251 = VECTOR('',#252,1.);
#252 = DIRECTION('',(0.,-1.));
#253 = ( GEOMETRIC_REPRESENTATION_CONTEXT(2) 
PARAMETRIC_REPRESENTATION_CONTEXT() REPRESENTATION_CONTEXT('2D SPACE',''
  ) );
#254 = ORIENTED_EDGE('',*,*,#255,.T.);
#255 = EDGE_CURVE('',#228,#256,#258,.T.);
#256 = VERTEX_POINT('',#257);
#257 = CARTESIAN_POINT('',(132.,160.,19.));
#258 = SURFACE_CURVE('',#259,(#264,#271),.PCURVE_S1.);
#259 = CIRCLE('',#260,18.);
#260 = AXIS2_PLACEMENT_3D('',#261,#262,#263);
#261 = CARTESIAN_POINT('',(132.,142.,19.));
#262 = DIRECTION('',(0.,0.,1.));
#263 = DIRECTION('',(0.,-1.,0.));
#264 = PCURVE('',#44,#265);
#265 = DEFINITIONAL_REPRESENTATION('',(#266),#270);
#266 = CIRCLE('',#267,18.);
#267 = AXIS2_PLACEMENT_2D('',#268,#269);
#268 = CARTESIAN_POINT('',(282.,302.));
#269 = DIRECTION('',(0.,-1.));
#270 = ( GEOMETRIC_REPRESENTATION_CONTEXT(2) 
PARAMETRIC_REPRESENTATION_CONTEXT() REPRESENTATION_CONTEXT('2D SPACE',''
  ) );
#271 = PCURVE('',#272,#277);
#272 = CYLINDRICAL_SURFACE('',#273,18.);
#273 = AXIS2_PLACEMENT_3D('',#274,#275,#276);
#274 = CARTESIAN_POINT('',(132.,142.,13.));
#275 = DIRECTION('',(0.,0.,1.));
#276 = DIRECTION('',(1.,0.,-0.));
#277 = DEFINITIONAL_REPRESENTATION('',(#278),#282);
#278 = LINE('',#279,#280);
#279 = CARTESIAN_POINT('',(-1.570796326795,6.));
#280 = VECTOR('',#281,1.);
#281 = DIRECTION('',(1.,0.));
#282 = ( GEOMETRIC_REPRESENTATION_CONTEXT(2) 
PARAMETRIC_REPRESENTATION_CONTEXT() REPRESENTATION_CONTEXT('2D SPACE',''
  ) );
#283 = ORIENTED_EDGE('',*,*,#284,.F.);
#284 = EDGE_CURVE('',#285,#256,#287,.T.);
#285 = VERTEX_POINT('',#286);
#286 = CARTESIAN_POINT('',(-132.,160.,19.));
#287 = SURFACE_CURVE('',#288,(#292,#299),.PCURVE_S1.);
#288 = LINE('',#289,#290);
#289 = CARTESIAN_POINT('',(-150.,160.,19.));
#290 = VECTOR('',#291,1.);
#291 = DIRECTION('',(1.,0.,0.));
#292 = PCURVE('',#44,#293);
#293 = DEFINITIONAL_REPRESENTATION('',(#294),#298);
#294 = LINE('',#295,#296);
#295 = CARTESIAN_POINT('',(0.,320.));
#296 = VECTOR('',#297,1.);
#297 = DIRECTION('',(1.,0.));
#298 = ( GEOMETRIC_REPRESENTATION_CONTEXT(2) 
PARAMETRIC_REPRESENTATION_CONTEXT() REPRESENTATION_CONTEXT('2D SPACE',''
  ) );
#299 = PCURVE('',#300,#305);
#300 = PLANE('',#301);
#301 = AXIS2_PLACEMENT_3D('',#302,#303,#304);
#302 = CARTESIAN_POINT('',(-150.,160.,13.));
#303 = DIRECTION('',(0.,1.,0.));
#304 = DIRECTION('',(0.,0.,1.));
#305 = DEFINITIONAL_REPRESENTATION('',(#306),#310);
#306 = LINE('',#307,#308);
#307 = CARTESIAN_POINT('',(6.,0.));
#308 = VECTOR('',#309,1.);
#309 = DIRECTION('',(0.,1.));
#310 = ( GEOMETRIC_REPRESENTATION_CONTEXT(2) 
PARAMETRIC_REPRESENTATION_CONTEXT() REPRESENTATION_CONTEXT('2D SPACE',''
  ) );
#311 = ORIENTED_EDGE('',*,*,#312,.F.);
#312 = EDGE_CURVE('',#24,#285,#313,.T.);
#313 = SURFACE_CURVE('',#314,(#319,#330),.PCURVE_S1.);
#314 = CIRCLE('',#315,18.);
#315 = AXIS2_PLACEMENT_3D('',#316,#317,#318);
#316 = CARTESIAN_POINT('',(-132.,142.,19.));
#317 = DIRECTION('',(-0.,-0.,-1.));
#318 = DIRECTION('',(0.,-1.,0.));
#319 = PCURVE('',#44,#320);
#320 = DEFINITIONAL_REPRESENTATION('',(#321),#329);
#321 = ( BOUNDED_CURVE() B_SPLINE_CURVE(2,(#322,#323,#324,#325,#326,#327
,#328),.UNSPECIFIED.,.T.,.F.) B_SPLINE_CURVE_WITH_KNOTS((1,2,2,2,2,1),(
    -2.094395102393,0.,2.094395102393,4.188790204786,6.28318530718,
8.377580409573),.UNSPECIFIED.) CURVE() GEOMETRIC_REPRESENTATION_ITEM() 
RATIONAL_B_SPLINE_CURVE((1.,0.5,1.,0.5,1.,0.5,1.)) REPRESENTATION_ITEM(
  '') );
#322 = CARTESIAN_POINT('',(18.,284.));
#323 = CARTESIAN_POINT('',(-13.17691453624,284.));
#324 = CARTESIAN_POINT('',(2.41154273188,311.));
#325 = CARTESIAN_POINT('',(18.,338.));
#326 = CARTESIAN_POINT('',(33.58845726812,311.));
#327 = CARTESIAN_POINT('',(49.17691453624,284.));
#328 = CARTESIAN_POINT('',(18.,284.));
#329 = ( GEOMETRIC_REPRESENTATION_CONTEXT(2) 
PARAMETRIC_REPRESENTATION_CONTEXT() REPRESENTATION_CONTEXT('2D SPACE',''
  ) );
#330 = PCURVE('',#126,#331);
#331 = DEFINITIONAL_REPRESENTATION('',(#332),#336);
#332 = LINE('',#333,#334);
#333 = CARTESIAN_POINT('',(1.570796326795,6.));
#334 = VECTOR('',#335,1.);
#335 = DIRECTION('',(-1.,0.));
#336 = ( GEOMETRIC_REPRESENTATION_CONTEXT(2) 
PARAMETRIC_REPRESENTATION_CONTEXT() REPRESENTATION_CONTEXT('2D SPACE',''
  ) );
#337 = FACE_BOUND('',#338,.T.);
#338 = EDGE_LOOP('',(#339));
#339 = ORIENTED_EDGE('',*,*,#340,.T.);
#340 = EDGE_CURVE('',#341,#341,#343,.T.);
#341 = VERTEX_POINT('',#342);
#342 = CARTESIAN_POINT('',(-129.,-142.,19.));
#343 = SURFACE_CURVE('',#344,(#349,#360),.PCURVE_S1.);
#344 = CIRCLE('',#345,3.);
#345 = AXIS2_PLACEMENT_3D('',#346,#347,#348);
#346 = CARTESIAN_POINT('',(-132.,-142.,19.));
#347 = DIRECTION('',(0.,0.,-1.));
#348 = DIRECTION('',(1.,0.,0.));
#349 = PCURVE('',#44,#350);
#350 = DEFINITIONAL_REPRESENTATION('',(#351),#359);
#351 = ( BOUNDED_CURVE() B_SPLINE_CURVE(2,(#352,#353,#354,#355,#356,#357
,#358),.UNSPECIFIED.,.T.,.F.) B_SPLINE_CURVE_WITH_KNOTS((1,2,2,2,2,1),(
    -2.094395102393,0.,2.094395102393,4.188790204786,6.28318530718,
8.377580409573),.UNSPECIFIED.) CURVE() GEOMETRIC_REPRESENTATION_ITEM() 
RATIONAL_B_SPLINE_CURVE((1.,0.5,1.,0.5,1.,0.5,1.)) REPRESENTATION_ITEM(
  '') );
#352 = CARTESIAN_POINT('',(21.,18.));
#353 = CARTESIAN_POINT('',(21.,12.803847577293));
#354 = CARTESIAN_POINT('',(16.5,15.401923788647));
#355 = CARTESIAN_POINT('',(12.,18.));
#356 = CARTESIAN_POINT('',(16.5,20.598076211353));
#357 = CARTESIAN_POINT('',(21.,23.196152422707));
#358 = CARTESIAN_POINT('',(21.,18.));
#359 = ( GEOMETRIC_REPRESENTATION_CONTEXT(2) 
PARAMETRIC_REPRESENTATION_CONTEXT() REPRESENTATION_CONTEXT('2D SPACE',''
  ) );
#360 = PCURVE('',#361,#366);
#361 = CYLINDRICAL_SURFACE('',#362,3.);
#362 = AXIS2_PLACEMENT_3D('',#363,#364,#365);
#363 = CARTESIAN_POINT('',(-132.,-142.,12.));
#364 = DIRECTION('',(-0.,-0.,-1.));
#365 = DIRECTION('',(1.,0.,0.));
#366 = DEFINITIONAL_REPRESENTATION('',(#367),#371);
#367 = LINE('',#368,#369);
#368 = CARTESIAN_POINT('',(-6.28318530718,-7.));
#369 = VECTOR('',#370,1.);
#370 = DIRECTION('',(1.,-0.));
#371 = ( GEOMETRIC_REPRESENTATION_CONTEXT(2) 
PARAMETRIC_REPRESENTATION_CONTEXT() REPRESENTATION_CONTEXT('2D SPACE',''
  ) );
#372 = FACE_BOUND('',#373,.T.);
#373 = EDGE_LOOP('',(#374));
#374 = ORIENTED_EDGE('',*,*,#375,.T.);
#375 = EDGE_CURVE('',#376,#376,#378,.T.);
#376 = VERTEX_POINT('',#377);
#377 = CARTESIAN_POINT('',(-140.3,-118.,19.));
#378 = SURFACE_CURVE('',#379,(#384,#395),.PCURVE_S1.);
#379 = CIRCLE('',#380,1.7);
#380 = AXIS2_PLACEMENT_3D('',#381,#382,#383);
#381 = CARTESIAN_POINT('',(-142.,-118.,19.));
#382 = DIRECTION('',(0.,0.,-1.));
#383 = DIRECTION('',(1.,0.,0.));
#384 = PCURVE('',#44,#385);
#385 = DEFINITIONAL_REPRESENTATION('',(#386),#394);
#386 = ( BOUNDED_CURVE() B_SPLINE_CURVE(2,(#387,#388,#389,#390,#391,#392
,#393),.UNSPECIFIED.,.T.,.F.) B_SPLINE_CURVE_WITH_KNOTS((1,2,2,2,2,1),(
    -2.094395102393,0.,2.094395102393,4.188790204786,6.28318530718,
8.377580409573),.UNSPECIFIED.) CURVE() GEOMETRIC_REPRESENTATION_ITEM() 
RATIONAL_B_SPLINE_CURVE((1.,0.5,1.,0.5,1.,0.5,1.)) REPRESENTATION_ITEM(
  '') );
#387 = CARTESIAN_POINT('',(9.7,42.));
#388 = CARTESIAN_POINT('',(9.7,39.055513627133));
#389 = CARTESIAN_POINT('',(7.15,40.527756813566));
#390 = CARTESIAN_POINT('',(4.6,42.));
#391 = CARTESIAN_POINT('',(7.15,43.472243186434));
#392 = CARTESIAN_POINT('',(9.7,44.944486372867));
#393 = CARTESIAN_POINT('',(9.7,42.));
#394 = ( GEOMETRIC_REPRESENTATION_CONTEXT(2) 
PARAMETRIC_REPRESENTATION_CONTEXT() REPRESENTATION_CONTEXT('2D SPACE',''
  ) );
#395 = PCURVE('',#396,#401);
#396 = CYLINDRICAL_SURFACE('',#397,1.7);
#397 = AXIS2_PLACEMENT_3D('',#398,#399,#400);
#398 = CARTESIAN_POINT('',(-142.,-118.,12.));
#399 = DIRECTION('',(-0.,-0.,-1.));
#400 = DIRECTION('',(1.,0.,0.));
#401 = DEFINITIONAL_REPRESENTATION('',(#402),#406);
#402 = LINE('',#403,#404);
#403 = CARTESIAN_POINT('',(-6.28318530718,-7.));
#404 = VECTOR('',#405,1.);
#405 = DIRECTION('',(1.,-0.));
#406 = ( GEOMETRIC_REPRESENTATION_CONTEXT(2) 
PARAMETRIC_REPRESENTATION_CONTEXT() REPRESENTATION_CONTEXT('2D SPACE',''
  ) );
#407 = FACE_BOUND('',#408,.T.);
#408 = EDGE_LOOP('',(#409));
#409 = ORIENTED_EDGE('',*,*,#410,.T.);
#410 = EDGE_CURVE('',#411,#411,#413,.T.);
#411 = VERTEX_POINT('',#412);
#412 = CARTESIAN_POINT('',(-86.3,-152.,19.));
#413 = SURFACE_CURVE('',#414,(#419,#430),.PCURVE_S1.);
#414 = CIRCLE('',#415,1.7);
#415 = AXIS2_PLACEMENT_3D('',#416,#417,#418);
#416 = CARTESIAN_POINT('',(-88.,-152.,19.));
#417 = DIRECTION('',(0.,0.,-1.));
#418 = DIRECTION('',(1.,0.,0.));
#419 = PCURVE('',#44,#420);
#420 = DEFINITIONAL_REPRESENTATION('',(#421),#429);
#421 = ( BOUNDED_CURVE() B_SPLINE_CURVE(2,(#422,#423,#424,#425,#426,#427
,#428),.UNSPECIFIED.,.T.,.F.) B_SPLINE_CURVE_WITH_KNOTS((1,2,2,2,2,1),(
    -2.094395102393,0.,2.094395102393,4.188790204786,6.28318530718,
8.377580409573),.UNSPECIFIED.) CURVE() GEOMETRIC_REPRESENTATION_ITEM() 
RATIONAL_B_SPLINE_CURVE((1.,0.5,1.,0.5,1.,0.5,1.)) REPRESENTATION_ITEM(
  '') );
#422 = CARTESIAN_POINT('',(63.7,8.));
#423 = CARTESIAN_POINT('',(63.7,5.055513627133));
#424 = CARTESIAN_POINT('',(61.15,6.527756813566));
#425 = CARTESIAN_POINT('',(58.6,8.));
#426 = CARTESIAN_POINT('',(61.15,9.472243186434));
#427 = CARTESIAN_POINT('',(63.7,10.944486372867));
#428 = CARTESIAN_POINT('',(63.7,8.));
#429 = ( GEOMETRIC_REPRESENTATION_CONTEXT(2) 
PARAMETRIC_REPRESENTATION_CONTEXT() REPRESENTATION_CONTEXT('2D SPACE',''
  ) );
#430 = PCURVE('',#431,#436);
#431 = CYLINDRICAL_SURFACE('',#432,1.7);
#432 = AXIS2_PLACEMENT_3D('',#433,#434,#435);
#433 = CARTESIAN_POINT('',(-88.,-152.,12.));
#434 = DIRECTION('',(-0.,-0.,-1.));
#435 = DIRECTION('',(1.,0.,0.));
#436 = DEFINITIONAL_REPRESENTATION('',(#437),#441);
#437 = LINE('',#438,#439);
#438 = CARTESIAN_POINT('',(-6.28318530718,-7.));
#439 = VECTOR('',#440,1.);
#440 = DIRECTION('',(1.,-0.));
#441 = ( GEOMETRIC_REPRESENTATION_CONTEXT(2) 
PARAMETRIC_REPRESENTATION_CONTEXT() REPRESENTATION_CONTEXT('2D SPACE',''
  ) );
#442 = FACE_BOUND('',#443,.T.);
#443 = EDGE_LOOP('',(#444));
#444 = ORIENTED_EDGE('',*,*,#445,.T.);
#445 = EDGE_CURVE('',#446,#446,#448,.T.);
#446 = VERTEX_POINT('',#447);
#447 = CARTESIAN_POINT('',(-105.5,-53.,19.));
#448 = SURFACE_CURVE('',#449,(#454,#465),.PCURVE_S1.);
#449 = CIRCLE('',#450,1.5);
#450 = AXIS2_PLACEMENT_3D('',#451,#452,#453);
#451 = CARTESIAN_POINT('',(-107.,-53.,19.));
#452 = DIRECTION('',(0.,0.,-1.));
#453 = DIRECTION('',(1.,0.,0.));
#454 = PCURVE('',#44,#455);
#455 = DEFINITIONAL_REPRESENTATION('',(#456),#464);
#456 = ( BOUNDED_CURVE() B_SPLINE_CURVE(2,(#457,#458,#459,#460,#461,#462
,#463),.UNSPECIFIED.,.T.,.F.) B_SPLINE_CURVE_WITH_KNOTS((1,2,2,2,2,1),(
    -2.094395102393,0.,2.094395102393,4.188790204786,6.28318530718,
8.377580409573),.UNSPECIFIED.) CURVE() GEOMETRIC_REPRESENTATION_ITEM() 
RATIONAL_B_SPLINE_CURVE((1.,0.5,1.,0.5,1.,0.5,1.)) REPRESENTATION_ITEM(
  '') );
#457 = CARTESIAN_POINT('',(44.5,107.));
#458 = CARTESIAN_POINT('',(44.5,104.40192378864));
#459 = CARTESIAN_POINT('',(42.25,105.70096189432));
#460 = CARTESIAN_POINT('',(40.,107.));
#461 = CARTESIAN_POINT('',(42.25,108.29903810567));
#462 = CARTESIAN_POINT('',(44.5,109.59807621135));
#463 = CARTESIAN_POINT('',(44.5,107.));
#464 = ( GEOMETRIC_REPRESENTATION_CONTEXT(2) 
PARAMETRIC_REPRESENTATION_CONTEXT() REPRESENTATION_CONTEXT('2D SPACE',''
  ) );
#465 = PCURVE('',#466,#471);
#466 = CYLINDRICAL_SURFACE('',#467,1.5);
#467 = AXIS2_PLACEMENT_3D('',#468,#469,#470);
#468 = CARTESIAN_POINT('',(-107.,-53.,12.));
#469 = DIRECTION('',(-0.,-0.,-1.));
#470 = DIRECTION('',(1.,0.,0.));
#471 = DEFINITIONAL_REPRESENTATION('',(#472),#476);
#472 = LINE('',#473,#474);
#473 = CARTESIAN_POINT('',(-6.28318530718,-7.));
#474 = VECTOR('',#475,1.);
#475 = DIRECTION('',(1.,-0.));
#476 = ( GEOMETRIC_REPRESENTATION_CONTEXT(2) 
PARAMETRIC_REPRESENTATION_CONTEXT() REPRESENTATION_CONTEXT('2D SPACE',''
  ) );
#477 = FACE_BOUND('',#478,.T.);
#478 = EDGE_LOOP('',(#479));
#479 = ORIENTED_EDGE('',*,*,#480,.T.);
#480 = EDGE_CURVE('',#481,#481,#483,.T.);
#481 = VERTEX_POINT('',#482);
#482 = CARTESIAN_POINT('',(-140.3,-10.,19.));
#483 = SURFACE_CURVE('',#484,(#489,#500),.PCURVE_S1.);
#484 = CIRCLE('',#485,1.7);
#485 = AXIS2_PLACEMENT_3D('',#486,#487,#488);
#486 = CARTESIAN_POINT('',(-142.,-10.,19.));
#487 = DIRECTION('',(0.,0.,-1.));
#488 = DIRECTION('',(1.,0.,0.));
#489 = PCURVE('',#44,#490);
#490 = DEFINITIONAL_REPRESENTATION('',(#491),#499);
#491 = ( BOUNDED_CURVE() B_SPLINE_CURVE(2,(#492,#493,#494,#495,#496,#497
,#498),.UNSPECIFIED.,.T.,.F.) B_SPLINE_CURVE_WITH_KNOTS((1,2,2,2,2,1),(
    -2.094395102393,0.,2.094395102393,4.188790204786,6.28318530718,
8.377580409573),.UNSPECIFIED.) CURVE() GEOMETRIC_REPRESENTATION_ITEM() 
RATIONAL_B_SPLINE_CURVE((1.,0.5,1.,0.5,1.,0.5,1.)) REPRESENTATION_ITEM(
  '') );
#492 = CARTESIAN_POINT('',(9.7,150.));
#493 = CARTESIAN_POINT('',(9.7,147.05551362713));
#494 = CARTESIAN_POINT('',(7.15,148.52775681356));
#495 = CARTESIAN_POINT('',(4.6,150.));
#496 = CARTESIAN_POINT('',(7.15,151.47224318643));
#497 = CARTESIAN_POINT('',(9.7,152.94448637286));
#498 = CARTESIAN_POINT('',(9.7,150.));
#499 = ( GEOMETRIC_REPRESENTATION_CONTEXT(2) 
PARAMETRIC_REPRESENTATION_CONTEXT() REPRESENTATION_CONTEXT('2D SPACE',''
  ) );
#500 = PCURVE('',#501,#506);
#501 = CYLINDRICAL_SURFACE('',#502,1.7);
#502 = AXIS2_PLACEMENT_3D('',#503,#504,#505);
#503 = CARTESIAN_POINT('',(-142.,-10.,12.));
#504 = DIRECTION('',(-0.,-0.,-1.));
#505 = DIRECTION('',(1.,0.,0.));
#506 = DEFINITIONAL_REPRESENTATION('',(#507),#511);
#507 = LINE('',#508,#509);
#508 = CARTESIAN_POINT('',(-6.28318530718,-7.));
#509 = VECTOR('',#510,1.);
#510 = DIRECTION('',(1.,-0.));
#511 = ( GEOMETRIC_REPRESENTATION_CONTEXT(2) 
PARAMETRIC_REPRESENTATION_CONTEXT() REPRESENTATION_CONTEXT('2D SPACE',''
  ) );
#512 = FACE_BOUND('',#513,.T.);
#513 = EDGE_LOOP('',(#514));
#514 = ORIENTED_EDGE('',*,*,#515,.T.);
#515 = EDGE_CURVE('',#516,#516,#518,.T.);
#516 = VERTEX_POINT('',#517);
#517 = CARTESIAN_POINT('',(-109.,-20.,19.));
#518 = SURFACE_CURVE('',#519,(#524,#535),.PCURVE_S1.);
#519 = CIRCLE('',#520,3.);
#520 = AXIS2_PLACEMENT_3D('',#521,#522,#523);
#521 = CARTESIAN_POINT('',(-112.,-20.,19.));
#522 = DIRECTION('',(0.,0.,-1.));
#523 = DIRECTION('',(1.,0.,0.));
#524 = PCURVE('',#44,#525);
#525 = DEFINITIONAL_REPRESENTATION('',(#526),#534);
#526 = ( BOUNDED_CURVE() B_SPLINE_CURVE(2,(#527,#528,#529,#530,#531,#532
,#533),.UNSPECIFIED.,.T.,.F.) B_SPLINE_CURVE_WITH_KNOTS((1,2,2,2,2,1),(
    -2.094395102393,0.,2.094395102393,4.188790204786,6.28318530718,
8.377580409573),.UNSPECIFIED.) CURVE() GEOMETRIC_REPRESENTATION_ITEM() 
RATIONAL_B_SPLINE_CURVE((1.,0.5,1.,0.5,1.,0.5,1.)) REPRESENTATION_ITEM(
  '') );
#527 = CARTESIAN_POINT('',(41.,140.));
#528 = CARTESIAN_POINT('',(41.,134.80384757729));
#529 = CARTESIAN_POINT('',(36.5,137.40192378864));
#530 = CARTESIAN_POINT('',(32.,140.));
#531 = CARTESIAN_POINT('',(36.5,142.59807621135));
#532 = CARTESIAN_POINT('',(41.,145.1961524227));
#533 = CARTESIAN_POINT('',(41.,140.));
#534 = ( GEOMETRIC_REPRESENTATION_CONTEXT(2) 
PARAMETRIC_REPRESENTATION_CONTEXT() REPRESENTATION_CONTEXT('2D SPACE',''
  ) );
#535 = PCURVE('',#536,#541);
#536 = CYLINDRICAL_SURFACE('',#537,3.);
#537 = AXIS2_PLACEMENT_3D('',#538,#539,#540);
#538 = CARTESIAN_POINT('',(-112.,-20.,12.));
#539 = DIRECTION('',(-0.,-0.,-1.));
#540 = DIRECTION('',(1.,0.,0.));
#541 = DEFINITIONAL_REPRESENTATION('',(#542),#546);
#542 = LINE('',#543,#544);
#543 = CARTESIAN_POINT('',(-6.28318530718,-7.));
#544 = VECTOR('',#545,1.);
#545 = DIRECTION('',(1.,-0.));
#546 = ( GEOMETRIC_REPRESENTATION_CONTEXT(2) 
PARAMETRIC_REPRESENTATION_CONTEXT() REPRESENTATION_CONTEXT('2D SPACE',''
  ) );
#547 = FACE_BOUND('',#548,.T.);
#548 = EDGE_LOOP('',(#549));
#549 = ORIENTED_EDGE('',*,*,#550,.T.);
#550 = EDGE_CURVE('',#551,#551,#553,.T.);
#551 = VERTEX_POINT('',#552);
#552 = CARTESIAN_POINT('',(89.7,-152.,19.));
#553 = SURFACE_CURVE('',#554,(#559,#570),.PCURVE_S1.);
#554 = CIRCLE('',#555,1.7);
#555 = AXIS2_PLACEMENT_3D('',#556,#557,#558);
#556 = CARTESIAN_POINT('',(88.,-152.,19.));
#557 = DIRECTION('',(0.,0.,-1.));
#558 = DIRECTION('',(1.,0.,0.));
#559 = PCURVE('',#44,#560);
#560 = DEFINITIONAL_REPRESENTATION('',(#561),#569);
#561 = ( BOUNDED_CURVE() B_SPLINE_CURVE(2,(#562,#563,#564,#565,#566,#567
,#568),.UNSPECIFIED.,.T.,.F.) B_SPLINE_CURVE_WITH_KNOTS((1,2,2,2,2,1),(
    -2.094395102393,0.,2.094395102393,4.188790204786,6.28318530718,
8.377580409573),.UNSPECIFIED.) CURVE() GEOMETRIC_REPRESENTATION_ITEM() 
RATIONAL_B_SPLINE_CURVE((1.,0.5,1.,0.5,1.,0.5,1.)) REPRESENTATION_ITEM(
  '') );
#562 = CARTESIAN_POINT('',(239.7,8.));
#563 = CARTESIAN_POINT('',(239.7,5.055513627133));
#564 = CARTESIAN_POINT('',(237.15,6.527756813566));
#565 = CARTESIAN_POINT('',(234.6,8.));
#566 = CARTESIAN_POINT('',(237.15,9.472243186434));
#567 = CARTESIAN_POINT('',(239.7,10.944486372867));
#568 = CARTESIAN_POINT('',(239.7,8.));
#569 = ( GEOMETRIC_REPRESENTATION_CONTEXT(2) 
PARAMETRIC_REPRESENTATION_CONTEXT() REPRESENTATION_CONTEXT('2D SPACE',''
  ) );
#570 = PCURVE('',#571,#576);
#571 = CYLINDRICAL_SURFACE('',#572,1.7);
#572 = AXIS2_PLACEMENT_3D('',#573,#574,#575);
#573 = CARTESIAN_POINT('',(88.,-152.,12.));
#574 = DIRECTION('',(-0.,-0.,-1.));
#575 = DIRECTION('',(1.,0.,0.));
#576 = DEFINITIONAL_REPRESENTATION('',(#577),#581);
#577 = LINE('',#578,#579);
#578 = CARTESIAN_POINT('',(-6.28318530718,-7.));
#579 = VECTOR('',#580,1.);
#580 = DIRECTION('',(1.,-0.));
#581 = ( GEOMETRIC_REPRESENTATION_CONTEXT(2) 
PARAMETRIC_REPRESENTATION_CONTEXT() REPRESENTATION_CONTEXT('2D SPACE',''
  ) );
#582 = FACE_BOUND('',#583,.T.);
#583 = EDGE_LOOP('',(#584));
#584 = ORIENTED_EDGE('',*,*,#585,.T.);
#585 = EDGE_CURVE('',#586,#586,#588,.T.);
#586 = VERTEX_POINT('',#587);
#587 = CARTESIAN_POINT('',(135.,-142.,19.));
#588 = SURFACE_CURVE('',#589,(#594,#605),.PCURVE_S1.);
#589 = CIRCLE('',#590,3.);
#590 = AXIS2_PLACEMENT_3D('',#591,#592,#593);
#591 = CARTESIAN_POINT('',(132.,-142.,19.));
#592 = DIRECTION('',(0.,0.,-1.));
#593 = DIRECTION('',(1.,0.,0.));
#594 = PCURVE('',#44,#595);
#595 = DEFINITIONAL_REPRESENTATION('',(#596),#604);
#596 = ( BOUNDED_CURVE() B_SPLINE_CURVE(2,(#597,#598,#599,#600,#601,#602
,#603),.UNSPECIFIED.,.T.,.F.) B_SPLINE_CURVE_WITH_KNOTS((1,2,2,2,2,1),(
    -2.094395102393,0.,2.094395102393,4.188790204786,6.28318530718,
8.377580409573),.UNSPECIFIED.) CURVE() GEOMETRIC_REPRESENTATION_ITEM() 
RATIONAL_B_SPLINE_CURVE((1.,0.5,1.,0.5,1.,0.5,1.)) REPRESENTATION_ITEM(
  '') );
#597 = CARTESIAN_POINT('',(285.,18.));
#598 = CARTESIAN_POINT('',(285.,12.803847577293));
#599 = CARTESIAN_POINT('',(280.5,15.401923788647));
#600 = CARTESIAN_POINT('',(276.,18.));
#601 = CARTESIAN_POINT('',(280.5,20.598076211353));
#602 = CARTESIAN_POINT('',(285.,23.196152422707));
#603 = CARTESIAN_POINT('',(285.,18.));
#604 = ( GEOMETRIC_REPRESENTATION_CONTEXT(2) 
PARAMETRIC_REPRESENTATION_CONTEXT() REPRESENTATION_CONTEXT('2D SPACE',''
  ) );
#605 = PCURVE('',#606,#611);
#606 = CYLINDRICAL_SURFACE('',#607,3.);
#607 = AXIS2_PLACEMENT_3D('',#608,#609,#610);
#608 = CARTESIAN_POINT('',(132.,-142.,12.));
#609 = DIRECTION('',(-0.,-0.,-1.));
#610 = DIRECTION('',(1.,0.,0.));
#611 = DEFINITIONAL_REPRESENTATION('',(#612),#616);
#612 = LINE('',#613,#614);
#613 = CARTESIAN_POINT('',(-6.28318530718,-7.));
#614 = VECTOR('',#615,1.);
#615 = DIRECTION('',(1.,-0.));
#616 = ( GEOMETRIC_REPRESENTATION_CONTEXT(2) 
PARAMETRIC_REPRESENTATION_CONTEXT() REPRESENTATION_CONTEXT('2D SPACE',''
  ) );
#617 = FACE_BOUND('',#618,.T.);
#618 = EDGE_LOOP('',(#619));
#619 = ORIENTED_EDGE('',*,*,#620,.T.);
#620 = EDGE_CURVE('',#621,#621,#623,.T.);
#621 = VERTEX_POINT('',#622);
#622 = CARTESIAN_POINT('',(143.7,-118.,19.));
#623 = SURFACE_CURVE('',#624,(#629,#640),.PCURVE_S1.);
#624 = CIRCLE('',#625,1.7);
#625 = AXIS2_PLACEMENT_3D('',#626,#627,#628);
#626 = CARTESIAN_POINT('',(142.,-118.,19.));
#627 = DIRECTION('',(0.,0.,-1.));
#628 = DIRECTION('',(1.,0.,0.));
#629 = PCURVE('',#44,#630);
#630 = DEFINITIONAL_REPRESENTATION('',(#631),#639);
#631 = ( BOUNDED_CURVE() B_SPLINE_CURVE(2,(#632,#633,#634,#635,#636,#637
,#638),.UNSPECIFIED.,.T.,.F.) B_SPLINE_CURVE_WITH_KNOTS((1,2,2,2,2,1),(
    -2.094395102393,0.,2.094395102393,4.188790204786,6.28318530718,
8.377580409573),.UNSPECIFIED.) CURVE() GEOMETRIC_REPRESENTATION_ITEM() 
RATIONAL_B_SPLINE_CURVE((1.,0.5,1.,0.5,1.,0.5,1.)) REPRESENTATION_ITEM(
  '') );
#632 = CARTESIAN_POINT('',(293.7,42.));
#633 = CARTESIAN_POINT('',(293.7,39.055513627133));
#634 = CARTESIAN_POINT('',(291.15,40.527756813566));
#635 = CARTESIAN_POINT('',(288.6,42.));
#636 = CARTESIAN_POINT('',(291.15,43.472243186434));
#637 = CARTESIAN_POINT('',(293.7,44.944486372867));
#638 = CARTESIAN_POINT('',(293.7,42.));
#639 = ( GEOMETRIC_REPRESENTATION_CONTEXT(2) 
PARAMETRIC_REPRESENTATION_CONTEXT() REPRESENTATION_CONTEXT('2D SPACE',''
  ) );
#640 = PCURVE('',#641,#646);
#641 = CYLINDRICAL_SURFACE('',#642,1.7);
#642 = AXIS2_PLACEMENT_3D('',#643,#644,#645);
#643 = CARTESIAN_POINT('',(142.,-118.,12.));
#644 = DIRECTION('',(-0.,-0.,-1.));
#645 = DIRECTION('',(1.,0.,0.));
#646 = DEFINITIONAL_REPRESENTATION('',(#647),#651);
#647 = LINE('',#648,#649);
#648 = CARTESIAN_POINT('',(-6.28318530718,-7.));
#649 = VECTOR('',#650,1.);
#650 = DIRECTION('',(1.,-0.));
#651 = ( GEOMETRIC_REPRESENTATION_CONTEXT(2) 
PARAMETRIC_REPRESENTATION_CONTEXT() REPRESENTATION_CONTEXT('2D SPACE',''
  ) );
#652 = FACE_BOUND('',#653,.T.);
#653 = EDGE_LOOP('',(#654));
#654 = ORIENTED_EDGE('',*,*,#655,.T.);
#655 = EDGE_CURVE('',#656,#656,#658,.T.);
#656 = VERTEX_POINT('',#657);
#657 = CARTESIAN_POINT('',(27.5,-53.,19.));
#658 = SURFACE_CURVE('',#659,(#664,#675),.PCURVE_S1.);
#659 = CIRCLE('',#660,1.5);
#660 = AXIS2_PLACEMENT_3D('',#661,#662,#663);
#661 = CARTESIAN_POINT('',(26.,-53.,19.));
#662 = DIRECTION('',(0.,0.,-1.));
#663 = DIRECTION('',(1.,0.,0.));
#664 = PCURVE('',#44,#665);
#665 = DEFINITIONAL_REPRESENTATION('',(#666),#674);
#666 = ( BOUNDED_CURVE() B_SPLINE_CURVE(2,(#667,#668,#669,#670,#671,#672
,#673),.UNSPECIFIED.,.T.,.F.) B_SPLINE_CURVE_WITH_KNOTS((1,2,2,2,2,1),(
    -2.094395102393,0.,2.094395102393,4.188790204786,6.28318530718,
8.377580409573),.UNSPECIFIED.) CURVE() GEOMETRIC_REPRESENTATION_ITEM() 
RATIONAL_B_SPLINE_CURVE((1.,0.5,1.,0.5,1.,0.5,1.)) REPRESENTATION_ITEM(
  '') );
#667 = CARTESIAN_POINT('',(177.5,107.));
#668 = CARTESIAN_POINT('',(177.5,104.40192378864));
#669 = CARTESIAN_POINT('',(175.25,105.70096189432));
#670 = CARTESIAN_POINT('',(173.,107.));
#671 = CARTESIAN_POINT('',(175.25,108.29903810567));
#672 = CARTESIAN_POINT('',(177.5,109.59807621135));
#673 = CARTESIAN_POINT('',(177.5,107.));
#674 = ( GEOMETRIC_REPRESENTATION_CONTEXT(2) 
PARAMETRIC_REPRESENTATION_CONTEXT() REPRESENTATION_CONTEXT('2D SPACE',''
  ) );
#675 = PCURVE('',#676,#681);
#676 = CYLINDRICAL_SURFACE('',#677,1.5);
#677 = AXIS2_PLACEMENT_3D('',#678,#679,#680);
#678 = CARTESIAN_POINT('',(26.,-53.,12.));
#679 = DIRECTION('',(-0.,-0.,-1.));
#680 = DIRECTION('',(1.,0.,0.));
#681 = DEFINITIONAL_REPRESENTATION('',(#682),#686);
#682 = LINE('',#683,#684);
#683 = CARTESIAN_POINT('',(-6.28318530718,-7.));
#684 = VECTOR('',#685,1.);
#685 = DIRECTION('',(1.,-0.));
#686 = ( GEOMETRIC_REPRESENTATION_CONTEXT(2) 
PARAMETRIC_REPRESENTATION_CONTEXT() REPRESENTATION_CONTEXT('2D SPACE',''
  ) );
#687 = FACE_BOUND('',#688,.T.);
#688 = EDGE_LOOP('',(#689));
#689 = ORIENTED_EDGE('',*,*,#690,.T.);
#690 = EDGE_CURVE('',#691,#691,#693,.T.);
#691 = VERTEX_POINT('',#692);
#692 = CARTESIAN_POINT('',(127.5,-28.,19.));
#693 = SURFACE_CURVE('',#694,(#699,#710),.PCURVE_S1.);
#694 = CIRCLE('',#695,1.5);
#695 = AXIS2_PLACEMENT_3D('',#696,#697,#698);
#696 = CARTESIAN_POINT('',(126.,-28.,19.));
#697 = DIRECTION('',(0.,0.,-1.));
#698 = DIRECTION('',(1.,0.,0.));
#699 = PCURVE('',#44,#700);
#700 = DEFINITIONAL_REPRESENTATION('',(#701),#709);
#701 = ( BOUNDED_CURVE() B_SPLINE_CURVE(2,(#702,#703,#704,#705,#706,#707
,#708),.UNSPECIFIED.,.T.,.F.) B_SPLINE_CURVE_WITH_KNOTS((1,2,2,2,2,1),(
    -2.094395102393,0.,2.094395102393,4.188790204786,6.28318530718,
8.377580409573),.UNSPECIFIED.) CURVE() GEOMETRIC_REPRESENTATION_ITEM() 
RATIONAL_B_SPLINE_CURVE((1.,0.5,1.,0.5,1.,0.5,1.)) REPRESENTATION_ITEM(
  '') );
#702 = CARTESIAN_POINT('',(277.5,132.));
#703 = CARTESIAN_POINT('',(277.5,129.40192378864));
#704 = CARTESIAN_POINT('',(275.25,130.70096189432));
#705 = CARTESIAN_POINT('',(273.,132.));
#706 = CARTESIAN_POINT('',(275.25,133.29903810567));
#707 = CARTESIAN_POINT('',(277.5,134.59807621135));
#708 = CARTESIAN_POINT('',(277.5,132.));
#709 = ( GEOMETRIC_REPRESENTATION_CONTEXT(2) 
PARAMETRIC_REPRESENTATION_CONTEXT() REPRESENTATION_CONTEXT('2D SPACE',''
  ) );
#710 = PCURVE('',#711,#716);
#711 = CYLINDRICAL_SURFACE('',#712,1.5);
#712 = AXIS2_PLACEMENT_3D('',#713,#714,#715);
#713 = CARTESIAN_POINT('',(126.,-28.,12.));
#714 = DIRECTION('',(-0.,-0.,-1.));
#715 = DIRECTION('',(1.,0.,0.));
#716 = DEFINITIONAL_REPRESENTATION('',(#717),#721);
#717 = LINE('',#718,#719);
#718 = CARTESIAN_POINT('',(-6.28318530718,-7.));
#719 = VECTOR('',#720,1.);
#720 = DIRECTION('',(1.,-0.));
#721 = ( GEOMETRIC_REPRESENTATION_CONTEXT(2) 
PARAMETRIC_REPRESENTATION_CONTEXT() REPRESENTATION_CONTEXT('2D SPACE',''
  ) );
#722 = FACE_BOUND('',#723,.T.);
#723 = EDGE_LOOP('',(#724));
#724 = ORIENTED_EDGE('',*,*,#725,.T.);
#725 = EDGE_CURVE('',#726,#726,#728,.T.);
#726 = VERTEX_POINT('',#727);
#727 = CARTESIAN_POINT('',(139.5,-28.,19.));
#728 = SURFACE_CURVE('',#729,(#734,#745),.PCURVE_S1.);
#729 = CIRCLE('',#730,1.5);
#730 = AXIS2_PLACEMENT_3D('',#731,#732,#733);
#731 = CARTESIAN_POINT('',(138.,-28.,19.));
#732 = DIRECTION('',(0.,0.,-1.));
#733 = DIRECTION('',(1.,0.,0.));
#734 = PCURVE('',#44,#735);
#735 = DEFINITIONAL_REPRESENTATION('',(#736),#744);
#736 = ( BOUNDED_CURVE() B_SPLINE_CURVE(2,(#737,#738,#739,#740,#741,#742
,#743),.UNSPECIFIED.,.T.,.F.) B_SPLINE_CURVE_WITH_KNOTS((1,2,2,2,2,1),(
    -2.094395102393,0.,2.094395102393,4.188790204786,6.28318530718,
8.377580409573),.UNSPECIFIED.) CURVE() GEOMETRIC_REPRESENTATION_ITEM() 
RATIONAL_B_SPLINE_CURVE((1.,0.5,1.,0.5,1.,0.5,1.)) REPRESENTATION_ITEM(
  '') );
#737 = CARTESIAN_POINT('',(289.5,132.));
#738 = CARTESIAN_POINT('',(289.5,129.40192378864));
#739 = CARTESIAN_POINT('',(287.25,130.70096189432));
#740 = CARTESIAN_POINT('',(285.,132.));
#741 = CARTESIAN_POINT('',(287.25,133.29903810567));
#742 = CARTESIAN_POINT('',(289.5,134.59807621135));
#743 = CARTESIAN_POINT('',(289.5,132.));
#744 = ( GEOMETRIC_REPRESENTATION_CONTEXT(2) 
PARAMETRIC_REPRESENTATION_CONTEXT() REPRESENTATION_CONTEXT('2D SPACE',''
  ) );
#745 = PCURVE('',#746,#751);
#746 = CYLINDRICAL_SURFACE('',#747,1.5);
#747 = AXIS2_PLACEMENT_3D('',#748,#749,#750);
#748 = CARTESIAN_POINT('',(138.,-28.,12.));
#749 = DIRECTION('',(-0.,-0.,-1.));
#750 = DIRECTION('',(1.,0.,0.));
#751 = DEFINITIONAL_REPRESENTATION('',(#752),#756);
#752 = LINE('',#753,#754);
#753 = CARTESIAN_POINT('',(-6.28318530718,-7.));
#754 = VECTOR('',#755,1.);
#755 = DIRECTION('',(1.,-0.));
#756 = ( GEOMETRIC_REPRESENTATION_CONTEXT(2) 
PARAMETRIC_REPRESENTATION_CONTEXT() REPRESENTATION_CONTEXT('2D SPACE',''
  ) );
#757 = FACE_BOUND('',#758,.T.);
#758 = EDGE_LOOP('',(#759));
#759 = ORIENTED_EDGE('',*,*,#760,.T.);
#760 = EDGE_CURVE('',#761,#761,#763,.T.);
#761 = VERTEX_POINT('',#762);
#762 = CARTESIAN_POINT('',(115.,-20.,19.));
#763 = SURFACE_CURVE('',#764,(#769,#780),.PCURVE_S1.);
#764 = CIRCLE('',#765,3.);
#765 = AXIS2_PLACEMENT_3D('',#766,#767,#768);
#766 = CARTESIAN_POINT('',(112.,-20.,19.));
#767 = DIRECTION('',(0.,0.,-1.));
#768 = DIRECTION('',(1.,0.,0.));
#769 = PCURVE('',#44,#770);
#770 = DEFINITIONAL_REPRESENTATION('',(#771),#779);
#771 = ( BOUNDED_CURVE() B_SPLINE_CURVE(2,(#772,#773,#774,#775,#776,#777
,#778),.UNSPECIFIED.,.T.,.F.) B_SPLINE_CURVE_WITH_KNOTS((1,2,2,2,2,1),(
    -2.094395102393,0.,2.094395102393,4.188790204786,6.28318530718,
8.377580409573),.UNSPECIFIED.) CURVE() GEOMETRIC_REPRESENTATION_ITEM() 
RATIONAL_B_SPLINE_CURVE((1.,0.5,1.,0.5,1.,0.5,1.)) REPRESENTATION_ITEM(
  '') );
#772 = CARTESIAN_POINT('',(265.,140.));
#773 = CARTESIAN_POINT('',(265.,134.80384757729));
#774 = CARTESIAN_POINT('',(260.5,137.40192378864));
#775 = CARTESIAN_POINT('',(256.,140.));
#776 = CARTESIAN_POINT('',(260.5,142.59807621135));
#777 = CARTESIAN_POINT('',(265.,145.1961524227));
#778 = CARTESIAN_POINT('',(265.,140.));
#779 = ( GEOMETRIC_REPRESENTATION_CONTEXT(2) 
PARAMETRIC_REPRESENTATION_CONTEXT() REPRESENTATION_CONTEXT('2D SPACE',''
  ) );
#780 = PCURVE('',#781,#786);
#781 = CYLINDRICAL_SURFACE('',#782,3.);
#782 = AXIS2_PLACEMENT_3D('',#783,#784,#785);
#783 = CARTESIAN_POINT('',(112.,-20.,12.));
#784 = DIRECTION('',(-0.,-0.,-1.));
#785 = DIRECTION('',(1.,0.,0.));
#786 = DEFINITIONAL_REPRESENTATION('',(#787),#791);
#787 = LINE('',#788,#789);
#788 = CARTESIAN_POINT('',(-6.28318530718,-7.));
#789 = VECTOR('',#790,1.);
#790 = DIRECTION('',(1.,-0.));
#791 = ( GEOMETRIC_REPRESENTATION_CONTEXT(2) 
PARAMETRIC_REPRESENTATION_CONTEXT() REPRESENTATION_CONTEXT('2D SPACE',''
  ) );
#792 = FACE_BOUND('',#793,.T.);
#793 = EDGE_LOOP('',(#794));
#794 = ORIENTED_EDGE('',*,*,#795,.T.);
#795 = EDGE_CURVE('',#796,#796,#798,.T.);
#796 = VERTEX_POINT('',#797);
#797 = CARTESIAN_POINT('',(143.7,-10.,19.));
#798 = SURFACE_CURVE('',#799,(#804,#815),.PCURVE_S1.);
#799 = CIRCLE('',#800,1.7);
#800 = AXIS2_PLACEMENT_3D('',#801,#802,#803);
#801 = CARTESIAN_POINT('',(142.,-10.,19.));
#802 = DIRECTION('',(0.,0.,-1.));
#803 = DIRECTION('',(1.,0.,0.));
#804 = PCURVE('',#44,#805);
#805 = DEFINITIONAL_REPRESENTATION('',(#806),#814);
#806 = ( BOUNDED_CURVE() B_SPLINE_CURVE(2,(#807,#808,#809,#810,#811,#812
,#813),.UNSPECIFIED.,.T.,.F.) B_SPLINE_CURVE_WITH_KNOTS((1,2,2,2,2,1),(
    -2.094395102393,0.,2.094395102393,4.188790204786,6.28318530718,
8.377580409573),.UNSPECIFIED.) CURVE() GEOMETRIC_REPRESENTATION_ITEM() 
RATIONAL_B_SPLINE_CURVE((1.,0.5,1.,0.5,1.,0.5,1.)) REPRESENTATION_ITEM(
  '') );
#807 = CARTESIAN_POINT('',(293.7,150.));
#808 = CARTESIAN_POINT('',(293.7,147.05551362713));
#809 = CARTESIAN_POINT('',(291.15,148.52775681356));
#810 = CARTESIAN_POINT('',(288.6,150.));
#811 = CARTESIAN_POINT('',(291.15,151.47224318643));
#812 = CARTESIAN_POINT('',(293.7,152.94448637286));
#813 = CARTESIAN_POINT('',(293.7,150.));
#814 = ( GEOMETRIC_REPRESENTATION_CONTEXT(2) 
PARAMETRIC_REPRESENTATION_CONTEXT() REPRESENTATION_CONTEXT('2D SPACE',''
  ) );
#815 = PCURVE('',#816,#821);
#816 = CYLINDRICAL_SURFACE('',#817,1.7);
#817 = AXIS2_PLACEMENT_3D('',#818,#819,#820);
#818 = CARTESIAN_POINT('',(142.,-10.,12.));
#819 = DIRECTION('',(-0.,-0.,-1.));
#820 = DIRECTION('',(1.,0.,0.));
#821 = DEFINITIONAL_REPRESENTATION('',(#822),#826);
#822 = LINE('',#823,#824);
#823 = CARTESIAN_POINT('',(-6.28318530718,-7.));
#824 = VECTOR('',#825,1.);
#825 = DIRECTION('',(1.,-0.));
#826 = ( GEOMETRIC_REPRESENTATION_CONTEXT(2) 
PARAMETRIC_REPRESENTATION_CONTEXT() REPRESENTATION_CONTEXT('2D SPACE',''
  ) );
#827 = FACE_BOUND('',#828,.T.);
#828 = EDGE_LOOP('',(#829));
#829 = ORIENTED_EDGE('',*,*,#830,.T.);
#830 = EDGE_CURVE('',#831,#831,#833,.T.);
#831 = VERTEX_POINT('',#832);
#832 = CARTESIAN_POINT('',(-105.5,-3.,19.));
#833 = SURFACE_CURVE('',#834,(#839,#850),.PCURVE_S1.);
#834 = CIRCLE('',#835,1.5);
#835 = AXIS2_PLACEMENT_3D('',#836,#837,#838);
#836 = CARTESIAN_POINT('',(-107.,-3.,19.));
#837 = DIRECTION('',(0.,0.,-1.));
#838 = DIRECTION('',(1.,0.,0.));
#839 = PCURVE('',#44,#840);
#840 = DEFINITIONAL_REPRESENTATION('',(#841),#849);
#841 = ( BOUNDED_CURVE() B_SPLINE_CURVE(2,(#842,#843,#844,#845,#846,#847
,#848),.UNSPECIFIED.,.T.,.F.) B_SPLINE_CURVE_WITH_KNOTS((1,2,2,2,2,1),(
    -2.094395102393,0.,2.094395102393,4.188790204786,6.28318530718,
8.377580409573),.UNSPECIFIED.) CURVE() GEOMETRIC_REPRESENTATION_ITEM() 
RATIONAL_B_SPLINE_CURVE((1.,0.5,1.,0.5,1.,0.5,1.)) REPRESENTATION_ITEM(
  '') );
#842 = CARTESIAN_POINT('',(44.5,157.));
#843 = CARTESIAN_POINT('',(44.5,154.40192378864));
#844 = CARTESIAN_POINT('',(42.25,155.70096189432));
#845 = CARTESIAN_POINT('',(40.,157.));
#846 = CARTESIAN_POINT('',(42.25,158.29903810567));
#847 = CARTESIAN_POINT('',(44.5,159.59807621135));
#848 = CARTESIAN_POINT('',(44.5,157.));
#849 = ( GEOMETRIC_REPRESENTATION_CONTEXT(2) 
PARAMETRIC_REPRESENTATION_CONTEXT() REPRESENTATION_CONTEXT('2D SPACE',''
  ) );
#850 = PCURVE('',#851,#856);
#851 = CYLINDRICAL_SURFACE('',#852,1.5);
#852 = AXIS2_PLACEMENT_3D('',#853,#854,#855);
#853 = CARTESIAN_POINT('',(-107.,-3.,12.));
#854 = DIRECTION('',(-0.,-0.,-1.));
#855 = DIRECTION('',(1.,0.,0.));
#856 = DEFINITIONAL_REPRESENTATION('',(#857),#861);
#857 = LINE('',#858,#859);
#858 = CARTESIAN_POINT('',(-6.28318530718,-7.));
#859 = VECTOR('',#860,1.);
#860 = DIRECTION('',(1.,-0.));
#861 = ( GEOMETRIC_REPRESENTATION_CONTEXT(2) 
PARAMETRIC_REPRESENTATION_CONTEXT() REPRESENTATION_CONTEXT('2D SPACE',''
  ) );
#862 = FACE_BOUND('',#863,.T.);
#863 = EDGE_LOOP('',(#864));
#864 = ORIENTED_EDGE('',*,*,#865,.T.);
#865 = EDGE_CURVE('',#866,#866,#868,.T.);
#866 = VERTEX_POINT('',#867);
#867 = CARTESIAN_POINT('',(-102.8,42.5,19.));
#868 = SURFACE_CURVE('',#869,(#874,#885),.PCURVE_S1.);
#869 = CIRCLE('',#870,3.2);
#870 = AXIS2_PLACEMENT_3D('',#871,#872,#873);
#871 = CARTESIAN_POINT('',(-106.,42.5,19.));
#872 = DIRECTION('',(0.,0.,-1.));
#873 = DIRECTION('',(1.,0.,0.));
#874 = PCURVE('',#44,#875);
#875 = DEFINITIONAL_REPRESENTATION('',(#876),#884);
#876 = ( BOUNDED_CURVE() B_SPLINE_CURVE(2,(#877,#878,#879,#880,#881,#882
,#883),.UNSPECIFIED.,.T.,.F.) B_SPLINE_CURVE_WITH_KNOTS((1,2,2,2,2,1),(
    -2.094395102393,0.,2.094395102393,4.188790204786,6.28318530718,
8.377580409573),.UNSPECIFIED.) CURVE() GEOMETRIC_REPRESENTATION_ITEM() 
RATIONAL_B_SPLINE_CURVE((1.,0.5,1.,0.5,1.,0.5,1.)) REPRESENTATION_ITEM(
  '') );
#877 = CARTESIAN_POINT('',(47.2,202.5));
#878 = CARTESIAN_POINT('',(47.2,196.95743741578));
#879 = CARTESIAN_POINT('',(42.4,199.72871870789));
#880 = CARTESIAN_POINT('',(37.6,202.5));
#881 = CARTESIAN_POINT('',(42.4,205.27128129211));
#882 = CARTESIAN_POINT('',(47.2,208.04256258422));
#883 = CARTESIAN_POINT('',(47.2,202.5));
#884 = ( GEOMETRIC_REPRESENTATION_CONTEXT(2) 
PARAMETRIC_REPRESENTATION_CONTEXT() REPRESENTATION_CONTEXT('2D SPACE',''
  ) );
#885 = PCURVE('',#886,#891);
#886 = CYLINDRICAL_SURFACE('',#887,3.2);
#887 = AXIS2_PLACEMENT_3D('',#888,#889,#890);
#888 = CARTESIAN_POINT('',(-106.,42.5,12.));
#889 = DIRECTION('',(-0.,-0.,-1.));
#890 = DIRECTION('',(1.,0.,0.));
#891 = DEFINITIONAL_REPRESENTATION('',(#892),#896);
#892 = LINE('',#893,#894);
#893 = CARTESIAN_POINT('',(-6.28318530718,-7.));
#894 = VECTOR('',#895,1.);
#895 = DIRECTION('',(1.,-0.));
#896 = ( GEOMETRIC_REPRESENTATION_CONTEXT(2) 
PARAMETRIC_REPRESENTATION_CONTEXT() REPRESENTATION_CONTEXT('2D SPACE',''
  ) );
#897 = FACE_BOUND('',#898,.T.);
#898 = EDGE_LOOP('',(#899));
#899 = ORIENTED_EDGE('',*,*,#900,.T.);
#900 = EDGE_CURVE('',#901,#901,#903,.T.);
#901 = VERTEX_POINT('',#902);
#902 = CARTESIAN_POINT('',(-102.8,57.5,19.));
#903 = SURFACE_CURVE('',#904,(#909,#920),.PCURVE_S1.);
#904 = CIRCLE('',#905,3.2);
#905 = AXIS2_PLACEMENT_3D('',#906,#907,#908);
#906 = CARTESIAN_POINT('',(-106.,57.5,19.));
#907 = DIRECTION('',(0.,0.,-1.));
#908 = DIRECTION('',(1.,0.,0.));
#909 = PCURVE('',#44,#910);
#910 = DEFINITIONAL_REPRESENTATION('',(#911),#919);
#911 = ( BOUNDED_CURVE() B_SPLINE_CURVE(2,(#912,#913,#914,#915,#916,#917
,#918),.UNSPECIFIED.,.T.,.F.) B_SPLINE_CURVE_WITH_KNOTS((1,2,2,2,2,1),(
    -2.094395102393,0.,2.094395102393,4.188790204786,6.28318530718,
8.377580409573),.UNSPECIFIED.) CURVE() GEOMETRIC_REPRESENTATION_ITEM() 
RATIONAL_B_SPLINE_CURVE((1.,0.5,1.,0.5,1.,0.5,1.)) REPRESENTATION_ITEM(
  '') );
#912 = CARTESIAN_POINT('',(47.2,217.5));
#913 = CARTESIAN_POINT('',(47.2,211.95743741578));
#914 = CARTESIAN_POINT('',(42.4,214.72871870789));
#915 = CARTESIAN_POINT('',(37.6,217.5));
#916 = CARTESIAN_POINT('',(42.4,220.27128129211));
#917 = CARTESIAN_POINT('',(47.2,223.04256258422));
#918 = CARTESIAN_POINT('',(47.2,217.5));
#919 = ( GEOMETRIC_REPRESENTATION_CONTEXT(2) 
PARAMETRIC_REPRESENTATION_CONTEXT() REPRESENTATION_CONTEXT('2D SPACE',''
  ) );
#920 = PCURVE('',#921,#926);
#921 = CYLINDRICAL_SURFACE('',#922,3.2);
#922 = AXIS2_PLACEMENT_3D('',#923,#924,#925);
#923 = CARTESIAN_POINT('',(-106.,57.5,12.));
#924 = DIRECTION('',(-0.,-0.,-1.));
#925 = DIRECTION('',(1.,0.,0.));
#926 = DEFINITIONAL_REPRESENTATION('',(#927),#931);
#927 = LINE('',#928,#929);
#928 = CARTESIAN_POINT('',(-6.28318530718,-7.));
#929 = VECTOR('',#930,1.);
#930 = DIRECTION('',(1.,-0.));
#931 = ( GEOMETRIC_REPRESENTATION_CONTEXT(2) 
PARAMETRIC_REPRESENTATION_CONTEXT() REPRESENTATION_CONTEXT('2D SPACE',''
  ) );
#932 = FACE_BOUND('',#933,.T.);
#933 = EDGE_LOOP('',(#934));
#934 = ORIENTED_EDGE('',*,*,#935,.T.);
#935 = EDGE_CURVE('',#936,#936,#938,.T.);
#936 = VERTEX_POINT('',#937);
#937 = CARTESIAN_POINT('',(-140.3,105.,19.));
#938 = SURFACE_CURVE('',#939,(#944,#955),.PCURVE_S1.);
#939 = CIRCLE('',#940,1.7);
#940 = AXIS2_PLACEMENT_3D('',#941,#942,#943);
#941 = CARTESIAN_POINT('',(-142.,105.,19.));
#942 = DIRECTION('',(0.,0.,-1.));
#943 = DIRECTION('',(1.,0.,0.));
#944 = PCURVE('',#44,#945);
#945 = DEFINITIONAL_REPRESENTATION('',(#946),#954);
#946 = ( BOUNDED_CURVE() B_SPLINE_CURVE(2,(#947,#948,#949,#950,#951,#952
,#953),.UNSPECIFIED.,.T.,.F.) B_SPLINE_CURVE_WITH_KNOTS((1,2,2,2,2,1),(
    -2.094395102393,0.,2.094395102393,4.188790204786,6.28318530718,
8.377580409573),.UNSPECIFIED.) CURVE() GEOMETRIC_REPRESENTATION_ITEM() 
RATIONAL_B_SPLINE_CURVE((1.,0.5,1.,0.5,1.,0.5,1.)) REPRESENTATION_ITEM(
  '') );
#947 = CARTESIAN_POINT('',(9.7,265.));
#948 = CARTESIAN_POINT('',(9.7,262.05551362713));
#949 = CARTESIAN_POINT('',(7.15,263.52775681356));
#950 = CARTESIAN_POINT('',(4.6,265.));
#951 = CARTESIAN_POINT('',(7.15,266.47224318643));
#952 = CARTESIAN_POINT('',(9.7,267.94448637286));
#953 = CARTESIAN_POINT('',(9.7,265.));
#954 = ( GEOMETRIC_REPRESENTATION_CONTEXT(2) 
PARAMETRIC_REPRESENTATION_CONTEXT() REPRESENTATION_CONTEXT('2D SPACE',''
  ) );
#955 = PCURVE('',#956,#961);
#956 = CYLINDRICAL_SURFACE('',#957,1.7);
#957 = AXIS2_PLACEMENT_3D('',#958,#959,#960);
#958 = CARTESIAN_POINT('',(-142.,105.,12.));
#959 = DIRECTION('',(-0.,-0.,-1.));
#960 = DIRECTION('',(1.,0.,0.));
#961 = DEFINITIONAL_REPRESENTATION('',(#962),#966);
#962 = LINE('',#963,#964);
#963 = CARTESIAN_POINT('',(-6.28318530718,-7.));
#964 = VECTOR('',#965,1.);
#965 = DIRECTION('',(1.,-0.));
#966 = ( GEOMETRIC_REPRESENTATION_CONTEXT(2) 
PARAMETRIC_REPRESENTATION_CONTEXT() REPRESENTATION_CONTEXT('2D SPACE',''
  ) );
#967 = FACE_BOUND('',#968,.T.);
#968 = EDGE_LOOP('',(#969));
#969 = ORIENTED_EDGE('',*,*,#970,.T.);
#970 = EDGE_CURVE('',#971,#971,#973,.T.);
#971 = VERTEX_POINT('',#972);
#972 = CARTESIAN_POINT('',(-109.,120.,19.));
#973 = SURFACE_CURVE('',#974,(#979,#990),.PCURVE_S1.);
#974 = CIRCLE('',#975,3.);
#975 = AXIS2_PLACEMENT_3D('',#976,#977,#978);
#976 = CARTESIAN_POINT('',(-112.,120.,19.));
#977 = DIRECTION('',(0.,0.,-1.));
#978 = DIRECTION('',(1.,0.,0.));
#979 = PCURVE('',#44,#980);
#980 = DEFINITIONAL_REPRESENTATION('',(#981),#989);
#981 = ( BOUNDED_CURVE() B_SPLINE_CURVE(2,(#982,#983,#984,#985,#986,#987
,#988),.UNSPECIFIED.,.T.,.F.) B_SPLINE_CURVE_WITH_KNOTS((1,2,2,2,2,1),(
    -2.094395102393,0.,2.094395102393,4.188790204786,6.28318530718,
8.377580409573),.UNSPECIFIED.) CURVE() GEOMETRIC_REPRESENTATION_ITEM() 
RATIONAL_B_SPLINE_CURVE((1.,0.5,1.,0.5,1.,0.5,1.)) REPRESENTATION_ITEM(
  '') );
#982 = CARTESIAN_POINT('',(41.,280.));
#983 = CARTESIAN_POINT('',(41.,274.80384757729));
#984 = CARTESIAN_POINT('',(36.5,277.40192378864));
#985 = CARTESIAN_POINT('',(32.,280.));
#986 = CARTESIAN_POINT('',(36.5,282.59807621135));
#987 = CARTESIAN_POINT('',(41.,285.1961524227));
#988 = CARTESIAN_POINT('',(41.,280.));
#989 = ( GEOMETRIC_REPRESENTATION_CONTEXT(2) 
PARAMETRIC_REPRESENTATION_CONTEXT() REPRESENTATION_CONTEXT('2D SPACE',''
  ) );
#990 = PCURVE('',#991,#996);
#991 = CYLINDRICAL_SURFACE('',#992,3.);
#992 = AXIS2_PLACEMENT_3D('',#993,#994,#995);
#993 = CARTESIAN_POINT('',(-112.,120.,12.));
#994 = DIRECTION('',(-0.,-0.,-1.));
#995 = DIRECTION('',(1.,0.,0.));
#996 = DEFINITIONAL_REPRESENTATION('',(#997),#1001);
#997 = LINE('',#998,#999);
#998 = CARTESIAN_POINT('',(-6.28318530718,-7.));
#999 = VECTOR('',#1000,1.);
#1000 = DIRECTION('',(1.,-0.));
#1001 = ( GEOMETRIC_REPRESENTATION_CONTEXT(2) 
PARAMETRIC_REPRESENTATION_CONTEXT() REPRESENTATION_CONTEXT('2D SPACE',''
  ) );
#1002 = FACE_BOUND('',#1003,.T.);
#1003 = EDGE_LOOP('',(#1004));
#1004 = ORIENTED_EDGE('',*,*,#1005,.T.);
#1005 = EDGE_CURVE('',#1006,#1006,#1008,.T.);
#1006 = VERTEX_POINT('',#1007);
#1007 = CARTESIAN_POINT('',(-129.,142.,19.));
#1008 = SURFACE_CURVE('',#1009,(#1014,#1025),.PCURVE_S1.);
#1009 = CIRCLE('',#1010,3.);
#1010 = AXIS2_PLACEMENT_3D('',#1011,#1012,#1013);
#1011 = CARTESIAN_POINT('',(-132.,142.,19.));
#1012 = DIRECTION('',(0.,0.,-1.));
#1013 = DIRECTION('',(1.,0.,0.));
#1014 = PCURVE('',#44,#1015);
#1015 = DEFINITIONAL_REPRESENTATION('',(#1016),#1024);
#1016 = ( BOUNDED_CURVE() B_SPLINE_CURVE(2,(#1017,#1018,#1019,#1020,
#1021,#1022,#1023),.UNSPECIFIED.,.T.,.F.) B_SPLINE_CURVE_WITH_KNOTS((1,2
    ,2,2,2,1),(-2.094395102393,0.,2.094395102393,4.188790204786,
6.28318530718,8.377580409573),.UNSPECIFIED.) CURVE() 
GEOMETRIC_REPRESENTATION_ITEM() RATIONAL_B_SPLINE_CURVE((1.,0.5,1.,0.5,
1.,0.5,1.)) REPRESENTATION_ITEM('') );
#1017 = CARTESIAN_POINT('',(21.,302.));
#1018 = CARTESIAN_POINT('',(21.,296.80384757729));
#1019 = CARTESIAN_POINT('',(16.5,299.40192378864));
#1020 = CARTESIAN_POINT('',(12.,302.));
#1021 = CARTESIAN_POINT('',(16.5,304.59807621135));
#1022 = CARTESIAN_POINT('',(21.,307.1961524227));
#1023 = CARTESIAN_POINT('',(21.,302.));
#1024 = ( GEOMETRIC_REPRESENTATION_CONTEXT(2) 
PARAMETRIC_REPRESENTATION_CONTEXT() REPRESENTATION_CONTEXT('2D SPACE',''
  ) );
#1025 = PCURVE('',#1026,#1031);
#1026 = CYLINDRICAL_SURFACE('',#1027,3.);
#1027 = AXIS2_PLACEMENT_3D('',#1028,#1029,#1030);
#1028 = CARTESIAN_POINT('',(-132.,142.,12.));
#1029 = DIRECTION('',(-0.,-0.,-1.));
#1030 = DIRECTION('',(1.,0.,0.));
#1031 = DEFINITIONAL_REPRESENTATION('',(#1032),#1036);
#1032 = LINE('',#1033,#1034);
#1033 = CARTESIAN_POINT('',(-6.28318530718,-7.));
#1034 = VECTOR('',#1035,1.);
#1035 = DIRECTION('',(1.,-0.));
#1036 = ( GEOMETRIC_REPRESENTATION_CONTEXT(2) 
PARAMETRIC_REPRESENTATION_CONTEXT() REPRESENTATION_CONTEXT('2D SPACE',''
  ) );
#1037 = FACE_BOUND('',#1038,.T.);
#1038 = EDGE_LOOP('',(#1039));
#1039 = ORIENTED_EDGE('',*,*,#1040,.T.);
#1040 = EDGE_CURVE('',#1041,#1041,#1043,.T.);
#1041 = VERTEX_POINT('',#1042);
#1042 = CARTESIAN_POINT('',(27.5,-3.,19.));
#1043 = SURFACE_CURVE('',#1044,(#1049,#1060),.PCURVE_S1.);
#1044 = CIRCLE('',#1045,1.5);
#1045 = AXIS2_PLACEMENT_3D('',#1046,#1047,#1048);
#1046 = CARTESIAN_POINT('',(26.,-3.,19.));
#1047 = DIRECTION('',(0.,0.,-1.));
#1048 = DIRECTION('',(1.,0.,0.));
#1049 = PCURVE('',#44,#1050);
#1050 = DEFINITIONAL_REPRESENTATION('',(#1051),#1059);
#1051 = ( BOUNDED_CURVE() B_SPLINE_CURVE(2,(#1052,#1053,#1054,#1055,
#1056,#1057,#1058),.UNSPECIFIED.,.T.,.F.) B_SPLINE_CURVE_WITH_KNOTS((1,2
    ,2,2,2,1),(-2.094395102393,0.,2.094395102393,4.188790204786,
6.28318530718,8.377580409573),.UNSPECIFIED.) CURVE() 
GEOMETRIC_REPRESENTATION_ITEM() RATIONAL_B_SPLINE_CURVE((1.,0.5,1.,0.5,
1.,0.5,1.)) REPRESENTATION_ITEM('') );
#1052 = CARTESIAN_POINT('',(177.5,157.));
#1053 = CARTESIAN_POINT('',(177.5,154.40192378864));
#1054 = CARTESIAN_POINT('',(175.25,155.70096189432));
#1055 = CARTESIAN_POINT('',(173.,157.));
#1056 = CARTESIAN_POINT('',(175.25,158.29903810567));
#1057 = CARTESIAN_POINT('',(177.5,159.59807621135));
#1058 = CARTESIAN_POINT('',(177.5,157.));
#1059 = ( GEOMETRIC_REPRESENTATION_CONTEXT(2) 
PARAMETRIC_REPRESENTATION_CONTEXT() REPRESENTATION_CONTEXT('2D SPACE',''
  ) );
#1060 = PCURVE('',#1061,#1066);
#1061 = CYLINDRICAL_SURFACE('',#1062,1.5);
#1062 = AXIS2_PLACEMENT_3D('',#1063,#1064,#1065);
#1063 = CARTESIAN_POINT('',(26.,-3.,12.));
#1064 = DIRECTION('',(-0.,-0.,-1.));
#1065 = DIRECTION('',(1.,0.,0.));
#1066 = DEFINITIONAL_REPRESENTATION('',(#1067),#1071);
#1067 = LINE('',#1068,#1069);
#1068 = CARTESIAN_POINT('',(-6.28318530718,-7.));
#1069 = VECTOR('',#1070,1.);
#1070 = DIRECTION('',(1.,-0.));
#1071 = ( GEOMETRIC_REPRESENTATION_CONTEXT(2) 
PARAMETRIC_REPRESENTATION_CONTEXT() REPRESENTATION_CONTEXT('2D SPACE',''
  ) );
#1072 = FACE_BOUND('',#1073,.T.);
#1073 = EDGE_LOOP('',(#1074));
#1074 = ORIENTED_EDGE('',*,*,#1075,.T.);
#1075 = EDGE_CURVE('',#1076,#1076,#1078,.T.);
#1076 = VERTEX_POINT('',#1077);
#1077 = CARTESIAN_POINT('',(17.5,18.,19.));
#1078 = SURFACE_CURVE('',#1079,(#1084,#1095),.PCURVE_S1.);
#1079 = CIRCLE('',#1080,1.5);
#1080 = AXIS2_PLACEMENT_3D('',#1081,#1082,#1083);
#1081 = CARTESIAN_POINT('',(16.,18.,19.));
#1082 = DIRECTION('',(0.,0.,-1.));
#1083 = DIRECTION('',(1.,0.,0.));
#1084 = PCURVE('',#44,#1085);
#1085 = DEFINITIONAL_REPRESENTATION('',(#1086),#1094);
#1086 = ( BOUNDED_CURVE() B_SPLINE_CURVE(2,(#1087,#1088,#1089,#1090,
#1091,#1092,#1093),.UNSPECIFIED.,.T.,.F.) B_SPLINE_CURVE_WITH_KNOTS((1,2
    ,2,2,2,1),(-2.094395102393,0.,2.094395102393,4.188790204786,
6.28318530718,8.377580409573),.UNSPECIFIED.) CURVE() 
GEOMETRIC_REPRESENTATION_ITEM() RATIONAL_B_SPLINE_CURVE((1.,0.5,1.,0.5,
1.,0.5,1.)) REPRESENTATION_ITEM('') );
#1087 = CARTESIAN_POINT('',(167.5,178.));
#1088 = CARTESIAN_POINT('',(167.5,175.40192378864));
#1089 = CARTESIAN_POINT('',(165.25,176.70096189432));
#1090 = CARTESIAN_POINT('',(163.,178.));
#1091 = CARTESIAN_POINT('',(165.25,179.29903810567));
#1092 = CARTESIAN_POINT('',(167.5,180.59807621135));
#1093 = CARTESIAN_POINT('',(167.5,178.));
#1094 = ( GEOMETRIC_REPRESENTATION_CONTEXT(2) 
PARAMETRIC_REPRESENTATION_CONTEXT() REPRESENTATION_CONTEXT('2D SPACE',''
  ) );
#1095 = PCURVE('',#1096,#1101);
#1096 = CYLINDRICAL_SURFACE('',#1097,1.5);
#1097 = AXIS2_PLACEMENT_3D('',#1098,#1099,#1100);
#1098 = CARTESIAN_POINT('',(16.,18.,12.));
#1099 = DIRECTION('',(-0.,-0.,-1.));
#1100 = DIRECTION('',(1.,0.,0.));
#1101 = DEFINITIONAL_REPRESENTATION('',(#1102),#1106);
#1102 = LINE('',#1103,#1104);
#1103 = CARTESIAN_POINT('',(-6.28318530718,-7.));
#1104 = VECTOR('',#1105,1.);
#1105 = DIRECTION('',(1.,-0.));
#1106 = ( GEOMETRIC_REPRESENTATION_CONTEXT(2) 
PARAMETRIC_REPRESENTATION_CONTEXT() REPRESENTATION_CONTEXT('2D SPACE',''
  ) );
#1107 = FACE_BOUND('',#1108,.T.);
#1108 = EDGE_LOOP('',(#1109));
#1109 = ORIENTED_EDGE('',*,*,#1110,.T.);
#1110 = EDGE_CURVE('',#1111,#1111,#1113,.T.);
#1111 = VERTEX_POINT('',#1112);
#1112 = CARTESIAN_POINT('',(29.5,18.,19.));
#1113 = SURFACE_CURVE('',#1114,(#1119,#1130),.PCURVE_S1.);
#1114 = CIRCLE('',#1115,1.5);
#1115 = AXIS2_PLACEMENT_3D('',#1116,#1117,#1118);
#1116 = CARTESIAN_POINT('',(28.,18.,19.));
#1117 = DIRECTION('',(0.,0.,-1.));
#1118 = DIRECTION('',(1.,0.,0.));
#1119 = PCURVE('',#44,#1120);
#1120 = DEFINITIONAL_REPRESENTATION('',(#1121),#1129);
#1121 = ( BOUNDED_CURVE() B_SPLINE_CURVE(2,(#1122,#1123,#1124,#1125,
#1126,#1127,#1128),.UNSPECIFIED.,.T.,.F.) B_SPLINE_CURVE_WITH_KNOTS((1,2
    ,2,2,2,1),(-2.094395102393,0.,2.094395102393,4.188790204786,
6.28318530718,8.377580409573),.UNSPECIFIED.) CURVE() 
GEOMETRIC_REPRESENTATION_ITEM() RATIONAL_B_SPLINE_CURVE((1.,0.5,1.,0.5,
1.,0.5,1.)) REPRESENTATION_ITEM('') );
#1122 = CARTESIAN_POINT('',(179.5,178.));
#1123 = CARTESIAN_POINT('',(179.5,175.40192378864));
#1124 = CARTESIAN_POINT('',(177.25,176.70096189432));
#1125 = CARTESIAN_POINT('',(175.,178.));
#1126 = CARTESIAN_POINT('',(177.25,179.29903810567));
#1127 = CARTESIAN_POINT('',(179.5,180.59807621135));
#1128 = CARTESIAN_POINT('',(179.5,178.));
#1129 = ( GEOMETRIC_REPRESENTATION_CONTEXT(2) 
PARAMETRIC_REPRESENTATION_CONTEXT() REPRESENTATION_CONTEXT('2D SPACE',''
  ) );
#1130 = PCURVE('',#1131,#1136);
#1131 = CYLINDRICAL_SURFACE('',#1132,1.5);
#1132 = AXIS2_PLACEMENT_3D('',#1133,#1134,#1135);
#1133 = CARTESIAN_POINT('',(28.,18.,12.));
#1134 = DIRECTION('',(-0.,-0.,-1.));
#1135 = DIRECTION('',(1.,0.,0.));
#1136 = DEFINITIONAL_REPRESENTATION('',(#1137),#1141);
#1137 = LINE('',#1138,#1139);
#1138 = CARTESIAN_POINT('',(-6.28318530718,-7.));
#1139 = VECTOR('',#1140,1.);
#1140 = DIRECTION('',(1.,-0.));
#1141 = ( GEOMETRIC_REPRESENTATION_CONTEXT(2) 
PARAMETRIC_REPRESENTATION_CONTEXT() REPRESENTATION_CONTEXT('2D SPACE',''
  ) );
#1142 = FACE_BOUND('',#1143,.T.);
#1143 = EDGE_LOOP('',(#1144));
#1144 = ORIENTED_EDGE('',*,*,#1145,.T.);
#1145 = EDGE_CURVE('',#1146,#1146,#1148,.T.);
#1146 = VERTEX_POINT('',#1147);
#1147 = CARTESIAN_POINT('',(46.5,22.,19.));
#1148 = SURFACE_CURVE('',#1149,(#1154,#1165),.PCURVE_S1.);
#1149 = CIRCLE('',#1150,1.5);
#1150 = AXIS2_PLACEMENT_3D('',#1151,#1152,#1153);
#1151 = CARTESIAN_POINT('',(45.,22.,19.));
#1152 = DIRECTION('',(0.,0.,-1.));
#1153 = DIRECTION('',(1.,0.,0.));
#1154 = PCURVE('',#44,#1155);
#1155 = DEFINITIONAL_REPRESENTATION('',(#1156),#1164);
#1156 = ( BOUNDED_CURVE() B_SPLINE_CURVE(2,(#1157,#1158,#1159,#1160,
#1161,#1162,#1163),.UNSPECIFIED.,.T.,.F.) B_SPLINE_CURVE_WITH_KNOTS((1,2
    ,2,2,2,1),(-2.094395102393,0.,2.094395102393,4.188790204786,
6.28318530718,8.377580409573),.UNSPECIFIED.) CURVE() 
GEOMETRIC_REPRESENTATION_ITEM() RATIONAL_B_SPLINE_CURVE((1.,0.5,1.,0.5,
1.,0.5,1.)) REPRESENTATION_ITEM('') );
#1157 = CARTESIAN_POINT('',(196.5,182.));
#1158 = CARTESIAN_POINT('',(196.5,179.40192378864));
#1159 = CARTESIAN_POINT('',(194.25,180.70096189432));
#1160 = CARTESIAN_POINT('',(192.,182.));
#1161 = CARTESIAN_POINT('',(194.25,183.29903810567));
#1162 = CARTESIAN_POINT('',(196.5,184.59807621135));
#1163 = CARTESIAN_POINT('',(196.5,182.));
#1164 = ( GEOMETRIC_REPRESENTATION_CONTEXT(2) 
PARAMETRIC_REPRESENTATION_CONTEXT() REPRESENTATION_CONTEXT('2D SPACE',''
  ) );
#1165 = PCURVE('',#1166,#1171);
#1166 = CYLINDRICAL_SURFACE('',#1167,1.5);
#1167 = AXIS2_PLACEMENT_3D('',#1168,#1169,#1170);
#1168 = CARTESIAN_POINT('',(45.,22.,12.));
#1169 = DIRECTION('',(-0.,-0.,-1.));
#1170 = DIRECTION('',(1.,0.,0.));
#1171 = DEFINITIONAL_REPRESENTATION('',(#1172),#1176);
#1172 = LINE('',#1173,#1174);
#1173 = CARTESIAN_POINT('',(-6.28318530718,-7.));
#1174 = VECTOR('',#1175,1.);
#1175 = DIRECTION('',(1.,-0.));
#1176 = ( GEOMETRIC_REPRESENTATION_CONTEXT(2) 
PARAMETRIC_REPRESENTATION_CONTEXT() REPRESENTATION_CONTEXT('2D SPACE',''
  ) );
#1177 = FACE_BOUND('',#1178,.T.);
#1178 = EDGE_LOOP('',(#1179));
#1179 = ORIENTED_EDGE('',*,*,#1180,.T.);
#1180 = EDGE_CURVE('',#1181,#1181,#1183,.T.);
#1181 = VERTEX_POINT('',#1182);
#1182 = CARTESIAN_POINT('',(119.5,22.,19.));
#1183 = SURFACE_CURVE('',#1184,(#1189,#1200),.PCURVE_S1.);
#1184 = CIRCLE('',#1185,1.5);
#1185 = AXIS2_PLACEMENT_3D('',#1186,#1187,#1188);
#1186 = CARTESIAN_POINT('',(118.,22.,19.));
#1187 = DIRECTION('',(0.,0.,-1.));
#1188 = DIRECTION('',(1.,0.,0.));
#1189 = PCURVE('',#44,#1190);
#1190 = DEFINITIONAL_REPRESENTATION('',(#1191),#1199);
#1191 = ( BOUNDED_CURVE() B_SPLINE_CURVE(2,(#1192,#1193,#1194,#1195,
#1196,#1197,#1198),.UNSPECIFIED.,.T.,.F.) B_SPLINE_CURVE_WITH_KNOTS((1,2
    ,2,2,2,1),(-2.094395102393,0.,2.094395102393,4.188790204786,
6.28318530718,8.377580409573),.UNSPECIFIED.) CURVE() 
GEOMETRIC_REPRESENTATION_ITEM() RATIONAL_B_SPLINE_CURVE((1.,0.5,1.,0.5,
1.,0.5,1.)) REPRESENTATION_ITEM('') );
#1192 = CARTESIAN_POINT('',(269.5,182.));
#1193 = CARTESIAN_POINT('',(269.5,179.40192378864));
#1194 = CARTESIAN_POINT('',(267.25,180.70096189432));
#1195 = CARTESIAN_POINT('',(265.,182.));
#1196 = CARTESIAN_POINT('',(267.25,183.29903810567));
#1197 = CARTESIAN_POINT('',(269.5,184.59807621135));
#1198 = CARTESIAN_POINT('',(269.5,182.));
#1199 = ( GEOMETRIC_REPRESENTATION_CONTEXT(2) 
PARAMETRIC_REPRESENTATION_CONTEXT() REPRESENTATION_CONTEXT('2D SPACE',''
  ) );
#1200 = PCURVE('',#1201,#1206);
#1201 = CYLINDRICAL_SURFACE('',#1202,1.5);
#1202 = AXIS2_PLACEMENT_3D('',#1203,#1204,#1205);
#1203 = CARTESIAN_POINT('',(118.,22.,12.));
#1204 = DIRECTION('',(-0.,-0.,-1.));
#1205 = DIRECTION('',(1.,0.,0.));
#1206 = DEFINITIONAL_REPRESENTATION('',(#1207),#1211);
#1207 = LINE('',#1208,#1209);
#1208 = CARTESIAN_POINT('',(-6.28318530718,-7.));
#1209 = VECTOR('',#1210,1.);
#1210 = DIRECTION('',(1.,-0.));
#1211 = ( GEOMETRIC_REPRESENTATION_CONTEXT(2) 
PARAMETRIC_REPRESENTATION_CONTEXT() REPRESENTATION_CONTEXT('2D SPACE',''
  ) );
#1212 = FACE_BOUND('',#1213,.T.);
#1213 = EDGE_LOOP('',(#1214));
#1214 = ORIENTED_EDGE('',*,*,#1215,.T.);
#1215 = EDGE_CURVE('',#1216,#1216,#1218,.T.);
#1216 = VERTEX_POINT('',#1217);
#1217 = CARTESIAN_POINT('',(46.5,88.,19.));
#1218 = SURFACE_CURVE('',#1219,(#1224,#1235),.PCURVE_S1.);
#1219 = CIRCLE('',#1220,1.5);
#1220 = AXIS2_PLACEMENT_3D('',#1221,#1222,#1223);
#1221 = CARTESIAN_POINT('',(45.,88.,19.));
#1222 = DIRECTION('',(0.,0.,-1.));
#1223 = DIRECTION('',(1.,0.,0.));
#1224 = PCURVE('',#44,#1225);
#1225 = DEFINITIONAL_REPRESENTATION('',(#1226),#1234);
#1226 = ( BOUNDED_CURVE() B_SPLINE_CURVE(2,(#1227,#1228,#1229,#1230,
#1231,#1232,#1233),.UNSPECIFIED.,.T.,.F.) B_SPLINE_CURVE_WITH_KNOTS((1,2
    ,2,2,2,1),(-2.094395102393,0.,2.094395102393,4.188790204786,
6.28318530718,8.377580409573),.UNSPECIFIED.) CURVE() 
GEOMETRIC_REPRESENTATION_ITEM() RATIONAL_B_SPLINE_CURVE((1.,0.5,1.,0.5,
1.,0.5,1.)) REPRESENTATION_ITEM('') );
#1227 = CARTESIAN_POINT('',(196.5,248.));
#1228 = CARTESIAN_POINT('',(196.5,245.40192378864));
#1229 = CARTESIAN_POINT('',(194.25,246.70096189432));
#1230 = CARTESIAN_POINT('',(192.,248.));
#1231 = CARTESIAN_POINT('',(194.25,249.29903810567));
#1232 = CARTESIAN_POINT('',(196.5,250.59807621135));
#1233 = CARTESIAN_POINT('',(196.5,248.));
#1234 = ( GEOMETRIC_REPRESENTATION_CONTEXT(2) 
PARAMETRIC_REPRESENTATION_CONTEXT() REPRESENTATION_CONTEXT('2D SPACE',''
  ) );
#1235 = PCURVE('',#1236,#1241);
#1236 = CYLINDRICAL_SURFACE('',#1237,1.5);
#1237 = AXIS2_PLACEMENT_3D('',#1238,#1239,#1240);
#1238 = CARTESIAN_POINT('',(45.,88.,12.));
#1239 = DIRECTION('',(-0.,-0.,-1.));
#1240 = DIRECTION('',(1.,0.,0.));
#1241 = DEFINITIONAL_REPRESENTATION('',(#1242),#1246);
#1242 = LINE('',#1243,#1244);
#1243 = CARTESIAN_POINT('',(-6.28318530718,-7.));
#1244 = VECTOR('',#1245,1.);
#1245 = DIRECTION('',(1.,-0.));
#1246 = ( GEOMETRIC_REPRESENTATION_CONTEXT(2) 
PARAMETRIC_REPRESENTATION_CONTEXT() REPRESENTATION_CONTEXT('2D SPACE',''
  ) );
#1247 = FACE_BOUND('',#1248,.T.);
#1248 = EDGE_LOOP('',(#1249));
#1249 = ORIENTED_EDGE('',*,*,#1250,.T.);
#1250 = EDGE_CURVE('',#1251,#1251,#1253,.T.);
#1251 = VERTEX_POINT('',#1252);
#1252 = CARTESIAN_POINT('',(119.5,88.,19.));
#1253 = SURFACE_CURVE('',#1254,(#1259,#1270),.PCURVE_S1.);
#1254 = CIRCLE('',#1255,1.5);
#1255 = AXIS2_PLACEMENT_3D('',#1256,#1257,#1258);
#1256 = CARTESIAN_POINT('',(118.,88.,19.));
#1257 = DIRECTION('',(0.,0.,-1.));
#1258 = DIRECTION('',(1.,0.,0.));
#1259 = PCURVE('',#44,#1260);
#1260 = DEFINITIONAL_REPRESENTATION('',(#1261),#1269);
#1261 = ( BOUNDED_CURVE() B_SPLINE_CURVE(2,(#1262,#1263,#1264,#1265,
#1266,#1267,#1268),.UNSPECIFIED.,.T.,.F.) B_SPLINE_CURVE_WITH_KNOTS((1,2
    ,2,2,2,1),(-2.094395102393,0.,2.094395102393,4.188790204786,
6.28318530718,8.377580409573),.UNSPECIFIED.) CURVE() 
GEOMETRIC_REPRESENTATION_ITEM() RATIONAL_B_SPLINE_CURVE((1.,0.5,1.,0.5,
1.,0.5,1.)) REPRESENTATION_ITEM('') );
#1262 = CARTESIAN_POINT('',(269.5,248.));
#1263 = CARTESIAN_POINT('',(269.5,245.40192378864));
#1264 = CARTESIAN_POINT('',(267.25,246.70096189432));
#1265 = CARTESIAN_POINT('',(265.,248.));
#1266 = CARTESIAN_POINT('',(267.25,249.29903810567));
#1267 = CARTESIAN_POINT('',(269.5,250.59807621135));
#1268 = CARTESIAN_POINT('',(269.5,248.));
#1269 = ( GEOMETRIC_REPRESENTATION_CONTEXT(2) 
PARAMETRIC_REPRESENTATION_CONTEXT() REPRESENTATION_CONTEXT('2D SPACE',''
  ) );
#1270 = PCURVE('',#1271,#1276);
#1271 = CYLINDRICAL_SURFACE('',#1272,1.5);
#1272 = AXIS2_PLACEMENT_3D('',#1273,#1274,#1275);
#1273 = CARTESIAN_POINT('',(118.,88.,12.));
#1274 = DIRECTION('',(-0.,-0.,-1.));
#1275 = DIRECTION('',(1.,0.,0.));
#1276 = DEFINITIONAL_REPRESENTATION('',(#1277),#1281);
#1277 = LINE('',#1278,#1279);
#1278 = CARTESIAN_POINT('',(-6.28318530718,-7.));
#1279 = VECTOR('',#1280,1.);
#1280 = DIRECTION('',(1.,-0.));
#1281 = ( GEOMETRIC_REPRESENTATION_CONTEXT(2) 
PARAMETRIC_REPRESENTATION_CONTEXT() REPRESENTATION_CONTEXT('2D SPACE',''
  ) );
#1282 = FACE_BOUND('',#1283,.T.);
#1283 = EDGE_LOOP('',(#1284));
#1284 = ORIENTED_EDGE('',*,*,#1285,.T.);
#1285 = EDGE_CURVE('',#1286,#1286,#1288,.T.);
#1286 = VERTEX_POINT('',#1287);
#1287 = CARTESIAN_POINT('',(143.7,105.,19.));
#1288 = SURFACE_CURVE('',#1289,(#1294,#1305),.PCURVE_S1.);
#1289 = CIRCLE('',#1290,1.7);
#1290 = AXIS2_PLACEMENT_3D('',#1291,#1292,#1293);
#1291 = CARTESIAN_POINT('',(142.,105.,19.));
#1292 = DIRECTION('',(0.,0.,-1.));
#1293 = DIRECTION('',(1.,0.,0.));
#1294 = PCURVE('',#44,#1295);
#1295 = DEFINITIONAL_REPRESENTATION('',(#1296),#1304);
#1296 = ( BOUNDED_CURVE() B_SPLINE_CURVE(2,(#1297,#1298,#1299,#1300,
#1301,#1302,#1303),.UNSPECIFIED.,.T.,.F.) B_SPLINE_CURVE_WITH_KNOTS((1,2
    ,2,2,2,1),(-2.094395102393,0.,2.094395102393,4.188790204786,
6.28318530718,8.377580409573),.UNSPECIFIED.) CURVE() 
GEOMETRIC_REPRESENTATION_ITEM() RATIONAL_B_SPLINE_CURVE((1.,0.5,1.,0.5,
1.,0.5,1.)) REPRESENTATION_ITEM('') );
#1297 = CARTESIAN_POINT('',(293.7,265.));
#1298 = CARTESIAN_POINT('',(293.7,262.05551362713));
#1299 = CARTESIAN_POINT('',(291.15,263.52775681356));
#1300 = CARTESIAN_POINT('',(288.6,265.));
#1301 = CARTESIAN_POINT('',(291.15,266.47224318643));
#1302 = CARTESIAN_POINT('',(293.7,267.94448637286));
#1303 = CARTESIAN_POINT('',(293.7,265.));
#1304 = ( GEOMETRIC_REPRESENTATION_CONTEXT(2) 
PARAMETRIC_REPRESENTATION_CONTEXT() REPRESENTATION_CONTEXT('2D SPACE',''
  ) );
#1305 = PCURVE('',#1306,#1311);
#1306 = CYLINDRICAL_SURFACE('',#1307,1.7);
#1307 = AXIS2_PLACEMENT_3D('',#1308,#1309,#1310);
#1308 = CARTESIAN_POINT('',(142.,105.,12.));
#1309 = DIRECTION('',(-0.,-0.,-1.));
#1310 = DIRECTION('',(1.,0.,0.));
#1311 = DEFINITIONAL_REPRESENTATION('',(#1312),#1316);
#1312 = LINE('',#1313,#1314);
#1313 = CARTESIAN_POINT('',(-6.28318530718,-7.));
#1314 = VECTOR('',#1315,1.);
#1315 = DIRECTION('',(1.,-0.));
#1316 = ( GEOMETRIC_REPRESENTATION_CONTEXT(2) 
PARAMETRIC_REPRESENTATION_CONTEXT() REPRESENTATION_CONTEXT('2D SPACE',''
  ) );
#1317 = FACE_BOUND('',#1318,.T.);
#1318 = EDGE_LOOP('',(#1319));
#1319 = ORIENTED_EDGE('',*,*,#1320,.T.);
#1320 = EDGE_CURVE('',#1321,#1321,#1323,.T.);
#1321 = VERTEX_POINT('',#1322);
#1322 = CARTESIAN_POINT('',(115.,120.,19.));
#1323 = SURFACE_CURVE('',#1324,(#1329,#1340),.PCURVE_S1.);
#1324 = CIRCLE('',#1325,3.);
#1325 = AXIS2_PLACEMENT_3D('',#1326,#1327,#1328);
#1326 = CARTESIAN_POINT('',(112.,120.,19.));
#1327 = DIRECTION('',(0.,0.,-1.));
#1328 = DIRECTION('',(1.,0.,0.));
#1329 = PCURVE('',#44,#1330);
#1330 = DEFINITIONAL_REPRESENTATION('',(#1331),#1339);
#1331 = ( BOUNDED_CURVE() B_SPLINE_CURVE(2,(#1332,#1333,#1334,#1335,
#1336,#1337,#1338),.UNSPECIFIED.,.T.,.F.) B_SPLINE_CURVE_WITH_KNOTS((1,2
    ,2,2,2,1),(-2.094395102393,0.,2.094395102393,4.188790204786,
6.28318530718,8.377580409573),.UNSPECIFIED.) CURVE() 
GEOMETRIC_REPRESENTATION_ITEM() RATIONAL_B_SPLINE_CURVE((1.,0.5,1.,0.5,
1.,0.5,1.)) REPRESENTATION_ITEM('') );
#1332 = CARTESIAN_POINT('',(265.,280.));
#1333 = CARTESIAN_POINT('',(265.,274.80384757729));
#1334 = CARTESIAN_POINT('',(260.5,277.40192378864));
#1335 = CARTESIAN_POINT('',(256.,280.));
#1336 = CARTESIAN_POINT('',(260.5,282.59807621135));
#1337 = CARTESIAN_POINT('',(265.,285.1961524227));
#1338 = CARTESIAN_POINT('',(265.,280.));
#1339 = ( GEOMETRIC_REPRESENTATION_CONTEXT(2) 
PARAMETRIC_REPRESENTATION_CONTEXT() REPRESENTATION_CONTEXT('2D SPACE',''
  ) );
#1340 = PCURVE('',#1341,#1346);
#1341 = CYLINDRICAL_SURFACE('',#1342,3.);
#1342 = AXIS2_PLACEMENT_3D('',#1343,#1344,#1345);
#1343 = CARTESIAN_POINT('',(112.,120.,12.));
#1344 = DIRECTION('',(-0.,-0.,-1.));
#1345 = DIRECTION('',(1.,0.,0.));
#1346 = DEFINITIONAL_REPRESENTATION('',(#1347),#1351);
#1347 = LINE('',#1348,#1349);
#1348 = CARTESIAN_POINT('',(-6.28318530718,-7.));
#1349 = VECTOR('',#1350,1.);
#1350 = DIRECTION('',(1.,-0.));
#1351 = ( GEOMETRIC_REPRESENTATION_CONTEXT(2) 
PARAMETRIC_REPRESENTATION_CONTEXT() REPRESENTATION_CONTEXT('2D SPACE',''
  ) );
#1352 = FACE_BOUND('',#1353,.T.);
#1353 = EDGE_LOOP('',(#1354));
#1354 = ORIENTED_EDGE('',*,*,#1355,.T.);
#1355 = EDGE_CURVE('',#1356,#1356,#1358,.T.);
#1356 = VERTEX_POINT('',#1357);
#1357 = CARTESIAN_POINT('',(135.,142.,19.));
#1358 = SURFACE_CURVE('',#1359,(#1364,#1375),.PCURVE_S1.);
#1359 = CIRCLE('',#1360,3.);
#1360 = AXIS2_PLACEMENT_3D('',#1361,#1362,#1363);
#1361 = CARTESIAN_POINT('',(132.,142.,19.));
#1362 = DIRECTION('',(0.,0.,-1.));
#1363 = DIRECTION('',(1.,0.,0.));
#1364 = PCURVE('',#44,#1365);
#1365 = DEFINITIONAL_REPRESENTATION('',(#1366),#1374);
#1366 = ( BOUNDED_CURVE() B_SPLINE_CURVE(2,(#1367,#1368,#1369,#1370,
#1371,#1372,#1373),.UNSPECIFIED.,.T.,.F.) B_SPLINE_CURVE_WITH_KNOTS((1,2
    ,2,2,2,1),(-2.094395102393,0.,2.094395102393,4.188790204786,
6.28318530718,8.377580409573),.UNSPECIFIED.) CURVE() 
GEOMETRIC_REPRESENTATION_ITEM() RATIONAL_B_SPLINE_CURVE((1.,0.5,1.,0.5,
1.,0.5,1.)) REPRESENTATION_ITEM('') );
#1367 = CARTESIAN_POINT('',(285.,302.));
#1368 = CARTESIAN_POINT('',(285.,296.80384757729));
#1369 = CARTESIAN_POINT('',(280.5,299.40192378864));
#1370 = CARTESIAN_POINT('',(276.,302.));
#1371 = CARTESIAN_POINT('',(280.5,304.59807621135));
#1372 = CARTESIAN_POINT('',(285.,307.1961524227));
#1373 = CARTESIAN_POINT('',(285.,302.));
#1374 = ( GEOMETRIC_REPRESENTATION_CONTEXT(2) 
PARAMETRIC_REPRESENTATION_CONTEXT() REPRESENTATION_CONTEXT('2D SPACE',''
  ) );
#1375 = PCURVE('',#1376,#1381);
#1376 = CYLINDRICAL_SURFACE('',#1377,3.);
#1377 = AXIS2_PLACEMENT_3D('',#1378,#1379,#1380);
#1378 = CARTESIAN_POINT('',(132.,142.,12.));
#1379 = DIRECTION('',(-0.,-0.,-1.));
#1380 = DIRECTION('',(1.,0.,0.));
#1381 = DEFINITIONAL_REPRESENTATION('',(#1382),#1386);
#1382 = LINE('',#1383,#1384);
#1383 = CARTESIAN_POINT('',(-6.28318530718,-7.));
#1384 = VECTOR('',#1385,1.);
#1385 = DIRECTION('',(1.,-0.));
#1386 = ( GEOMETRIC_REPRESENTATION_CONTEXT(2) 
PARAMETRIC_REPRESENTATION_CONTEXT() REPRESENTATION_CONTEXT('2D SPACE',''
  ) );
#1387 = ADVANCED_FACE('',(#1388),#72,.T.);
#1388 = FACE_BOUND('',#1389,.T.);
#1389 = EDGE_LOOP('',(#1390,#1414,#1435,#1436));
#1390 = ORIENTED_EDGE('',*,*,#1391,.T.);
#1391 = EDGE_CURVE('',#57,#1392,#1394,.T.);
#1392 = VERTEX_POINT('',#1393);
#1393 = CARTESIAN_POINT('',(-132.,-160.,13.));
#1394 = SURFACE_CURVE('',#1395,(#1400,#1407),.PCURVE_S1.);
#1395 = CIRCLE('',#1396,18.);
#1396 = AXIS2_PLACEMENT_3D('',#1397,#1398,#1399);
#1397 = CARTESIAN_POINT('',(-132.,-142.,13.));
#1398 = DIRECTION('',(0.,0.,1.));
#1399 = DIRECTION('',(0.,-1.,0.));
#1400 = PCURVE('',#72,#1401);
#1401 = DEFINITIONAL_REPRESENTATION('',(#1402),#1406);
#1402 = LINE('',#1403,#1404);
#1403 = CARTESIAN_POINT('',(-4.712388980385,0.));
#1404 = VECTOR('',#1405,1.);
#1405 = DIRECTION('',(1.,0.));
#1406 = ( GEOMETRIC_REPRESENTATION_CONTEXT(2) 
PARAMETRIC_REPRESENTATION_CONTEXT() REPRESENTATION_CONTEXT('2D SPACE',''
  ) );
#1407 = PCURVE('',#100,#1408);
#1408 = DEFINITIONAL_REPRESENTATION('',(#1409),#1413);
#1409 = CIRCLE('',#1410,18.);
#1410 = AXIS2_PLACEMENT_2D('',#1411,#1412);
#1411 = CARTESIAN_POINT('',(18.,18.));
#1412 = DIRECTION('',(0.,-1.));
#1413 = ( GEOMETRIC_REPRESENTATION_CONTEXT(2) 
PARAMETRIC_REPRESENTATION_CONTEXT() REPRESENTATION_CONTEXT('2D SPACE',''
  ) );
#1414 = ORIENTED_EDGE('',*,*,#1415,.T.);
#1415 = EDGE_CURVE('',#1392,#143,#1416,.T.);
#1416 = SURFACE_CURVE('',#1417,(#1421,#1428),.PCURVE_S1.);
#1417 = LINE('',#1418,#1419);
#1418 = CARTESIAN_POINT('',(-132.,-160.,13.));
#1419 = VECTOR('',#1420,1.);
#1420 = DIRECTION('',(0.,0.,1.));
#1421 = PCURVE('',#72,#1422);
#1422 = DEFINITIONAL_REPRESENTATION('',(#1423),#1427);
#1423 = LINE('',#1424,#1425);
#1424 = CARTESIAN_POINT('',(1.570796326795,0.));
#1425 = VECTOR('',#1426,1.);
#1426 = DIRECTION('',(0.,1.));
#1427 = ( GEOMETRIC_REPRESENTATION_CONTEXT(2) 
PARAMETRIC_REPRESENTATION_CONTEXT() REPRESENTATION_CONTEXT('2D SPACE',''
  ) );
#1428 = PCURVE('',#182,#1429);
#1429 = DEFINITIONAL_REPRESENTATION('',(#1430),#1434);
#1430 = LINE('',#1431,#1432);
#1431 = CARTESIAN_POINT('',(0.,18.));
#1432 = VECTOR('',#1433,1.);
#1433 = DIRECTION('',(1.,0.));
#1434 = ( GEOMETRIC_REPRESENTATION_CONTEXT(2) 
PARAMETRIC_REPRESENTATION_CONTEXT() REPRESENTATION_CONTEXT('2D SPACE',''
  ) );
#1435 = ORIENTED_EDGE('',*,*,#142,.F.);
#1436 = ORIENTED_EDGE('',*,*,#56,.F.);
#1437 = ADVANCED_FACE('',(#1438),#126,.T.);
#1438 = FACE_BOUND('',#1439,.F.);
#1439 = EDGE_LOOP('',(#1440,#1468,#1489,#1490));
#1440 = ORIENTED_EDGE('',*,*,#1441,.T.);
#1441 = EDGE_CURVE('',#85,#1442,#1444,.T.);
#1442 = VERTEX_POINT('',#1443);
#1443 = CARTESIAN_POINT('',(-132.,160.,13.));
#1444 = SURFACE_CURVE('',#1445,(#1450,#1457),.PCURVE_S1.);
#1445 = CIRCLE('',#1446,18.);
#1446 = AXIS2_PLACEMENT_3D('',#1447,#1448,#1449);
#1447 = CARTESIAN_POINT('',(-132.,142.,13.));
#1448 = DIRECTION('',(-0.,-0.,-1.));
#1449 = DIRECTION('',(0.,-1.,0.));
#1450 = PCURVE('',#126,#1451);
#1451 = DEFINITIONAL_REPRESENTATION('',(#1452),#1456);
#1452 = LINE('',#1453,#1454);
#1453 = CARTESIAN_POINT('',(1.570796326795,-0.));
#1454 = VECTOR('',#1455,1.);
#1455 = DIRECTION('',(-1.,0.));
#1456 = ( GEOMETRIC_REPRESENTATION_CONTEXT(2) 
PARAMETRIC_REPRESENTATION_CONTEXT() REPRESENTATION_CONTEXT('2D SPACE',''
  ) );
#1457 = PCURVE('',#100,#1458);
#1458 = DEFINITIONAL_REPRESENTATION('',(#1459),#1467);
#1459 = ( BOUNDED_CURVE() B_SPLINE_CURVE(2,(#1460,#1461,#1462,#1463,
#1464,#1465,#1466),.UNSPECIFIED.,.T.,.F.) B_SPLINE_CURVE_WITH_KNOTS((1,2
    ,2,2,2,1),(-2.094395102393,0.,2.094395102393,4.188790204786,
6.28318530718,8.377580409573),.UNSPECIFIED.) CURVE() 
GEOMETRIC_REPRESENTATION_ITEM() RATIONAL_B_SPLINE_CURVE((1.,0.5,1.,0.5,
1.,0.5,1.)) REPRESENTATION_ITEM('') );
#1460 = CARTESIAN_POINT('',(18.,284.));
#1461 = CARTESIAN_POINT('',(-13.17691453624,284.));
#1462 = CARTESIAN_POINT('',(2.41154273188,311.));
#1463 = CARTESIAN_POINT('',(18.,338.));
#1464 = CARTESIAN_POINT('',(33.58845726812,311.));
#1465 = CARTESIAN_POINT('',(49.17691453624,284.));
#1466 = CARTESIAN_POINT('',(18.,284.));
#1467 = ( GEOMETRIC_REPRESENTATION_CONTEXT(2) 
PARAMETRIC_REPRESENTATION_CONTEXT() REPRESENTATION_CONTEXT('2D SPACE',''
  ) );
#1468 = ORIENTED_EDGE('',*,*,#1469,.T.);
#1469 = EDGE_CURVE('',#1442,#285,#1470,.T.);
#1470 = SURFACE_CURVE('',#1471,(#1475,#1482),.PCURVE_S1.);
#1471 = LINE('',#1472,#1473);
#1472 = CARTESIAN_POINT('',(-132.,160.,13.));
#1473 = VECTOR('',#1474,1.);
#1474 = DIRECTION('',(0.,0.,1.));
#1475 = PCURVE('',#126,#1476);
#1476 = DEFINITIONAL_REPRESENTATION('',(#1477),#1481);
#1477 = LINE('',#1478,#1479);
#1478 = CARTESIAN_POINT('',(-1.570796326795,0.));
#1479 = VECTOR('',#1480,1.);
#1480 = DIRECTION('',(-0.,1.));
#1481 = ( GEOMETRIC_REPRESENTATION_CONTEXT(2) 
PARAMETRIC_REPRESENTATION_CONTEXT() REPRESENTATION_CONTEXT('2D SPACE',''
  ) );
#1482 = PCURVE('',#300,#1483);
#1483 = DEFINITIONAL_REPRESENTATION('',(#1484),#1488);
#1484 = LINE('',#1485,#1486);
#1485 = CARTESIAN_POINT('',(0.,18.));
#1486 = VECTOR('',#1487,1.);
#1487 = DIRECTION('',(1.,0.));
#1488 = ( GEOMETRIC_REPRESENTATION_CONTEXT(2) 
PARAMETRIC_REPRESENTATION_CONTEXT() REPRESENTATION_CONTEXT('2D SPACE',''
  ) );
#1489 = ORIENTED_EDGE('',*,*,#312,.F.);
#1490 = ORIENTED_EDGE('',*,*,#112,.F.);
#1491 = ADVANCED_FACE('',(#1492,#1616,#1646,#1676,#1706,#1736,#1766,
    #1796,#1826,#1856,#1886,#1916,#1946,#1976,#2006,#2036,#2066,#2096,
    #2126,#2156,#2186,#2216,#2246,#2276,#2306,#2336,#2366,#2396,#2426,
    #2456,#2486),#100,.F.);
#1492 = FACE_BOUND('',#1493,.F.);
#1493 = EDGE_LOOP('',(#1494,#1495,#1496,#1519,#1547,#1570,#1594,#1615));
#1494 = ORIENTED_EDGE('',*,*,#84,.F.);
#1495 = ORIENTED_EDGE('',*,*,#1391,.T.);
#1496 = ORIENTED_EDGE('',*,*,#1497,.T.);
#1497 = EDGE_CURVE('',#1392,#1498,#1500,.T.);
#1498 = VERTEX_POINT('',#1499);
#1499 = CARTESIAN_POINT('',(132.,-160.,13.));
#1500 = SURFACE_CURVE('',#1501,(#1505,#1512),.PCURVE_S1.);
#1501 = LINE('',#1502,#1503);
#1502 = CARTESIAN_POINT('',(-150.,-160.,13.));
#1503 = VECTOR('',#1504,1.);
#1504 = DIRECTION('',(1.,0.,0.));
#1505 = PCURVE('',#100,#1506);
#1506 = DEFINITIONAL_REPRESENTATION('',(#1507),#1511);
#1507 = LINE('',#1508,#1509);
#1508 = CARTESIAN_POINT('',(0.,0.));
#1509 = VECTOR('',#1510,1.);
#1510 = DIRECTION('',(1.,0.));
#1511 = ( GEOMETRIC_REPRESENTATION_CONTEXT(2) 
PARAMETRIC_REPRESENTATION_CONTEXT() REPRESENTATION_CONTEXT('2D SPACE',''
  ) );
#1512 = PCURVE('',#182,#1513);
#1513 = DEFINITIONAL_REPRESENTATION('',(#1514),#1518);
#1514 = LINE('',#1515,#1516);
#1515 = CARTESIAN_POINT('',(0.,0.));
#1516 = VECTOR('',#1517,1.);
#1517 = DIRECTION('',(0.,1.));
#1518 = ( GEOMETRIC_REPRESENTATION_CONTEXT(2) 
PARAMETRIC_REPRESENTATION_CONTEXT() REPRESENTATION_CONTEXT('2D SPACE',''
  ) );
#1519 = ORIENTED_EDGE('',*,*,#1520,.F.);
#1520 = EDGE_CURVE('',#1521,#1498,#1523,.T.);
#1521 = VERTEX_POINT('',#1522);
#1522 = CARTESIAN_POINT('',(150.,-142.,13.));
#1523 = SURFACE_CURVE('',#1524,(#1529,#1540),.PCURVE_S1.);
#1524 = CIRCLE('',#1525,18.);
#1525 = AXIS2_PLACEMENT_3D('',#1526,#1527,#1528);
#1526 = CARTESIAN_POINT('',(132.,-142.,13.));
#1527 = DIRECTION('',(-0.,-0.,-1.));
#1528 = DIRECTION('',(0.,-1.,0.));
#1529 = PCURVE('',#100,#1530);
#1530 = DEFINITIONAL_REPRESENTATION('',(#1531),#1539);
#1531 = ( BOUNDED_CURVE() B_SPLINE_CURVE(2,(#1532,#1533,#1534,#1535,
#1536,#1537,#1538),.UNSPECIFIED.,.T.,.F.) B_SPLINE_CURVE_WITH_KNOTS((1,2
    ,2,2,2,1),(-2.094395102393,0.,2.094395102393,4.188790204786,
6.28318530718,8.377580409573),.UNSPECIFIED.) CURVE() 
GEOMETRIC_REPRESENTATION_ITEM() RATIONAL_B_SPLINE_CURVE((1.,0.5,1.,0.5,
1.,0.5,1.)) REPRESENTATION_ITEM('') );
#1532 = CARTESIAN_POINT('',(282.,0.));
#1533 = CARTESIAN_POINT('',(250.82308546376,0.));
#1534 = CARTESIAN_POINT('',(266.41154273188,27.));
#1535 = CARTESIAN_POINT('',(282.,54.));
#1536 = CARTESIAN_POINT('',(297.58845726812,27.));
#1537 = CARTESIAN_POINT('',(313.17691453624,2.84217094304E-14));
#1538 = CARTESIAN_POINT('',(282.,0.));
#1539 = ( GEOMETRIC_REPRESENTATION_CONTEXT(2) 
PARAMETRIC_REPRESENTATION_CONTEXT() REPRESENTATION_CONTEXT('2D SPACE',''
  ) );
#1540 = PCURVE('',#215,#1541);
#1541 = DEFINITIONAL_REPRESENTATION('',(#1542),#1546);
#1542 = LINE('',#1543,#1544);
#1543 = CARTESIAN_POINT('',(4.712388980385,-0.));
#1544 = VECTOR('',#1545,1.);
#1545 = DIRECTION('',(-1.,0.));
#1546 = ( GEOMETRIC_REPRESENTATION_CONTEXT(2) 
PARAMETRIC_REPRESENTATION_CONTEXT() REPRESENTATION_CONTEXT('2D SPACE',''
  ) );
#1547 = ORIENTED_EDGE('',*,*,#1548,.T.);
#1548 = EDGE_CURVE('',#1521,#1549,#1551,.T.);
#1549 = VERTEX_POINT('',#1550);
#1550 = CARTESIAN_POINT('',(150.,142.,13.));
#1551 = SURFACE_CURVE('',#1552,(#1556,#1563),.PCURVE_S1.);
#1552 = LINE('',#1553,#1554);
#1553 = CARTESIAN_POINT('',(150.,-160.,13.));
#1554 = VECTOR('',#1555,1.);
#1555 = DIRECTION('',(0.,1.,0.));
#1556 = PCURVE('',#100,#1557);
#1557 = DEFINITIONAL_REPRESENTATION('',(#1558),#1562);
#1558 = LINE('',#1559,#1560);
#1559 = CARTESIAN_POINT('',(300.,0.));
#1560 = VECTOR('',#1561,1.);
#1561 = DIRECTION('',(0.,1.));
#1562 = ( GEOMETRIC_REPRESENTATION_CONTEXT(2) 
PARAMETRIC_REPRESENTATION_CONTEXT() REPRESENTATION_CONTEXT('2D SPACE',''
  ) );
#1563 = PCURVE('',#243,#1564);
#1564 = DEFINITIONAL_REPRESENTATION('',(#1565),#1569);
#1565 = LINE('',#1566,#1567);
#1566 = CARTESIAN_POINT('',(0.,0.));
#1567 = VECTOR('',#1568,1.);
#1568 = DIRECTION('',(0.,-1.));
#1569 = ( GEOMETRIC_REPRESENTATION_CONTEXT(2) 
PARAMETRIC_REPRESENTATION_CONTEXT() REPRESENTATION_CONTEXT('2D SPACE',''
  ) );
#1570 = ORIENTED_EDGE('',*,*,#1571,.T.);
#1571 = EDGE_CURVE('',#1549,#1572,#1574,.T.);
#1572 = VERTEX_POINT('',#1573);
#1573 = CARTESIAN_POINT('',(132.,160.,13.));
#1574 = SURFACE_CURVE('',#1575,(#1580,#1587),.PCURVE_S1.);
#1575 = CIRCLE('',#1576,18.);
#1576 = AXIS2_PLACEMENT_3D('',#1577,#1578,#1579);
#1577 = CARTESIAN_POINT('',(132.,142.,13.));
#1578 = DIRECTION('',(0.,0.,1.));
#1579 = DIRECTION('',(0.,-1.,0.));
#1580 = PCURVE('',#100,#1581);
#1581 = DEFINITIONAL_REPRESENTATION('',(#1582),#1586);
#1582 = CIRCLE('',#1583,18.);
#1583 = AXIS2_PLACEMENT_2D('',#1584,#1585);
#1584 = CARTESIAN_POINT('',(282.,302.));
#1585 = DIRECTION('',(0.,-1.));
#1586 = ( GEOMETRIC_REPRESENTATION_CONTEXT(2) 
PARAMETRIC_REPRESENTATION_CONTEXT() REPRESENTATION_CONTEXT('2D SPACE',''
  ) );
#1587 = PCURVE('',#272,#1588);
#1588 = DEFINITIONAL_REPRESENTATION('',(#1589),#1593);
#1589 = LINE('',#1590,#1591);
#1590 = CARTESIAN_POINT('',(-1.570796326795,0.));
#1591 = VECTOR('',#1592,1.);
#1592 = DIRECTION('',(1.,0.));
#1593 = ( GEOMETRIC_REPRESENTATION_CONTEXT(2) 
PARAMETRIC_REPRESENTATION_CONTEXT() REPRESENTATION_CONTEXT('2D SPACE',''
  ) );
#1594 = ORIENTED_EDGE('',*,*,#1595,.F.);
#1595 = EDGE_CURVE('',#1442,#1572,#1596,.T.);
#1596 = SURFACE_CURVE('',#1597,(#1601,#1608),.PCURVE_S1.);
#1597 = LINE('',#1598,#1599);
#1598 = CARTESIAN_POINT('',(-150.,160.,13.));
#1599 = VECTOR('',#1600,1.);
#1600 = DIRECTION('',(1.,0.,0.));
#1601 = PCURVE('',#100,#1602);
#1602 = DEFINITIONAL_REPRESENTATION('',(#1603),#1607);
#1603 = LINE('',#1604,#1605);
#1604 = CARTESIAN_POINT('',(0.,320.));
#1605 = VECTOR('',#1606,1.);
#1606 = DIRECTION('',(1.,0.));
#1607 = ( GEOMETRIC_REPRESENTATION_CONTEXT(2) 
PARAMETRIC_REPRESENTATION_CONTEXT() REPRESENTATION_CONTEXT('2D SPACE',''
  ) );
#1608 = PCURVE('',#300,#1609);
#1609 = DEFINITIONAL_REPRESENTATION('',(#1610),#1614);
#1610 = LINE('',#1611,#1612);
#1611 = CARTESIAN_POINT('',(0.,0.));
#1612 = VECTOR('',#1613,1.);
#1613 = DIRECTION('',(0.,1.));
#1614 = ( GEOMETRIC_REPRESENTATION_CONTEXT(2) 
PARAMETRIC_REPRESENTATION_CONTEXT() REPRESENTATION_CONTEXT('2D SPACE',''
  ) );
#1615 = ORIENTED_EDGE('',*,*,#1441,.F.);
#1616 = FACE_BOUND('',#1617,.F.);
#1617 = EDGE_LOOP('',(#1618));
#1618 = ORIENTED_EDGE('',*,*,#1619,.T.);
#1619 = EDGE_CURVE('',#1620,#1620,#1622,.T.);
#1620 = VERTEX_POINT('',#1621);
#1621 = CARTESIAN_POINT('',(-129.,-142.,13.));
#1622 = SURFACE_CURVE('',#1623,(#1628,#1639),.PCURVE_S1.);
#1623 = CIRCLE('',#1624,3.);
#1624 = AXIS2_PLACEMENT_3D('',#1625,#1626,#1627);
#1625 = CARTESIAN_POINT('',(-132.,-142.,13.));
#1626 = DIRECTION('',(0.,0.,-1.));
#1627 = DIRECTION('',(1.,0.,0.));
#1628 = PCURVE('',#100,#1629);
#1629 = DEFINITIONAL_REPRESENTATION('',(#1630),#1638);
#1630 = ( BOUNDED_CURVE() B_SPLINE_CURVE(2,(#1631,#1632,#1633,#1634,
#1635,#1636,#1637),.UNSPECIFIED.,.T.,.F.) B_SPLINE_CURVE_WITH_KNOTS((1,2
    ,2,2,2,1),(-2.094395102393,0.,2.094395102393,4.188790204786,
6.28318530718,8.377580409573),.UNSPECIFIED.) CURVE() 
GEOMETRIC_REPRESENTATION_ITEM() RATIONAL_B_SPLINE_CURVE((1.,0.5,1.,0.5,
1.,0.5,1.)) REPRESENTATION_ITEM('') );
#1631 = CARTESIAN_POINT('',(21.,18.));
#1632 = CARTESIAN_POINT('',(21.,12.803847577293));
#1633 = CARTESIAN_POINT('',(16.5,15.401923788647));
#1634 = CARTESIAN_POINT('',(12.,18.));
#1635 = CARTESIAN_POINT('',(16.5,20.598076211353));
#1636 = CARTESIAN_POINT('',(21.,23.196152422707));
#1637 = CARTESIAN_POINT('',(21.,18.));
#1638 = ( GEOMETRIC_REPRESENTATION_CONTEXT(2) 
PARAMETRIC_REPRESENTATION_CONTEXT() REPRESENTATION_CONTEXT('2D SPACE',''
  ) );
#1639 = PCURVE('',#361,#1640);
#1640 = DEFINITIONAL_REPRESENTATION('',(#1641),#1645);
#1641 = LINE('',#1642,#1643);
#1642 = CARTESIAN_POINT('',(-6.28318530718,-1.));
#1643 = VECTOR('',#1644,1.);
#1644 = DIRECTION('',(1.,-0.));
#1645 = ( GEOMETRIC_REPRESENTATION_CONTEXT(2) 
PARAMETRIC_REPRESENTATION_CONTEXT() REPRESENTATION_CONTEXT('2D SPACE',''
  ) );
#1646 = FACE_BOUND('',#1647,.F.);
#1647 = EDGE_LOOP('',(#1648));
#1648 = ORIENTED_EDGE('',*,*,#1649,.T.);
#1649 = EDGE_CURVE('',#1650,#1650,#1652,.T.);
#1650 = VERTEX_POINT('',#1651);
#1651 = CARTESIAN_POINT('',(-140.3,-118.,13.));
#1652 = SURFACE_CURVE('',#1653,(#1658,#1669),.PCURVE_S1.);
#1653 = CIRCLE('',#1654,1.7);
#1654 = AXIS2_PLACEMENT_3D('',#1655,#1656,#1657);
#1655 = CARTESIAN_POINT('',(-142.,-118.,13.));
#1656 = DIRECTION('',(0.,0.,-1.));
#1657 = DIRECTION('',(1.,0.,0.));
#1658 = PCURVE('',#100,#1659);
#1659 = DEFINITIONAL_REPRESENTATION('',(#1660),#1668);
#1660 = ( BOUNDED_CURVE() B_SPLINE_CURVE(2,(#1661,#1662,#1663,#1664,
#1665,#1666,#1667),.UNSPECIFIED.,.T.,.F.) B_SPLINE_CURVE_WITH_KNOTS((1,2
    ,2,2,2,1),(-2.094395102393,0.,2.094395102393,4.188790204786,
6.28318530718,8.377580409573),.UNSPECIFIED.) CURVE() 
GEOMETRIC_REPRESENTATION_ITEM() RATIONAL_B_SPLINE_CURVE((1.,0.5,1.,0.5,
1.,0.5,1.)) REPRESENTATION_ITEM('') );
#1661 = CARTESIAN_POINT('',(9.7,42.));
#1662 = CARTESIAN_POINT('',(9.7,39.055513627133));
#1663 = CARTESIAN_POINT('',(7.15,40.527756813566));
#1664 = CARTESIAN_POINT('',(4.6,42.));
#1665 = CARTESIAN_POINT('',(7.15,43.472243186434));
#1666 = CARTESIAN_POINT('',(9.7,44.944486372867));
#1667 = CARTESIAN_POINT('',(9.7,42.));
#1668 = ( GEOMETRIC_REPRESENTATION_CONTEXT(2) 
PARAMETRIC_REPRESENTATION_CONTEXT() REPRESENTATION_CONTEXT('2D SPACE',''
  ) );
#1669 = PCURVE('',#396,#1670);
#1670 = DEFINITIONAL_REPRESENTATION('',(#1671),#1675);
#1671 = LINE('',#1672,#1673);
#1672 = CARTESIAN_POINT('',(-6.28318530718,-1.));
#1673 = VECTOR('',#1674,1.);
#1674 = DIRECTION('',(1.,-0.));
#1675 = ( GEOMETRIC_REPRESENTATION_CONTEXT(2) 
PARAMETRIC_REPRESENTATION_CONTEXT() REPRESENTATION_CONTEXT('2D SPACE',''
  ) );
#1676 = FACE_BOUND('',#1677,.F.);
#1677 = EDGE_LOOP('',(#1678));
#1678 = ORIENTED_EDGE('',*,*,#1679,.T.);
#1679 = EDGE_CURVE('',#1680,#1680,#1682,.T.);
#1680 = VERTEX_POINT('',#1681);
#1681 = CARTESIAN_POINT('',(-86.3,-152.,13.));
#1682 = SURFACE_CURVE('',#1683,(#1688,#1699),.PCURVE_S1.);
#1683 = CIRCLE('',#1684,1.7);
#1684 = AXIS2_PLACEMENT_3D('',#1685,#1686,#1687);
#1685 = CARTESIAN_POINT('',(-88.,-152.,13.));
#1686 = DIRECTION('',(0.,0.,-1.));
#1687 = DIRECTION('',(1.,0.,0.));
#1688 = PCURVE('',#100,#1689);
#1689 = DEFINITIONAL_REPRESENTATION('',(#1690),#1698);
#1690 = ( BOUNDED_CURVE() B_SPLINE_CURVE(2,(#1691,#1692,#1693,#1694,
#1695,#1696,#1697),.UNSPECIFIED.,.T.,.F.) B_SPLINE_CURVE_WITH_KNOTS((1,2
    ,2,2,2,1),(-2.094395102393,0.,2.094395102393,4.188790204786,
6.28318530718,8.377580409573),.UNSPECIFIED.) CURVE() 
GEOMETRIC_REPRESENTATION_ITEM() RATIONAL_B_SPLINE_CURVE((1.,0.5,1.,0.5,
1.,0.5,1.)) REPRESENTATION_ITEM('') );
#1691 = CARTESIAN_POINT('',(63.7,8.));
#1692 = CARTESIAN_POINT('',(63.7,5.055513627133));
#1693 = CARTESIAN_POINT('',(61.15,6.527756813566));
#1694 = CARTESIAN_POINT('',(58.6,8.));
#1695 = CARTESIAN_POINT('',(61.15,9.472243186434));
#1696 = CARTESIAN_POINT('',(63.7,10.944486372867));
#1697 = CARTESIAN_POINT('',(63.7,8.));
#1698 = ( GEOMETRIC_REPRESENTATION_CONTEXT(2) 
PARAMETRIC_REPRESENTATION_CONTEXT() REPRESENTATION_CONTEXT('2D SPACE',''
  ) );
#1699 = PCURVE('',#431,#1700);
#1700 = DEFINITIONAL_REPRESENTATION('',(#1701),#1705);
#1701 = LINE('',#1702,#1703);
#1702 = CARTESIAN_POINT('',(-6.28318530718,-1.));
#1703 = VECTOR('',#1704,1.);
#1704 = DIRECTION('',(1.,-0.));
#1705 = ( GEOMETRIC_REPRESENTATION_CONTEXT(2) 
PARAMETRIC_REPRESENTATION_CONTEXT() REPRESENTATION_CONTEXT('2D SPACE',''
  ) );
#1706 = FACE_BOUND('',#1707,.F.);
#1707 = EDGE_LOOP('',(#1708));
#1708 = ORIENTED_EDGE('',*,*,#1709,.T.);
#1709 = EDGE_CURVE('',#1710,#1710,#1712,.T.);
#1710 = VERTEX_POINT('',#1711);
#1711 = CARTESIAN_POINT('',(-105.5,-53.,13.));
#1712 = SURFACE_CURVE('',#1713,(#1718,#1729),.PCURVE_S1.);
#1713 = CIRCLE('',#1714,1.5);
#1714 = AXIS2_PLACEMENT_3D('',#1715,#1716,#1717);
#1715 = CARTESIAN_POINT('',(-107.,-53.,13.));
#1716 = DIRECTION('',(0.,0.,-1.));
#1717 = DIRECTION('',(1.,0.,0.));
#1718 = PCURVE('',#100,#1719);
#1719 = DEFINITIONAL_REPRESENTATION('',(#1720),#1728);
#1720 = ( BOUNDED_CURVE() B_SPLINE_CURVE(2,(#1721,#1722,#1723,#1724,
#1725,#1726,#1727),.UNSPECIFIED.,.T.,.F.) B_SPLINE_CURVE_WITH_KNOTS((1,2
    ,2,2,2,1),(-2.094395102393,0.,2.094395102393,4.188790204786,
6.28318530718,8.377580409573),.UNSPECIFIED.) CURVE() 
GEOMETRIC_REPRESENTATION_ITEM() RATIONAL_B_SPLINE_CURVE((1.,0.5,1.,0.5,
1.,0.5,1.)) REPRESENTATION_ITEM('') );
#1721 = CARTESIAN_POINT('',(44.5,107.));
#1722 = CARTESIAN_POINT('',(44.5,104.40192378864));
#1723 = CARTESIAN_POINT('',(42.25,105.70096189432));
#1724 = CARTESIAN_POINT('',(40.,107.));
#1725 = CARTESIAN_POINT('',(42.25,108.29903810567));
#1726 = CARTESIAN_POINT('',(44.5,109.59807621135));
#1727 = CARTESIAN_POINT('',(44.5,107.));
#1728 = ( GEOMETRIC_REPRESENTATION_CONTEXT(2) 
PARAMETRIC_REPRESENTATION_CONTEXT() REPRESENTATION_CONTEXT('2D SPACE',''
  ) );
#1729 = PCURVE('',#466,#1730);
#1730 = DEFINITIONAL_REPRESENTATION('',(#1731),#1735);
#1731 = LINE('',#1732,#1733);
#1732 = CARTESIAN_POINT('',(-6.28318530718,-1.));
#1733 = VECTOR('',#1734,1.);
#1734 = DIRECTION('',(1.,-0.));
#1735 = ( GEOMETRIC_REPRESENTATION_CONTEXT(2) 
PARAMETRIC_REPRESENTATION_CONTEXT() REPRESENTATION_CONTEXT('2D SPACE',''
  ) );
#1736 = FACE_BOUND('',#1737,.F.);
#1737 = EDGE_LOOP('',(#1738));
#1738 = ORIENTED_EDGE('',*,*,#1739,.T.);
#1739 = EDGE_CURVE('',#1740,#1740,#1742,.T.);
#1740 = VERTEX_POINT('',#1741);
#1741 = CARTESIAN_POINT('',(-140.3,-10.,13.));
#1742 = SURFACE_CURVE('',#1743,(#1748,#1759),.PCURVE_S1.);
#1743 = CIRCLE('',#1744,1.7);
#1744 = AXIS2_PLACEMENT_3D('',#1745,#1746,#1747);
#1745 = CARTESIAN_POINT('',(-142.,-10.,13.));
#1746 = DIRECTION('',(0.,0.,-1.));
#1747 = DIRECTION('',(1.,0.,0.));
#1748 = PCURVE('',#100,#1749);
#1749 = DEFINITIONAL_REPRESENTATION('',(#1750),#1758);
#1750 = ( BOUNDED_CURVE() B_SPLINE_CURVE(2,(#1751,#1752,#1753,#1754,
#1755,#1756,#1757),.UNSPECIFIED.,.T.,.F.) B_SPLINE_CURVE_WITH_KNOTS((1,2
    ,2,2,2,1),(-2.094395102393,0.,2.094395102393,4.188790204786,
6.28318530718,8.377580409573),.UNSPECIFIED.) CURVE() 
GEOMETRIC_REPRESENTATION_ITEM() RATIONAL_B_SPLINE_CURVE((1.,0.5,1.,0.5,
1.,0.5,1.)) REPRESENTATION_ITEM('') );
#1751 = CARTESIAN_POINT('',(9.7,150.));
#1752 = CARTESIAN_POINT('',(9.7,147.05551362713));
#1753 = CARTESIAN_POINT('',(7.15,148.52775681356));
#1754 = CARTESIAN_POINT('',(4.6,150.));
#1755 = CARTESIAN_POINT('',(7.15,151.47224318643));
#1756 = CARTESIAN_POINT('',(9.7,152.94448637286));
#1757 = CARTESIAN_POINT('',(9.7,150.));
#1758 = ( GEOMETRIC_REPRESENTATION_CONTEXT(2) 
PARAMETRIC_REPRESENTATION_CONTEXT() REPRESENTATION_CONTEXT('2D SPACE',''
  ) );
#1759 = PCURVE('',#501,#1760);
#1760 = DEFINITIONAL_REPRESENTATION('',(#1761),#1765);
#1761 = LINE('',#1762,#1763);
#1762 = CARTESIAN_POINT('',(-6.28318530718,-1.));
#1763 = VECTOR('',#1764,1.);
#1764 = DIRECTION('',(1.,-0.));
#1765 = ( GEOMETRIC_REPRESENTATION_CONTEXT(2) 
PARAMETRIC_REPRESENTATION_CONTEXT() REPRESENTATION_CONTEXT('2D SPACE',''
  ) );
#1766 = FACE_BOUND('',#1767,.F.);
#1767 = EDGE_LOOP('',(#1768));
#1768 = ORIENTED_EDGE('',*,*,#1769,.T.);
#1769 = EDGE_CURVE('',#1770,#1770,#1772,.T.);
#1770 = VERTEX_POINT('',#1771);
#1771 = CARTESIAN_POINT('',(-109.,-20.,13.));
#1772 = SURFACE_CURVE('',#1773,(#1778,#1789),.PCURVE_S1.);
#1773 = CIRCLE('',#1774,3.);
#1774 = AXIS2_PLACEMENT_3D('',#1775,#1776,#1777);
#1775 = CARTESIAN_POINT('',(-112.,-20.,13.));
#1776 = DIRECTION('',(0.,0.,-1.));
#1777 = DIRECTION('',(1.,0.,0.));
#1778 = PCURVE('',#100,#1779);
#1779 = DEFINITIONAL_REPRESENTATION('',(#1780),#1788);
#1780 = ( BOUNDED_CURVE() B_SPLINE_CURVE(2,(#1781,#1782,#1783,#1784,
#1785,#1786,#1787),.UNSPECIFIED.,.T.,.F.) B_SPLINE_CURVE_WITH_KNOTS((1,2
    ,2,2,2,1),(-2.094395102393,0.,2.094395102393,4.188790204786,
6.28318530718,8.377580409573),.UNSPECIFIED.) CURVE() 
GEOMETRIC_REPRESENTATION_ITEM() RATIONAL_B_SPLINE_CURVE((1.,0.5,1.,0.5,
1.,0.5,1.)) REPRESENTATION_ITEM('') );
#1781 = CARTESIAN_POINT('',(41.,140.));
#1782 = CARTESIAN_POINT('',(41.,134.80384757729));
#1783 = CARTESIAN_POINT('',(36.5,137.40192378864));
#1784 = CARTESIAN_POINT('',(32.,140.));
#1785 = CARTESIAN_POINT('',(36.5,142.59807621135));
#1786 = CARTESIAN_POINT('',(41.,145.1961524227));
#1787 = CARTESIAN_POINT('',(41.,140.));
#1788 = ( GEOMETRIC_REPRESENTATION_CONTEXT(2) 
PARAMETRIC_REPRESENTATION_CONTEXT() REPRESENTATION_CONTEXT('2D SPACE',''
  ) );
#1789 = PCURVE('',#536,#1790);
#1790 = DEFINITIONAL_REPRESENTATION('',(#1791),#1795);
#1791 = LINE('',#1792,#1793);
#1792 = CARTESIAN_POINT('',(-6.28318530718,-1.));
#1793 = VECTOR('',#1794,1.);
#1794 = DIRECTION('',(1.,-0.));
#1795 = ( GEOMETRIC_REPRESENTATION_CONTEXT(2) 
PARAMETRIC_REPRESENTATION_CONTEXT() REPRESENTATION_CONTEXT('2D SPACE',''
  ) );
#1796 = FACE_BOUND('',#1797,.F.);
#1797 = EDGE_LOOP('',(#1798));
#1798 = ORIENTED_EDGE('',*,*,#1799,.T.);
#1799 = EDGE_CURVE('',#1800,#1800,#1802,.T.);
#1800 = VERTEX_POINT('',#1801);
#1801 = CARTESIAN_POINT('',(89.7,-152.,13.));
#1802 = SURFACE_CURVE('',#1803,(#1808,#1819),.PCURVE_S1.);
#1803 = CIRCLE('',#1804,1.7);
#1804 = AXIS2_PLACEMENT_3D('',#1805,#1806,#1807);
#1805 = CARTESIAN_POINT('',(88.,-152.,13.));
#1806 = DIRECTION('',(0.,0.,-1.));
#1807 = DIRECTION('',(1.,0.,0.));
#1808 = PCURVE('',#100,#1809);
#1809 = DEFINITIONAL_REPRESENTATION('',(#1810),#1818);
#1810 = ( BOUNDED_CURVE() B_SPLINE_CURVE(2,(#1811,#1812,#1813,#1814,
#1815,#1816,#1817),.UNSPECIFIED.,.T.,.F.) B_SPLINE_CURVE_WITH_KNOTS((1,2
    ,2,2,2,1),(-2.094395102393,0.,2.094395102393,4.188790204786,
6.28318530718,8.377580409573),.UNSPECIFIED.) CURVE() 
GEOMETRIC_REPRESENTATION_ITEM() RATIONAL_B_SPLINE_CURVE((1.,0.5,1.,0.5,
1.,0.5,1.)) REPRESENTATION_ITEM('') );
#1811 = CARTESIAN_POINT('',(239.7,8.));
#1812 = CARTESIAN_POINT('',(239.7,5.055513627133));
#1813 = CARTESIAN_POINT('',(237.15,6.527756813566));
#1814 = CARTESIAN_POINT('',(234.6,8.));
#1815 = CARTESIAN_POINT('',(237.15,9.472243186434));
#1816 = CARTESIAN_POINT('',(239.7,10.944486372867));
#1817 = CARTESIAN_POINT('',(239.7,8.));
#1818 = ( GEOMETRIC_REPRESENTATION_CONTEXT(2) 
PARAMETRIC_REPRESENTATION_CONTEXT() REPRESENTATION_CONTEXT('2D SPACE',''
  ) );
#1819 = PCURVE('',#571,#1820);
#1820 = DEFINITIONAL_REPRESENTATION('',(#1821),#1825);
#1821 = LINE('',#1822,#1823);
#1822 = CARTESIAN_POINT('',(-6.28318530718,-1.));
#1823 = VECTOR('',#1824,1.);
#1824 = DIRECTION('',(1.,-0.));
#1825 = ( GEOMETRIC_REPRESENTATION_CONTEXT(2) 
PARAMETRIC_REPRESENTATION_CONTEXT() REPRESENTATION_CONTEXT('2D SPACE',''
  ) );
#1826 = FACE_BOUND('',#1827,.F.);
#1827 = EDGE_LOOP('',(#1828));
#1828 = ORIENTED_EDGE('',*,*,#1829,.T.);
#1829 = EDGE_CURVE('',#1830,#1830,#1832,.T.);
#1830 = VERTEX_POINT('',#1831);
#1831 = CARTESIAN_POINT('',(135.,-142.,13.));
#1832 = SURFACE_CURVE('',#1833,(#1838,#1849),.PCURVE_S1.);
#1833 = CIRCLE('',#1834,3.);
#1834 = AXIS2_PLACEMENT_3D('',#1835,#1836,#1837);
#1835 = CARTESIAN_POINT('',(132.,-142.,13.));
#1836 = DIRECTION('',(0.,0.,-1.));
#1837 = DIRECTION('',(1.,0.,0.));
#1838 = PCURVE('',#100,#1839);
#1839 = DEFINITIONAL_REPRESENTATION('',(#1840),#1848);
#1840 = ( BOUNDED_CURVE() B_SPLINE_CURVE(2,(#1841,#1842,#1843,#1844,
#1845,#1846,#1847),.UNSPECIFIED.,.T.,.F.) B_SPLINE_CURVE_WITH_KNOTS((1,2
    ,2,2,2,1),(-2.094395102393,0.,2.094395102393,4.188790204786,
6.28318530718,8.377580409573),.UNSPECIFIED.) CURVE() 
GEOMETRIC_REPRESENTATION_ITEM() RATIONAL_B_SPLINE_CURVE((1.,0.5,1.,0.5,
1.,0.5,1.)) REPRESENTATION_ITEM('') );
#1841 = CARTESIAN_POINT('',(285.,18.));
#1842 = CARTESIAN_POINT('',(285.,12.803847577293));
#1843 = CARTESIAN_POINT('',(280.5,15.401923788647));
#1844 = CARTESIAN_POINT('',(276.,18.));
#1845 = CARTESIAN_POINT('',(280.5,20.598076211353));
#1846 = CARTESIAN_POINT('',(285.,23.196152422707));
#1847 = CARTESIAN_POINT('',(285.,18.));
#1848 = ( GEOMETRIC_REPRESENTATION_CONTEXT(2) 
PARAMETRIC_REPRESENTATION_CONTEXT() REPRESENTATION_CONTEXT('2D SPACE',''
  ) );
#1849 = PCURVE('',#606,#1850);
#1850 = DEFINITIONAL_REPRESENTATION('',(#1851),#1855);
#1851 = LINE('',#1852,#1853);
#1852 = CARTESIAN_POINT('',(-6.28318530718,-1.));
#1853 = VECTOR('',#1854,1.);
#1854 = DIRECTION('',(1.,-0.));
#1855 = ( GEOMETRIC_REPRESENTATION_CONTEXT(2) 
PARAMETRIC_REPRESENTATION_CONTEXT() REPRESENTATION_CONTEXT('2D SPACE',''
  ) );
#1856 = FACE_BOUND('',#1857,.F.);
#1857 = EDGE_LOOP('',(#1858));
#1858 = ORIENTED_EDGE('',*,*,#1859,.T.);
#1859 = EDGE_CURVE('',#1860,#1860,#1862,.T.);
#1860 = VERTEX_POINT('',#1861);
#1861 = CARTESIAN_POINT('',(143.7,-118.,13.));
#1862 = SURFACE_CURVE('',#1863,(#1868,#1879),.PCURVE_S1.);
#1863 = CIRCLE('',#1864,1.7);
#1864 = AXIS2_PLACEMENT_3D('',#1865,#1866,#1867);
#1865 = CARTESIAN_POINT('',(142.,-118.,13.));
#1866 = DIRECTION('',(0.,0.,-1.));
#1867 = DIRECTION('',(1.,0.,0.));
#1868 = PCURVE('',#100,#1869);
#1869 = DEFINITIONAL_REPRESENTATION('',(#1870),#1878);
#1870 = ( BOUNDED_CURVE() B_SPLINE_CURVE(2,(#1871,#1872,#1873,#1874,
#1875,#1876,#1877),.UNSPECIFIED.,.T.,.F.) B_SPLINE_CURVE_WITH_KNOTS((1,2
    ,2,2,2,1),(-2.094395102393,0.,2.094395102393,4.188790204786,
6.28318530718,8.377580409573),.UNSPECIFIED.) CURVE() 
GEOMETRIC_REPRESENTATION_ITEM() RATIONAL_B_SPLINE_CURVE((1.,0.5,1.,0.5,
1.,0.5,1.)) REPRESENTATION_ITEM('') );
#1871 = CARTESIAN_POINT('',(293.7,42.));
#1872 = CARTESIAN_POINT('',(293.7,39.055513627133));
#1873 = CARTESIAN_POINT('',(291.15,40.527756813566));
#1874 = CARTESIAN_POINT('',(288.6,42.));
#1875 = CARTESIAN_POINT('',(291.15,43.472243186434));
#1876 = CARTESIAN_POINT('',(293.7,44.944486372867));
#1877 = CARTESIAN_POINT('',(293.7,42.));
#1878 = ( GEOMETRIC_REPRESENTATION_CONTEXT(2) 
PARAMETRIC_REPRESENTATION_CONTEXT() REPRESENTATION_CONTEXT('2D SPACE',''
  ) );
#1879 = PCURVE('',#641,#1880);
#1880 = DEFINITIONAL_REPRESENTATION('',(#1881),#1885);
#1881 = LINE('',#1882,#1883);
#1882 = CARTESIAN_POINT('',(-6.28318530718,-1.));
#1883 = VECTOR('',#1884,1.);
#1884 = DIRECTION('',(1.,-0.));
#1885 = ( GEOMETRIC_REPRESENTATION_CONTEXT(2) 
PARAMETRIC_REPRESENTATION_CONTEXT() REPRESENTATION_CONTEXT('2D SPACE',''
  ) );
#1886 = FACE_BOUND('',#1887,.F.);
#1887 = EDGE_LOOP('',(#1888));
#1888 = ORIENTED_EDGE('',*,*,#1889,.T.);
#1889 = EDGE_CURVE('',#1890,#1890,#1892,.T.);
#1890 = VERTEX_POINT('',#1891);
#1891 = CARTESIAN_POINT('',(27.5,-53.,13.));
#1892 = SURFACE_CURVE('',#1893,(#1898,#1909),.PCURVE_S1.);
#1893 = CIRCLE('',#1894,1.5);
#1894 = AXIS2_PLACEMENT_3D('',#1895,#1896,#1897);
#1895 = CARTESIAN_POINT('',(26.,-53.,13.));
#1896 = DIRECTION('',(0.,0.,-1.));
#1897 = DIRECTION('',(1.,0.,0.));
#1898 = PCURVE('',#100,#1899);
#1899 = DEFINITIONAL_REPRESENTATION('',(#1900),#1908);
#1900 = ( BOUNDED_CURVE() B_SPLINE_CURVE(2,(#1901,#1902,#1903,#1904,
#1905,#1906,#1907),.UNSPECIFIED.,.T.,.F.) B_SPLINE_CURVE_WITH_KNOTS((1,2
    ,2,2,2,1),(-2.094395102393,0.,2.094395102393,4.188790204786,
6.28318530718,8.377580409573),.UNSPECIFIED.) CURVE() 
GEOMETRIC_REPRESENTATION_ITEM() RATIONAL_B_SPLINE_CURVE((1.,0.5,1.,0.5,
1.,0.5,1.)) REPRESENTATION_ITEM('') );
#1901 = CARTESIAN_POINT('',(177.5,107.));
#1902 = CARTESIAN_POINT('',(177.5,104.40192378864));
#1903 = CARTESIAN_POINT('',(175.25,105.70096189432));
#1904 = CARTESIAN_POINT('',(173.,107.));
#1905 = CARTESIAN_POINT('',(175.25,108.29903810567));
#1906 = CARTESIAN_POINT('',(177.5,109.59807621135));
#1907 = CARTESIAN_POINT('',(177.5,107.));
#1908 = ( GEOMETRIC_REPRESENTATION_CONTEXT(2) 
PARAMETRIC_REPRESENTATION_CONTEXT() REPRESENTATION_CONTEXT('2D SPACE',''
  ) );
#1909 = PCURVE('',#676,#1910);
#1910 = DEFINITIONAL_REPRESENTATION('',(#1911),#1915);
#1911 = LINE('',#1912,#1913);
#1912 = CARTESIAN_POINT('',(-6.28318530718,-1.));
#1913 = VECTOR('',#1914,1.);
#1914 = DIRECTION('',(1.,-0.));
#1915 = ( GEOMETRIC_REPRESENTATION_CONTEXT(2) 
PARAMETRIC_REPRESENTATION_CONTEXT() REPRESENTATION_CONTEXT('2D SPACE',''
  ) );
#1916 = FACE_BOUND('',#1917,.F.);
#1917 = EDGE_LOOP('',(#1918));
#1918 = ORIENTED_EDGE('',*,*,#1919,.T.);
#1919 = EDGE_CURVE('',#1920,#1920,#1922,.T.);
#1920 = VERTEX_POINT('',#1921);
#1921 = CARTESIAN_POINT('',(127.5,-28.,13.));
#1922 = SURFACE_CURVE('',#1923,(#1928,#1939),.PCURVE_S1.);
#1923 = CIRCLE('',#1924,1.5);
#1924 = AXIS2_PLACEMENT_3D('',#1925,#1926,#1927);
#1925 = CARTESIAN_POINT('',(126.,-28.,13.));
#1926 = DIRECTION('',(0.,0.,-1.));
#1927 = DIRECTION('',(1.,0.,0.));
#1928 = PCURVE('',#100,#1929);
#1929 = DEFINITIONAL_REPRESENTATION('',(#1930),#1938);
#1930 = ( BOUNDED_CURVE() B_SPLINE_CURVE(2,(#1931,#1932,#1933,#1934,
#1935,#1936,#1937),.UNSPECIFIED.,.T.,.F.) B_SPLINE_CURVE_WITH_KNOTS((1,2
    ,2,2,2,1),(-2.094395102393,0.,2.094395102393,4.188790204786,
6.28318530718,8.377580409573),.UNSPECIFIED.) CURVE() 
GEOMETRIC_REPRESENTATION_ITEM() RATIONAL_B_SPLINE_CURVE((1.,0.5,1.,0.5,
1.,0.5,1.)) REPRESENTATION_ITEM('') );
#1931 = CARTESIAN_POINT('',(277.5,132.));
#1932 = CARTESIAN_POINT('',(277.5,129.40192378864));
#1933 = CARTESIAN_POINT('',(275.25,130.70096189432));
#1934 = CARTESIAN_POINT('',(273.,132.));
#1935 = CARTESIAN_POINT('',(275.25,133.29903810567));
#1936 = CARTESIAN_POINT('',(277.5,134.59807621135));
#1937 = CARTESIAN_POINT('',(277.5,132.));
#1938 = ( GEOMETRIC_REPRESENTATION_CONTEXT(2) 
PARAMETRIC_REPRESENTATION_CONTEXT() REPRESENTATION_CONTEXT('2D SPACE',''
  ) );
#1939 = PCURVE('',#711,#1940);
#1940 = DEFINITIONAL_REPRESENTATION('',(#1941),#1945);
#1941 = LINE('',#1942,#1943);
#1942 = CARTESIAN_POINT('',(-6.28318530718,-1.));
#1943 = VECTOR('',#1944,1.);
#1944 = DIRECTION('',(1.,-0.));
#1945 = ( GEOMETRIC_REPRESENTATION_CONTEXT(2) 
PARAMETRIC_REPRESENTATION_CONTEXT() REPRESENTATION_CONTEXT('2D SPACE',''
  ) );
#1946 = FACE_BOUND('',#1947,.F.);
#1947 = EDGE_LOOP('',(#1948));
#1948 = ORIENTED_EDGE('',*,*,#1949,.T.);
#1949 = EDGE_CURVE('',#1950,#1950,#1952,.T.);
#1950 = VERTEX_POINT('',#1951);
#1951 = CARTESIAN_POINT('',(139.5,-28.,13.));
#1952 = SURFACE_CURVE('',#1953,(#1958,#1969),.PCURVE_S1.);
#1953 = CIRCLE('',#1954,1.5);
#1954 = AXIS2_PLACEMENT_3D('',#1955,#1956,#1957);
#1955 = CARTESIAN_POINT('',(138.,-28.,13.));
#1956 = DIRECTION('',(0.,0.,-1.));
#1957 = DIRECTION('',(1.,0.,0.));
#1958 = PCURVE('',#100,#1959);
#1959 = DEFINITIONAL_REPRESENTATION('',(#1960),#1968);
#1960 = ( BOUNDED_CURVE() B_SPLINE_CURVE(2,(#1961,#1962,#1963,#1964,
#1965,#1966,#1967),.UNSPECIFIED.,.T.,.F.) B_SPLINE_CURVE_WITH_KNOTS((1,2
    ,2,2,2,1),(-2.094395102393,0.,2.094395102393,4.188790204786,
6.28318530718,8.377580409573),.UNSPECIFIED.) CURVE() 
GEOMETRIC_REPRESENTATION_ITEM() RATIONAL_B_SPLINE_CURVE((1.,0.5,1.,0.5,
1.,0.5,1.)) REPRESENTATION_ITEM('') );
#1961 = CARTESIAN_POINT('',(289.5,132.));
#1962 = CARTESIAN_POINT('',(289.5,129.40192378864));
#1963 = CARTESIAN_POINT('',(287.25,130.70096189432));
#1964 = CARTESIAN_POINT('',(285.,132.));
#1965 = CARTESIAN_POINT('',(287.25,133.29903810567));
#1966 = CARTESIAN_POINT('',(289.5,134.59807621135));
#1967 = CARTESIAN_POINT('',(289.5,132.));
#1968 = ( GEOMETRIC_REPRESENTATION_CONTEXT(2) 
PARAMETRIC_REPRESENTATION_CONTEXT() REPRESENTATION_CONTEXT('2D SPACE',''
  ) );
#1969 = PCURVE('',#746,#1970);
#1970 = DEFINITIONAL_REPRESENTATION('',(#1971),#1975);
#1971 = LINE('',#1972,#1973);
#1972 = CARTESIAN_POINT('',(-6.28318530718,-1.));
#1973 = VECTOR('',#1974,1.);
#1974 = DIRECTION('',(1.,-0.));
#1975 = ( GEOMETRIC_REPRESENTATION_CONTEXT(2) 
PARAMETRIC_REPRESENTATION_CONTEXT() REPRESENTATION_CONTEXT('2D SPACE',''
  ) );
#1976 = FACE_BOUND('',#1977,.F.);
#1977 = EDGE_LOOP('',(#1978));
#1978 = ORIENTED_EDGE('',*,*,#1979,.T.);
#1979 = EDGE_CURVE('',#1980,#1980,#1982,.T.);
#1980 = VERTEX_POINT('',#1981);
#1981 = CARTESIAN_POINT('',(115.,-20.,13.));
#1982 = SURFACE_CURVE('',#1983,(#1988,#1999),.PCURVE_S1.);
#1983 = CIRCLE('',#1984,3.);
#1984 = AXIS2_PLACEMENT_3D('',#1985,#1986,#1987);
#1985 = CARTESIAN_POINT('',(112.,-20.,13.));
#1986 = DIRECTION('',(0.,0.,-1.));
#1987 = DIRECTION('',(1.,0.,0.));
#1988 = PCURVE('',#100,#1989);
#1989 = DEFINITIONAL_REPRESENTATION('',(#1990),#1998);
#1990 = ( BOUNDED_CURVE() B_SPLINE_CURVE(2,(#1991,#1992,#1993,#1994,
#1995,#1996,#1997),.UNSPECIFIED.,.T.,.F.) B_SPLINE_CURVE_WITH_KNOTS((1,2
    ,2,2,2,1),(-2.094395102393,0.,2.094395102393,4.188790204786,
6.28318530718,8.377580409573),.UNSPECIFIED.) CURVE() 
GEOMETRIC_REPRESENTATION_ITEM() RATIONAL_B_SPLINE_CURVE((1.,0.5,1.,0.5,
1.,0.5,1.)) REPRESENTATION_ITEM('') );
#1991 = CARTESIAN_POINT('',(265.,140.));
#1992 = CARTESIAN_POINT('',(265.,134.80384757729));
#1993 = CARTESIAN_POINT('',(260.5,137.40192378864));
#1994 = CARTESIAN_POINT('',(256.,140.));
#1995 = CARTESIAN_POINT('',(260.5,142.59807621135));
#1996 = CARTESIAN_POINT('',(265.,145.1961524227));
#1997 = CARTESIAN_POINT('',(265.,140.));
#1998 = ( GEOMETRIC_REPRESENTATION_CONTEXT(2) 
PARAMETRIC_REPRESENTATION_CONTEXT() REPRESENTATION_CONTEXT('2D SPACE',''
  ) );
#1999 = PCURVE('',#781,#2000);
#2000 = DEFINITIONAL_REPRESENTATION('',(#2001),#2005);
#2001 = LINE('',#2002,#2003);
#2002 = CARTESIAN_POINT('',(-6.28318530718,-1.));
#2003 = VECTOR('',#2004,1.);
#2004 = DIRECTION('',(1.,-0.));
#2005 = ( GEOMETRIC_REPRESENTATION_CONTEXT(2) 
PARAMETRIC_REPRESENTATION_CONTEXT() REPRESENTATION_CONTEXT('2D SPACE',''
  ) );
#2006 = FACE_BOUND('',#2007,.F.);
#2007 = EDGE_LOOP('',(#2008));
#2008 = ORIENTED_EDGE('',*,*,#2009,.T.);
#2009 = EDGE_CURVE('',#2010,#2010,#2012,.T.);
#2010 = VERTEX_POINT('',#2011);
#2011 = CARTESIAN_POINT('',(143.7,-10.,13.));
#2012 = SURFACE_CURVE('',#2013,(#2018,#2029),.PCURVE_S1.);
#2013 = CIRCLE('',#2014,1.7);
#2014 = AXIS2_PLACEMENT_3D('',#2015,#2016,#2017);
#2015 = CARTESIAN_POINT('',(142.,-10.,13.));
#2016 = DIRECTION('',(0.,0.,-1.));
#2017 = DIRECTION('',(1.,0.,0.));
#2018 = PCURVE('',#100,#2019);
#2019 = DEFINITIONAL_REPRESENTATION('',(#2020),#2028);
#2020 = ( BOUNDED_CURVE() B_SPLINE_CURVE(2,(#2021,#2022,#2023,#2024,
#2025,#2026,#2027),.UNSPECIFIED.,.T.,.F.) B_SPLINE_CURVE_WITH_KNOTS((1,2
    ,2,2,2,1),(-2.094395102393,0.,2.094395102393,4.188790204786,
6.28318530718,8.377580409573),.UNSPECIFIED.) CURVE() 
GEOMETRIC_REPRESENTATION_ITEM() RATIONAL_B_SPLINE_CURVE((1.,0.5,1.,0.5,
1.,0.5,1.)) REPRESENTATION_ITEM('') );
#2021 = CARTESIAN_POINT('',(293.7,150.));
#2022 = CARTESIAN_POINT('',(293.7,147.05551362713));
#2023 = CARTESIAN_POINT('',(291.15,148.52775681356));
#2024 = CARTESIAN_POINT('',(288.6,150.));
#2025 = CARTESIAN_POINT('',(291.15,151.47224318643));
#2026 = CARTESIAN_POINT('',(293.7,152.94448637286));
#2027 = CARTESIAN_POINT('',(293.7,150.));
#2028 = ( GEOMETRIC_REPRESENTATION_CONTEXT(2) 
PARAMETRIC_REPRESENTATION_CONTEXT() REPRESENTATION_CONTEXT('2D SPACE',''
  ) );
#2029 = PCURVE('',#816,#2030);
#2030 = DEFINITIONAL_REPRESENTATION('',(#2031),#2035);
#2031 = LINE('',#2032,#2033);
#2032 = CARTESIAN_POINT('',(-6.28318530718,-1.));
#2033 = VECTOR('',#2034,1.);
#2034 = DIRECTION('',(1.,-0.));
#2035 = ( GEOMETRIC_REPRESENTATION_CONTEXT(2) 
PARAMETRIC_REPRESENTATION_CONTEXT() REPRESENTATION_CONTEXT('2D SPACE',''
  ) );
#2036 = FACE_BOUND('',#2037,.F.);
#2037 = EDGE_LOOP('',(#2038));
#2038 = ORIENTED_EDGE('',*,*,#2039,.T.);
#2039 = EDGE_CURVE('',#2040,#2040,#2042,.T.);
#2040 = VERTEX_POINT('',#2041);
#2041 = CARTESIAN_POINT('',(-105.5,-3.,13.));
#2042 = SURFACE_CURVE('',#2043,(#2048,#2059),.PCURVE_S1.);
#2043 = CIRCLE('',#2044,1.5);
#2044 = AXIS2_PLACEMENT_3D('',#2045,#2046,#2047);
#2045 = CARTESIAN_POINT('',(-107.,-3.,13.));
#2046 = DIRECTION('',(0.,0.,-1.));
#2047 = DIRECTION('',(1.,0.,0.));
#2048 = PCURVE('',#100,#2049);
#2049 = DEFINITIONAL_REPRESENTATION('',(#2050),#2058);
#2050 = ( BOUNDED_CURVE() B_SPLINE_CURVE(2,(#2051,#2052,#2053,#2054,
#2055,#2056,#2057),.UNSPECIFIED.,.T.,.F.) B_SPLINE_CURVE_WITH_KNOTS((1,2
    ,2,2,2,1),(-2.094395102393,0.,2.094395102393,4.188790204786,
6.28318530718,8.377580409573),.UNSPECIFIED.) CURVE() 
GEOMETRIC_REPRESENTATION_ITEM() RATIONAL_B_SPLINE_CURVE((1.,0.5,1.,0.5,
1.,0.5,1.)) REPRESENTATION_ITEM('') );
#2051 = CARTESIAN_POINT('',(44.5,157.));
#2052 = CARTESIAN_POINT('',(44.5,154.40192378864));
#2053 = CARTESIAN_POINT('',(42.25,155.70096189432));
#2054 = CARTESIAN_POINT('',(40.,157.));
#2055 = CARTESIAN_POINT('',(42.25,158.29903810567));
#2056 = CARTESIAN_POINT('',(44.5,159.59807621135));
#2057 = CARTESIAN_POINT('',(44.5,157.));
#2058 = ( GEOMETRIC_REPRESENTATION_CONTEXT(2) 
PARAMETRIC_REPRESENTATION_CONTEXT() REPRESENTATION_CONTEXT('2D SPACE',''
  ) );
#2059 = PCURVE('',#851,#2060);
#2060 = DEFINITIONAL_REPRESENTATION('',(#2061),#2065);
#2061 = LINE('',#2062,#2063);
#2062 = CARTESIAN_POINT('',(-6.28318530718,-1.));
#2063 = VECTOR('',#2064,1.);
#2064 = DIRECTION('',(1.,-0.));
#2065 = ( GEOMETRIC_REPRESENTATION_CONTEXT(2) 
PARAMETRIC_REPRESENTATION_CONTEXT() REPRESENTATION_CONTEXT('2D SPACE',''
  ) );
#2066 = FACE_BOUND('',#2067,.F.);
#2067 = EDGE_LOOP('',(#2068));
#2068 = ORIENTED_EDGE('',*,*,#2069,.T.);
#2069 = EDGE_CURVE('',#2070,#2070,#2072,.T.);
#2070 = VERTEX_POINT('',#2071);
#2071 = CARTESIAN_POINT('',(-102.8,42.5,13.));
#2072 = SURFACE_CURVE('',#2073,(#2078,#2089),.PCURVE_S1.);
#2073 = CIRCLE('',#2074,3.2);
#2074 = AXIS2_PLACEMENT_3D('',#2075,#2076,#2077);
#2075 = CARTESIAN_POINT('',(-106.,42.5,13.));
#2076 = DIRECTION('',(0.,0.,-1.));
#2077 = DIRECTION('',(1.,0.,0.));
#2078 = PCURVE('',#100,#2079);
#2079 = DEFINITIONAL_REPRESENTATION('',(#2080),#2088);
#2080 = ( BOUNDED_CURVE() B_SPLINE_CURVE(2,(#2081,#2082,#2083,#2084,
#2085,#2086,#2087),.UNSPECIFIED.,.T.,.F.) B_SPLINE_CURVE_WITH_KNOTS((1,2
    ,2,2,2,1),(-2.094395102393,0.,2.094395102393,4.188790204786,
6.28318530718,8.377580409573),.UNSPECIFIED.) CURVE() 
GEOMETRIC_REPRESENTATION_ITEM() RATIONAL_B_SPLINE_CURVE((1.,0.5,1.,0.5,
1.,0.5,1.)) REPRESENTATION_ITEM('') );
#2081 = CARTESIAN_POINT('',(47.2,202.5));
#2082 = CARTESIAN_POINT('',(47.2,196.95743741578));
#2083 = CARTESIAN_POINT('',(42.4,199.72871870789));
#2084 = CARTESIAN_POINT('',(37.6,202.5));
#2085 = CARTESIAN_POINT('',(42.4,205.27128129211));
#2086 = CARTESIAN_POINT('',(47.2,208.04256258422));
#2087 = CARTESIAN_POINT('',(47.2,202.5));
#2088 = ( GEOMETRIC_REPRESENTATION_CONTEXT(2) 
PARAMETRIC_REPRESENTATION_CONTEXT() REPRESENTATION_CONTEXT('2D SPACE',''
  ) );
#2089 = PCURVE('',#886,#2090);
#2090 = DEFINITIONAL_REPRESENTATION('',(#2091),#2095);
#2091 = LINE('',#2092,#2093);
#2092 = CARTESIAN_POINT('',(-6.28318530718,-1.));
#2093 = VECTOR('',#2094,1.);
#2094 = DIRECTION('',(1.,-0.));
#2095 = ( GEOMETRIC_REPRESENTATION_CONTEXT(2) 
PARAMETRIC_REPRESENTATION_CONTEXT() REPRESENTATION_CONTEXT('2D SPACE',''
  ) );
#2096 = FACE_BOUND('',#2097,.F.);
#2097 = EDGE_LOOP('',(#2098));
#2098 = ORIENTED_EDGE('',*,*,#2099,.T.);
#2099 = EDGE_CURVE('',#2100,#2100,#2102,.T.);
#2100 = VERTEX_POINT('',#2101);
#2101 = CARTESIAN_POINT('',(-102.8,57.5,13.));
#2102 = SURFACE_CURVE('',#2103,(#2108,#2119),.PCURVE_S1.);
#2103 = CIRCLE('',#2104,3.2);
#2104 = AXIS2_PLACEMENT_3D('',#2105,#2106,#2107);
#2105 = CARTESIAN_POINT('',(-106.,57.5,13.));
#2106 = DIRECTION('',(0.,0.,-1.));
#2107 = DIRECTION('',(1.,0.,0.));
#2108 = PCURVE('',#100,#2109);
#2109 = DEFINITIONAL_REPRESENTATION('',(#2110),#2118);
#2110 = ( BOUNDED_CURVE() B_SPLINE_CURVE(2,(#2111,#2112,#2113,#2114,
#2115,#2116,#2117),.UNSPECIFIED.,.T.,.F.) B_SPLINE_CURVE_WITH_KNOTS((1,2
    ,2,2,2,1),(-2.094395102393,0.,2.094395102393,4.188790204786,
6.28318530718,8.377580409573),.UNSPECIFIED.) CURVE() 
GEOMETRIC_REPRESENTATION_ITEM() RATIONAL_B_SPLINE_CURVE((1.,0.5,1.,0.5,
1.,0.5,1.)) REPRESENTATION_ITEM('') );
#2111 = CARTESIAN_POINT('',(47.2,217.5));
#2112 = CARTESIAN_POINT('',(47.2,211.95743741578));
#2113 = CARTESIAN_POINT('',(42.4,214.72871870789));
#2114 = CARTESIAN_POINT('',(37.6,217.5));
#2115 = CARTESIAN_POINT('',(42.4,220.27128129211));
#2116 = CARTESIAN_POINT('',(47.2,223.04256258422));
#2117 = CARTESIAN_POINT('',(47.2,217.5));
#2118 = ( GEOMETRIC_REPRESENTATION_CONTEXT(2) 
PARAMETRIC_REPRESENTATION_CONTEXT() REPRESENTATION_CONTEXT('2D SPACE',''
  ) );
#2119 = PCURVE('',#921,#2120);
#2120 = DEFINITIONAL_REPRESENTATION('',(#2121),#2125);
#2121 = LINE('',#2122,#2123);
#2122 = CARTESIAN_POINT('',(-6.28318530718,-1.));
#2123 = VECTOR('',#2124,1.);
#2124 = DIRECTION('',(1.,-0.));
#2125 = ( GEOMETRIC_REPRESENTATION_CONTEXT(2) 
PARAMETRIC_REPRESENTATION_CONTEXT() REPRESENTATION_CONTEXT('2D SPACE',''
  ) );
#2126 = FACE_BOUND('',#2127,.F.);
#2127 = EDGE_LOOP('',(#2128));
#2128 = ORIENTED_EDGE('',*,*,#2129,.T.);
#2129 = EDGE_CURVE('',#2130,#2130,#2132,.T.);
#2130 = VERTEX_POINT('',#2131);
#2131 = CARTESIAN_POINT('',(-140.3,105.,13.));
#2132 = SURFACE_CURVE('',#2133,(#2138,#2149),.PCURVE_S1.);
#2133 = CIRCLE('',#2134,1.7);
#2134 = AXIS2_PLACEMENT_3D('',#2135,#2136,#2137);
#2135 = CARTESIAN_POINT('',(-142.,105.,13.));
#2136 = DIRECTION('',(0.,0.,-1.));
#2137 = DIRECTION('',(1.,0.,0.));
#2138 = PCURVE('',#100,#2139);
#2139 = DEFINITIONAL_REPRESENTATION('',(#2140),#2148);
#2140 = ( BOUNDED_CURVE() B_SPLINE_CURVE(2,(#2141,#2142,#2143,#2144,
#2145,#2146,#2147),.UNSPECIFIED.,.T.,.F.) B_SPLINE_CURVE_WITH_KNOTS((1,2
    ,2,2,2,1),(-2.094395102393,0.,2.094395102393,4.188790204786,
6.28318530718,8.377580409573),.UNSPECIFIED.) CURVE() 
GEOMETRIC_REPRESENTATION_ITEM() RATIONAL_B_SPLINE_CURVE((1.,0.5,1.,0.5,
1.,0.5,1.)) REPRESENTATION_ITEM('') );
#2141 = CARTESIAN_POINT('',(9.7,265.));
#2142 = CARTESIAN_POINT('',(9.7,262.05551362713));
#2143 = CARTESIAN_POINT('',(7.15,263.52775681356));
#2144 = CARTESIAN_POINT('',(4.6,265.));
#2145 = CARTESIAN_POINT('',(7.15,266.47224318643));
#2146 = CARTESIAN_POINT('',(9.7,267.94448637286));
#2147 = CARTESIAN_POINT('',(9.7,265.));
#2148 = ( GEOMETRIC_REPRESENTATION_CONTEXT(2) 
PARAMETRIC_REPRESENTATION_CONTEXT() REPRESENTATION_CONTEXT('2D SPACE',''
  ) );
#2149 = PCURVE('',#956,#2150);
#2150 = DEFINITIONAL_REPRESENTATION('',(#2151),#2155);
#2151 = LINE('',#2152,#2153);
#2152 = CARTESIAN_POINT('',(-6.28318530718,-1.));
#2153 = VECTOR('',#2154,1.);
#2154 = DIRECTION('',(1.,-0.));
#2155 = ( GEOMETRIC_REPRESENTATION_CONTEXT(2) 
PARAMETRIC_REPRESENTATION_CONTEXT() REPRESENTATION_CONTEXT('2D SPACE',''
  ) );
#2156 = FACE_BOUND('',#2157,.F.);
#2157 = EDGE_LOOP('',(#2158));
#2158 = ORIENTED_EDGE('',*,*,#2159,.T.);
#2159 = EDGE_CURVE('',#2160,#2160,#2162,.T.);
#2160 = VERTEX_POINT('',#2161);
#2161 = CARTESIAN_POINT('',(-109.,120.,13.));
#2162 = SURFACE_CURVE('',#2163,(#2168,#2179),.PCURVE_S1.);
#2163 = CIRCLE('',#2164,3.);
#2164 = AXIS2_PLACEMENT_3D('',#2165,#2166,#2167);
#2165 = CARTESIAN_POINT('',(-112.,120.,13.));
#2166 = DIRECTION('',(0.,0.,-1.));
#2167 = DIRECTION('',(1.,0.,0.));
#2168 = PCURVE('',#100,#2169);
#2169 = DEFINITIONAL_REPRESENTATION('',(#2170),#2178);
#2170 = ( BOUNDED_CURVE() B_SPLINE_CURVE(2,(#2171,#2172,#2173,#2174,
#2175,#2176,#2177),.UNSPECIFIED.,.T.,.F.) B_SPLINE_CURVE_WITH_KNOTS((1,2
    ,2,2,2,1),(-2.094395102393,0.,2.094395102393,4.188790204786,
6.28318530718,8.377580409573),.UNSPECIFIED.) CURVE() 
GEOMETRIC_REPRESENTATION_ITEM() RATIONAL_B_SPLINE_CURVE((1.,0.5,1.,0.5,
1.,0.5,1.)) REPRESENTATION_ITEM('') );
#2171 = CARTESIAN_POINT('',(41.,280.));
#2172 = CARTESIAN_POINT('',(41.,274.80384757729));
#2173 = CARTESIAN_POINT('',(36.5,277.40192378864));
#2174 = CARTESIAN_POINT('',(32.,280.));
#2175 = CARTESIAN_POINT('',(36.5,282.59807621135));
#2176 = CARTESIAN_POINT('',(41.,285.1961524227));
#2177 = CARTESIAN_POINT('',(41.,280.));
#2178 = ( GEOMETRIC_REPRESENTATION_CONTEXT(2) 
PARAMETRIC_REPRESENTATION_CONTEXT() REPRESENTATION_CONTEXT('2D SPACE',''
  ) );
#2179 = PCURVE('',#991,#2180);
#2180 = DEFINITIONAL_REPRESENTATION('',(#2181),#2185);
#2181 = LINE('',#2182,#2183);
#2182 = CARTESIAN_POINT('',(-6.28318530718,-1.));
#2183 = VECTOR('',#2184,1.);
#2184 = DIRECTION('',(1.,-0.));
#2185 = ( GEOMETRIC_REPRESENTATION_CONTEXT(2) 
PARAMETRIC_REPRESENTATION_CONTEXT() REPRESENTATION_CONTEXT('2D SPACE',''
  ) );
#2186 = FACE_BOUND('',#2187,.F.);
#2187 = EDGE_LOOP('',(#2188));
#2188 = ORIENTED_EDGE('',*,*,#2189,.T.);
#2189 = EDGE_CURVE('',#2190,#2190,#2192,.T.);
#2190 = VERTEX_POINT('',#2191);
#2191 = CARTESIAN_POINT('',(-129.,142.,13.));
#2192 = SURFACE_CURVE('',#2193,(#2198,#2209),.PCURVE_S1.);
#2193 = CIRCLE('',#2194,3.);
#2194 = AXIS2_PLACEMENT_3D('',#2195,#2196,#2197);
#2195 = CARTESIAN_POINT('',(-132.,142.,13.));
#2196 = DIRECTION('',(0.,0.,-1.));
#2197 = DIRECTION('',(1.,0.,0.));
#2198 = PCURVE('',#100,#2199);
#2199 = DEFINITIONAL_REPRESENTATION('',(#2200),#2208);
#2200 = ( BOUNDED_CURVE() B_SPLINE_CURVE(2,(#2201,#2202,#2203,#2204,
#2205,#2206,#2207),.UNSPECIFIED.,.T.,.F.) B_SPLINE_CURVE_WITH_KNOTS((1,2
    ,2,2,2,1),(-2.094395102393,0.,2.094395102393,4.188790204786,
6.28318530718,8.377580409573),.UNSPECIFIED.) CURVE() 
GEOMETRIC_REPRESENTATION_ITEM() RATIONAL_B_SPLINE_CURVE((1.,0.5,1.,0.5,
1.,0.5,1.)) REPRESENTATION_ITEM('') );
#2201 = CARTESIAN_POINT('',(21.,302.));
#2202 = CARTESIAN_POINT('',(21.,296.80384757729));
#2203 = CARTESIAN_POINT('',(16.5,299.40192378864));
#2204 = CARTESIAN_POINT('',(12.,302.));
#2205 = CARTESIAN_POINT('',(16.5,304.59807621135));
#2206 = CARTESIAN_POINT('',(21.,307.1961524227));
#2207 = CARTESIAN_POINT('',(21.,302.));
#2208 = ( GEOMETRIC_REPRESENTATION_CONTEXT(2) 
PARAMETRIC_REPRESENTATION_CONTEXT() REPRESENTATION_CONTEXT('2D SPACE',''
  ) );
#2209 = PCURVE('',#1026,#2210);
#2210 = DEFINITIONAL_REPRESENTATION('',(#2211),#2215);
#2211 = LINE('',#2212,#2213);
#2212 = CARTESIAN_POINT('',(-6.28318530718,-1.));
#2213 = VECTOR('',#2214,1.);
#2214 = DIRECTION('',(1.,-0.));
#2215 = ( GEOMETRIC_REPRESENTATION_CONTEXT(2) 
PARAMETRIC_REPRESENTATION_CONTEXT() REPRESENTATION_CONTEXT('2D SPACE',''
  ) );
#2216 = FACE_BOUND('',#2217,.F.);
#2217 = EDGE_LOOP('',(#2218));
#2218 = ORIENTED_EDGE('',*,*,#2219,.T.);
#2219 = EDGE_CURVE('',#2220,#2220,#2222,.T.);
#2220 = VERTEX_POINT('',#2221);
#2221 = CARTESIAN_POINT('',(27.5,-3.,13.));
#2222 = SURFACE_CURVE('',#2223,(#2228,#2239),.PCURVE_S1.);
#2223 = CIRCLE('',#2224,1.5);
#2224 = AXIS2_PLACEMENT_3D('',#2225,#2226,#2227);
#2225 = CARTESIAN_POINT('',(26.,-3.,13.));
#2226 = DIRECTION('',(0.,0.,-1.));
#2227 = DIRECTION('',(1.,0.,0.));
#2228 = PCURVE('',#100,#2229);
#2229 = DEFINITIONAL_REPRESENTATION('',(#2230),#2238);
#2230 = ( BOUNDED_CURVE() B_SPLINE_CURVE(2,(#2231,#2232,#2233,#2234,
#2235,#2236,#2237),.UNSPECIFIED.,.T.,.F.) B_SPLINE_CURVE_WITH_KNOTS((1,2
    ,2,2,2,1),(-2.094395102393,0.,2.094395102393,4.188790204786,
6.28318530718,8.377580409573),.UNSPECIFIED.) CURVE() 
GEOMETRIC_REPRESENTATION_ITEM() RATIONAL_B_SPLINE_CURVE((1.,0.5,1.,0.5,
1.,0.5,1.)) REPRESENTATION_ITEM('') );
#2231 = CARTESIAN_POINT('',(177.5,157.));
#2232 = CARTESIAN_POINT('',(177.5,154.40192378864));
#2233 = CARTESIAN_POINT('',(175.25,155.70096189432));
#2234 = CARTESIAN_POINT('',(173.,157.));
#2235 = CARTESIAN_POINT('',(175.25,158.29903810567));
#2236 = CARTESIAN_POINT('',(177.5,159.59807621135));
#2237 = CARTESIAN_POINT('',(177.5,157.));
#2238 = ( GEOMETRIC_REPRESENTATION_CONTEXT(2) 
PARAMETRIC_REPRESENTATION_CONTEXT() REPRESENTATION_CONTEXT('2D SPACE',''
  ) );
#2239 = PCURVE('',#1061,#2240);
#2240 = DEFINITIONAL_REPRESENTATION('',(#2241),#2245);
#2241 = LINE('',#2242,#2243);
#2242 = CARTESIAN_POINT('',(-6.28318530718,-1.));
#2243 = VECTOR('',#2244,1.);
#2244 = DIRECTION('',(1.,-0.));
#2245 = ( GEOMETRIC_REPRESENTATION_CONTEXT(2) 
PARAMETRIC_REPRESENTATION_CONTEXT() REPRESENTATION_CONTEXT('2D SPACE',''
  ) );
#2246 = FACE_BOUND('',#2247,.F.);
#2247 = EDGE_LOOP('',(#2248));
#2248 = ORIENTED_EDGE('',*,*,#2249,.T.);
#2249 = EDGE_CURVE('',#2250,#2250,#2252,.T.);
#2250 = VERTEX_POINT('',#2251);
#2251 = CARTESIAN_POINT('',(17.5,18.,13.));
#2252 = SURFACE_CURVE('',#2253,(#2258,#2269),.PCURVE_S1.);
#2253 = CIRCLE('',#2254,1.5);
#2254 = AXIS2_PLACEMENT_3D('',#2255,#2256,#2257);
#2255 = CARTESIAN_POINT('',(16.,18.,13.));
#2256 = DIRECTION('',(0.,0.,-1.));
#2257 = DIRECTION('',(1.,0.,0.));
#2258 = PCURVE('',#100,#2259);
#2259 = DEFINITIONAL_REPRESENTATION('',(#2260),#2268);
#2260 = ( BOUNDED_CURVE() B_SPLINE_CURVE(2,(#2261,#2262,#2263,#2264,
#2265,#2266,#2267),.UNSPECIFIED.,.T.,.F.) B_SPLINE_CURVE_WITH_KNOTS((1,2
    ,2,2,2,1),(-2.094395102393,0.,2.094395102393,4.188790204786,
6.28318530718,8.377580409573),.UNSPECIFIED.) CURVE() 
GEOMETRIC_REPRESENTATION_ITEM() RATIONAL_B_SPLINE_CURVE((1.,0.5,1.,0.5,
1.,0.5,1.)) REPRESENTATION_ITEM('') );
#2261 = CARTESIAN_POINT('',(167.5,178.));
#2262 = CARTESIAN_POINT('',(167.5,175.40192378864));
#2263 = CARTESIAN_POINT('',(165.25,176.70096189432));
#2264 = CARTESIAN_POINT('',(163.,178.));
#2265 = CARTESIAN_POINT('',(165.25,179.29903810567));
#2266 = CARTESIAN_POINT('',(167.5,180.59807621135));
#2267 = CARTESIAN_POINT('',(167.5,178.));
#2268 = ( GEOMETRIC_REPRESENTATION_CONTEXT(2) 
PARAMETRIC_REPRESENTATION_CONTEXT() REPRESENTATION_CONTEXT('2D SPACE',''
  ) );
#2269 = PCURVE('',#1096,#2270);
#2270 = DEFINITIONAL_REPRESENTATION('',(#2271),#2275);
#2271 = LINE('',#2272,#2273);
#2272 = CARTESIAN_POINT('',(-6.28318530718,-1.));
#2273 = VECTOR('',#2274,1.);
#2274 = DIRECTION('',(1.,-0.));
#2275 = ( GEOMETRIC_REPRESENTATION_CONTEXT(2) 
PARAMETRIC_REPRESENTATION_CONTEXT() REPRESENTATION_CONTEXT('2D SPACE',''
  ) );
#2276 = FACE_BOUND('',#2277,.F.);
#2277 = EDGE_LOOP('',(#2278));
#2278 = ORIENTED_EDGE('',*,*,#2279,.T.);
#2279 = EDGE_CURVE('',#2280,#2280,#2282,.T.);
#2280 = VERTEX_POINT('',#2281);
#2281 = CARTESIAN_POINT('',(29.5,18.,13.));
#2282 = SURFACE_CURVE('',#2283,(#2288,#2299),.PCURVE_S1.);
#2283 = CIRCLE('',#2284,1.5);
#2284 = AXIS2_PLACEMENT_3D('',#2285,#2286,#2287);
#2285 = CARTESIAN_POINT('',(28.,18.,13.));
#2286 = DIRECTION('',(0.,0.,-1.));
#2287 = DIRECTION('',(1.,0.,0.));
#2288 = PCURVE('',#100,#2289);
#2289 = DEFINITIONAL_REPRESENTATION('',(#2290),#2298);
#2290 = ( BOUNDED_CURVE() B_SPLINE_CURVE(2,(#2291,#2292,#2293,#2294,
#2295,#2296,#2297),.UNSPECIFIED.,.T.,.F.) B_SPLINE_CURVE_WITH_KNOTS((1,2
    ,2,2,2,1),(-2.094395102393,0.,2.094395102393,4.188790204786,
6.28318530718,8.377580409573),.UNSPECIFIED.) CURVE() 
GEOMETRIC_REPRESENTATION_ITEM() RATIONAL_B_SPLINE_CURVE((1.,0.5,1.,0.5,
1.,0.5,1.)) REPRESENTATION_ITEM('') );
#2291 = CARTESIAN_POINT('',(179.5,178.));
#2292 = CARTESIAN_POINT('',(179.5,175.40192378864));
#2293 = CARTESIAN_POINT('',(177.25,176.70096189432));
#2294 = CARTESIAN_POINT('',(175.,178.));
#2295 = CARTESIAN_POINT('',(177.25,179.29903810567));
#2296 = CARTESIAN_POINT('',(179.5,180.59807621135));
#2297 = CARTESIAN_POINT('',(179.5,178.));
#2298 = ( GEOMETRIC_REPRESENTATION_CONTEXT(2) 
PARAMETRIC_REPRESENTATION_CONTEXT() REPRESENTATION_CONTEXT('2D SPACE',''
  ) );
#2299 = PCURVE('',#1131,#2300);
#2300 = DEFINITIONAL_REPRESENTATION('',(#2301),#2305);
#2301 = LINE('',#2302,#2303);
#2302 = CARTESIAN_POINT('',(-6.28318530718,-1.));
#2303 = VECTOR('',#2304,1.);
#2304 = DIRECTION('',(1.,-0.));
#2305 = ( GEOMETRIC_REPRESENTATION_CONTEXT(2) 
PARAMETRIC_REPRESENTATION_CONTEXT() REPRESENTATION_CONTEXT('2D SPACE',''
  ) );
#2306 = FACE_BOUND('',#2307,.F.);
#2307 = EDGE_LOOP('',(#2308));
#2308 = ORIENTED_EDGE('',*,*,#2309,.T.);
#2309 = EDGE_CURVE('',#2310,#2310,#2312,.T.);
#2310 = VERTEX_POINT('',#2311);
#2311 = CARTESIAN_POINT('',(46.5,22.,13.));
#2312 = SURFACE_CURVE('',#2313,(#2318,#2329),.PCURVE_S1.);
#2313 = CIRCLE('',#2314,1.5);
#2314 = AXIS2_PLACEMENT_3D('',#2315,#2316,#2317);
#2315 = CARTESIAN_POINT('',(45.,22.,13.));
#2316 = DIRECTION('',(0.,0.,-1.));
#2317 = DIRECTION('',(1.,0.,0.));
#2318 = PCURVE('',#100,#2319);
#2319 = DEFINITIONAL_REPRESENTATION('',(#2320),#2328);
#2320 = ( BOUNDED_CURVE() B_SPLINE_CURVE(2,(#2321,#2322,#2323,#2324,
#2325,#2326,#2327),.UNSPECIFIED.,.T.,.F.) B_SPLINE_CURVE_WITH_KNOTS((1,2
    ,2,2,2,1),(-2.094395102393,0.,2.094395102393,4.188790204786,
6.28318530718,8.377580409573),.UNSPECIFIED.) CURVE() 
GEOMETRIC_REPRESENTATION_ITEM() RATIONAL_B_SPLINE_CURVE((1.,0.5,1.,0.5,
1.,0.5,1.)) REPRESENTATION_ITEM('') );
#2321 = CARTESIAN_POINT('',(196.5,182.));
#2322 = CARTESIAN_POINT('',(196.5,179.40192378864));
#2323 = CARTESIAN_POINT('',(194.25,180.70096189432));
#2324 = CARTESIAN_POINT('',(192.,182.));
#2325 = CARTESIAN_POINT('',(194.25,183.29903810567));
#2326 = CARTESIAN_POINT('',(196.5,184.59807621135));
#2327 = CARTESIAN_POINT('',(196.5,182.));
#2328 = ( GEOMETRIC_REPRESENTATION_CONTEXT(2) 
PARAMETRIC_REPRESENTATION_CONTEXT() REPRESENTATION_CONTEXT('2D SPACE',''
  ) );
#2329 = PCURVE('',#1166,#2330);
#2330 = DEFINITIONAL_REPRESENTATION('',(#2331),#2335);
#2331 = LINE('',#2332,#2333);
#2332 = CARTESIAN_POINT('',(-6.28318530718,-1.));
#2333 = VECTOR('',#2334,1.);
#2334 = DIRECTION('',(1.,-0.));
#2335 = ( GEOMETRIC_REPRESENTATION_CONTEXT(2) 
PARAMETRIC_REPRESENTATION_CONTEXT() REPRESENTATION_CONTEXT('2D SPACE',''
  ) );
#2336 = FACE_BOUND('',#2337,.F.);
#2337 = EDGE_LOOP('',(#2338));
#2338 = ORIENTED_EDGE('',*,*,#2339,.T.);
#2339 = EDGE_CURVE('',#2340,#2340,#2342,.T.);
#2340 = VERTEX_POINT('',#2341);
#2341 = CARTESIAN_POINT('',(119.5,22.,13.));
#2342 = SURFACE_CURVE('',#2343,(#2348,#2359),.PCURVE_S1.);
#2343 = CIRCLE('',#2344,1.5);
#2344 = AXIS2_PLACEMENT_3D('',#2345,#2346,#2347);
#2345 = CARTESIAN_POINT('',(118.,22.,13.));
#2346 = DIRECTION('',(0.,0.,-1.));
#2347 = DIRECTION('',(1.,0.,0.));
#2348 = PCURVE('',#100,#2349);
#2349 = DEFINITIONAL_REPRESENTATION('',(#2350),#2358);
#2350 = ( BOUNDED_CURVE() B_SPLINE_CURVE(2,(#2351,#2352,#2353,#2354,
#2355,#2356,#2357),.UNSPECIFIED.,.T.,.F.) B_SPLINE_CURVE_WITH_KNOTS((1,2
    ,2,2,2,1),(-2.094395102393,0.,2.094395102393,4.188790204786,
6.28318530718,8.377580409573),.UNSPECIFIED.) CURVE() 
GEOMETRIC_REPRESENTATION_ITEM() RATIONAL_B_SPLINE_CURVE((1.,0.5,1.,0.5,
1.,0.5,1.)) REPRESENTATION_ITEM('') );
#2351 = CARTESIAN_POINT('',(269.5,182.));
#2352 = CARTESIAN_POINT('',(269.5,179.40192378864));
#2353 = CARTESIAN_POINT('',(267.25,180.70096189432));
#2354 = CARTESIAN_POINT('',(265.,182.));
#2355 = CARTESIAN_POINT('',(267.25,183.29903810567));
#2356 = CARTESIAN_POINT('',(269.5,184.59807621135));
#2357 = CARTESIAN_POINT('',(269.5,182.));
#2358 = ( GEOMETRIC_REPRESENTATION_CONTEXT(2) 
PARAMETRIC_REPRESENTATION_CONTEXT() REPRESENTATION_CONTEXT('2D SPACE',''
  ) );
#2359 = PCURVE('',#1201,#2360);
#2360 = DEFINITIONAL_REPRESENTATION('',(#2361),#2365);
#2361 = LINE('',#2362,#2363);
#2362 = CARTESIAN_POINT('',(-6.28318530718,-1.));
#2363 = VECTOR('',#2364,1.);
#2364 = DIRECTION('',(1.,-0.));
#2365 = ( GEOMETRIC_REPRESENTATION_CONTEXT(2) 
PARAMETRIC_REPRESENTATION_CONTEXT() REPRESENTATION_CONTEXT('2D SPACE',''
  ) );
#2366 = FACE_BOUND('',#2367,.F.);
#2367 = EDGE_LOOP('',(#2368));
#2368 = ORIENTED_EDGE('',*,*,#2369,.T.);
#2369 = EDGE_CURVE('',#2370,#2370,#2372,.T.);
#2370 = VERTEX_POINT('',#2371);
#2371 = CARTESIAN_POINT('',(46.5,88.,13.));
#2372 = SURFACE_CURVE('',#2373,(#2378,#2389),.PCURVE_S1.);
#2373 = CIRCLE('',#2374,1.5);
#2374 = AXIS2_PLACEMENT_3D('',#2375,#2376,#2377);
#2375 = CARTESIAN_POINT('',(45.,88.,13.));
#2376 = DIRECTION('',(0.,0.,-1.));
#2377 = DIRECTION('',(1.,0.,0.));
#2378 = PCURVE('',#100,#2379);
#2379 = DEFINITIONAL_REPRESENTATION('',(#2380),#2388);
#2380 = ( BOUNDED_CURVE() B_SPLINE_CURVE(2,(#2381,#2382,#2383,#2384,
#2385,#2386,#2387),.UNSPECIFIED.,.T.,.F.) B_SPLINE_CURVE_WITH_KNOTS((1,2
    ,2,2,2,1),(-2.094395102393,0.,2.094395102393,4.188790204786,
6.28318530718,8.377580409573),.UNSPECIFIED.) CURVE() 
GEOMETRIC_REPRESENTATION_ITEM() RATIONAL_B_SPLINE_CURVE((1.,0.5,1.,0.5,
1.,0.5,1.)) REPRESENTATION_ITEM('') );
#2381 = CARTESIAN_POINT('',(196.5,248.));
#2382 = CARTESIAN_POINT('',(196.5,245.40192378864));
#2383 = CARTESIAN_POINT('',(194.25,246.70096189432));
#2384 = CARTESIAN_POINT('',(192.,248.));
#2385 = CARTESIAN_POINT('',(194.25,249.29903810567));
#2386 = CARTESIAN_POINT('',(196.5,250.59807621135));
#2387 = CARTESIAN_POINT('',(196.5,248.));
#2388 = ( GEOMETRIC_REPRESENTATION_CONTEXT(2) 
PARAMETRIC_REPRESENTATION_CONTEXT() REPRESENTATION_CONTEXT('2D SPACE',''
  ) );
#2389 = PCURVE('',#1236,#2390);
#2390 = DEFINITIONAL_REPRESENTATION('',(#2391),#2395);
#2391 = LINE('',#2392,#2393);
#2392 = CARTESIAN_POINT('',(-6.28318530718,-1.));
#2393 = VECTOR('',#2394,1.);
#2394 = DIRECTION('',(1.,-0.));
#2395 = ( GEOMETRIC_REPRESENTATION_CONTEXT(2) 
PARAMETRIC_REPRESENTATION_CONTEXT() REPRESENTATION_CONTEXT('2D SPACE',''
  ) );
#2396 = FACE_BOUND('',#2397,.F.);
#2397 = EDGE_LOOP('',(#2398));
#2398 = ORIENTED_EDGE('',*,*,#2399,.T.);
#2399 = EDGE_CURVE('',#2400,#2400,#2402,.T.);
#2400 = VERTEX_POINT('',#2401);
#2401 = CARTESIAN_POINT('',(119.5,88.,13.));
#2402 = SURFACE_CURVE('',#2403,(#2408,#2419),.PCURVE_S1.);
#2403 = CIRCLE('',#2404,1.5);
#2404 = AXIS2_PLACEMENT_3D('',#2405,#2406,#2407);
#2405 = CARTESIAN_POINT('',(118.,88.,13.));
#2406 = DIRECTION('',(0.,0.,-1.));
#2407 = DIRECTION('',(1.,0.,0.));
#2408 = PCURVE('',#100,#2409);
#2409 = DEFINITIONAL_REPRESENTATION('',(#2410),#2418);
#2410 = ( BOUNDED_CURVE() B_SPLINE_CURVE(2,(#2411,#2412,#2413,#2414,
#2415,#2416,#2417),.UNSPECIFIED.,.T.,.F.) B_SPLINE_CURVE_WITH_KNOTS((1,2
    ,2,2,2,1),(-2.094395102393,0.,2.094395102393,4.188790204786,
6.28318530718,8.377580409573),.UNSPECIFIED.) CURVE() 
GEOMETRIC_REPRESENTATION_ITEM() RATIONAL_B_SPLINE_CURVE((1.,0.5,1.,0.5,
1.,0.5,1.)) REPRESENTATION_ITEM('') );
#2411 = CARTESIAN_POINT('',(269.5,248.));
#2412 = CARTESIAN_POINT('',(269.5,245.40192378864));
#2413 = CARTESIAN_POINT('',(267.25,246.70096189432));
#2414 = CARTESIAN_POINT('',(265.,248.));
#2415 = CARTESIAN_POINT('',(267.25,249.29903810567));
#2416 = CARTESIAN_POINT('',(269.5,250.59807621135));
#2417 = CARTESIAN_POINT('',(269.5,248.));
#2418 = ( GEOMETRIC_REPRESENTATION_CONTEXT(2) 
PARAMETRIC_REPRESENTATION_CONTEXT() REPRESENTATION_CONTEXT('2D SPACE',''
  ) );
#2419 = PCURVE('',#1271,#2420);
#2420 = DEFINITIONAL_REPRESENTATION('',(#2421),#2425);
#2421 = LINE('',#2422,#2423);
#2422 = CARTESIAN_POINT('',(-6.28318530718,-1.));
#2423 = VECTOR('',#2424,1.);
#2424 = DIRECTION('',(1.,-0.));
#2425 = ( GEOMETRIC_REPRESENTATION_CONTEXT(2) 
PARAMETRIC_REPRESENTATION_CONTEXT() REPRESENTATION_CONTEXT('2D SPACE',''
  ) );
#2426 = FACE_BOUND('',#2427,.F.);
#2427 = EDGE_LOOP('',(#2428));
#2428 = ORIENTED_EDGE('',*,*,#2429,.T.);
#2429 = EDGE_CURVE('',#2430,#2430,#2432,.T.);
#2430 = VERTEX_POINT('',#2431);
#2431 = CARTESIAN_POINT('',(143.7,105.,13.));
#2432 = SURFACE_CURVE('',#2433,(#2438,#2449),.PCURVE_S1.);
#2433 = CIRCLE('',#2434,1.7);
#2434 = AXIS2_PLACEMENT_3D('',#2435,#2436,#2437);
#2435 = CARTESIAN_POINT('',(142.,105.,13.));
#2436 = DIRECTION('',(0.,0.,-1.));
#2437 = DIRECTION('',(1.,0.,0.));
#2438 = PCURVE('',#100,#2439);
#2439 = DEFINITIONAL_REPRESENTATION('',(#2440),#2448);
#2440 = ( BOUNDED_CURVE() B_SPLINE_CURVE(2,(#2441,#2442,#2443,#2444,
#2445,#2446,#2447),.UNSPECIFIED.,.T.,.F.) B_SPLINE_CURVE_WITH_KNOTS((1,2
    ,2,2,2,1),(-2.094395102393,0.,2.094395102393,4.188790204786,
6.28318530718,8.377580409573),.UNSPECIFIED.) CURVE() 
GEOMETRIC_REPRESENTATION_ITEM() RATIONAL_B_SPLINE_CURVE((1.,0.5,1.,0.5,
1.,0.5,1.)) REPRESENTATION_ITEM('') );
#2441 = CARTESIAN_POINT('',(293.7,265.));
#2442 = CARTESIAN_POINT('',(293.7,262.05551362713));
#2443 = CARTESIAN_POINT('',(291.15,263.52775681356));
#2444 = CARTESIAN_POINT('',(288.6,265.));
#2445 = CARTESIAN_POINT('',(291.15,266.47224318643));
#2446 = CARTESIAN_POINT('',(293.7,267.94448637286));
#2447 = CARTESIAN_POINT('',(293.7,265.));
#2448 = ( GEOMETRIC_REPRESENTATION_CONTEXT(2) 
PARAMETRIC_REPRESENTATION_CONTEXT() REPRESENTATION_CONTEXT('2D SPACE',''
  ) );
#2449 = PCURVE('',#1306,#2450);
#2450 = DEFINITIONAL_REPRESENTATION('',(#2451),#2455);
#2451 = LINE('',#2452,#2453);
#2452 = CARTESIAN_POINT('',(-6.28318530718,-1.));
#2453 = VECTOR('',#2454,1.);
#2454 = DIRECTION('',(1.,-0.));
#2455 = ( GEOMETRIC_REPRESENTATION_CONTEXT(2) 
PARAMETRIC_REPRESENTATION_CONTEXT() REPRESENTATION_CONTEXT('2D SPACE',''
  ) );
#2456 = FACE_BOUND('',#2457,.F.);
#2457 = EDGE_LOOP('',(#2458));
#2458 = ORIENTED_EDGE('',*,*,#2459,.T.);
#2459 = EDGE_CURVE('',#2460,#2460,#2462,.T.);
#2460 = VERTEX_POINT('',#2461);
#2461 = CARTESIAN_POINT('',(115.,120.,13.));
#2462 = SURFACE_CURVE('',#2463,(#2468,#2479),.PCURVE_S1.);
#2463 = CIRCLE('',#2464,3.);
#2464 = AXIS2_PLACEMENT_3D('',#2465,#2466,#2467);
#2465 = CARTESIAN_POINT('',(112.,120.,13.));
#2466 = DIRECTION('',(0.,0.,-1.));
#2467 = DIRECTION('',(1.,0.,0.));
#2468 = PCURVE('',#100,#2469);
#2469 = DEFINITIONAL_REPRESENTATION('',(#2470),#2478);
#2470 = ( BOUNDED_CURVE() B_SPLINE_CURVE(2,(#2471,#2472,#2473,#2474,
#2475,#2476,#2477),.UNSPECIFIED.,.T.,.F.) B_SPLINE_CURVE_WITH_KNOTS((1,2
    ,2,2,2,1),(-2.094395102393,0.,2.094395102393,4.188790204786,
6.28318530718,8.377580409573),.UNSPECIFIED.) CURVE() 
GEOMETRIC_REPRESENTATION_ITEM() RATIONAL_B_SPLINE_CURVE((1.,0.5,1.,0.5,
1.,0.5,1.)) REPRESENTATION_ITEM('') );
#2471 = CARTESIAN_POINT('',(265.,280.));
#2472 = CARTESIAN_POINT('',(265.,274.80384757729));
#2473 = CARTESIAN_POINT('',(260.5,277.40192378864));
#2474 = CARTESIAN_POINT('',(256.,280.));
#2475 = CARTESIAN_POINT('',(260.5,282.59807621135));
#2476 = CARTESIAN_POINT('',(265.,285.1961524227));
#2477 = CARTESIAN_POINT('',(265.,280.));
#2478 = ( GEOMETRIC_REPRESENTATION_CONTEXT(2) 
PARAMETRIC_REPRESENTATION_CONTEXT() REPRESENTATION_CONTEXT('2D SPACE',''
  ) );
#2479 = PCURVE('',#1341,#2480);
#2480 = DEFINITIONAL_REPRESENTATION('',(#2481),#2485);
#2481 = LINE('',#2482,#2483);
#2482 = CARTESIAN_POINT('',(-6.28318530718,-1.));
#2483 = VECTOR('',#2484,1.);
#2484 = DIRECTION('',(1.,-0.));
#2485 = ( GEOMETRIC_REPRESENTATION_CONTEXT(2) 
PARAMETRIC_REPRESENTATION_CONTEXT() REPRESENTATION_CONTEXT('2D SPACE',''
  ) );
#2486 = FACE_BOUND('',#2487,.F.);
#2487 = EDGE_LOOP('',(#2488));
#2488 = ORIENTED_EDGE('',*,*,#2489,.T.);
#2489 = EDGE_CURVE('',#2490,#2490,#2492,.T.);
#2490 = VERTEX_POINT('',#2491);
#2491 = CARTESIAN_POINT('',(135.,142.,13.));
#2492 = SURFACE_CURVE('',#2493,(#2498,#2509),.PCURVE_S1.);
#2493 = CIRCLE('',#2494,3.);
#2494 = AXIS2_PLACEMENT_3D('',#2495,#2496,#2497);
#2495 = CARTESIAN_POINT('',(132.,142.,13.));
#2496 = DIRECTION('',(0.,0.,-1.));
#2497 = DIRECTION('',(1.,0.,0.));
#2498 = PCURVE('',#100,#2499);
#2499 = DEFINITIONAL_REPRESENTATION('',(#2500),#2508);
#2500 = ( BOUNDED_CURVE() B_SPLINE_CURVE(2,(#2501,#2502,#2503,#2504,
#2505,#2506,#2507),.UNSPECIFIED.,.T.,.F.) B_SPLINE_CURVE_WITH_KNOTS((1,2
    ,2,2,2,1),(-2.094395102393,0.,2.094395102393,4.188790204786,
6.28318530718,8.377580409573),.UNSPECIFIED.) CURVE() 
GEOMETRIC_REPRESENTATION_ITEM() RATIONAL_B_SPLINE_CURVE((1.,0.5,1.,0.5,
1.,0.5,1.)) REPRESENTATION_ITEM('') );
#2501 = CARTESIAN_POINT('',(285.,302.));
#2502 = CARTESIAN_POINT('',(285.,296.80384757729));
#2503 = CARTESIAN_POINT('',(280.5,299.40192378864));
#2504 = CARTESIAN_POINT('',(276.,302.));
#2505 = CARTESIAN_POINT('',(280.5,304.59807621135));
#2506 = CARTESIAN_POINT('',(285.,307.1961524227));
#2507 = CARTESIAN_POINT('',(285.,302.));
#2508 = ( GEOMETRIC_REPRESENTATION_CONTEXT(2) 
PARAMETRIC_REPRESENTATION_CONTEXT() REPRESENTATION_CONTEXT('2D SPACE',''
  ) );
#2509 = PCURVE('',#1376,#2510);
#2510 = DEFINITIONAL_REPRESENTATION('',(#2511),#2515);
#2511 = LINE('',#2512,#2513);
#2512 = CARTESIAN_POINT('',(-6.28318530718,-1.));
#2513 = VECTOR('',#2514,1.);
#2514 = DIRECTION('',(1.,-0.));
#2515 = ( GEOMETRIC_REPRESENTATION_CONTEXT(2) 
PARAMETRIC_REPRESENTATION_CONTEXT() REPRESENTATION_CONTEXT('2D SPACE',''
  ) );
#2516 = ADVANCED_FACE('',(#2517),#182,.F.);
#2517 = FACE_BOUND('',#2518,.F.);
#2518 = EDGE_LOOP('',(#2519,#2520,#2521,#2522));
#2519 = ORIENTED_EDGE('',*,*,#1497,.F.);
#2520 = ORIENTED_EDGE('',*,*,#1415,.T.);
#2521 = ORIENTED_EDGE('',*,*,#166,.T.);
#2522 = ORIENTED_EDGE('',*,*,#2523,.F.);
#2523 = EDGE_CURVE('',#1498,#167,#2524,.T.);
#2524 = SURFACE_CURVE('',#2525,(#2529,#2536),.PCURVE_S1.);
#2525 = LINE('',#2526,#2527);
#2526 = CARTESIAN_POINT('',(132.,-160.,13.));
#2527 = VECTOR('',#2528,1.);
#2528 = DIRECTION('',(0.,0.,1.));
#2529 = PCURVE('',#182,#2530);
#2530 = DEFINITIONAL_REPRESENTATION('',(#2531),#2535);
#2531 = LINE('',#2532,#2533);
#2532 = CARTESIAN_POINT('',(0.,282.));
#2533 = VECTOR('',#2534,1.);
#2534 = DIRECTION('',(1.,0.));
#2535 = ( GEOMETRIC_REPRESENTATION_CONTEXT(2) 
PARAMETRIC_REPRESENTATION_CONTEXT() REPRESENTATION_CONTEXT('2D SPACE',''
  ) );
#2536 = PCURVE('',#215,#2537);
#2537 = DEFINITIONAL_REPRESENTATION('',(#2538),#2542);
#2538 = LINE('',#2539,#2540);
#2539 = CARTESIAN_POINT('',(-1.570796326795,0.));
#2540 = VECTOR('',#2541,1.);
#2541 = DIRECTION('',(-0.,1.));
#2542 = ( GEOMETRIC_REPRESENTATION_CONTEXT(2) 
PARAMETRIC_REPRESENTATION_CONTEXT() REPRESENTATION_CONTEXT('2D SPACE',''
  ) );
#2543 = ADVANCED_FACE('',(#2544),#300,.T.);
#2544 = FACE_BOUND('',#2545,.T.);
#2545 = EDGE_LOOP('',(#2546,#2547,#2548,#2549));
#2546 = ORIENTED_EDGE('',*,*,#1595,.F.);
#2547 = ORIENTED_EDGE('',*,*,#1469,.T.);
#2548 = ORIENTED_EDGE('',*,*,#284,.T.);
#2549 = ORIENTED_EDGE('',*,*,#2550,.F.);
#2550 = EDGE_CURVE('',#1572,#256,#2551,.T.);
#2551 = SURFACE_CURVE('',#2552,(#2556,#2563),.PCURVE_S1.);
#2552 = LINE('',#2553,#2554);
#2553 = CARTESIAN_POINT('',(132.,160.,13.));
#2554 = VECTOR('',#2555,1.);
#2555 = DIRECTION('',(0.,0.,1.));
#2556 = PCURVE('',#300,#2557);
#2557 = DEFINITIONAL_REPRESENTATION('',(#2558),#2562);
#2558 = LINE('',#2559,#2560);
#2559 = CARTESIAN_POINT('',(0.,282.));
#2560 = VECTOR('',#2561,1.);
#2561 = DIRECTION('',(1.,0.));
#2562 = ( GEOMETRIC_REPRESENTATION_CONTEXT(2) 
PARAMETRIC_REPRESENTATION_CONTEXT() REPRESENTATION_CONTEXT('2D SPACE',''
  ) );
#2563 = PCURVE('',#272,#2564);
#2564 = DEFINITIONAL_REPRESENTATION('',(#2565),#2569);
#2565 = LINE('',#2566,#2567);
#2566 = CARTESIAN_POINT('',(1.570796326795,0.));
#2567 = VECTOR('',#2568,1.);
#2568 = DIRECTION('',(0.,1.));
#2569 = ( GEOMETRIC_REPRESENTATION_CONTEXT(2) 
PARAMETRIC_REPRESENTATION_CONTEXT() REPRESENTATION_CONTEXT('2D SPACE',''
  ) );
#2570 = ADVANCED_FACE('',(#2571),#215,.T.);
#2571 = FACE_BOUND('',#2572,.F.);
#2572 = EDGE_LOOP('',(#2573,#2574,#2575,#2576));
#2573 = ORIENTED_EDGE('',*,*,#1520,.T.);
#2574 = ORIENTED_EDGE('',*,*,#2523,.T.);
#2575 = ORIENTED_EDGE('',*,*,#194,.F.);
#2576 = ORIENTED_EDGE('',*,*,#2577,.F.);
#2577 = EDGE_CURVE('',#1521,#195,#2578,.T.);
#2578 = SURFACE_CURVE('',#2579,(#2583,#2590),.PCURVE_S1.);
#2579 = LINE('',#2580,#2581);
#2580 = CARTESIAN_POINT('',(150.,-142.,13.));
#2581 = VECTOR('',#2582,1.);
#2582 = DIRECTION('',(0.,0.,1.));
#2583 = PCURVE('',#215,#2584);
#2584 = DEFINITIONAL_REPRESENTATION('',(#2585),#2589);
#2585 = LINE('',#2586,#2587);
#2586 = CARTESIAN_POINT('',(-0.,0.));
#2587 = VECTOR('',#2588,1.);
#2588 = DIRECTION('',(-0.,1.));
#2589 = ( GEOMETRIC_REPRESENTATION_CONTEXT(2) 
PARAMETRIC_REPRESENTATION_CONTEXT() REPRESENTATION_CONTEXT('2D SPACE',''
  ) );
#2590 = PCURVE('',#243,#2591);
#2591 = DEFINITIONAL_REPRESENTATION('',(#2592),#2596);
#2592 = LINE('',#2593,#2594);
#2593 = CARTESIAN_POINT('',(0.,-18.));
#2594 = VECTOR('',#2595,1.);
#2595 = DIRECTION('',(1.,0.));
#2596 = ( GEOMETRIC_REPRESENTATION_CONTEXT(2) 
PARAMETRIC_REPRESENTATION_CONTEXT() REPRESENTATION_CONTEXT('2D SPACE',''
  ) );
#2597 = ADVANCED_FACE('',(#2598),#272,.T.);
#2598 = FACE_BOUND('',#2599,.T.);
#2599 = EDGE_LOOP('',(#2600,#2601,#2602,#2603));
#2600 = ORIENTED_EDGE('',*,*,#1571,.T.);
#2601 = ORIENTED_EDGE('',*,*,#2550,.T.);
#2602 = ORIENTED_EDGE('',*,*,#255,.F.);
#2603 = ORIENTED_EDGE('',*,*,#2604,.F.);
#2604 = EDGE_CURVE('',#1549,#228,#2605,.T.);
#2605 = SURFACE_CURVE('',#2606,(#2610,#2617),.PCURVE_S1.);
#2606 = LINE('',#2607,#2608);
#2607 = CARTESIAN_POINT('',(150.,142.,13.));
#2608 = VECTOR('',#2609,1.);
#2609 = DIRECTION('',(0.,0.,1.));
#2610 = PCURVE('',#272,#2611);
#2611 = DEFINITIONAL_REPRESENTATION('',(#2612),#2616);
#2612 = LINE('',#2613,#2614);
#2613 = CARTESIAN_POINT('',(0.,0.));
#2614 = VECTOR('',#2615,1.);
#2615 = DIRECTION('',(0.,1.));
#2616 = ( GEOMETRIC_REPRESENTATION_CONTEXT(2) 
PARAMETRIC_REPRESENTATION_CONTEXT() REPRESENTATION_CONTEXT('2D SPACE',''
  ) );
#2617 = PCURVE('',#243,#2618);
#2618 = DEFINITIONAL_REPRESENTATION('',(#2619),#2623);
#2619 = LINE('',#2620,#2621);
#2620 = CARTESIAN_POINT('',(0.,-302.));
#2621 = VECTOR('',#2622,1.);
#2622 = DIRECTION('',(1.,0.));
#2623 = ( GEOMETRIC_REPRESENTATION_CONTEXT(2) 
PARAMETRIC_REPRESENTATION_CONTEXT() REPRESENTATION_CONTEXT('2D SPACE',''
  ) );
#2624 = ADVANCED_FACE('',(#2625),#243,.T.);
#2625 = FACE_BOUND('',#2626,.T.);
#2626 = EDGE_LOOP('',(#2627,#2628,#2629,#2630));
#2627 = ORIENTED_EDGE('',*,*,#227,.F.);
#2628 = ORIENTED_EDGE('',*,*,#2577,.F.);
#2629 = ORIENTED_EDGE('',*,*,#1548,.T.);
#2630 = ORIENTED_EDGE('',*,*,#2604,.T.);
#2631 = ADVANCED_FACE('',(#2632),#361,.F.);
#2632 = FACE_BOUND('',#2633,.T.);
#2633 = EDGE_LOOP('',(#2634,#2635,#2656,#2657));
#2634 = ORIENTED_EDGE('',*,*,#1619,.T.);
#2635 = ORIENTED_EDGE('',*,*,#2636,.T.);
#2636 = EDGE_CURVE('',#1620,#341,#2637,.T.);
#2637 = SEAM_CURVE('',#2638,(#2642,#2649),.PCURVE_S1.);
#2638 = LINE('',#2639,#2640);
#2639 = CARTESIAN_POINT('',(-129.,-142.,12.));
#2640 = VECTOR('',#2641,1.);
#2641 = DIRECTION('',(0.,0.,1.));
#2642 = PCURVE('',#361,#2643);
#2643 = DEFINITIONAL_REPRESENTATION('',(#2644),#2648);
#2644 = LINE('',#2645,#2646);
#2645 = CARTESIAN_POINT('',(-6.28318530718,0.));
#2646 = VECTOR('',#2647,1.);
#2647 = DIRECTION('',(-0.,-1.));
#2648 = ( GEOMETRIC_REPRESENTATION_CONTEXT(2) 
PARAMETRIC_REPRESENTATION_CONTEXT() REPRESENTATION_CONTEXT('2D SPACE',''
  ) );
#2649 = PCURVE('',#361,#2650);
#2650 = DEFINITIONAL_REPRESENTATION('',(#2651),#2655);
#2651 = LINE('',#2652,#2653);
#2652 = CARTESIAN_POINT('',(-0.,0.));
#2653 = VECTOR('',#2654,1.);
#2654 = DIRECTION('',(-0.,-1.));
#2655 = ( GEOMETRIC_REPRESENTATION_CONTEXT(2) 
PARAMETRIC_REPRESENTATION_CONTEXT() REPRESENTATION_CONTEXT('2D SPACE',''
  ) );
#2656 = ORIENTED_EDGE('',*,*,#340,.F.);
#2657 = ORIENTED_EDGE('',*,*,#2636,.F.);
#2658 = ADVANCED_FACE('',(#2659),#396,.F.);
#2659 = FACE_BOUND('',#2660,.T.);
#2660 = EDGE_LOOP('',(#2661,#2662,#2683,#2684));
#2661 = ORIENTED_EDGE('',*,*,#1649,.T.);
#2662 = ORIENTED_EDGE('',*,*,#2663,.T.);
#2663 = EDGE_CURVE('',#1650,#376,#2664,.T.);
#2664 = SEAM_CURVE('',#2665,(#2669,#2676),.PCURVE_S1.);
#2665 = LINE('',#2666,#2667);
#2666 = CARTESIAN_POINT('',(-140.3,-118.,12.));
#2667 = VECTOR('',#2668,1.);
#2668 = DIRECTION('',(0.,0.,1.));
#2669 = PCURVE('',#396,#2670);
#2670 = DEFINITIONAL_REPRESENTATION('',(#2671),#2675);
#2671 = LINE('',#2672,#2673);
#2672 = CARTESIAN_POINT('',(-6.28318530718,0.));
#2673 = VECTOR('',#2674,1.);
#2674 = DIRECTION('',(-0.,-1.));
#2675 = ( GEOMETRIC_REPRESENTATION_CONTEXT(2) 
PARAMETRIC_REPRESENTATION_CONTEXT() REPRESENTATION_CONTEXT('2D SPACE',''
  ) );
#2676 = PCURVE('',#396,#2677);
#2677 = DEFINITIONAL_REPRESENTATION('',(#2678),#2682);
#2678 = LINE('',#2679,#2680);
#2679 = CARTESIAN_POINT('',(-0.,0.));
#2680 = VECTOR('',#2681,1.);
#2681 = DIRECTION('',(-0.,-1.));
#2682 = ( GEOMETRIC_REPRESENTATION_CONTEXT(2) 
PARAMETRIC_REPRESENTATION_CONTEXT() REPRESENTATION_CONTEXT('2D SPACE',''
  ) );
#2683 = ORIENTED_EDGE('',*,*,#375,.F.);
#2684 = ORIENTED_EDGE('',*,*,#2663,.F.);
#2685 = ADVANCED_FACE('',(#2686),#431,.F.);
#2686 = FACE_BOUND('',#2687,.T.);
#2687 = EDGE_LOOP('',(#2688,#2689,#2710,#2711));
#2688 = ORIENTED_EDGE('',*,*,#1679,.T.);
#2689 = ORIENTED_EDGE('',*,*,#2690,.T.);
#2690 = EDGE_CURVE('',#1680,#411,#2691,.T.);
#2691 = SEAM_CURVE('',#2692,(#2696,#2703),.PCURVE_S1.);
#2692 = LINE('',#2693,#2694);
#2693 = CARTESIAN_POINT('',(-86.3,-152.,12.));
#2694 = VECTOR('',#2695,1.);
#2695 = DIRECTION('',(0.,0.,1.));
#2696 = PCURVE('',#431,#2697);
#2697 = DEFINITIONAL_REPRESENTATION('',(#2698),#2702);
#2698 = LINE('',#2699,#2700);
#2699 = CARTESIAN_POINT('',(-6.28318530718,0.));
#2700 = VECTOR('',#2701,1.);
#2701 = DIRECTION('',(-0.,-1.));
#2702 = ( GEOMETRIC_REPRESENTATION_CONTEXT(2) 
PARAMETRIC_REPRESENTATION_CONTEXT() REPRESENTATION_CONTEXT('2D SPACE',''
  ) );
#2703 = PCURVE('',#431,#2704);
#2704 = DEFINITIONAL_REPRESENTATION('',(#2705),#2709);
#2705 = LINE('',#2706,#2707);
#2706 = CARTESIAN_POINT('',(-0.,0.));
#2707 = VECTOR('',#2708,1.);
#2708 = DIRECTION('',(-0.,-1.));
#2709 = ( GEOMETRIC_REPRESENTATION_CONTEXT(2) 
PARAMETRIC_REPRESENTATION_CONTEXT() REPRESENTATION_CONTEXT('2D SPACE',''
  ) );
#2710 = ORIENTED_EDGE('',*,*,#410,.F.);
#2711 = ORIENTED_EDGE('',*,*,#2690,.F.);
#2712 = ADVANCED_FACE('',(#2713),#466,.F.);
#2713 = FACE_BOUND('',#2714,.T.);
#2714 = EDGE_LOOP('',(#2715,#2716,#2737,#2738));
#2715 = ORIENTED_EDGE('',*,*,#1709,.T.);
#2716 = ORIENTED_EDGE('',*,*,#2717,.T.);
#2717 = EDGE_CURVE('',#1710,#446,#2718,.T.);
#2718 = SEAM_CURVE('',#2719,(#2723,#2730),.PCURVE_S1.);
#2719 = LINE('',#2720,#2721);
#2720 = CARTESIAN_POINT('',(-105.5,-53.,12.));
#2721 = VECTOR('',#2722,1.);
#2722 = DIRECTION('',(0.,0.,1.));
#2723 = PCURVE('',#466,#2724);
#2724 = DEFINITIONAL_REPRESENTATION('',(#2725),#2729);
#2725 = LINE('',#2726,#2727);
#2726 = CARTESIAN_POINT('',(-6.28318530718,0.));
#2727 = VECTOR('',#2728,1.);
#2728 = DIRECTION('',(-0.,-1.));
#2729 = ( GEOMETRIC_REPRESENTATION_CONTEXT(2) 
PARAMETRIC_REPRESENTATION_CONTEXT() REPRESENTATION_CONTEXT('2D SPACE',''
  ) );
#2730 = PCURVE('',#466,#2731);
#2731 = DEFINITIONAL_REPRESENTATION('',(#2732),#2736);
#2732 = LINE('',#2733,#2734);
#2733 = CARTESIAN_POINT('',(-0.,0.));
#2734 = VECTOR('',#2735,1.);
#2735 = DIRECTION('',(-0.,-1.));
#2736 = ( GEOMETRIC_REPRESENTATION_CONTEXT(2) 
PARAMETRIC_REPRESENTATION_CONTEXT() REPRESENTATION_CONTEXT('2D SPACE',''
  ) );
#2737 = ORIENTED_EDGE('',*,*,#445,.F.);
#2738 = ORIENTED_EDGE('',*,*,#2717,.F.);
#2739 = ADVANCED_FACE('',(#2740),#501,.F.);
#2740 = FACE_BOUND('',#2741,.T.);
#2741 = EDGE_LOOP('',(#2742,#2743,#2764,#2765));
#2742 = ORIENTED_EDGE('',*,*,#1739,.T.);
#2743 = ORIENTED_EDGE('',*,*,#2744,.T.);
#2744 = EDGE_CURVE('',#1740,#481,#2745,.T.);
#2745 = SEAM_CURVE('',#2746,(#2750,#2757),.PCURVE_S1.);
#2746 = LINE('',#2747,#2748);
#2747 = CARTESIAN_POINT('',(-140.3,-10.,12.));
#2748 = VECTOR('',#2749,1.);
#2749 = DIRECTION('',(0.,0.,1.));
#2750 = PCURVE('',#501,#2751);
#2751 = DEFINITIONAL_REPRESENTATION('',(#2752),#2756);
#2752 = LINE('',#2753,#2754);
#2753 = CARTESIAN_POINT('',(-6.28318530718,0.));
#2754 = VECTOR('',#2755,1.);
#2755 = DIRECTION('',(-0.,-1.));
#2756 = ( GEOMETRIC_REPRESENTATION_CONTEXT(2) 
PARAMETRIC_REPRESENTATION_CONTEXT() REPRESENTATION_CONTEXT('2D SPACE',''
  ) );
#2757 = PCURVE('',#501,#2758);
#2758 = DEFINITIONAL_REPRESENTATION('',(#2759),#2763);
#2759 = LINE('',#2760,#2761);
#2760 = CARTESIAN_POINT('',(-0.,0.));
#2761 = VECTOR('',#2762,1.);
#2762 = DIRECTION('',(-0.,-1.));
#2763 = ( GEOMETRIC_REPRESENTATION_CONTEXT(2) 
PARAMETRIC_REPRESENTATION_CONTEXT() REPRESENTATION_CONTEXT('2D SPACE',''
  ) );
#2764 = ORIENTED_EDGE('',*,*,#480,.F.);
#2765 = ORIENTED_EDGE('',*,*,#2744,.F.);
#2766 = ADVANCED_FACE('',(#2767),#536,.F.);
#2767 = FACE_BOUND('',#2768,.T.);
#2768 = EDGE_LOOP('',(#2769,#2770,#2791,#2792));
#2769 = ORIENTED_EDGE('',*,*,#1769,.T.);
#2770 = ORIENTED_EDGE('',*,*,#2771,.T.);
#2771 = EDGE_CURVE('',#1770,#516,#2772,.T.);
#2772 = SEAM_CURVE('',#2773,(#2777,#2784),.PCURVE_S1.);
#2773 = LINE('',#2774,#2775);
#2774 = CARTESIAN_POINT('',(-109.,-20.,12.));
#2775 = VECTOR('',#2776,1.);
#2776 = DIRECTION('',(0.,0.,1.));
#2777 = PCURVE('',#536,#2778);
#2778 = DEFINITIONAL_REPRESENTATION('',(#2779),#2783);
#2779 = LINE('',#2780,#2781);
#2780 = CARTESIAN_POINT('',(-6.28318530718,0.));
#2781 = VECTOR('',#2782,1.);
#2782 = DIRECTION('',(-0.,-1.));
#2783 = ( GEOMETRIC_REPRESENTATION_CONTEXT(2) 
PARAMETRIC_REPRESENTATION_CONTEXT() REPRESENTATION_CONTEXT('2D SPACE',''
  ) );
#2784 = PCURVE('',#536,#2785);
#2785 = DEFINITIONAL_REPRESENTATION('',(#2786),#2790);
#2786 = LINE('',#2787,#2788);
#2787 = CARTESIAN_POINT('',(-0.,0.));
#2788 = VECTOR('',#2789,1.);
#2789 = DIRECTION('',(-0.,-1.));
#2790 = ( GEOMETRIC_REPRESENTATION_CONTEXT(2) 
PARAMETRIC_REPRESENTATION_CONTEXT() REPRESENTATION_CONTEXT('2D SPACE',''
  ) );
#2791 = ORIENTED_EDGE('',*,*,#515,.F.);
#2792 = ORIENTED_EDGE('',*,*,#2771,.F.);
#2793 = ADVANCED_FACE('',(#2794),#571,.F.);
#2794 = FACE_BOUND('',#2795,.T.);
#2795 = EDGE_LOOP('',(#2796,#2797,#2818,#2819));
#2796 = ORIENTED_EDGE('',*,*,#1799,.T.);
#2797 = ORIENTED_EDGE('',*,*,#2798,.T.);
#2798 = EDGE_CURVE('',#1800,#551,#2799,.T.);
#2799 = SEAM_CURVE('',#2800,(#2804,#2811),.PCURVE_S1.);
#2800 = LINE('',#2801,#2802);
#2801 = CARTESIAN_POINT('',(89.7,-152.,12.));
#2802 = VECTOR('',#2803,1.);
#2803 = DIRECTION('',(0.,0.,1.));
#2804 = PCURVE('',#571,#2805);
#2805 = DEFINITIONAL_REPRESENTATION('',(#2806),#2810);
#2806 = LINE('',#2807,#2808);
#2807 = CARTESIAN_POINT('',(-6.28318530718,0.));
#2808 = VECTOR('',#2809,1.);
#2809 = DIRECTION('',(-0.,-1.));
#2810 = ( GEOMETRIC_REPRESENTATION_CONTEXT(2) 
PARAMETRIC_REPRESENTATION_CONTEXT() REPRESENTATION_CONTEXT('2D SPACE',''
  ) );
#2811 = PCURVE('',#571,#2812);
#2812 = DEFINITIONAL_REPRESENTATION('',(#2813),#2817);
#2813 = LINE('',#2814,#2815);
#2814 = CARTESIAN_POINT('',(-0.,0.));
#2815 = VECTOR('',#2816,1.);
#2816 = DIRECTION('',(-0.,-1.));
#2817 = ( GEOMETRIC_REPRESENTATION_CONTEXT(2) 
PARAMETRIC_REPRESENTATION_CONTEXT() REPRESENTATION_CONTEXT('2D SPACE',''
  ) );
#2818 = ORIENTED_EDGE('',*,*,#550,.F.);
#2819 = ORIENTED_EDGE('',*,*,#2798,.F.);
#2820 = ADVANCED_FACE('',(#2821),#606,.F.);
#2821 = FACE_BOUND('',#2822,.T.);
#2822 = EDGE_LOOP('',(#2823,#2824,#2845,#2846));
#2823 = ORIENTED_EDGE('',*,*,#1829,.T.);
#2824 = ORIENTED_EDGE('',*,*,#2825,.T.);
#2825 = EDGE_CURVE('',#1830,#586,#2826,.T.);
#2826 = SEAM_CURVE('',#2827,(#2831,#2838),.PCURVE_S1.);
#2827 = LINE('',#2828,#2829);
#2828 = CARTESIAN_POINT('',(135.,-142.,12.));
#2829 = VECTOR('',#2830,1.);
#2830 = DIRECTION('',(0.,0.,1.));
#2831 = PCURVE('',#606,#2832);
#2832 = DEFINITIONAL_REPRESENTATION('',(#2833),#2837);
#2833 = LINE('',#2834,#2835);
#2834 = CARTESIAN_POINT('',(-6.28318530718,0.));
#2835 = VECTOR('',#2836,1.);
#2836 = DIRECTION('',(-0.,-1.));
#2837 = ( GEOMETRIC_REPRESENTATION_CONTEXT(2) 
PARAMETRIC_REPRESENTATION_CONTEXT() REPRESENTATION_CONTEXT('2D SPACE',''
  ) );
#2838 = PCURVE('',#606,#2839);
#2839 = DEFINITIONAL_REPRESENTATION('',(#2840),#2844);
#2840 = LINE('',#2841,#2842);
#2841 = CARTESIAN_POINT('',(-0.,0.));
#2842 = VECTOR('',#2843,1.);
#2843 = DIRECTION('',(-0.,-1.));
#2844 = ( GEOMETRIC_REPRESENTATION_CONTEXT(2) 
PARAMETRIC_REPRESENTATION_CONTEXT() REPRESENTATION_CONTEXT('2D SPACE',''
  ) );
#2845 = ORIENTED_EDGE('',*,*,#585,.F.);
#2846 = ORIENTED_EDGE('',*,*,#2825,.F.);
#2847 = ADVANCED_FACE('',(#2848),#641,.F.);
#2848 = FACE_BOUND('',#2849,.T.);
#2849 = EDGE_LOOP('',(#2850,#2851,#2872,#2873));
#2850 = ORIENTED_EDGE('',*,*,#1859,.T.);
#2851 = ORIENTED_EDGE('',*,*,#2852,.T.);
#2852 = EDGE_CURVE('',#1860,#621,#2853,.T.);
#2853 = SEAM_CURVE('',#2854,(#2858,#2865),.PCURVE_S1.);
#2854 = LINE('',#2855,#2856);
#2855 = CARTESIAN_POINT('',(143.7,-118.,12.));
#2856 = VECTOR('',#2857,1.);
#2857 = DIRECTION('',(0.,0.,1.));
#2858 = PCURVE('',#641,#2859);
#2859 = DEFINITIONAL_REPRESENTATION('',(#2860),#2864);
#2860 = LINE('',#2861,#2862);
#2861 = CARTESIAN_POINT('',(-6.28318530718,0.));
#2862 = VECTOR('',#2863,1.);
#2863 = DIRECTION('',(-0.,-1.));
#2864 = ( GEOMETRIC_REPRESENTATION_CONTEXT(2) 
PARAMETRIC_REPRESENTATION_CONTEXT() REPRESENTATION_CONTEXT('2D SPACE',''
  ) );
#2865 = PCURVE('',#641,#2866);
#2866 = DEFINITIONAL_REPRESENTATION('',(#2867),#2871);
#2867 = LINE('',#2868,#2869);
#2868 = CARTESIAN_POINT('',(-0.,0.));
#2869 = VECTOR('',#2870,1.);
#2870 = DIRECTION('',(-0.,-1.));
#2871 = ( GEOMETRIC_REPRESENTATION_CONTEXT(2) 
PARAMETRIC_REPRESENTATION_CONTEXT() REPRESENTATION_CONTEXT('2D SPACE',''
  ) );
#2872 = ORIENTED_EDGE('',*,*,#620,.F.);
#2873 = ORIENTED_EDGE('',*,*,#2852,.F.);
#2874 = ADVANCED_FACE('',(#2875),#676,.F.);
#2875 = FACE_BOUND('',#2876,.T.);
#2876 = EDGE_LOOP('',(#2877,#2878,#2899,#2900));
#2877 = ORIENTED_EDGE('',*,*,#1889,.T.);
#2878 = ORIENTED_EDGE('',*,*,#2879,.T.);
#2879 = EDGE_CURVE('',#1890,#656,#2880,.T.);
#2880 = SEAM_CURVE('',#2881,(#2885,#2892),.PCURVE_S1.);
#2881 = LINE('',#2882,#2883);
#2882 = CARTESIAN_POINT('',(27.5,-53.,12.));
#2883 = VECTOR('',#2884,1.);
#2884 = DIRECTION('',(0.,0.,1.));
#2885 = PCURVE('',#676,#2886);
#2886 = DEFINITIONAL_REPRESENTATION('',(#2887),#2891);
#2887 = LINE('',#2888,#2889);
#2888 = CARTESIAN_POINT('',(-6.28318530718,0.));
#2889 = VECTOR('',#2890,1.);
#2890 = DIRECTION('',(-0.,-1.));
#2891 = ( GEOMETRIC_REPRESENTATION_CONTEXT(2) 
PARAMETRIC_REPRESENTATION_CONTEXT() REPRESENTATION_CONTEXT('2D SPACE',''
  ) );
#2892 = PCURVE('',#676,#2893);
#2893 = DEFINITIONAL_REPRESENTATION('',(#2894),#2898);
#2894 = LINE('',#2895,#2896);
#2895 = CARTESIAN_POINT('',(-0.,0.));
#2896 = VECTOR('',#2897,1.);
#2897 = DIRECTION('',(-0.,-1.));
#2898 = ( GEOMETRIC_REPRESENTATION_CONTEXT(2) 
PARAMETRIC_REPRESENTATION_CONTEXT() REPRESENTATION_CONTEXT('2D SPACE',''
  ) );
#2899 = ORIENTED_EDGE('',*,*,#655,.F.);
#2900 = ORIENTED_EDGE('',*,*,#2879,.F.);
#2901 = ADVANCED_FACE('',(#2902),#711,.F.);
#2902 = FACE_BOUND('',#2903,.T.);
#2903 = EDGE_LOOP('',(#2904,#2905,#2926,#2927));
#2904 = ORIENTED_EDGE('',*,*,#1919,.T.);
#2905 = ORIENTED_EDGE('',*,*,#2906,.T.);
#2906 = EDGE_CURVE('',#1920,#691,#2907,.T.);
#2907 = SEAM_CURVE('',#2908,(#2912,#2919),.PCURVE_S1.);
#2908 = LINE('',#2909,#2910);
#2909 = CARTESIAN_POINT('',(127.5,-28.,12.));
#2910 = VECTOR('',#2911,1.);
#2911 = DIRECTION('',(0.,0.,1.));
#2912 = PCURVE('',#711,#2913);
#2913 = DEFINITIONAL_REPRESENTATION('',(#2914),#2918);
#2914 = LINE('',#2915,#2916);
#2915 = CARTESIAN_POINT('',(-6.28318530718,0.));
#2916 = VECTOR('',#2917,1.);
#2917 = DIRECTION('',(-0.,-1.));
#2918 = ( GEOMETRIC_REPRESENTATION_CONTEXT(2) 
PARAMETRIC_REPRESENTATION_CONTEXT() REPRESENTATION_CONTEXT('2D SPACE',''
  ) );
#2919 = PCURVE('',#711,#2920);
#2920 = DEFINITIONAL_REPRESENTATION('',(#2921),#2925);
#2921 = LINE('',#2922,#2923);
#2922 = CARTESIAN_POINT('',(-0.,0.));
#2923 = VECTOR('',#2924,1.);
#2924 = DIRECTION('',(-0.,-1.));
#2925 = ( GEOMETRIC_REPRESENTATION_CONTEXT(2) 
PARAMETRIC_REPRESENTATION_CONTEXT() REPRESENTATION_CONTEXT('2D SPACE',''
  ) );
#2926 = ORIENTED_EDGE('',*,*,#690,.F.);
#2927 = ORIENTED_EDGE('',*,*,#2906,.F.);
#2928 = ADVANCED_FACE('',(#2929),#746,.F.);
#2929 = FACE_BOUND('',#2930,.T.);
#2930 = EDGE_LOOP('',(#2931,#2932,#2953,#2954));
#2931 = ORIENTED_EDGE('',*,*,#1949,.T.);
#2932 = ORIENTED_EDGE('',*,*,#2933,.T.);
#2933 = EDGE_CURVE('',#1950,#726,#2934,.T.);
#2934 = SEAM_CURVE('',#2935,(#2939,#2946),.PCURVE_S1.);
#2935 = LINE('',#2936,#2937);
#2936 = CARTESIAN_POINT('',(139.5,-28.,12.));
#2937 = VECTOR('',#2938,1.);
#2938 = DIRECTION('',(0.,0.,1.));
#2939 = PCURVE('',#746,#2940);
#2940 = DEFINITIONAL_REPRESENTATION('',(#2941),#2945);
#2941 = LINE('',#2942,#2943);
#2942 = CARTESIAN_POINT('',(-6.28318530718,0.));
#2943 = VECTOR('',#2944,1.);
#2944 = DIRECTION('',(-0.,-1.));
#2945 = ( GEOMETRIC_REPRESENTATION_CONTEXT(2) 
PARAMETRIC_REPRESENTATION_CONTEXT() REPRESENTATION_CONTEXT('2D SPACE',''
  ) );
#2946 = PCURVE('',#746,#2947);
#2947 = DEFINITIONAL_REPRESENTATION('',(#2948),#2952);
#2948 = LINE('',#2949,#2950);
#2949 = CARTESIAN_POINT('',(-0.,0.));
#2950 = VECTOR('',#2951,1.);
#2951 = DIRECTION('',(-0.,-1.));
#2952 = ( GEOMETRIC_REPRESENTATION_CONTEXT(2) 
PARAMETRIC_REPRESENTATION_CONTEXT() REPRESENTATION_CONTEXT('2D SPACE',''
  ) );
#2953 = ORIENTED_EDGE('',*,*,#725,.F.);
#2954 = ORIENTED_EDGE('',*,*,#2933,.F.);
#2955 = ADVANCED_FACE('',(#2956),#781,.F.);
#2956 = FACE_BOUND('',#2957,.T.);
#2957 = EDGE_LOOP('',(#2958,#2959,#2980,#2981));
#2958 = ORIENTED_EDGE('',*,*,#1979,.T.);
#2959 = ORIENTED_EDGE('',*,*,#2960,.T.);
#2960 = EDGE_CURVE('',#1980,#761,#2961,.T.);
#2961 = SEAM_CURVE('',#2962,(#2966,#2973),.PCURVE_S1.);
#2962 = LINE('',#2963,#2964);
#2963 = CARTESIAN_POINT('',(115.,-20.,12.));
#2964 = VECTOR('',#2965,1.);
#2965 = DIRECTION('',(0.,0.,1.));
#2966 = PCURVE('',#781,#2967);
#2967 = DEFINITIONAL_REPRESENTATION('',(#2968),#2972);
#2968 = LINE('',#2969,#2970);
#2969 = CARTESIAN_POINT('',(-6.28318530718,0.));
#2970 = VECTOR('',#2971,1.);
#2971 = DIRECTION('',(-0.,-1.));
#2972 = ( GEOMETRIC_REPRESENTATION_CONTEXT(2) 
PARAMETRIC_REPRESENTATION_CONTEXT() REPRESENTATION_CONTEXT('2D SPACE',''
  ) );
#2973 = PCURVE('',#781,#2974);
#2974 = DEFINITIONAL_REPRESENTATION('',(#2975),#2979);
#2975 = LINE('',#2976,#2977);
#2976 = CARTESIAN_POINT('',(-0.,0.));
#2977 = VECTOR('',#2978,1.);
#2978 = DIRECTION('',(-0.,-1.));
#2979 = ( GEOMETRIC_REPRESENTATION_CONTEXT(2) 
PARAMETRIC_REPRESENTATION_CONTEXT() REPRESENTATION_CONTEXT('2D SPACE',''
  ) );
#2980 = ORIENTED_EDGE('',*,*,#760,.F.);
#2981 = ORIENTED_EDGE('',*,*,#2960,.F.);
#2982 = ADVANCED_FACE('',(#2983),#816,.F.);
#2983 = FACE_BOUND('',#2984,.T.);
#2984 = EDGE_LOOP('',(#2985,#2986,#3007,#3008));
#2985 = ORIENTED_EDGE('',*,*,#2009,.T.);
#2986 = ORIENTED_EDGE('',*,*,#2987,.T.);
#2987 = EDGE_CURVE('',#2010,#796,#2988,.T.);
#2988 = SEAM_CURVE('',#2989,(#2993,#3000),.PCURVE_S1.);
#2989 = LINE('',#2990,#2991);
#2990 = CARTESIAN_POINT('',(143.7,-10.,12.));
#2991 = VECTOR('',#2992,1.);
#2992 = DIRECTION('',(0.,0.,1.));
#2993 = PCURVE('',#816,#2994);
#2994 = DEFINITIONAL_REPRESENTATION('',(#2995),#2999);
#2995 = LINE('',#2996,#2997);
#2996 = CARTESIAN_POINT('',(-6.28318530718,0.));
#2997 = VECTOR('',#2998,1.);
#2998 = DIRECTION('',(-0.,-1.));
#2999 = ( GEOMETRIC_REPRESENTATION_CONTEXT(2) 
PARAMETRIC_REPRESENTATION_CONTEXT() REPRESENTATION_CONTEXT('2D SPACE',''
  ) );
#3000 = PCURVE('',#816,#3001);
#3001 = DEFINITIONAL_REPRESENTATION('',(#3002),#3006);
#3002 = LINE('',#3003,#3004);
#3003 = CARTESIAN_POINT('',(-0.,0.));
#3004 = VECTOR('',#3005,1.);
#3005 = DIRECTION('',(-0.,-1.));
#3006 = ( GEOMETRIC_REPRESENTATION_CONTEXT(2) 
PARAMETRIC_REPRESENTATION_CONTEXT() REPRESENTATION_CONTEXT('2D SPACE',''
  ) );
#3007 = ORIENTED_EDGE('',*,*,#795,.F.);
#3008 = ORIENTED_EDGE('',*,*,#2987,.F.);
#3009 = ADVANCED_FACE('',(#3010),#851,.F.);
#3010 = FACE_BOUND('',#3011,.T.);
#3011 = EDGE_LOOP('',(#3012,#3013,#3034,#3035));
#3012 = ORIENTED_EDGE('',*,*,#2039,.T.);
#3013 = ORIENTED_EDGE('',*,*,#3014,.T.);
#3014 = EDGE_CURVE('',#2040,#831,#3015,.T.);
#3015 = SEAM_CURVE('',#3016,(#3020,#3027),.PCURVE_S1.);
#3016 = LINE('',#3017,#3018);
#3017 = CARTESIAN_POINT('',(-105.5,-3.,12.));
#3018 = VECTOR('',#3019,1.);
#3019 = DIRECTION('',(0.,0.,1.));
#3020 = PCURVE('',#851,#3021);
#3021 = DEFINITIONAL_REPRESENTATION('',(#3022),#3026);
#3022 = LINE('',#3023,#3024);
#3023 = CARTESIAN_POINT('',(-6.28318530718,0.));
#3024 = VECTOR('',#3025,1.);
#3025 = DIRECTION('',(-0.,-1.));
#3026 = ( GEOMETRIC_REPRESENTATION_CONTEXT(2) 
PARAMETRIC_REPRESENTATION_CONTEXT() REPRESENTATION_CONTEXT('2D SPACE',''
  ) );
#3027 = PCURVE('',#851,#3028);
#3028 = DEFINITIONAL_REPRESENTATION('',(#3029),#3033);
#3029 = LINE('',#3030,#3031);
#3030 = CARTESIAN_POINT('',(-0.,0.));
#3031 = VECTOR('',#3032,1.);
#3032 = DIRECTION('',(-0.,-1.));
#3033 = ( GEOMETRIC_REPRESENTATION_CONTEXT(2) 
PARAMETRIC_REPRESENTATION_CONTEXT() REPRESENTATION_CONTEXT('2D SPACE',''
  ) );
#3034 = ORIENTED_EDGE('',*,*,#830,.F.);
#3035 = ORIENTED_EDGE('',*,*,#3014,.F.);
#3036 = ADVANCED_FACE('',(#3037),#886,.F.);
#3037 = FACE_BOUND('',#3038,.T.);
#3038 = EDGE_LOOP('',(#3039,#3040,#3061,#3062));
#3039 = ORIENTED_EDGE('',*,*,#2069,.T.);
#3040 = ORIENTED_EDGE('',*,*,#3041,.T.);
#3041 = EDGE_CURVE('',#2070,#866,#3042,.T.);
#3042 = SEAM_CURVE('',#3043,(#3047,#3054),.PCURVE_S1.);
#3043 = LINE('',#3044,#3045);
#3044 = CARTESIAN_POINT('',(-102.8,42.5,12.));
#3045 = VECTOR('',#3046,1.);
#3046 = DIRECTION('',(0.,0.,1.));
#3047 = PCURVE('',#886,#3048);
#3048 = DEFINITIONAL_REPRESENTATION('',(#3049),#3053);
#3049 = LINE('',#3050,#3051);
#3050 = CARTESIAN_POINT('',(-6.28318530718,0.));
#3051 = VECTOR('',#3052,1.);
#3052 = DIRECTION('',(-0.,-1.));
#3053 = ( GEOMETRIC_REPRESENTATION_CONTEXT(2) 
PARAMETRIC_REPRESENTATION_CONTEXT() REPRESENTATION_CONTEXT('2D SPACE',''
  ) );
#3054 = PCURVE('',#886,#3055);
#3055 = DEFINITIONAL_REPRESENTATION('',(#3056),#3060);
#3056 = LINE('',#3057,#3058);
#3057 = CARTESIAN_POINT('',(-0.,0.));
#3058 = VECTOR('',#3059,1.);
#3059 = DIRECTION('',(-0.,-1.));
#3060 = ( GEOMETRIC_REPRESENTATION_CONTEXT(2) 
PARAMETRIC_REPRESENTATION_CONTEXT() REPRESENTATION_CONTEXT('2D SPACE',''
  ) );
#3061 = ORIENTED_EDGE('',*,*,#865,.F.);
#3062 = ORIENTED_EDGE('',*,*,#3041,.F.);
#3063 = ADVANCED_FACE('',(#3064),#921,.F.);
#3064 = FACE_BOUND('',#3065,.T.);
#3065 = EDGE_LOOP('',(#3066,#3067,#3088,#3089));
#3066 = ORIENTED_EDGE('',*,*,#2099,.T.);
#3067 = ORIENTED_EDGE('',*,*,#3068,.T.);
#3068 = EDGE_CURVE('',#2100,#901,#3069,.T.);
#3069 = SEAM_CURVE('',#3070,(#3074,#3081),.PCURVE_S1.);
#3070 = LINE('',#3071,#3072);
#3071 = CARTESIAN_POINT('',(-102.8,57.5,12.));
#3072 = VECTOR('',#3073,1.);
#3073 = DIRECTION('',(0.,0.,1.));
#3074 = PCURVE('',#921,#3075);
#3075 = DEFINITIONAL_REPRESENTATION('',(#3076),#3080);
#3076 = LINE('',#3077,#3078);
#3077 = CARTESIAN_POINT('',(-6.28318530718,0.));
#3078 = VECTOR('',#3079,1.);
#3079 = DIRECTION('',(-0.,-1.));
#3080 = ( GEOMETRIC_REPRESENTATION_CONTEXT(2) 
PARAMETRIC_REPRESENTATION_CONTEXT() REPRESENTATION_CONTEXT('2D SPACE',''
  ) );
#3081 = PCURVE('',#921,#3082);
#3082 = DEFINITIONAL_REPRESENTATION('',(#3083),#3087);
#3083 = LINE('',#3084,#3085);
#3084 = CARTESIAN_POINT('',(-0.,0.));
#3085 = VECTOR('',#3086,1.);
#3086 = DIRECTION('',(-0.,-1.));
#3087 = ( GEOMETRIC_REPRESENTATION_CONTEXT(2) 
PARAMETRIC_REPRESENTATION_CONTEXT() REPRESENTATION_CONTEXT('2D SPACE',''
  ) );
#3088 = ORIENTED_EDGE('',*,*,#900,.F.);
#3089 = ORIENTED_EDGE('',*,*,#3068,.F.);
#3090 = ADVANCED_FACE('',(#3091),#956,.F.);
#3091 = FACE_BOUND('',#3092,.T.);
#3092 = EDGE_LOOP('',(#3093,#3094,#3115,#3116));
#3093 = ORIENTED_EDGE('',*,*,#2129,.T.);
#3094 = ORIENTED_EDGE('',*,*,#3095,.T.);
#3095 = EDGE_CURVE('',#2130,#936,#3096,.T.);
#3096 = SEAM_CURVE('',#3097,(#3101,#3108),.PCURVE_S1.);
#3097 = LINE('',#3098,#3099);
#3098 = CARTESIAN_POINT('',(-140.3,105.,12.));
#3099 = VECTOR('',#3100,1.);
#3100 = DIRECTION('',(0.,0.,1.));
#3101 = PCURVE('',#956,#3102);
#3102 = DEFINITIONAL_REPRESENTATION('',(#3103),#3107);
#3103 = LINE('',#3104,#3105);
#3104 = CARTESIAN_POINT('',(-6.28318530718,0.));
#3105 = VECTOR('',#3106,1.);
#3106 = DIRECTION('',(-0.,-1.));
#3107 = ( GEOMETRIC_REPRESENTATION_CONTEXT(2) 
PARAMETRIC_REPRESENTATION_CONTEXT() REPRESENTATION_CONTEXT('2D SPACE',''
  ) );
#3108 = PCURVE('',#956,#3109);
#3109 = DEFINITIONAL_REPRESENTATION('',(#3110),#3114);
#3110 = LINE('',#3111,#3112);
#3111 = CARTESIAN_POINT('',(-0.,0.));
#3112 = VECTOR('',#3113,1.);
#3113 = DIRECTION('',(-0.,-1.));
#3114 = ( GEOMETRIC_REPRESENTATION_CONTEXT(2) 
PARAMETRIC_REPRESENTATION_CONTEXT() REPRESENTATION_CONTEXT('2D SPACE',''
  ) );
#3115 = ORIENTED_EDGE('',*,*,#935,.F.);
#3116 = ORIENTED_EDGE('',*,*,#3095,.F.);
#3117 = ADVANCED_FACE('',(#3118),#991,.F.);
#3118 = FACE_BOUND('',#3119,.T.);
#3119 = EDGE_LOOP('',(#3120,#3121,#3142,#3143));
#3120 = ORIENTED_EDGE('',*,*,#2159,.T.);
#3121 = ORIENTED_EDGE('',*,*,#3122,.T.);
#3122 = EDGE_CURVE('',#2160,#971,#3123,.T.);
#3123 = SEAM_CURVE('',#3124,(#3128,#3135),.PCURVE_S1.);
#3124 = LINE('',#3125,#3126);
#3125 = CARTESIAN_POINT('',(-109.,120.,12.));
#3126 = VECTOR('',#3127,1.);
#3127 = DIRECTION('',(0.,0.,1.));
#3128 = PCURVE('',#991,#3129);
#3129 = DEFINITIONAL_REPRESENTATION('',(#3130),#3134);
#3130 = LINE('',#3131,#3132);
#3131 = CARTESIAN_POINT('',(-6.28318530718,0.));
#3132 = VECTOR('',#3133,1.);
#3133 = DIRECTION('',(-0.,-1.));
#3134 = ( GEOMETRIC_REPRESENTATION_CONTEXT(2) 
PARAMETRIC_REPRESENTATION_CONTEXT() REPRESENTATION_CONTEXT('2D SPACE',''
  ) );
#3135 = PCURVE('',#991,#3136);
#3136 = DEFINITIONAL_REPRESENTATION('',(#3137),#3141);
#3137 = LINE('',#3138,#3139);
#3138 = CARTESIAN_POINT('',(-0.,0.));
#3139 = VECTOR('',#3140,1.);
#3140 = DIRECTION('',(-0.,-1.));
#3141 = ( GEOMETRIC_REPRESENTATION_CONTEXT(2) 
PARAMETRIC_REPRESENTATION_CONTEXT() REPRESENTATION_CONTEXT('2D SPACE',''
  ) );
#3142 = ORIENTED_EDGE('',*,*,#970,.F.);
#3143 = ORIENTED_EDGE('',*,*,#3122,.F.);
#3144 = ADVANCED_FACE('',(#3145),#1026,.F.);
#3145 = FACE_BOUND('',#3146,.T.);
#3146 = EDGE_LOOP('',(#3147,#3148,#3169,#3170));
#3147 = ORIENTED_EDGE('',*,*,#2189,.T.);
#3148 = ORIENTED_EDGE('',*,*,#3149,.T.);
#3149 = EDGE_CURVE('',#2190,#1006,#3150,.T.);
#3150 = SEAM_CURVE('',#3151,(#3155,#3162),.PCURVE_S1.);
#3151 = LINE('',#3152,#3153);
#3152 = CARTESIAN_POINT('',(-129.,142.,12.));
#3153 = VECTOR('',#3154,1.);
#3154 = DIRECTION('',(0.,0.,1.));
#3155 = PCURVE('',#1026,#3156);
#3156 = DEFINITIONAL_REPRESENTATION('',(#3157),#3161);
#3157 = LINE('',#3158,#3159);
#3158 = CARTESIAN_POINT('',(-6.28318530718,0.));
#3159 = VECTOR('',#3160,1.);
#3160 = DIRECTION('',(-0.,-1.));
#3161 = ( GEOMETRIC_REPRESENTATION_CONTEXT(2) 
PARAMETRIC_REPRESENTATION_CONTEXT() REPRESENTATION_CONTEXT('2D SPACE',''
  ) );
#3162 = PCURVE('',#1026,#3163);
#3163 = DEFINITIONAL_REPRESENTATION('',(#3164),#3168);
#3164 = LINE('',#3165,#3166);
#3165 = CARTESIAN_POINT('',(-0.,0.));
#3166 = VECTOR('',#3167,1.);
#3167 = DIRECTION('',(-0.,-1.));
#3168 = ( GEOMETRIC_REPRESENTATION_CONTEXT(2) 
PARAMETRIC_REPRESENTATION_CONTEXT() REPRESENTATION_CONTEXT('2D SPACE',''
  ) );
#3169 = ORIENTED_EDGE('',*,*,#1005,.F.);
#3170 = ORIENTED_EDGE('',*,*,#3149,.F.);
#3171 = ADVANCED_FACE('',(#3172),#1061,.F.);
#3172 = FACE_BOUND('',#3173,.T.);
#3173 = EDGE_LOOP('',(#3174,#3175,#3196,#3197));
#3174 = ORIENTED_EDGE('',*,*,#2219,.T.);
#3175 = ORIENTED_EDGE('',*,*,#3176,.T.);
#3176 = EDGE_CURVE('',#2220,#1041,#3177,.T.);
#3177 = SEAM_CURVE('',#3178,(#3182,#3189),.PCURVE_S1.);
#3178 = LINE('',#3179,#3180);
#3179 = CARTESIAN_POINT('',(27.5,-3.,12.));
#3180 = VECTOR('',#3181,1.);
#3181 = DIRECTION('',(0.,0.,1.));
#3182 = PCURVE('',#1061,#3183);
#3183 = DEFINITIONAL_REPRESENTATION('',(#3184),#3188);
#3184 = LINE('',#3185,#3186);
#3185 = CARTESIAN_POINT('',(-6.28318530718,0.));
#3186 = VECTOR('',#3187,1.);
#3187 = DIRECTION('',(-0.,-1.));
#3188 = ( GEOMETRIC_REPRESENTATION_CONTEXT(2) 
PARAMETRIC_REPRESENTATION_CONTEXT() REPRESENTATION_CONTEXT('2D SPACE',''
  ) );
#3189 = PCURVE('',#1061,#3190);
#3190 = DEFINITIONAL_REPRESENTATION('',(#3191),#3195);
#3191 = LINE('',#3192,#3193);
#3192 = CARTESIAN_POINT('',(-0.,0.));
#3193 = VECTOR('',#3194,1.);
#3194 = DIRECTION('',(-0.,-1.));
#3195 = ( GEOMETRIC_REPRESENTATION_CONTEXT(2) 
PARAMETRIC_REPRESENTATION_CONTEXT() REPRESENTATION_CONTEXT('2D SPACE',''
  ) );
#3196 = ORIENTED_EDGE('',*,*,#1040,.F.);
#3197 = ORIENTED_EDGE('',*,*,#3176,.F.);
#3198 = ADVANCED_FACE('',(#3199),#1096,.F.);
#3199 = FACE_BOUND('',#3200,.T.);
#3200 = EDGE_LOOP('',(#3201,#3202,#3223,#3224));
#3201 = ORIENTED_EDGE('',*,*,#2249,.T.);
#3202 = ORIENTED_EDGE('',*,*,#3203,.T.);
#3203 = EDGE_CURVE('',#2250,#1076,#3204,.T.);
#3204 = SEAM_CURVE('',#3205,(#3209,#3216),.PCURVE_S1.);
#3205 = LINE('',#3206,#3207);
#3206 = CARTESIAN_POINT('',(17.5,18.,12.));
#3207 = VECTOR('',#3208,1.);
#3208 = DIRECTION('',(0.,0.,1.));
#3209 = PCURVE('',#1096,#3210);
#3210 = DEFINITIONAL_REPRESENTATION('',(#3211),#3215);
#3211 = LINE('',#3212,#3213);
#3212 = CARTESIAN_POINT('',(-6.28318530718,0.));
#3213 = VECTOR('',#3214,1.);
#3214 = DIRECTION('',(-0.,-1.));
#3215 = ( GEOMETRIC_REPRESENTATION_CONTEXT(2) 
PARAMETRIC_REPRESENTATION_CONTEXT() REPRESENTATION_CONTEXT('2D SPACE',''
  ) );
#3216 = PCURVE('',#1096,#3217);
#3217 = DEFINITIONAL_REPRESENTATION('',(#3218),#3222);
#3218 = LINE('',#3219,#3220);
#3219 = CARTESIAN_POINT('',(-0.,0.));
#3220 = VECTOR('',#3221,1.);
#3221 = DIRECTION('',(-0.,-1.));
#3222 = ( GEOMETRIC_REPRESENTATION_CONTEXT(2) 
PARAMETRIC_REPRESENTATION_CONTEXT() REPRESENTATION_CONTEXT('2D SPACE',''
  ) );
#3223 = ORIENTED_EDGE('',*,*,#1075,.F.);
#3224 = ORIENTED_EDGE('',*,*,#3203,.F.);
#3225 = ADVANCED_FACE('',(#3226),#1131,.F.);
#3226 = FACE_BOUND('',#3227,.T.);
#3227 = EDGE_LOOP('',(#3228,#3229,#3250,#3251));
#3228 = ORIENTED_EDGE('',*,*,#2279,.T.);
#3229 = ORIENTED_EDGE('',*,*,#3230,.T.);
#3230 = EDGE_CURVE('',#2280,#1111,#3231,.T.);
#3231 = SEAM_CURVE('',#3232,(#3236,#3243),.PCURVE_S1.);
#3232 = LINE('',#3233,#3234);
#3233 = CARTESIAN_POINT('',(29.5,18.,12.));
#3234 = VECTOR('',#3235,1.);
#3235 = DIRECTION('',(0.,0.,1.));
#3236 = PCURVE('',#1131,#3237);
#3237 = DEFINITIONAL_REPRESENTATION('',(#3238),#3242);
#3238 = LINE('',#3239,#3240);
#3239 = CARTESIAN_POINT('',(-6.28318530718,0.));
#3240 = VECTOR('',#3241,1.);
#3241 = DIRECTION('',(-0.,-1.));
#3242 = ( GEOMETRIC_REPRESENTATION_CONTEXT(2) 
PARAMETRIC_REPRESENTATION_CONTEXT() REPRESENTATION_CONTEXT('2D SPACE',''
  ) );
#3243 = PCURVE('',#1131,#3244);
#3244 = DEFINITIONAL_REPRESENTATION('',(#3245),#3249);
#3245 = LINE('',#3246,#3247);
#3246 = CARTESIAN_POINT('',(-0.,0.));
#3247 = VECTOR('',#3248,1.);
#3248 = DIRECTION('',(-0.,-1.));
#3249 = ( GEOMETRIC_REPRESENTATION_CONTEXT(2) 
PARAMETRIC_REPRESENTATION_CONTEXT() REPRESENTATION_CONTEXT('2D SPACE',''
  ) );
#3250 = ORIENTED_EDGE('',*,*,#1110,.F.);
#3251 = ORIENTED_EDGE('',*,*,#3230,.F.);
#3252 = ADVANCED_FACE('',(#3253),#1166,.F.);
#3253 = FACE_BOUND('',#3254,.T.);
#3254 = EDGE_LOOP('',(#3255,#3256,#3277,#3278));
#3255 = ORIENTED_EDGE('',*,*,#2309,.T.);
#3256 = ORIENTED_EDGE('',*,*,#3257,.T.);
#3257 = EDGE_CURVE('',#2310,#1146,#3258,.T.);
#3258 = SEAM_CURVE('',#3259,(#3263,#3270),.PCURVE_S1.);
#3259 = LINE('',#3260,#3261);
#3260 = CARTESIAN_POINT('',(46.5,22.,12.));
#3261 = VECTOR('',#3262,1.);
#3262 = DIRECTION('',(0.,0.,1.));
#3263 = PCURVE('',#1166,#3264);
#3264 = DEFINITIONAL_REPRESENTATION('',(#3265),#3269);
#3265 = LINE('',#3266,#3267);
#3266 = CARTESIAN_POINT('',(-6.28318530718,0.));
#3267 = VECTOR('',#3268,1.);
#3268 = DIRECTION('',(-0.,-1.));
#3269 = ( GEOMETRIC_REPRESENTATION_CONTEXT(2) 
PARAMETRIC_REPRESENTATION_CONTEXT() REPRESENTATION_CONTEXT('2D SPACE',''
  ) );
#3270 = PCURVE('',#1166,#3271);
#3271 = DEFINITIONAL_REPRESENTATION('',(#3272),#3276);
#3272 = LINE('',#3273,#3274);
#3273 = CARTESIAN_POINT('',(-0.,0.));
#3274 = VECTOR('',#3275,1.);
#3275 = DIRECTION('',(-0.,-1.));
#3276 = ( GEOMETRIC_REPRESENTATION_CONTEXT(2) 
PARAMETRIC_REPRESENTATION_CONTEXT() REPRESENTATION_CONTEXT('2D SPACE',''
  ) );
#3277 = ORIENTED_EDGE('',*,*,#1145,.F.);
#3278 = ORIENTED_EDGE('',*,*,#3257,.F.);
#3279 = ADVANCED_FACE('',(#3280),#1201,.F.);
#3280 = FACE_BOUND('',#3281,.T.);
#3281 = EDGE_LOOP('',(#3282,#3283,#3304,#3305));
#3282 = ORIENTED_EDGE('',*,*,#2339,.T.);
#3283 = ORIENTED_EDGE('',*,*,#3284,.T.);
#3284 = EDGE_CURVE('',#2340,#1181,#3285,.T.);
#3285 = SEAM_CURVE('',#3286,(#3290,#3297),.PCURVE_S1.);
#3286 = LINE('',#3287,#3288);
#3287 = CARTESIAN_POINT('',(119.5,22.,12.));
#3288 = VECTOR('',#3289,1.);
#3289 = DIRECTION('',(0.,0.,1.));
#3290 = PCURVE('',#1201,#3291);
#3291 = DEFINITIONAL_REPRESENTATION('',(#3292),#3296);
#3292 = LINE('',#3293,#3294);
#3293 = CARTESIAN_POINT('',(-6.28318530718,0.));
#3294 = VECTOR('',#3295,1.);
#3295 = DIRECTION('',(-0.,-1.));
#3296 = ( GEOMETRIC_REPRESENTATION_CONTEXT(2) 
PARAMETRIC_REPRESENTATION_CONTEXT() REPRESENTATION_CONTEXT('2D SPACE',''
  ) );
#3297 = PCURVE('',#1201,#3298);
#3298 = DEFINITIONAL_REPRESENTATION('',(#3299),#3303);
#3299 = LINE('',#3300,#3301);
#3300 = CARTESIAN_POINT('',(-0.,0.));
#3301 = VECTOR('',#3302,1.);
#3302 = DIRECTION('',(-0.,-1.));
#3303 = ( GEOMETRIC_REPRESENTATION_CONTEXT(2) 
PARAMETRIC_REPRESENTATION_CONTEXT() REPRESENTATION_CONTEXT('2D SPACE',''
  ) );
#3304 = ORIENTED_EDGE('',*,*,#1180,.F.);
#3305 = ORIENTED_EDGE('',*,*,#3284,.F.);
#3306 = ADVANCED_FACE('',(#3307),#1236,.F.);
#3307 = FACE_BOUND('',#3308,.T.);
#3308 = EDGE_LOOP('',(#3309,#3310,#3331,#3332));
#3309 = ORIENTED_EDGE('',*,*,#2369,.T.);
#3310 = ORIENTED_EDGE('',*,*,#3311,.T.);
#3311 = EDGE_CURVE('',#2370,#1216,#3312,.T.);
#3312 = SEAM_CURVE('',#3313,(#3317,#3324),.PCURVE_S1.);
#3313 = LINE('',#3314,#3315);
#3314 = CARTESIAN_POINT('',(46.5,88.,12.));
#3315 = VECTOR('',#3316,1.);
#3316 = DIRECTION('',(0.,0.,1.));
#3317 = PCURVE('',#1236,#3318);
#3318 = DEFINITIONAL_REPRESENTATION('',(#3319),#3323);
#3319 = LINE('',#3320,#3321);
#3320 = CARTESIAN_POINT('',(-6.28318530718,0.));
#3321 = VECTOR('',#3322,1.);
#3322 = DIRECTION('',(-0.,-1.));
#3323 = ( GEOMETRIC_REPRESENTATION_CONTEXT(2) 
PARAMETRIC_REPRESENTATION_CONTEXT() REPRESENTATION_CONTEXT('2D SPACE',''
  ) );
#3324 = PCURVE('',#1236,#3325);
#3325 = DEFINITIONAL_REPRESENTATION('',(#3326),#3330);
#3326 = LINE('',#3327,#3328);
#3327 = CARTESIAN_POINT('',(-0.,0.));
#3328 = VECTOR('',#3329,1.);
#3329 = DIRECTION('',(-0.,-1.));
#3330 = ( GEOMETRIC_REPRESENTATION_CONTEXT(2) 
PARAMETRIC_REPRESENTATION_CONTEXT() REPRESENTATION_CONTEXT('2D SPACE',''
  ) );
#3331 = ORIENTED_EDGE('',*,*,#1215,.F.);
#3332 = ORIENTED_EDGE('',*,*,#3311,.F.);
#3333 = ADVANCED_FACE('',(#3334),#1271,.F.);
#3334 = FACE_BOUND('',#3335,.T.);
#3335 = EDGE_LOOP('',(#3336,#3337,#3358,#3359));
#3336 = ORIENTED_EDGE('',*,*,#2399,.T.);
#3337 = ORIENTED_EDGE('',*,*,#3338,.T.);
#3338 = EDGE_CURVE('',#2400,#1251,#3339,.T.);
#3339 = SEAM_CURVE('',#3340,(#3344,#3351),.PCURVE_S1.);
#3340 = LINE('',#3341,#3342);
#3341 = CARTESIAN_POINT('',(119.5,88.,12.));
#3342 = VECTOR('',#3343,1.);
#3343 = DIRECTION('',(0.,0.,1.));
#3344 = PCURVE('',#1271,#3345);
#3345 = DEFINITIONAL_REPRESENTATION('',(#3346),#3350);
#3346 = LINE('',#3347,#3348);
#3347 = CARTESIAN_POINT('',(-6.28318530718,0.));
#3348 = VECTOR('',#3349,1.);
#3349 = DIRECTION('',(-0.,-1.));
#3350 = ( GEOMETRIC_REPRESENTATION_CONTEXT(2) 
PARAMETRIC_REPRESENTATION_CONTEXT() REPRESENTATION_CONTEXT('2D SPACE',''
  ) );
#3351 = PCURVE('',#1271,#3352);
#3352 = DEFINITIONAL_REPRESENTATION('',(#3353),#3357);
#3353 = LINE('',#3354,#3355);
#3354 = CARTESIAN_POINT('',(-0.,0.));
#3355 = VECTOR('',#3356,1.);
#3356 = DIRECTION('',(-0.,-1.));
#3357 = ( GEOMETRIC_REPRESENTATION_CONTEXT(2) 
PARAMETRIC_REPRESENTATION_CONTEXT() REPRESENTATION_CONTEXT('2D SPACE',''
  ) );
#3358 = ORIENTED_EDGE('',*,*,#1250,.F.);
#3359 = ORIENTED_EDGE('',*,*,#3338,.F.);
#3360 = ADVANCED_FACE('',(#3361),#1306,.F.);
#3361 = FACE_BOUND('',#3362,.T.);
#3362 = EDGE_LOOP('',(#3363,#3364,#3385,#3386));
#3363 = ORIENTED_EDGE('',*,*,#2429,.T.);
#3364 = ORIENTED_EDGE('',*,*,#3365,.T.);
#3365 = EDGE_CURVE('',#2430,#1286,#3366,.T.);
#3366 = SEAM_CURVE('',#3367,(#3371,#3378),.PCURVE_S1.);
#3367 = LINE('',#3368,#3369);
#3368 = CARTESIAN_POINT('',(143.7,105.,12.));
#3369 = VECTOR('',#3370,1.);
#3370 = DIRECTION('',(0.,0.,1.));
#3371 = PCURVE('',#1306,#3372);
#3372 = DEFINITIONAL_REPRESENTATION('',(#3373),#3377);
#3373 = LINE('',#3374,#3375);
#3374 = CARTESIAN_POINT('',(-6.28318530718,0.));
#3375 = VECTOR('',#3376,1.);
#3376 = DIRECTION('',(-0.,-1.));
#3377 = ( GEOMETRIC_REPRESENTATION_CONTEXT(2) 
PARAMETRIC_REPRESENTATION_CONTEXT() REPRESENTATION_CONTEXT('2D SPACE',''
  ) );
#3378 = PCURVE('',#1306,#3379);
#3379 = DEFINITIONAL_REPRESENTATION('',(#3380),#3384);
#3380 = LINE('',#3381,#3382);
#3381 = CARTESIAN_POINT('',(-0.,0.));
#3382 = VECTOR('',#3383,1.);
#3383 = DIRECTION('',(-0.,-1.));
#3384 = ( GEOMETRIC_REPRESENTATION_CONTEXT(2) 
PARAMETRIC_REPRESENTATION_CONTEXT() REPRESENTATION_CONTEXT('2D SPACE',''
  ) );
#3385 = ORIENTED_EDGE('',*,*,#1285,.F.);
#3386 = ORIENTED_EDGE('',*,*,#3365,.F.);
#3387 = ADVANCED_FACE('',(#3388),#1341,.F.);
#3388 = FACE_BOUND('',#3389,.T.);
#3389 = EDGE_LOOP('',(#3390,#3391,#3412,#3413));
#3390 = ORIENTED_EDGE('',*,*,#2459,.T.);
#3391 = ORIENTED_EDGE('',*,*,#3392,.T.);
#3392 = EDGE_CURVE('',#2460,#1321,#3393,.T.);
#3393 = SEAM_CURVE('',#3394,(#3398,#3405),.PCURVE_S1.);
#3394 = LINE('',#3395,#3396);
#3395 = CARTESIAN_POINT('',(115.,120.,12.));
#3396 = VECTOR('',#3397,1.);
#3397 = DIRECTION('',(0.,0.,1.));
#3398 = PCURVE('',#1341,#3399);
#3399 = DEFINITIONAL_REPRESENTATION('',(#3400),#3404);
#3400 = LINE('',#3401,#3402);
#3401 = CARTESIAN_POINT('',(-6.28318530718,0.));
#3402 = VECTOR('',#3403,1.);
#3403 = DIRECTION('',(-0.,-1.));
#3404 = ( GEOMETRIC_REPRESENTATION_CONTEXT(2) 
PARAMETRIC_REPRESENTATION_CONTEXT() REPRESENTATION_CONTEXT('2D SPACE',''
  ) );
#3405 = PCURVE('',#1341,#3406);
#3406 = DEFINITIONAL_REPRESENTATION('',(#3407),#3411);
#3407 = LINE('',#3408,#3409);
#3408 = CARTESIAN_POINT('',(-0.,0.));
#3409 = VECTOR('',#3410,1.);
#3410 = DIRECTION('',(-0.,-1.));
#3411 = ( GEOMETRIC_REPRESENTATION_CONTEXT(2) 
PARAMETRIC_REPRESENTATION_CONTEXT() REPRESENTATION_CONTEXT('2D SPACE',''
  ) );
#3412 = ORIENTED_EDGE('',*,*,#1320,.F.);
#3413 = ORIENTED_EDGE('',*,*,#3392,.F.);
#3414 = ADVANCED_FACE('',(#3415),#1376,.F.);
#3415 = FACE_BOUND('',#3416,.T.);
#3416 = EDGE_LOOP('',(#3417,#3418,#3439,#3440));
#3417 = ORIENTED_EDGE('',*,*,#2489,.T.);
#3418 = ORIENTED_EDGE('',*,*,#3419,.T.);
#3419 = EDGE_CURVE('',#2490,#1356,#3420,.T.);
#3420 = SEAM_CURVE('',#3421,(#3425,#3432),.PCURVE_S1.);
#3421 = LINE('',#3422,#3423);
#3422 = CARTESIAN_POINT('',(135.,142.,12.));
#3423 = VECTOR('',#3424,1.);
#3424 = DIRECTION('',(0.,0.,1.));
#3425 = PCURVE('',#1376,#3426);
#3426 = DEFINITIONAL_REPRESENTATION('',(#3427),#3431);
#3427 = LINE('',#3428,#3429);
#3428 = CARTESIAN_POINT('',(-6.28318530718,0.));
#3429 = VECTOR('',#3430,1.);
#3430 = DIRECTION('',(-0.,-1.));
#3431 = ( GEOMETRIC_REPRESENTATION_CONTEXT(2) 
PARAMETRIC_REPRESENTATION_CONTEXT() REPRESENTATION_CONTEXT('2D SPACE',''
  ) );
#3432 = PCURVE('',#1376,#3433);
#3433 = DEFINITIONAL_REPRESENTATION('',(#3434),#3438);
#3434 = LINE('',#3435,#3436);
#3435 = CARTESIAN_POINT('',(-0.,0.));
#3436 = VECTOR('',#3437,1.);
#3437 = DIRECTION('',(-0.,-1.));
#3438 = ( GEOMETRIC_REPRESENTATION_CONTEXT(2) 
PARAMETRIC_REPRESENTATION_CONTEXT() REPRESENTATION_CONTEXT('2D SPACE',''
  ) );
#3439 = ORIENTED_EDGE('',*,*,#1355,.F.);
#3440 = ORIENTED_EDGE('',*,*,#3419,.F.);
#3441 = ( GEOMETRIC_REPRESENTATION_CONTEXT(3) 
GLOBAL_UNCERTAINTY_ASSIGNED_CONTEXT((#3445)) 
GLOBAL_UNIT_ASSIGNED_CONTEXT((#3442,#3443,#3444)) REPRESENTATION_CONTEXT
('Context #1','3D Context with UNIT and UNCERTAINTY') );
#3442 = ( LENGTH_UNIT() NAMED_UNIT(*) SI_UNIT(.MILLI.,.METRE.) );
#3443 = ( NAMED_UNIT(*) PLANE_ANGLE_UNIT() SI_UNIT($,.RADIAN.) );
#3444 = ( NAMED_UNIT(*) SI_UNIT($,.STERADIAN.) SOLID_ANGLE_UNIT() );
#3445 = UNCERTAINTY_MEASURE_WITH_UNIT(LENGTH_MEASURE(1.E-07),#3442,
  'distance_accuracy_value','confusion accuracy');
#3446 = PRODUCT_RELATED_PRODUCT_CATEGORY('part',$,(#7));
ENDSEC;
END-ISO-10303-21;
