ISO-10303-21;
HEADER;
FILE_DESCRIPTION(('Open CASCADE Model'),'2;1');
FILE_NAME('Open CASCADE Shape Model','2026-09-07T13:22:18',('Author'),(
    'Open CASCADE'),'Open CASCADE STEP processor 7.9','Open CASCADE 7.9'
  ,'Unknown');
FILE_SCHEMA(('AUTOMOTIVE_DESIGN { 1 0 10303 214 1 1 1 1 }'));
ENDSEC;
DATA;
#1 = APPLICATION_PROTOCOL_DEFINITION('international standard',
  'automotive_design',2000,#2);
#2 = APPLICATION_CONTEXT(
  'core data for automotive mechanical design processes');
#3 = SHAPE_DEFINITION_REPRESENTATION(#4,#10);
#4 = PRODUCT_DEFINITION_SHAPE('','',#5);
#5 = PRODUCT_DEFINITION('design','',#6,#9);
#6 = PRODUCT_DEFINITION_FORMATION('','',#7);
#7 = PRODUCT('Open CASCADE STEP translator 7.9 18',
  'Open CASCADE STEP translator 7.9 18','',(#8));
#8 = PRODUCT_CONTEXT('',#2,'mechanical');
#9 = PRODUCT_DEFINITION_CONTEXT('part definition',#2,'design');
#10 = ADVANCED_BREP_SHAPE_REPRESENTATION('',(#11,#15),#3416);
#11 = AXIS2_PLACEMENT_3D('',#12,#13,#14);
#12 = CARTESIAN_POINT('',(0.,0.,0.));
#13 = DIRECTION('',(0.,0.,1.));
#14 = DIRECTION('',(1.,0.,-0.));
#15 = MANIFOLD_SOLID_BREP('',#16);
#16 = CLOSED_SHELL('',(#17,#137,#2581,#2700,#3085,#3202,#3229,#3355,
    #3362,#3389));
#17 = ADVANCED_FACE('',(#18),#32,.F.);
#18 = FACE_BOUND('',#19,.F.);
#19 = EDGE_LOOP('',(#20,#55,#83,#111));
#20 = ORIENTED_EDGE('',*,*,#21,.F.);
#21 = EDGE_CURVE('',#22,#24,#26,.T.);
#22 = VERTEX_POINT('',#23);
#23 = CARTESIAN_POINT('',(12.,13.,24.));
#24 = VERTEX_POINT('',#25);
#25 = CARTESIAN_POINT('',(12.,13.,29.));
#26 = SURFACE_CURVE('',#27,(#31,#43),.PCURVE_S1.);
#27 = LINE('',#28,#29);
#28 = CARTESIAN_POINT('',(12.,13.,24.));
#29 = VECTOR('',#30,1.);
#30 = DIRECTION('',(0.,0.,1.));
#31 = PCURVE('',#32,#37);
#32 = PLANE('',#33);
#33 = AXIS2_PLACEMENT_3D('',#34,#35,#36);
#34 = CARTESIAN_POINT('',(12.,13.,24.));
#35 = DIRECTION('',(1.,0.,0.));
#36 = DIRECTION('',(0.,0.,1.));
#37 = DEFINITIONAL_REPRESENTATION('',(#38),#42);
#38 = LINE('',#39,#40);
#39 = CARTESIAN_POINT('',(0.,0.));
#40 = VECTOR('',#41,1.);
#41 = DIRECTION('',(1.,0.));
#42 = ( GEOMETRIC_REPRESENTATION_CONTEXT(2) 
PARAMETRIC_REPRESENTATION_CONTEXT() REPRESENTATION_CONTEXT('2D SPACE',''
  ) );
#43 = PCURVE('',#44,#49);
#44 = PLANE('',#45);
#45 = AXIS2_PLACEMENT_3D('',#46,#47,#48);
#46 = CARTESIAN_POINT('',(12.,13.,24.));
#47 = DIRECTION('',(0.,1.,0.));
#48 = DIRECTION('',(0.,0.,1.));
#49 = DEFINITIONAL_REPRESENTATION('',(#50),#54);
#50 = LINE('',#51,#52);
#51 = CARTESIAN_POINT('',(0.,0.));
#52 = VECTOR('',#53,1.);
#53 = DIRECTION('',(1.,0.));
#54 = ( GEOMETRIC_REPRESENTATION_CONTEXT(2) 
PARAMETRIC_REPRESENTATION_CONTEXT() REPRESENTATION_CONTEXT('2D SPACE',''
  ) );
#55 = ORIENTED_EDGE('',*,*,#56,.T.);
#56 = EDGE_CURVE('',#22,#57,#59,.T.);
#57 = VERTEX_POINT('',#58);
#58 = CARTESIAN_POINT('',(12.,23.,24.));
#59 = SURFACE_CURVE('',#60,(#64,#71),.PCURVE_S1.);
#60 = LINE('',#61,#62);
#61 = CARTESIAN_POINT('',(12.,13.,24.));
#62 = VECTOR('',#63,1.);
#63 = DIRECTION('',(0.,1.,0.));
#64 = PCURVE('',#32,#65);
#65 = DEFINITIONAL_REPRESENTATION('',(#66),#70);
#66 = LINE('',#67,#68);
#67 = CARTESIAN_POINT('',(0.,0.));
#68 = VECTOR('',#69,1.);
#69 = DIRECTION('',(0.,-1.));
#70 = ( GEOMETRIC_REPRESENTATION_CONTEXT(2) 
PARAMETRIC_REPRESENTATION_CONTEXT() REPRESENTATION_CONTEXT('2D SPACE',''
  ) );
#71 = PCURVE('',#72,#77);
#72 = PLANE('',#73);
#73 = AXIS2_PLACEMENT_3D('',#74,#75,#76);
#74 = CARTESIAN_POINT('',(12.,13.,24.));
#75 = DIRECTION('',(0.,0.,1.));
#76 = DIRECTION('',(1.,0.,0.));
#77 = DEFINITIONAL_REPRESENTATION('',(#78),#82);
#78 = LINE('',#79,#80);
#79 = CARTESIAN_POINT('',(0.,0.));
#80 = VECTOR('',#81,1.);
#81 = DIRECTION('',(0.,1.));
#82 = ( GEOMETRIC_REPRESENTATION_CONTEXT(2) 
PARAMETRIC_REPRESENTATION_CONTEXT() REPRESENTATION_CONTEXT('2D SPACE',''
  ) );
#83 = ORIENTED_EDGE('',*,*,#84,.T.);
#84 = EDGE_CURVE('',#57,#85,#87,.T.);
#85 = VERTEX_POINT('',#86);
#86 = CARTESIAN_POINT('',(12.,23.,29.));
#87 = SURFACE_CURVE('',#88,(#92,#99),.PCURVE_S1.);
#88 = LINE('',#89,#90);
#89 = CARTESIAN_POINT('',(12.,23.,24.));
#90 = VECTOR('',#91,1.);
#91 = DIRECTION('',(0.,0.,1.));
#92 = PCURVE('',#32,#93);
#93 = DEFINITIONAL_REPRESENTATION('',(#94),#98);
#94 = LINE('',#95,#96);
#95 = CARTESIAN_POINT('',(0.,-10.));
#96 = VECTOR('',#97,1.);
#97 = DIRECTION('',(1.,0.));
#98 = ( GEOMETRIC_REPRESENTATION_CONTEXT(2) 
PARAMETRIC_REPRESENTATION_CONTEXT() REPRESENTATION_CONTEXT('2D SPACE',''
  ) );
#99 = PCURVE('',#100,#105);
#100 = PLANE('',#101);
#101 = AXIS2_PLACEMENT_3D('',#102,#103,#104);
#102 = CARTESIAN_POINT('',(12.,23.,24.));
#103 = DIRECTION('',(0.,1.,0.));
#104 = DIRECTION('',(0.,0.,1.));
#105 = DEFINITIONAL_REPRESENTATION('',(#106),#110);
#106 = LINE('',#107,#108);
#107 = CARTESIAN_POINT('',(0.,0.));
#108 = VECTOR('',#109,1.);
#109 = DIRECTION('',(1.,0.));
#110 = ( GEOMETRIC_REPRESENTATION_CONTEXT(2) 
PARAMETRIC_REPRESENTATION_CONTEXT() REPRESENTATION_CONTEXT('2D SPACE',''
  ) );
#111 = ORIENTED_EDGE('',*,*,#112,.F.);
#112 = EDGE_CURVE('',#24,#85,#113,.T.);
#113 = SURFACE_CURVE('',#114,(#118,#125),.PCURVE_S1.);
#114 = LINE('',#115,#116);
#115 = CARTESIAN_POINT('',(12.,13.,29.));
#116 = VECTOR('',#117,1.);
#117 = DIRECTION('',(0.,1.,0.));
#118 = PCURVE('',#32,#119);
#119 = DEFINITIONAL_REPRESENTATION('',(#120),#124);
#120 = LINE('',#121,#122);
#121 = CARTESIAN_POINT('',(5.,0.));
#122 = VECTOR('',#123,1.);
#123 = DIRECTION('',(0.,-1.));
#124 = ( GEOMETRIC_REPRESENTATION_CONTEXT(2) 
PARAMETRIC_REPRESENTATION_CONTEXT() REPRESENTATION_CONTEXT('2D SPACE',''
  ) );
#125 = PCURVE('',#126,#131);
#126 = PLANE('',#127);
#127 = AXIS2_PLACEMENT_3D('',#128,#129,#130);
#128 = CARTESIAN_POINT('',(12.,13.,29.));
#129 = DIRECTION('',(0.,0.,1.));
#130 = DIRECTION('',(1.,0.,0.));
#131 = DEFINITIONAL_REPRESENTATION('',(#132),#136);
#132 = LINE('',#133,#134);
#133 = CARTESIAN_POINT('',(0.,0.));
#134 = VECTOR('',#135,1.);
#135 = DIRECTION('',(0.,1.));
#136 = ( GEOMETRIC_REPRESENTATION_CONTEXT(2) 
PARAMETRIC_REPRESENTATION_CONTEXT() REPRESENTATION_CONTEXT('2D SPACE',''
  ) );
#137 = ADVANCED_FACE('',(#138),#44,.F.);
#138 = FACE_BOUND('',#139,.F.);
#139 = EDGE_LOOP('',(#140,#163,#164,#187,#215,#243));
#140 = ORIENTED_EDGE('',*,*,#141,.F.);
#141 = EDGE_CURVE('',#22,#142,#144,.T.);
#142 = VERTEX_POINT('',#143);
#143 = CARTESIAN_POINT('',(18.867247659038,13.,24.));
#144 = SURFACE_CURVE('',#145,(#149,#156),.PCURVE_S1.);
#145 = LINE('',#146,#147);
#146 = CARTESIAN_POINT('',(12.,13.,24.));
#147 = VECTOR('',#148,1.);
#148 = DIRECTION('',(1.,0.,0.));
#149 = PCURVE('',#44,#150);
#150 = DEFINITIONAL_REPRESENTATION('',(#151),#155);
#151 = LINE('',#152,#153);
#152 = CARTESIAN_POINT('',(0.,0.));
#153 = VECTOR('',#154,1.);
#154 = DIRECTION('',(0.,1.));
#155 = ( GEOMETRIC_REPRESENTATION_CONTEXT(2) 
PARAMETRIC_REPRESENTATION_CONTEXT() REPRESENTATION_CONTEXT('2D SPACE',''
  ) );
#156 = PCURVE('',#72,#157);
#157 = DEFINITIONAL_REPRESENTATION('',(#158),#162);
#158 = LINE('',#159,#160);
#159 = CARTESIAN_POINT('',(0.,0.));
#160 = VECTOR('',#161,1.);
#161 = DIRECTION('',(1.,0.));
#162 = ( GEOMETRIC_REPRESENTATION_CONTEXT(2) 
PARAMETRIC_REPRESENTATION_CONTEXT() REPRESENTATION_CONTEXT('2D SPACE',''
  ) );
#163 = ORIENTED_EDGE('',*,*,#21,.T.);
#164 = ORIENTED_EDGE('',*,*,#165,.T.);
#165 = EDGE_CURVE('',#24,#166,#168,.T.);
#166 = VERTEX_POINT('',#167);
#167 = CARTESIAN_POINT('',(32.,13.,29.));
#168 = SURFACE_CURVE('',#169,(#173,#180),.PCURVE_S1.);
#169 = LINE('',#170,#171);
#170 = CARTESIAN_POINT('',(12.,13.,29.));
#171 = VECTOR('',#172,1.);
#172 = DIRECTION('',(1.,0.,0.));
#173 = PCURVE('',#44,#174);
#174 = DEFINITIONAL_REPRESENTATION('',(#175),#179);
#175 = LINE('',#176,#177);
#176 = CARTESIAN_POINT('',(5.,0.));
#177 = VECTOR('',#178,1.);
#178 = DIRECTION('',(0.,1.));
#179 = ( GEOMETRIC_REPRESENTATION_CONTEXT(2) 
PARAMETRIC_REPRESENTATION_CONTEXT() REPRESENTATION_CONTEXT('2D SPACE',''
  ) );
#180 = PCURVE('',#126,#181);
#181 = DEFINITIONAL_REPRESENTATION('',(#182),#186);
#182 = LINE('',#183,#184);
#183 = CARTESIAN_POINT('',(0.,0.));
#184 = VECTOR('',#185,1.);
#185 = DIRECTION('',(1.,0.));
#186 = ( GEOMETRIC_REPRESENTATION_CONTEXT(2) 
PARAMETRIC_REPRESENTATION_CONTEXT() REPRESENTATION_CONTEXT('2D SPACE',''
  ) );
#187 = ORIENTED_EDGE('',*,*,#188,.F.);
#188 = EDGE_CURVE('',#189,#166,#191,.T.);
#189 = VERTEX_POINT('',#190);
#190 = CARTESIAN_POINT('',(32.,13.,24.));
#191 = SURFACE_CURVE('',#192,(#196,#203),.PCURVE_S1.);
#192 = LINE('',#193,#194);
#193 = CARTESIAN_POINT('',(32.,13.,24.));
#194 = VECTOR('',#195,1.);
#195 = DIRECTION('',(0.,0.,1.));
#196 = PCURVE('',#44,#197);
#197 = DEFINITIONAL_REPRESENTATION('',(#198),#202);
#198 = LINE('',#199,#200);
#199 = CARTESIAN_POINT('',(0.,20.));
#200 = VECTOR('',#201,1.);
#201 = DIRECTION('',(1.,0.));
#202 = ( GEOMETRIC_REPRESENTATION_CONTEXT(2) 
PARAMETRIC_REPRESENTATION_CONTEXT() REPRESENTATION_CONTEXT('2D SPACE',''
  ) );
#203 = PCURVE('',#204,#209);
#204 = PLANE('',#205);
#205 = AXIS2_PLACEMENT_3D('',#206,#207,#208);
#206 = CARTESIAN_POINT('',(32.,13.,24.));
#207 = DIRECTION('',(1.,0.,0.));
#208 = DIRECTION('',(0.,0.,1.));
#209 = DEFINITIONAL_REPRESENTATION('',(#210),#214);
#210 = LINE('',#211,#212);
#211 = CARTESIAN_POINT('',(0.,0.));
#212 = VECTOR('',#213,1.);
#213 = DIRECTION('',(1.,0.));
#214 = ( GEOMETRIC_REPRESENTATION_CONTEXT(2) 
PARAMETRIC_REPRESENTATION_CONTEXT() REPRESENTATION_CONTEXT('2D SPACE',''
  ) );
#215 = ORIENTED_EDGE('',*,*,#216,.F.);
#216 = EDGE_CURVE('',#217,#189,#219,.T.);
#217 = VERTEX_POINT('',#218);
#218 = CARTESIAN_POINT('',(23.848440260275,13.,24.));
#219 = SURFACE_CURVE('',#220,(#224,#231),.PCURVE_S1.);
#220 = LINE('',#221,#222);
#221 = CARTESIAN_POINT('',(12.,13.,24.));
#222 = VECTOR('',#223,1.);
#223 = DIRECTION('',(1.,0.,0.));
#224 = PCURVE('',#44,#225);
#225 = DEFINITIONAL_REPRESENTATION('',(#226),#230);
#226 = LINE('',#227,#228);
#227 = CARTESIAN_POINT('',(0.,0.));
#228 = VECTOR('',#229,1.);
#229 = DIRECTION('',(0.,1.));
#230 = ( GEOMETRIC_REPRESENTATION_CONTEXT(2) 
PARAMETRIC_REPRESENTATION_CONTEXT() REPRESENTATION_CONTEXT('2D SPACE',''
  ) );
#231 = PCURVE('',#232,#237);
#232 = PLANE('',#233);
#233 = AXIS2_PLACEMENT_3D('',#234,#235,#236);
#234 = CARTESIAN_POINT('',(12.,13.,24.));
#235 = DIRECTION('',(0.,0.,1.));
#236 = DIRECTION('',(1.,0.,0.));
#237 = DEFINITIONAL_REPRESENTATION('',(#238),#242);
#238 = LINE('',#239,#240);
#239 = CARTESIAN_POINT('',(0.,0.));
#240 = VECTOR('',#241,1.);
#241 = DIRECTION('',(1.,0.));
#242 = ( GEOMETRIC_REPRESENTATION_CONTEXT(2) 
PARAMETRIC_REPRESENTATION_CONTEXT() REPRESENTATION_CONTEXT('2D SPACE',''
  ) );
#243 = ORIENTED_EDGE('',*,*,#244,.F.);
#244 = EDGE_CURVE('',#142,#217,#245,.T.);
#245 = SURFACE_CURVE('',#246,(#317,#391),.PCURVE_S1.);
#246 = B_SPLINE_CURVE_WITH_KNOTS('',5,(#247,#248,#249,#250,#251,#252,
    #253,#254,#255,#256,#257,#258,#259,#260,#261,#262,#263,#264,#265,
    #266,#267,#268,#269,#270,#271,#272,#273,#274,#275,#276,#277,#278,
    #279,#280,#281,#282,#283,#284,#285,#286,#287,#288,#289,#290,#291,
    #292,#293,#294,#295,#296,#297,#298,#299,#300,#301,#302,#303,#304,
    #305,#306,#307,#308,#309,#310,#311,#312,#313,#314,#315,#316),
  .UNSPECIFIED.,.F.,.F.,(6,4,4,4,4,4,4,4,4,4,4,4,4,4,4,4,4,6),(0.,
    0.139193322722,0.224974613564,0.411519811614,0.662250507037,
    0.785647686586,1.,1.175585276387,1.289332733923,1.564119726654,
    1.873135220531,2.01528511605,2.247028252181,2.473983102434,
    2.614139001127,2.70670077961,2.930674840404,3.179361635555),
  .UNSPECIFIED.);
#247 = CARTESIAN_POINT('',(18.867247659038,13.,24.));
#248 = CARTESIAN_POINT('',(18.836535557128,13.,24.085629456012));
#249 = CARTESIAN_POINT('',(18.8093379157,13.,24.172885479953));
#250 = CARTESIAN_POINT('',(18.785772842139,13.,24.261568247133));
#251 = CARTESIAN_POINT('',(18.765943109311,13.,24.35145827438));
#252 = CARTESIAN_POINT('',(18.740058326485,13.,24.498305892701));
#253 = CARTESIAN_POINT('',(18.731637339203,13.,24.55466481343));
#254 = CARTESIAN_POINT('',(18.724683721319,13.,24.61133418927));
#255 = CARTESIAN_POINT('',(18.719212234524,13.,24.668255193471));
#256 = CARTESIAN_POINT('',(18.706581855779,13.,24.849564654101));
#257 = CARTESIAN_POINT('',(18.704990187161,13.,24.974667825555));
#258 = CARTESIAN_POINT('',(18.710569912157,13.,25.100036770308));
#259 = CARTESIAN_POINT('',(18.723333076406,13.,25.225013498299));
#260 = CARTESIAN_POINT('',(18.769847623381,13.,25.515476826885));
#261 = CARTESIAN_POINT('',(18.809313533034,13.,25.680128231616));
#262 = CARTESIAN_POINT('',(18.861320992943,13.,25.841233560582));
#263 = CARTESIAN_POINT('',(18.925271703032,13.,25.997317639032));
#264 = CARTESIAN_POINT('',(19.037230526306,13.,26.220784350312));
#265 = CARTESIAN_POINT('',(19.076843620449,13.,26.292962273353));
#266 = CARTESIAN_POINT('',(19.119041759451,13.,26.363462811247));
#267 = CARTESIAN_POINT('',(19.163714491257,13.,26.432151627489));
#268 = CARTESIAN_POINT('',(19.292433149984,13.,26.61487595591));
#269 = CARTESIAN_POINT('',(19.381231453386,13.,26.72501806084));
#270 = CARTESIAN_POINT('',(19.476512915811,13.,26.828714513709));
#271 = CARTESIAN_POINT('',(19.577606375872,13.,26.925499065097));
#272 = CARTESIAN_POINT('',(19.770860022513,13.,27.088338822293));
#273 = CARTESIAN_POINT('',(19.861374023589,13.,27.156823783343));
#274 = CARTESIAN_POINT('',(19.955019911588,13.,27.220262912518));
#275 = CARTESIAN_POINT('',(20.05143519326,13.,27.278500216642));
#276 = CARTESIAN_POINT('',(20.214288272918,13.,27.365693149309));
#277 = CARTESIAN_POINT('',(20.279325012591,13.,27.397737900297));
#278 = CARTESIAN_POINT('',(20.345278296648,13.,27.427515935744));
#279 = CARTESIAN_POINT('',(20.412052481309,13.,27.454999918064));
#280 = CARTESIAN_POINT('',(20.642617875292,13.,27.540967643853));
#281 = CARTESIAN_POINT('',(20.809917049892,13.,27.588249323651));
#282 = CARTESIAN_POINT('',(20.980125507069,13.,27.62170501243));
#283 = CARTESIAN_POINT('',(21.151926217611,13.,27.641170658348));
#284 = CARTESIAN_POINT('',(21.517529967249,13.,27.652710125048));
#285 = CARTESIAN_POINT('',(21.711401600827,13.,27.641069636037));
#286 = CARTESIAN_POINT('',(21.9037605442,13.,27.611620898881));
#287 = CARTESIAN_POINT('',(22.092685821089,13.,27.564495994736));
#288 = CARTESIAN_POINT('',(22.360642933381,13.,27.470489904017));
#289 = CARTESIAN_POINT('',(22.443926609392,13.,27.437218800702));
#290 = CARTESIAN_POINT('',(22.525875773559,13.,27.400335663142));
#291 = CARTESIAN_POINT('',(22.606296721926,13.,27.359895850247));
#292 = CARTESIAN_POINT('',(22.813292743559,13.,27.24435824962));
#293 = CARTESIAN_POINT('',(22.937012474859,13.,27.163480429335));
#294 = CARTESIAN_POINT('',(23.055305517486,13.,27.073646579714));
#295 = CARTESIAN_POINT('',(23.167324716916,13.,26.975282014789));
#296 = CARTESIAN_POINT('',(23.375025177479,13.,26.764849424079));
#297 = CARTESIAN_POINT('',(23.470999070809,13.,26.653103558004));
#298 = CARTESIAN_POINT('',(23.559415513712,13.,26.534279792261));
#299 = CARTESIAN_POINT('',(23.63956306745,13.,26.409053893422));
#300 = CARTESIAN_POINT('',(23.754840753001,13.,26.197477961243));
#301 = CARTESIAN_POINT('',(23.795465675088,13.,26.114575297908));
#302 = CARTESIAN_POINT('',(23.832560238984,13.,26.029739924652));
#303 = CARTESIAN_POINT('',(23.865999579448,13.,25.943183637162));
#304 = CARTESIAN_POINT('',(23.915278923074,13.,25.796987132804));
#305 = CARTESIAN_POINT('',(23.933239445306,13.,25.738187779311));
#306 = CARTESIAN_POINT('',(23.949529860125,13.,25.678803665901));
#307 = CARTESIAN_POINT('',(23.964124665204,13.,25.618903322496));
#308 = CARTESIAN_POINT('',(24.008164968211,13.,25.412538295223));
#309 = CARTESIAN_POINT('',(24.029277937386,13.,25.263906308424));
#310 = CARTESIAN_POINT('',(24.040044469796,13.,25.113682376914));
#311 = CARTESIAN_POINT('',(24.040344700722,13.,24.962925206543));
#312 = CARTESIAN_POINT('',(24.019042987056,13.,24.645943696636));
#313 = CARTESIAN_POINT('',(23.995019553551,13.,24.479832747345));
#314 = CARTESIAN_POINT('',(23.958280245571,13.,24.315879108439));
#315 = CARTESIAN_POINT('',(23.90920841052,13.,24.15549506358));
#316 = CARTESIAN_POINT('',(23.848440260275,13.,24.));
#317 = PCURVE('',#44,#318);
#318 = DEFINITIONAL_REPRESENTATION('',(#319),#390);
#319 = B_SPLINE_CURVE_WITH_KNOTS('',5,(#320,#321,#322,#323,#324,#325,
    #326,#327,#328,#329,#330,#331,#332,#333,#334,#335,#336,#337,#338,
    #339,#340,#341,#342,#343,#344,#345,#346,#347,#348,#349,#350,#351,
    #352,#353,#354,#355,#356,#357,#358,#359,#360,#361,#362,#363,#364,
    #365,#366,#367,#368,#369,#370,#371,#372,#373,#374,#375,#376,#377,
    #378,#379,#380,#381,#382,#383,#384,#385,#386,#387,#388,#389),
  .UNSPECIFIED.,.F.,.F.,(6,4,4,4,4,4,4,4,4,4,4,4,4,4,4,4,4,6),(0.,
    0.139193322722,0.224974613564,0.411519811614,0.662250507037,
    0.785647686586,1.,1.175585276387,1.289332733923,1.564119726654,
    1.873135220531,2.01528511605,2.247028252181,2.473983102434,
    2.614139001127,2.70670077961,2.930674840404,3.179361635555),
  .UNSPECIFIED.);
#320 = CARTESIAN_POINT('',(0.,6.867247659038));
#321 = CARTESIAN_POINT('',(8.562945601223E-02,6.836535557128));
#322 = CARTESIAN_POINT('',(0.172885479953,6.8093379157));
#323 = CARTESIAN_POINT('',(0.261568247133,6.785772842139));
#324 = CARTESIAN_POINT('',(0.35145827438,6.765943109311));
#325 = CARTESIAN_POINT('',(0.498305892701,6.740058326485));
#326 = CARTESIAN_POINT('',(0.55466481343,6.731637339203));
#327 = CARTESIAN_POINT('',(0.61133418927,6.724683721319));
#328 = CARTESIAN_POINT('',(0.668255193471,6.719212234524));
#329 = CARTESIAN_POINT('',(0.849564654101,6.706581855779));
#330 = CARTESIAN_POINT('',(0.974667825555,6.704990187161));
#331 = CARTESIAN_POINT('',(1.100036770308,6.710569912157));
#332 = CARTESIAN_POINT('',(1.225013498299,6.723333076406));
#333 = CARTESIAN_POINT('',(1.515476826885,6.769847623381));
#334 = CARTESIAN_POINT('',(1.680128231616,6.809313533034));
#335 = CARTESIAN_POINT('',(1.841233560582,6.861320992943));
#336 = CARTESIAN_POINT('',(1.997317639032,6.925271703032));
#337 = CARTESIAN_POINT('',(2.220784350312,7.037230526306));
#338 = CARTESIAN_POINT('',(2.292962273353,7.076843620449));
#339 = CARTESIAN_POINT('',(2.363462811247,7.119041759451));
#340 = CARTESIAN_POINT('',(2.432151627489,7.163714491257));
#341 = CARTESIAN_POINT('',(2.61487595591,7.292433149984));
#342 = CARTESIAN_POINT('',(2.72501806084,7.381231453386));
#343 = CARTESIAN_POINT('',(2.828714513709,7.476512915811));
#344 = CARTESIAN_POINT('',(2.925499065097,7.577606375872));
#345 = CARTESIAN_POINT('',(3.088338822293,7.770860022513));
#346 = CARTESIAN_POINT('',(3.156823783343,7.861374023589));
#347 = CARTESIAN_POINT('',(3.220262912518,7.955019911588));
#348 = CARTESIAN_POINT('',(3.278500216642,8.05143519326));
#349 = CARTESIAN_POINT('',(3.365693149309,8.214288272918));
#350 = CARTESIAN_POINT('',(3.397737900297,8.279325012591));
#351 = CARTESIAN_POINT('',(3.427515935744,8.345278296648));
#352 = CARTESIAN_POINT('',(3.454999918064,8.412052481309));
#353 = CARTESIAN_POINT('',(3.540967643853,8.642617875292));
#354 = CARTESIAN_POINT('',(3.588249323651,8.809917049892));
#355 = CARTESIAN_POINT('',(3.62170501243,8.980125507069));
#356 = CARTESIAN_POINT('',(3.641170658348,9.151926217611));
#357 = CARTESIAN_POINT('',(3.652710125048,9.517529967249));
#358 = CARTESIAN_POINT('',(3.641069636037,9.711401600827));
#359 = CARTESIAN_POINT('',(3.611620898881,9.9037605442));
#360 = CARTESIAN_POINT('',(3.564495994736,10.092685821089));
#361 = CARTESIAN_POINT('',(3.470489904017,10.360642933381));
#362 = CARTESIAN_POINT('',(3.437218800702,10.443926609392));
#363 = CARTESIAN_POINT('',(3.400335663142,10.525875773559));
#364 = CARTESIAN_POINT('',(3.359895850247,10.606296721926));
#365 = CARTESIAN_POINT('',(3.24435824962,10.813292743559));
#366 = CARTESIAN_POINT('',(3.163480429335,10.937012474859));
#367 = CARTESIAN_POINT('',(3.073646579714,11.055305517486));
#368 = CARTESIAN_POINT('',(2.975282014789,11.167324716916));
#369 = CARTESIAN_POINT('',(2.764849424079,11.375025177479));
#370 = CARTESIAN_POINT('',(2.653103558004,11.470999070809));
#371 = CARTESIAN_POINT('',(2.534279792261,11.559415513712));
#372 = CARTESIAN_POINT('',(2.409053893422,11.63956306745));
#373 = CARTESIAN_POINT('',(2.197477961243,11.754840753001));
#374 = CARTESIAN_POINT('',(2.114575297908,11.795465675088));
#375 = CARTESIAN_POINT('',(2.029739924652,11.832560238984));
#376 = CARTESIAN_POINT('',(1.943183637162,11.865999579448));
#377 = CARTESIAN_POINT('',(1.796987132804,11.915278923074));
#378 = CARTESIAN_POINT('',(1.738187779311,11.933239445306));
#379 = CARTESIAN_POINT('',(1.678803665901,11.949529860125));
#380 = CARTESIAN_POINT('',(1.618903322496,11.964124665204));
#381 = CARTESIAN_POINT('',(1.412538295223,12.008164968211));
#382 = CARTESIAN_POINT('',(1.263906308424,12.029277937386));
#383 = CARTESIAN_POINT('',(1.113682376914,12.040044469796));
#384 = CARTESIAN_POINT('',(0.962925206543,12.040344700722));
#385 = CARTESIAN_POINT('',(0.645943696636,12.019042987056));
#386 = CARTESIAN_POINT('',(0.479832747345,11.995019553551));
#387 = CARTESIAN_POINT('',(0.315879108439,11.958280245571));
#388 = CARTESIAN_POINT('',(0.15549506358,11.90920841052));
#389 = CARTESIAN_POINT('',(0.,11.848440260275));
#390 = ( GEOMETRIC_REPRESENTATION_CONTEXT(2) 
PARAMETRIC_REPRESENTATION_CONTEXT() REPRESENTATION_CONTEXT('2D SPACE',''
  ) );
#391 = PCURVE('',#392,#2465);
#392 = ( BOUNDED_SURFACE() B_SPLINE_SURFACE(6,11,(
    (#393,#394,#395,#396,#397,#398,#399,#400,#401,#402,#403,#404,#405
      ,#406,#407,#408,#409,#410,#411,#412,#413,#414,#415,#416,#417,#418
      ,#419,#420,#421,#422,#423,#424,#425,#426,#427,#428,#429,#430,#431
      ,#432,#433,#434,#435,#436,#437,#438,#439,#440,#441,#442,#443,#444
      ,#445,#446,#447,#448,#449,#450,#451,#452,#453,#454,#455,#456,#457
      ,#458,#459,#460,#461,#462,#463,#464,#465,#466,#467,#468,#469,#470
      ,#471,#472,#473,#474,#475,#476,#477,#478,#479,#480,#481,#482,#483
      ,#484,#485,#486,#487,#488,#489,#490,#491,#492,#493,#494,#495,#496
      ,#497,#498,#499,#500,#501,#502,#503,#504,#505,#506,#507,#508,#509
      ,#510,#511,#512,#513,#514,#515,#516,#517,#518,#519,#520,#521,#522
      ,#523,#524,#525,#526,#527,#528,#529,#530,#531,#532,#533,#534,#535
      ,#536,#537,#538,#539,#540,#541,#542,#543,#544,#545,#546,#547,#548
      ,#549,#550,#551,#552,#553,#554,#555,#556,#557,#558,#559,#560,#561
      ,#562,#563,#564,#565,#566,#567,#568,#569,#570,#571,#572,#573,#574
      ,#575,#576,#577,#578,#579,#580,#581,#582,#583,#584,#585,#586,#587
      ,#588,#589,#590,#591,#592,#593,#594,#595,#596,#597,#598,#599,#600
      ,#601,#602,#603,#604,#605,#606,#607,#608,#609,#610,#611,#612,#613
      ,#614,#615,#616,#617,#618,#619,#620,#621,#622,#623,#624,#625,#626
      ,#627,#628,#629,#630,#631,#632,#633,#634,#635,#636,#637,#638,#639
      ,#640,#641,#642,#643,#644,#645,#646,#647,#648,#649,#650,#651,#652
      ,#653,#654,#655,#656,#657,#658,#659,#660,#661,#662,#663,#664,#665
      ,#666,#667,#668,#669,#670,#671,#672,#673,#674,#675,#676,#677,#678
      ,#679,#680,#681,#682,#683,#684,#685,#686,#687,#688)
    ,(#689,#690,#691,#692,#693,#694,#695,#696,#697,#698,#699,#700,#701
      ,#702,#703,#704,#705,#706,#707,#708,#709,#710,#711,#712,#713,#714
      ,#715,#716,#717,#718,#719,#720,#721,#722,#723,#724,#725,#726,#727
      ,#728,#729,#730,#731,#732,#733,#734,#735,#736,#737,#738,#739,#740
      ,#741,#742,#743,#744,#745,#746,#747,#748,#749,#750,#751,#752,#753
      ,#754,#755,#756,#757,#758,#759,#760,#761,#762,#763,#764,#765,#766
      ,#767,#768,#769,#770,#771,#772,#773,#774,#775,#776,#777,#778,#779
      ,#780,#781,#782,#783,#784,#785,#786,#787,#788,#789,#790,#791,#792
      ,#793,#794,#795,#796,#797,#798,#799,#800,#801,#802,#803,#804,#805
      ,#806,#807,#808,#809,#810,#811,#812,#813,#814,#815,#816,#817,#818
      ,#819,#820,#821,#822,#823,#824,#825,#826,#827,#828,#829,#830,#831
      ,#832,#833,#834,#835,#836,#837,#838,#839,#840,#841,#842,#843,#844
      ,#845,#846,#847,#848,#849,#850,#851,#852,#853,#854,#855,#856,#857
      ,#858,#859,#860,#861,#862,#863,#864,#865,#866,#867,#868,#869,#870
      ,#871,#872,#873,#874,#875,#876,#877,#878,#879,#880,#881,#882,#883
      ,#884,#885,#886,#887,#888,#889,#890,#891,#892,#893,#894,#895,#896
      ,#897,#898,#899,#900,#901,#902,#903,#904,#905,#906,#907,#908,#909
      ,#910,#911,#912,#913,#914,#915,#916,#917,#918,#919,#920,#921,#922
      ,#923,#924,#925,#926,#927,#928,#929,#930,#931,#932,#933,#934,#935
      ,#936,#937,#938,#939,#940,#941,#942,#943,#944,#945,#946,#947,#948
      ,#949,#950,#951,#952,#953,#954,#955,#956,#957,#958,#959,#960,#961
      ,#962,#963,#964,#965,#966,#967,#968,#969,#970,#971,#972,#973,#974
      ,#975,#976,#977,#978,#979,#980,#981,#982,#983,#984)
    ,(#985,#986,#987,#988,#989,#990,#991,#992,#993,#994,#995,#996,#997
      ,#998,#999,#1000,#1001,#1002,#1003,#1004,#1005,#1006,#1007,#1008
      ,#1009,#1010,#1011,#1012,#1013,#1014,#1015,#1016,#1017,#1018,#1019
      ,#1020,#1021,#1022,#1023,#1024,#1025,#1026,#1027,#1028,#1029,#1030
      ,#1031,#1032,#1033,#1034,#1035,#1036,#1037,#1038,#1039,#1040,#1041
      ,#1042,#1043,#1044,#1045,#1046,#1047,#1048,#1049,#1050,#1051,#1052
      ,#1053,#1054,#1055,#1056,#1057,#1058,#1059,#1060,#1061,#1062,#1063
      ,#1064,#1065,#1066,#1067,#1068,#1069,#1070,#1071,#1072,#1073,#1074
      ,#1075,#1076,#1077,#1078,#1079,#1080,#1081,#1082,#1083,#1084,#1085
      ,#1086,#1087,#1088,#1089,#1090,#1091,#1092,#1093,#1094,#1095,#1096
      ,#1097,#1098,#1099,#1100,#1101,#1102,#1103,#1104,#1105,#1106,#1107
      ,#1108,#1109,#1110,#1111,#1112,#1113,#1114,#1115,#1116,#1117,#1118
      ,#1119,#1120,#1121,#1122,#1123,#1124,#1125,#1126,#1127,#1128,#1129
      ,#1130,#1131,#1132,#1133,#1134,#1135,#1136,#1137,#1138,#1139,#1140
      ,#1141,#1142,#1143,#1144,#1145,#1146,#1147,#1148,#1149,#1150,#1151
      ,#1152,#1153,#1154,#1155,#1156,#1157,#1158,#1159,#1160,#1161,#1162
      ,#1163,#1164,#1165,#1166,#1167,#1168,#1169,#1170,#1171,#1172,#1173
      ,#1174,#1175,#1176,#1177,#1178,#1179,#1180,#1181,#1182,#1183,#1184
      ,#1185,#1186,#1187,#1188,#1189,#1190,#1191,#1192,#1193,#1194,#1195
      ,#1196,#1197,#1198,#1199,#1200,#1201,#1202,#1203,#1204,#1205,#1206
      ,#1207,#1208,#1209,#1210,#1211,#1212,#1213,#1214,#1215,#1216,#1217
      ,#1218,#1219,#1220,#1221,#1222,#1223,#1224,#1225,#1226,#1227,#1228
      ,#1229,#1230,#1231,#1232,#1233,#1234,#1235,#1236,#1237,#1238,#1239
      ,#1240,#1241,#1242,#1243,#1244,#1245,#1246,#1247,#1248,#1249,#1250
      ,#1251,#1252,#1253,#1254,#1255,#1256,#1257,#1258,#1259,#1260,#1261
      ,#1262,#1263,#1264,#1265,#1266,#1267,#1268,#1269,#1270,#1271,#1272
      ,#1273,#1274,#1275,#1276,#1277,#1278,#1279,#1280)
    ,(#1281,#1282,#1283,#1284,#1285,#1286,#1287,#1288,#1289,#1290,#1291
      ,#1292,#1293,#1294,#1295,#1296,#1297,#1298,#1299,#1300,#1301,#1302
      ,#1303,#1304,#1305,#1306,#1307,#1308,#1309,#1310,#1311,#1312,#1313
      ,#1314,#1315,#1316,#1317,#1318,#1319,#1320,#1321,#1322,#1323,#1324
      ,#1325,#1326,#1327,#1328,#1329,#1330,#1331,#1332,#1333,#1334,#1335
      ,#1336,#1337,#1338,#1339,#1340,#1341,#1342,#1343,#1344,#1345,#1346
      ,#1347,#1348,#1349,#1350,#1351,#1352,#1353,#1354,#1355,#1356,#1357
      ,#1358,#1359,#1360,#1361,#1362,#1363,#1364,#1365,#1366,#1367,#1368
      ,#1369,#1370,#1371,#1372,#1373,#1374,#1375,#1376,#1377,#1378,#1379
      ,#1380,#1381,#1382,#1383,#1384,#1385,#1386,#1387,#1388,#1389,#1390
      ,#1391,#1392,#1393,#1394,#1395,#1396,#1397,#1398,#1399,#1400,#1401
      ,#1402,#1403,#1404,#1405,#1406,#1407,#1408,#1409,#1410,#1411,#1412
      ,#1413,#1414,#1415,#1416,#1417,#1418,#1419,#1420,#1421,#1422,#1423
      ,#1424,#1425,#1426,#1427,#1428,#1429,#1430,#1431,#1432,#1433,#1434
      ,#1435,#1436,#1437,#1438,#1439,#1440,#1441,#1442,#1443,#1444,#1445
      ,#1446,#1447,#1448,#1449,#1450,#1451,#1452,#1453,#1454,#1455,#1456
      ,#1457,#1458,#1459,#1460,#1461,#1462,#1463,#1464,#1465,#1466,#1467
      ,#1468,#1469,#1470,#1471,#1472,#1473,#1474,#1475,#1476,#1477,#1478
      ,#1479,#1480,#1481,#1482,#1483,#1484,#1485,#1486,#1487,#1488,#1489
      ,#1490,#1491,#1492,#1493,#1494,#1495,#1496,#1497,#1498,#1499,#1500
      ,#1501,#1502,#1503,#1504,#1505,#1506,#1507,#1508,#1509,#1510,#1511
      ,#1512,#1513,#1514,#1515,#1516,#1517,#1518,#1519,#1520,#1521,#1522
      ,#1523,#1524,#1525,#1526,#1527,#1528,#1529,#1530,#1531,#1532,#1533
      ,#1534,#1535,#1536,#1537,#1538,#1539,#1540,#1541,#1542,#1543,#1544
      ,#1545,#1546,#1547,#1548,#1549,#1550,#1551,#1552,#1553,#1554,#1555
      ,#1556,#1557,#1558,#1559,#1560,#1561,#1562,#1563,#1564,#1565,#1566
      ,#1567,#1568,#1569,#1570,#1571,#1572,#1573,#1574,#1575,#1576)
    ,(#1577,#1578,#1579,#1580,#1581,#1582,#1583,#1584,#1585,#1586,#1587
      ,#1588,#1589,#1590,#1591,#1592,#1593,#1594,#1595,#1596,#1597,#1598
      ,#1599,#1600,#1601,#1602,#1603,#1604,#1605,#1606,#1607,#1608,#1609
      ,#1610,#1611,#1612,#1613,#1614,#1615,#1616,#1617,#1618,#1619,#1620
      ,#1621,#1622,#1623,#1624,#1625,#1626,#1627,#1628,#1629,#1630,#1631
      ,#1632,#1633,#1634,#1635,#1636,#1637,#1638,#1639,#1640,#1641,#1642
      ,#1643,#1644,#1645,#1646,#1647,#1648,#1649,#1650,#1651,#1652,#1653
      ,#1654,#1655,#1656,#1657,#1658,#1659,#1660,#1661,#1662,#1663,#1664
      ,#1665,#1666,#1667,#1668,#1669,#1670,#1671,#1672,#1673,#1674,#1675
      ,#1676,#1677,#1678,#1679,#1680,#1681,#1682,#1683,#1684,#1685,#1686
      ,#1687,#1688,#1689,#1690,#1691,#1692,#1693,#1694,#1695,#1696,#1697
      ,#1698,#1699,#1700,#1701,#1702,#1703,#1704,#1705,#1706,#1707,#1708
      ,#1709,#1710,#1711,#1712,#1713,#1714,#1715,#1716,#1717,#1718,#1719
      ,#1720,#1721,#1722,#1723,#1724,#1725,#1726,#1727,#1728,#1729,#1730
      ,#1731,#1732,#1733,#1734,#1735,#1736,#1737,#1738,#1739,#1740,#1741
      ,#1742,#1743,#1744,#1745,#1746,#1747,#1748,#1749,#1750,#1751,#1752
      ,#1753,#1754,#1755,#1756,#1757,#1758,#1759,#1760,#1761,#1762,#1763
      ,#1764,#1765,#1766,#1767,#1768,#1769,#1770,#1771,#1772,#1773,#1774
      ,#1775,#1776,#1777,#1778,#1779,#1780,#1781,#1782,#1783,#1784,#1785
      ,#1786,#1787,#1788,#1789,#1790,#1791,#1792,#1793,#1794,#1795,#1796
      ,#1797,#1798,#1799,#1800,#1801,#1802,#1803,#1804,#1805,#1806,#1807
      ,#1808,#1809,#1810,#1811,#1812,#1813,#1814,#1815,#1816,#1817,#1818
      ,#1819,#1820,#1821,#1822,#1823,#1824,#1825,#1826,#1827,#1828,#1829
      ,#1830,#1831,#1832,#1833,#1834,#1835,#1836,#1837,#1838,#1839,#1840
      ,#1841,#1842,#1843,#1844,#1845,#1846,#1847,#1848,#1849,#1850,#1851
      ,#1852,#1853,#1854,#1855,#1856,#1857,#1858,#1859,#1860,#1861,#1862
      ,#1863,#1864,#1865,#1866,#1867,#1868,#1869,#1870,#1871,#1872)
    ,(#1873,#1874,#1875,#1876,#1877,#1878,#1879,#1880,#1881,#1882,#1883
      ,#1884,#1885,#1886,#1887,#1888,#1889,#1890,#1891,#1892,#1893,#1894
      ,#1895,#1896,#1897,#1898,#1899,#1900,#1901,#1902,#1903,#1904,#1905
      ,#1906,#1907,#1908,#1909,#1910,#1911,#1912,#1913,#1914,#1915,#1916
      ,#1917,#1918,#1919,#1920,#1921,#1922,#1923,#1924,#1925,#1926,#1927
      ,#1928,#1929,#1930,#1931,#1932,#1933,#1934,#1935,#1936,#1937,#1938
      ,#1939,#1940,#1941,#1942,#1943,#1944,#1945,#1946,#1947,#1948,#1949
      ,#1950,#1951,#1952,#1953,#1954,#1955,#1956,#1957,#1958,#1959,#1960
      ,#1961,#1962,#1963,#1964,#1965,#1966,#1967,#1968,#1969,#1970,#1971
      ,#1972,#1973,#1974,#1975,#1976,#1977,#1978,#1979,#1980,#1981,#1982
      ,#1983,#1984,#1985,#1986,#1987,#1988,#1989,#1990,#1991,#1992,#1993
      ,#1994,#1995,#1996,#1997,#1998,#1999,#2000,#2001,#2002,#2003,#2004
      ,#2005,#2006,#2007,#2008,#2009,#2010,#2011,#2012,#2013,#2014,#2015
      ,#2016,#2017,#2018,#2019,#2020,#2021,#2022,#2023,#2024,#2025,#2026
      ,#2027,#2028,#2029,#2030,#2031,#2032,#2033,#2034,#2035,#2036,#2037
      ,#2038,#2039,#2040,#2041,#2042,#2043,#2044,#2045,#2046,#2047,#2048
      ,#2049,#2050,#2051,#2052,#2053,#2054,#2055,#2056,#2057,#2058,#2059
      ,#2060,#2061,#2062,#2063,#2064,#2065,#2066,#2067,#2068,#2069,#2070
      ,#2071,#2072,#2073,#2074,#2075,#2076,#2077,#2078,#2079,#2080,#2081
      ,#2082,#2083,#2084,#2085,#2086,#2087,#2088,#2089,#2090,#2091,#2092
      ,#2093,#2094,#2095,#2096,#2097,#2098,#2099,#2100,#2101,#2102,#2103
      ,#2104,#2105,#2106,#2107,#2108,#2109,#2110,#2111,#2112,#2113,#2114
      ,#2115,#2116,#2117,#2118,#2119,#2120,#2121,#2122,#2123,#2124,#2125
      ,#2126,#2127,#2128,#2129,#2130,#2131,#2132,#2133,#2134,#2135,#2136
      ,#2137,#2138,#2139,#2140,#2141,#2142,#2143,#2144,#2145,#2146,#2147
      ,#2148,#2149,#2150,#2151,#2152,#2153,#2154,#2155,#2156,#2157,#2158
      ,#2159,#2160,#2161,#2162,#2163,#2164,#2165,#2166,#2167,#2168)
    ,(#2169,#2170,#2171,#2172,#2173,#2174,#2175,#2176,#2177,#2178,#2179
      ,#2180,#2181,#2182,#2183,#2184,#2185,#2186,#2187,#2188,#2189,#2190
      ,#2191,#2192,#2193,#2194,#2195,#2196,#2197,#2198,#2199,#2200,#2201
      ,#2202,#2203,#2204,#2205,#2206,#2207,#2208,#2209,#2210,#2211,#2212
      ,#2213,#2214,#2215,#2216,#2217,#2218,#2219,#2220,#2221,#2222,#2223
      ,#2224,#2225,#2226,#2227,#2228,#2229,#2230,#2231,#2232,#2233,#2234
      ,#2235,#2236,#2237,#2238,#2239,#2240,#2241,#2242,#2243,#2244,#2245
      ,#2246,#2247,#2248,#2249,#2250,#2251,#2252,#2253,#2254,#2255,#2256
      ,#2257,#2258,#2259,#2260,#2261,#2262,#2263,#2264,#2265,#2266,#2267
      ,#2268,#2269,#2270,#2271,#2272,#2273,#2274,#2275,#2276,#2277,#2278
      ,#2279,#2280,#2281,#2282,#2283,#2284,#2285,#2286,#2287,#2288,#2289
      ,#2290,#2291,#2292,#2293,#2294,#2295,#2296,#2297,#2298,#2299,#2300
      ,#2301,#2302,#2303,#2304,#2305,#2306,#2307,#2308,#2309,#2310,#2311
      ,#2312,#2313,#2314,#2315,#2316,#2317,#2318,#2319,#2320,#2321,#2322
      ,#2323,#2324,#2325,#2326,#2327,#2328,#2329,#2330,#2331,#2332,#2333
      ,#2334,#2335,#2336,#2337,#2338,#2339,#2340,#2341,#2342,#2343,#2344
      ,#2345,#2346,#2347,#2348,#2349,#2350,#2351,#2352,#2353,#2354,#2355
      ,#2356,#2357,#2358,#2359,#2360,#2361,#2362,#2363,#2364,#2365,#2366
      ,#2367,#2368,#2369,#2370,#2371,#2372,#2373,#2374,#2375,#2376,#2377
      ,#2378,#2379,#2380,#2381,#2382,#2383,#2384,#2385,#2386,#2387,#2388
      ,#2389,#2390,#2391,#2392,#2393,#2394,#2395,#2396,#2397,#2398,#2399
      ,#2400,#2401,#2402,#2403,#2404,#2405,#2406,#2407,#2408,#2409,#2410
      ,#2411,#2412,#2413,#2414,#2415,#2416,#2417,#2418,#2419,#2420,#2421
      ,#2422,#2423,#2424,#2425,#2426,#2427,#2428,#2429,#2430,#2431,#2432
      ,#2433,#2434,#2435,#2436,#2437,#2438,#2439,#2440,#2441,#2442,#2443
      ,#2444,#2445,#2446,#2447,#2448,#2449,#2450,#2451,#2452,#2453,#2454
      ,#2455,#2456,#2457,#2458,#2459,#2460,#2461,#2462,#2463,#2464
)),.UNSPECIFIED.,.T.,.F.,.F.) B_SPLINE_SURFACE_WITH_KNOTS((1,6,6,1),(12,
    11,9,9,11,11,11,9,9,9,9,9,9,9,9,11,9,9,9,9,9,9,9,9,9,9,9,11,9,11,9,
    12),(-6.28318530718,0.,6.28318530718,12.566370614359),(0.,
    17.306371797982,23.164059054912,29.021746311842,40.737120825702,
    56.066830542458,78.936023794517,87.714548727557,92.103811194076,
    96.493073660596,97.590389277226,98.687704893856,99.785020510486,
    100.88233612711,105.27159859363,114.05012352667,124.60059744968,
    127.23821593043,128.5570251708,129.21642979099,129.87583441118,
    130.20553672127,130.53523903137,131.19464365155,132.51345289193,
    135.15107137268,145.70154529568,156.25201921869,165.26589740735,
    174.27977559601,179.68810250921,185.0964294224),.UNSPECIFIED.) 
GEOMETRIC_REPRESENTATION_ITEM() RATIONAL_B_SPLINE_SURFACE((
    (1.669078461068,1.669078461068,1.669078461068,1.669078461068
      ,1.669078461068,1.669078461068,1.669078461068,1.669078461068
      ,1.669078461068,1.669078461068,1.669078461068,1.669078461068
      ,1.669078461068,1.669078461068,1.66907846107,1.669078461066
      ,1.669078461071,1.669078461066,1.66907846107,1.669078461068
      ,1.669078461068,1.669078461068,1.669078461068,1.669078461068
      ,1.669078461068,1.669078461069,1.669078461067,1.669078461069
      ,1.669078461068,1.669078461068,1.669078461068,1.669078461068
      ,1.669078461068,1.669078461068,1.669078461069,1.669078461068
      ,1.669078461069,1.669078461068,1.669078461068,1.669078461068
      ,1.669078461068,1.669078461068,1.669078461068,1.669078461068
      ,1.669078461068,1.669078461068,1.669078461068,1.669078461068
      ,1.669078461068,1.669078461068,1.669078461068,1.669078461068
      ,1.669078461068,1.669078461069,1.669078461067,1.66907846107
      ,1.669078461066,1.669078461071,1.669078461066,1.669078461069
      ,1.669078461068,1.669078461068,1.669078461068,1.669078461068
      ,1.669078461068,1.669078461068,1.669078461069,1.669078461067
      ,1.669078461069,1.669078461067,1.669078461069,1.669078461068
      ,1.669078461068,1.669078461068,1.669078461068,1.669078461068
      ,1.669078461069,1.669078461068,1.669078461068,1.669078461068
      ,1.669078461068,1.669078461068,1.669078461068,1.669078461069
      ,1.669078461067,1.66907846107,1.669078461066,1.66907846107
      ,1.669078461067,1.669078461068,1.669078461068,1.669078461068
      ,1.669078461069,1.669078461067,1.66907846107,1.669078461067
      ,1.669078461069,1.669078461068,1.669078461068,1.669078461068
      ,1.669078461068,1.669078461068,1.66907846107,1.669078461066
      ,1.66907846107,1.669078461067,1.669078461069,1.669078461068
      ,1.669078461068,1.669078461068,1.669078461069,1.669078461066
      ,1.669078461071,1.669078461066,1.66907846107,1.669078461068
      ,1.669078461068,1.669078461068,1.669078461068,1.669078461068
      ,1.669078461068,1.669078461068,1.669078461068,1.669078461068
      ,1.669078461068,1.669078461068,1.669078461068,1.669078461068
      ,1.669078461068,1.669078461068,1.669078461068,1.669078461068
      ,1.669078461068,1.669078461068,1.669078461068,1.669078461068
      ,1.669078461068,1.669078461068,1.66907846107,1.669078461066
      ,1.66907846107,1.669078461067,1.669078461069,1.669078461068
      ,1.669078461068,1.669078461068,1.669078461068,1.669078461068
      ,1.669078461068,1.669078461068,1.669078461068,1.669078461069
      ,1.669078461068,1.669078461068,1.669078461068,1.669078461068
      ,1.669078461068,1.669078461068,1.669078461069,1.669078461067
      ,1.66907846107,1.669078461067,1.669078461069,1.669078461068
      ,1.669078461068,1.669078461068,1.669078461069,1.669078461067
      ,1.66907846107,1.669078461067,1.669078461069,1.669078461068
      ,1.669078461068,1.669078461068,1.669078461068,1.669078461068
      ,1.669078461069,1.669078461067,1.66907846107,1.669078461067
      ,1.669078461069,1.669078461068,1.669078461068,1.669078461068
      ,1.669078461069,1.669078461068,1.669078461069,1.669078461068
      ,1.669078461069,1.669078461068,1.669078461068,1.669078461068
      ,1.669078461068,1.669078461068,1.669078461068,1.669078461068
      ,1.669078461068,1.669078461068,1.669078461068,1.669078461068
      ,1.669078461068,1.669078461068,1.669078461068,1.669078461068
      ,1.669078461069,1.669078461068,1.669078461068,1.669078461068
      ,1.669078461068,1.669078461068,1.669078461068,1.669078461068
      ,1.669078461069,1.669078461068,1.669078461069,1.669078461068
      ,1.669078461068,1.669078461068,1.669078461068,1.669078461068
      ,1.669078461069,1.669078461067,1.669078461069,1.669078461067
      ,1.669078461069,1.669078461068,1.669078461068,1.669078461068
      ,1.669078461068,1.669078461068,1.669078461069,1.669078461068
      ,1.669078461069,1.669078461068,1.669078461068,1.669078461068
      ,1.669078461068,1.669078461069,1.669078461067,1.66907846107
      ,1.669078461066,1.66907846107,1.669078461067,1.669078461069
      ,1.669078461068,1.669078461068,1.669078461068,1.669078461068
      ,1.66907846107,1.669078461066,1.66907846107,1.669078461067
      ,1.669078461069,1.669078461068,1.669078461068,1.669078461068
      ,1.669078461068,1.669078461068,1.669078461068,1.669078461069
      ,1.669078461068,1.669078461069,1.669078461068,1.669078461068
      ,1.669078461068,1.669078461068,1.669078461068,1.669078461069
      ,1.669078461067,1.66907846107,1.669078461067,1.66907846107
      ,1.669078461068,1.669078461069,1.669078461068,1.669078461068
      ,1.669078461068,1.669078461068,1.66907846107,1.669078461066
      ,1.669078461071,1.669078461066,1.66907846107,1.669078461067
      ,1.669078461069,1.669078461068,1.669078461069,1.669078461067
      ,1.669078461072,1.669078461064,1.669078461073,1.669078461065
      ,1.66907846107,1.669078461067,1.669078461068,1.669078461068)
    ,(1.03672962321,1.03672962321,1.03672962321,1.03672962321
      ,1.036729623209,1.03672962321,1.036729623209,1.03672962321
      ,1.03672962321,1.03672962321,1.03672962321,1.03672962321
      ,1.03672962321,1.036729623209,1.03672962321,1.036729623208
      ,1.036729623211,1.036729623208,1.036729623211,1.036729623209
      ,1.03672962321,1.03672962321,1.03672962321,1.03672962321
      ,1.036729623209,1.03672962321,1.036729623209,1.03672962321
      ,1.036729623209,1.03672962321,1.03672962321,1.03672962321
      ,1.03672962321,1.03672962321,1.036729623209,1.03672962321
      ,1.036729623209,1.03672962321,1.03672962321,1.03672962321
      ,1.03672962321,1.03672962321,1.036729623209,1.03672962321
      ,1.036729623209,1.03672962321,1.036729623209,1.03672962321
      ,1.036729623209,1.03672962321,1.03672962321,1.03672962321
      ,1.03672962321,1.03672962321,1.036729623209,1.036729623211
      ,1.036729623208,1.036729623211,1.036729623209,1.03672962321
      ,1.036729623209,1.03672962321,1.03672962321,1.03672962321
      ,1.03672962321,1.036729623209,1.03672962321,1.036729623209
      ,1.03672962321,1.036729623209,1.03672962321,1.03672962321
      ,1.03672962321,1.03672962321,1.03672962321,1.036729623209
      ,1.03672962321,1.03672962321,1.03672962321,1.03672962321
      ,1.03672962321,1.03672962321,1.036729623209,1.03672962321
      ,1.036729623209,1.036729623211,1.036729623208,1.036729623211
      ,1.036729623209,1.03672962321,1.03672962321,1.03672962321
      ,1.03672962321,1.03672962321,1.036729623209,1.03672962321
      ,1.036729623209,1.03672962321,1.03672962321,1.03672962321
      ,1.03672962321,1.036729623209,1.03672962321,1.036729623208
      ,1.036729623211,1.036729623209,1.03672962321,1.036729623209
      ,1.03672962321,1.036729623209,1.03672962321,1.036729623208
      ,1.036729623211,1.036729623208,1.03672962321,1.036729623209
      ,1.03672962321,1.03672962321,1.03672962321,1.03672962321
      ,1.03672962321,1.03672962321,1.03672962321,1.03672962321
      ,1.03672962321,1.03672962321,1.03672962321,1.03672962321
      ,1.03672962321,1.036729623209,1.03672962321,1.036729623209
      ,1.03672962321,1.036729623209,1.03672962321,1.03672962321
      ,1.03672962321,1.036729623209,1.03672962321,1.036729623209
      ,1.036729623211,1.036729623209,1.03672962321,1.036729623209
      ,1.03672962321,1.03672962321,1.03672962321,1.03672962321
      ,1.03672962321,1.03672962321,1.03672962321,1.03672962321
      ,1.03672962321,1.03672962321,1.03672962321,1.03672962321
      ,1.03672962321,1.036729623209,1.03672962321,1.036729623209
      ,1.036729623211,1.036729623209,1.03672962321,1.036729623209
      ,1.03672962321,1.03672962321,1.03672962321,1.036729623209
      ,1.036729623211,1.036729623208,1.03672962321,1.036729623209
      ,1.03672962321,1.036729623209,1.03672962321,1.036729623209
      ,1.03672962321,1.036729623208,1.036729623211,1.036729623209
      ,1.03672962321,1.03672962321,1.03672962321,1.03672962321
      ,1.03672962321,1.036729623209,1.03672962321,1.036729623209
      ,1.03672962321,1.03672962321,1.03672962321,1.03672962321
      ,1.03672962321,1.03672962321,1.03672962321,1.03672962321
      ,1.03672962321,1.03672962321,1.03672962321,1.03672962321
      ,1.03672962321,1.03672962321,1.03672962321,1.03672962321
      ,1.036729623209,1.03672962321,1.036729623209,1.03672962321
      ,1.03672962321,1.03672962321,1.03672962321,1.03672962321
      ,1.03672962321,1.036729623209,1.03672962321,1.036729623209
      ,1.03672962321,1.03672962321,1.03672962321,1.03672962321
      ,1.03672962321,1.036729623209,1.03672962321,1.036729623209
      ,1.03672962321,1.036729623209,1.03672962321,1.03672962321
      ,1.03672962321,1.036729623209,1.03672962321,1.036729623209
      ,1.03672962321,1.036729623209,1.03672962321,1.03672962321
      ,1.03672962321,1.03672962321,1.036729623209,1.03672962321
      ,1.036729623209,1.03672962321,1.036729623209,1.03672962321
      ,1.03672962321,1.03672962321,1.03672962321,1.036729623209
      ,1.036729623211,1.036729623208,1.036729623211,1.036729623208
      ,1.03672962321,1.036729623209,1.03672962321,1.03672962321
      ,1.03672962321,1.03672962321,1.036729623209,1.03672962321
      ,1.036729623209,1.03672962321,1.036729623209,1.03672962321
      ,1.03672962321,1.03672962321,1.03672962321,1.03672962321
      ,1.036729623209,1.036729623211,1.036729623208,1.036729623211
      ,1.036729623209,1.03672962321,1.03672962321,1.03672962321
      ,1.03672962321,1.036729623209,1.036729623211,1.036729623208
      ,1.036729623212,1.036729623208,1.036729623211,1.036729623209
      ,1.03672962321,1.036729623209,1.03672962321,1.036729623209
      ,1.036729623212,1.036729623207,1.036729623212,1.036729623207
      ,1.036729623211,1.036729623209,1.03672962321,1.03672962321)
    ,(1.038346699848,1.038346699848,1.038346699848,1.038346699847
      ,1.038346699848,1.038346699847,1.038346699848,1.038346699847
      ,1.038346699848,1.038346699847,1.038346699848,1.038346699848
      ,1.038346699848,1.038346699847,1.038346699848,1.038346699847
      ,1.038346699849,1.038346699847,1.038346699848,1.038346699847
      ,1.038346699848,1.038346699848,1.038346699847,1.038346699848
      ,1.038346699847,1.038346699848,1.038346699847,1.038346699848
      ,1.038346699847,1.038346699848,1.038346699848,1.038346699847
      ,1.038346699848,1.038346699847,1.038346699848,1.038346699847
      ,1.038346699848,1.038346699847,1.038346699848,1.038346699847
      ,1.038346699848,1.038346699848,1.038346699847,1.038346699848
      ,1.038346699847,1.038346699848,1.038346699847,1.038346699848
      ,1.038346699847,1.038346699848,1.038346699848,1.038346699848
      ,1.038346699847,1.038346699848,1.038346699847,1.038346699849
      ,1.038346699846,1.038346699849,1.038346699846,1.038346699848
      ,1.038346699847,1.038346699848,1.038346699848,1.038346699847
      ,1.038346699848,1.038346699847,1.038346699848,1.038346699847
      ,1.038346699848,1.038346699847,1.038346699848,1.038346699847
      ,1.038346699848,1.038346699847,1.038346699848,1.038346699847
      ,1.038346699848,1.038346699847,1.038346699848,1.038346699847
      ,1.038346699847,1.038346699848,1.038346699847,1.038346699848
      ,1.038346699847,1.038346699849,1.038346699846,1.038346699848
      ,1.038346699847,1.038346699848,1.038346699847,1.038346699847
      ,1.038346699848,1.038346699847,1.038346699848,1.038346699847
      ,1.038346699848,1.038346699847,1.038346699848,1.038346699847
      ,1.038346699848,1.038346699847,1.038346699848,1.038346699847
      ,1.038346699848,1.038346699847,1.038346699848,1.038346699847
      ,1.038346699848,1.038346699847,1.038346699848,1.038346699846
      ,1.038346699849,1.038346699846,1.038346699848,1.038346699847
      ,1.038346699848,1.038346699848,1.038346699847,1.038346699848
      ,1.038346699847,1.038346699848,1.038346699847,1.038346699848
      ,1.038346699847,1.038346699848,1.038346699848,1.038346699847
      ,1.038346699848,1.038346699847,1.038346699848,1.038346699847
      ,1.038346699848,1.038346699847,1.038346699848,1.038346699847
      ,1.038346699848,1.038346699847,1.038346699849,1.038346699846
      ,1.038346699849,1.038346699846,1.038346699848,1.038346699847
      ,1.038346699848,1.038346699848,1.038346699847,1.038346699848
      ,1.038346699847,1.038346699848,1.038346699847,1.038346699848
      ,1.038346699847,1.038346699848,1.038346699847,1.038346699848
      ,1.038346699848,1.038346699847,1.038346699848,1.038346699847
      ,1.038346699848,1.038346699847,1.038346699848,1.038346699847
      ,1.038346699848,1.038346699847,1.038346699848,1.038346699846
      ,1.038346699849,1.038346699846,1.038346699848,1.038346699847
      ,1.038346699848,1.038346699847,1.038346699848,1.038346699847
      ,1.038346699848,1.038346699847,1.038346699848,1.038346699847
      ,1.038346699848,1.038346699847,1.038346699848,1.038346699847
      ,1.038346699848,1.038346699847,1.038346699848,1.038346699847
      ,1.038346699848,1.038346699847,1.038346699848,1.038346699848
      ,1.038346699847,1.038346699848,1.038346699847,1.038346699848
      ,1.038346699847,1.038346699848,1.038346699847,1.038346699848
      ,1.038346699848,1.038346699847,1.038346699848,1.038346699847
      ,1.038346699848,1.038346699847,1.038346699848,1.038346699847
      ,1.038346699848,1.038346699847,1.038346699848,1.038346699847
      ,1.038346699848,1.038346699847,1.038346699848,1.038346699847
      ,1.038346699848,1.038346699847,1.038346699848,1.038346699847
      ,1.038346699848,1.038346699847,1.038346699848,1.038346699847
      ,1.038346699848,1.038346699847,1.038346699848,1.038346699847
      ,1.038346699848,1.038346699847,1.038346699848,1.038346699847
      ,1.038346699848,1.038346699847,1.038346699848,1.038346699848
      ,1.038346699847,1.038346699848,1.038346699847,1.038346699848
      ,1.038346699847,1.038346699848,1.038346699847,1.038346699848
      ,1.038346699848,1.038346699847,1.038346699848,1.038346699847
      ,1.038346699849,1.038346699846,1.038346699849,1.038346699846
      ,1.038346699848,1.038346699847,1.038346699848,1.038346699848
      ,1.038346699847,1.038346699848,1.038346699847,1.038346699848
      ,1.038346699847,1.038346699848,1.038346699847,1.038346699848
      ,1.038346699847,1.038346699848,1.038346699847,1.038346699848
      ,1.038346699847,1.038346699848,1.038346699847,1.038346699848
      ,1.038346699847,1.038346699848,1.038346699847,1.038346699848
      ,1.038346699848,1.038346699847,1.038346699848,1.038346699846
      ,1.038346699849,1.038346699846,1.038346699848,1.038346699847
      ,1.038346699848,1.038346699847,1.038346699848,1.038346699847
      ,1.038346699849,1.038346699845,1.03834669985,1.038346699845
      ,1.038346699849,1.038346699847,1.038346699848,1.038346699848)
    ,(0.853534330196,0.853534330196,0.853534330196,0.853534330196
      ,0.853534330196,0.853534330196,0.853534330196,0.853534330196
      ,0.853534330196,0.853534330196,0.853534330196,0.853534330196
      ,0.853534330196,0.853534330196,0.853534330197,0.853534330195
      ,0.853534330197,0.853534330195,0.853534330197,0.853534330196
      ,0.853534330196,0.853534330196,0.853534330196,0.853534330196
      ,0.853534330196,0.853534330197,0.853534330196,0.853534330196
      ,0.853534330196,0.853534330196,0.853534330196,0.853534330196
      ,0.853534330196,0.853534330196,0.853534330197,0.853534330195
      ,0.853534330197,0.853534330196,0.853534330196,0.853534330196
      ,0.853534330196,0.853534330196,0.853534330196,0.853534330196
      ,0.853534330196,0.853534330197,0.853534330196,0.853534330197
      ,0.853534330196,0.853534330196,0.853534330196,0.853534330196
      ,0.853534330196,0.853534330196,0.853534330196,0.853534330197
      ,0.853534330195,0.853534330197,0.853534330196,0.853534330196
      ,0.853534330196,0.853534330196,0.853534330196,0.853534330196
      ,0.853534330196,0.853534330196,0.853534330197,0.853534330196
      ,0.853534330197,0.853534330196,0.853534330196,0.853534330196
      ,0.853534330196,0.853534330196,0.853534330196,0.853534330196
      ,0.853534330197,0.853534330196,0.853534330197,0.853534330196
      ,0.853534330196,0.853534330196,0.853534330196,0.853534330197
      ,0.853534330195,0.853534330197,0.853534330195,0.853534330197
      ,0.853534330196,0.853534330196,0.853534330196,0.853534330196
      ,0.853534330196,0.853534330196,0.853534330197,0.853534330196
      ,0.853534330197,0.853534330196,0.853534330196,0.853534330196
      ,0.853534330196,0.853534330196,0.853534330197,0.853534330195
      ,0.853534330197,0.853534330196,0.853534330196,0.853534330196
      ,0.853534330196,0.853534330196,0.853534330197,0.853534330195
      ,0.853534330198,0.853534330195,0.853534330197,0.853534330196
      ,0.853534330196,0.853534330196,0.853534330196,0.853534330196
      ,0.853534330196,0.853534330196,0.853534330196,0.853534330196
      ,0.853534330196,0.853534330196,0.853534330196,0.853534330196
      ,0.853534330196,0.853534330196,0.853534330196,0.853534330196
      ,0.853534330196,0.853534330196,0.853534330196,0.853534330196
      ,0.853534330196,0.853534330196,0.853534330197,0.853534330195
      ,0.853534330197,0.853534330195,0.853534330197,0.853534330196
      ,0.853534330196,0.853534330196,0.853534330196,0.853534330196
      ,0.853534330196,0.853534330196,0.853534330197,0.853534330196
      ,0.853534330197,0.853534330196,0.853534330196,0.853534330196
      ,0.853534330196,0.853534330196,0.853534330197,0.853534330195
      ,0.853534330197,0.853534330196,0.853534330196,0.853534330196
      ,0.853534330196,0.853534330196,0.853534330196,0.853534330196
      ,0.853534330197,0.853534330195,0.853534330197,0.853534330196
      ,0.853534330196,0.853534330196,0.853534330196,0.853534330196
      ,0.853534330197,0.853534330195,0.853534330197,0.853534330196
      ,0.853534330196,0.853534330196,0.853534330196,0.853534330196
      ,0.853534330196,0.853534330196,0.853534330196,0.853534330196
      ,0.853534330196,0.853534330196,0.853534330196,0.853534330196
      ,0.853534330196,0.853534330196,0.853534330196,0.853534330196
      ,0.853534330196,0.853534330196,0.853534330196,0.853534330196
      ,0.853534330196,0.853534330196,0.853534330196,0.853534330196
      ,0.853534330197,0.853534330196,0.853534330196,0.853534330196
      ,0.853534330196,0.853534330196,0.853534330196,0.853534330196
      ,0.853534330196,0.853534330196,0.853534330196,0.853534330196
      ,0.853534330196,0.853534330196,0.853534330196,0.853534330196
      ,0.853534330196,0.853534330196,0.853534330197,0.853534330196
      ,0.853534330196,0.853534330196,0.853534330196,0.853534330196
      ,0.853534330196,0.853534330196,0.853534330196,0.853534330196
      ,0.853534330196,0.853534330196,0.853534330196,0.853534330196
      ,0.853534330196,0.853534330196,0.853534330196,0.853534330197
      ,0.853534330195,0.853534330197,0.853534330196,0.853534330196
      ,0.853534330196,0.853534330196,0.853534330196,0.853534330196
      ,0.853534330197,0.853534330195,0.853534330198,0.853534330195
      ,0.853534330197,0.853534330196,0.853534330196,0.853534330196
      ,0.853534330196,0.853534330196,0.853534330196,0.853534330196
      ,0.853534330196,0.853534330196,0.853534330196,0.853534330196
      ,0.853534330196,0.853534330196,0.853534330196,0.853534330196
      ,0.853534330195,0.853534330197,0.853534330195,0.853534330197
      ,0.853534330196,0.853534330196,0.853534330196,0.853534330196
      ,0.853534330196,0.853534330196,0.853534330197,0.853534330195
      ,0.853534330198,0.853534330195,0.853534330197,0.853534330196
      ,0.853534330196,0.853534330196,0.853534330196,0.853534330195
      ,0.853534330198,0.853534330194,0.853534330198,0.853534330195
      ,0.853534330197,0.853534330196,0.853534330196,0.853534330196)
    ,(1.038346699848,1.038346699848,1.038346699848,1.038346699848
      ,1.038346699847,1.038346699848,1.038346699847,1.038346699848
      ,1.038346699848,1.038346699848,1.038346699848,1.038346699848
      ,1.038346699848,1.038346699847,1.038346699848,1.038346699846
      ,1.038346699849,1.038346699846,1.038346699848,1.038346699847
      ,1.038346699848,1.038346699847,1.038346699847,1.038346699848
      ,1.038346699847,1.038346699848,1.038346699847,1.038346699848
      ,1.038346699847,1.038346699848,1.038346699848,1.038346699847
      ,1.038346699848,1.038346699847,1.038346699848,1.038346699847
      ,1.038346699848,1.038346699847,1.038346699848,1.038346699847
      ,1.038346699848,1.038346699848,1.038346699847,1.038346699848
      ,1.038346699847,1.038346699848,1.038346699847,1.038346699848
      ,1.038346699848,1.038346699847,1.038346699848,1.038346699848
      ,1.038346699847,1.038346699848,1.038346699847,1.038346699848
      ,1.038346699846,1.038346699849,1.038346699847,1.038346699848
      ,1.038346699847,1.038346699848,1.038346699848,1.038346699847
      ,1.038346699848,1.038346699847,1.038346699848,1.038346699847
      ,1.038346699848,1.038346699847,1.038346699848,1.038346699847
      ,1.038346699848,1.038346699847,1.038346699848,1.038346699847
      ,1.038346699848,1.038346699847,1.038346699848,1.038346699847
      ,1.038346699848,1.038346699848,1.038346699847,1.038346699848
      ,1.038346699847,1.038346699848,1.038346699847,1.038346699848
      ,1.038346699847,1.038346699848,1.038346699847,1.038346699848
      ,1.038346699848,1.038346699847,1.038346699848,1.038346699848
      ,1.038346699847,1.038346699848,1.038346699848,1.038346699847
      ,1.038346699848,1.038346699847,1.038346699848,1.038346699847
      ,1.038346699848,1.038346699847,1.038346699848,1.038346699847
      ,1.038346699848,1.038346699847,1.038346699848,1.038346699846
      ,1.038346699849,1.038346699846,1.038346699848,1.038346699847
      ,1.038346699848,1.038346699848,1.038346699847,1.038346699848
      ,1.038346699847,1.038346699848,1.038346699847,1.038346699848
      ,1.038346699847,1.038346699848,1.038346699848,1.038346699848
      ,1.038346699847,1.038346699847,1.038346699848,1.038346699847
      ,1.038346699848,1.038346699847,1.038346699848,1.038346699847
      ,1.038346699848,1.038346699847,1.038346699849,1.038346699846
      ,1.038346699849,1.038346699846,1.038346699848,1.038346699847
      ,1.038346699848,1.038346699848,1.038346699847,1.038346699848
      ,1.038346699847,1.038346699848,1.038346699847,1.038346699848
      ,1.038346699847,1.038346699848,1.038346699848,1.038346699847
      ,1.038346699848,1.038346699847,1.038346699848,1.038346699847
      ,1.038346699849,1.038346699847,1.038346699848,1.038346699847
      ,1.038346699848,1.038346699847,1.038346699848,1.038346699847
      ,1.038346699849,1.038346699847,1.038346699848,1.038346699847
      ,1.038346699848,1.038346699847,1.038346699848,1.038346699847
      ,1.038346699848,1.038346699846,1.038346699849,1.038346699847
      ,1.038346699848,1.038346699847,1.038346699848,1.038346699847
      ,1.038346699848,1.038346699847,1.038346699848,1.038346699847
      ,1.038346699848,1.038346699847,1.038346699848,1.038346699847
      ,1.038346699847,1.038346699848,1.038346699847,1.038346699848
      ,1.038346699847,1.038346699848,1.038346699847,1.038346699848
      ,1.038346699847,1.038346699848,1.038346699848,1.038346699847
      ,1.038346699848,1.038346699848,1.038346699847,1.038346699848
      ,1.038346699848,1.038346699847,1.038346699848,1.038346699847
      ,1.038346699848,1.038346699847,1.038346699848,1.038346699847
      ,1.038346699848,1.038346699847,1.038346699848,1.038346699847
      ,1.038346699848,1.038346699847,1.038346699848,1.038346699847
      ,1.038346699848,1.038346699847,1.038346699848,1.038346699847
      ,1.038346699848,1.038346699847,1.038346699848,1.038346699847
      ,1.038346699848,1.038346699847,1.038346699848,1.038346699848
      ,1.038346699847,1.038346699848,1.038346699847,1.038346699848
      ,1.038346699847,1.038346699848,1.038346699847,1.038346699848
      ,1.038346699848,1.038346699847,1.038346699848,1.038346699847
      ,1.038346699849,1.038346699845,1.03834669985,1.038346699846
      ,1.038346699848,1.038346699847,1.038346699848,1.038346699848
      ,1.038346699847,1.038346699848,1.038346699847,1.038346699848
      ,1.038346699847,1.038346699848,1.038346699847,1.038346699848
      ,1.038346699847,1.038346699848,1.038346699847,1.038346699848
      ,1.038346699847,1.038346699848,1.038346699847,1.038346699848
      ,1.038346699847,1.038346699848,1.038346699847,1.038346699848
      ,1.038346699848,1.038346699847,1.038346699848,1.038346699846
      ,1.038346699849,1.038346699846,1.038346699848,1.038346699847
      ,1.038346699848,1.038346699847,1.038346699848,1.038346699846
      ,1.03834669985,1.038346699845,1.03834669985,1.038346699845
      ,1.038346699849,1.038346699847,1.038346699848,1.038346699848)
    ,(1.03672962321,1.03672962321,1.03672962321,1.036729623209
      ,1.03672962321,1.036729623209,1.03672962321,1.036729623209
      ,1.03672962321,1.03672962321,1.03672962321,1.03672962321
      ,1.03672962321,1.036729623209,1.03672962321,1.036729623208
      ,1.036729623211,1.036729623208,1.036729623211,1.036729623209
      ,1.03672962321,1.03672962321,1.03672962321,1.03672962321
      ,1.036729623209,1.036729623211,1.036729623209,1.03672962321
      ,1.036729623209,1.03672962321,1.03672962321,1.03672962321
      ,1.03672962321,1.03672962321,1.036729623209,1.03672962321
      ,1.036729623209,1.03672962321,1.03672962321,1.03672962321
      ,1.03672962321,1.03672962321,1.03672962321,1.03672962321
      ,1.036729623209,1.03672962321,1.036729623209,1.03672962321
      ,1.036729623209,1.03672962321,1.03672962321,1.03672962321
      ,1.03672962321,1.03672962321,1.036729623209,1.03672962321
      ,1.036729623209,1.03672962321,1.036729623209,1.03672962321
      ,1.036729623209,1.03672962321,1.03672962321,1.03672962321
      ,1.03672962321,1.036729623209,1.03672962321,1.036729623209
      ,1.03672962321,1.036729623209,1.03672962321,1.03672962321
      ,1.03672962321,1.03672962321,1.03672962321,1.036729623209
      ,1.03672962321,1.03672962321,1.03672962321,1.03672962321
      ,1.03672962321,1.03672962321,1.036729623209,1.03672962321
      ,1.036729623209,1.036729623211,1.036729623208,1.036729623211
      ,1.036729623209,1.03672962321,1.03672962321,1.03672962321
      ,1.03672962321,1.03672962321,1.03672962321,1.03672962321
      ,1.03672962321,1.03672962321,1.03672962321,1.03672962321
      ,1.03672962321,1.036729623209,1.036729623211,1.036729623208
      ,1.036729623211,1.036729623209,1.03672962321,1.03672962321
      ,1.03672962321,1.036729623209,1.03672962321,1.036729623209
      ,1.036729623211,1.036729623209,1.03672962321,1.036729623209
      ,1.03672962321,1.03672962321,1.03672962321,1.03672962321
      ,1.036729623209,1.03672962321,1.036729623209,1.03672962321
      ,1.036729623209,1.03672962321,1.03672962321,1.03672962321
      ,1.03672962321,1.036729623209,1.03672962321,1.036729623209
      ,1.03672962321,1.036729623209,1.03672962321,1.036729623209
      ,1.03672962321,1.036729623209,1.036729623211,1.036729623208
      ,1.036729623211,1.036729623208,1.03672962321,1.036729623209
      ,1.03672962321,1.03672962321,1.03672962321,1.03672962321
      ,1.03672962321,1.036729623209,1.03672962321,1.036729623209
      ,1.03672962321,1.036729623209,1.03672962321,1.03672962321
      ,1.03672962321,1.036729623209,1.03672962321,1.036729623208
      ,1.036729623211,1.036729623209,1.03672962321,1.036729623209
      ,1.03672962321,1.03672962321,1.03672962321,1.036729623209
      ,1.036729623211,1.036729623209,1.03672962321,1.036729623209
      ,1.03672962321,1.03672962321,1.03672962321,1.036729623209
      ,1.03672962321,1.036729623209,1.036729623211,1.036729623209
      ,1.03672962321,1.03672962321,1.03672962321,1.036729623209
      ,1.03672962321,1.036729623209,1.036729623211,1.036729623209
      ,1.03672962321,1.036729623209,1.03672962321,1.03672962321
      ,1.03672962321,1.03672962321,1.036729623209,1.03672962321
      ,1.036729623209,1.03672962321,1.03672962321,1.03672962321
      ,1.03672962321,1.03672962321,1.03672962321,1.036729623209
      ,1.03672962321,1.03672962321,1.03672962321,1.03672962321
      ,1.03672962321,1.03672962321,1.03672962321,1.03672962321
      ,1.03672962321,1.03672962321,1.03672962321,1.03672962321
      ,1.03672962321,1.03672962321,1.03672962321,1.03672962321
      ,1.03672962321,1.036729623209,1.03672962321,1.036729623209
      ,1.03672962321,1.03672962321,1.03672962321,1.03672962321
      ,1.03672962321,1.036729623209,1.03672962321,1.036729623209
      ,1.03672962321,1.036729623209,1.03672962321,1.03672962321
      ,1.036729623209,1.03672962321,1.036729623209,1.036729623211
      ,1.036729623208,1.036729623211,1.036729623209,1.03672962321
      ,1.03672962321,1.03672962321,1.03672962321,1.036729623209
      ,1.036729623211,1.036729623208,1.036729623211,1.036729623208
      ,1.03672962321,1.036729623209,1.03672962321,1.03672962321
      ,1.03672962321,1.03672962321,1.036729623209,1.03672962321
      ,1.036729623209,1.03672962321,1.036729623209,1.03672962321
      ,1.03672962321,1.03672962321,1.036729623209,1.03672962321
      ,1.036729623209,1.036729623211,1.036729623208,1.036729623211
      ,1.036729623209,1.03672962321,1.03672962321,1.03672962321
      ,1.03672962321,1.036729623209,1.036729623211,1.036729623208
      ,1.036729623212,1.036729623207,1.036729623211,1.036729623209
      ,1.03672962321,1.036729623209,1.03672962321,1.036729623209
      ,1.036729623211,1.036729623207,1.036729623212,1.036729623208
      ,1.036729623211,1.036729623209,1.03672962321,1.03672962321)
    ,(1.669078461068,1.669078461068,1.669078461068,1.669078461068
      ,1.669078461068,1.669078461068,1.669078461068,1.669078461068
      ,1.669078461068,1.669078461068,1.669078461068,1.669078461068
      ,1.669078461068,1.669078461068,1.66907846107,1.669078461066
      ,1.669078461071,1.669078461066,1.66907846107,1.669078461068
      ,1.669078461068,1.669078461068,1.669078461068,1.669078461068
      ,1.669078461068,1.669078461069,1.669078461067,1.669078461069
      ,1.669078461068,1.669078461068,1.669078461068,1.669078461068
      ,1.669078461068,1.669078461068,1.669078461069,1.669078461068
      ,1.669078461069,1.669078461068,1.669078461068,1.669078461068
      ,1.669078461068,1.669078461068,1.669078461068,1.669078461068
      ,1.669078461068,1.669078461068,1.669078461068,1.669078461068
      ,1.669078461068,1.669078461068,1.669078461068,1.669078461068
      ,1.669078461068,1.669078461069,1.669078461067,1.66907846107
      ,1.669078461066,1.669078461071,1.669078461066,1.669078461069
      ,1.669078461068,1.669078461068,1.669078461068,1.669078461068
      ,1.669078461068,1.669078461068,1.669078461069,1.669078461067
      ,1.669078461069,1.669078461067,1.669078461069,1.669078461068
      ,1.669078461068,1.669078461068,1.669078461068,1.669078461068
      ,1.669078461069,1.669078461068,1.669078461068,1.669078461068
      ,1.669078461068,1.669078461068,1.669078461068,1.669078461069
      ,1.669078461067,1.66907846107,1.669078461066,1.66907846107
      ,1.669078461067,1.669078461068,1.669078461068,1.669078461068
      ,1.669078461069,1.669078461067,1.66907846107,1.669078461067
      ,1.669078461069,1.669078461068,1.669078461068,1.669078461068
      ,1.669078461068,1.669078461068,1.66907846107,1.669078461066
      ,1.66907846107,1.669078461067,1.669078461069,1.669078461068
      ,1.669078461068,1.669078461068,1.669078461069,1.669078461066
      ,1.669078461071,1.669078461066,1.66907846107,1.669078461068
      ,1.669078461068,1.669078461068,1.669078461068,1.669078461068
      ,1.669078461068,1.669078461068,1.669078461068,1.669078461068
      ,1.669078461068,1.669078461068,1.669078461068,1.669078461068
      ,1.669078461068,1.669078461068,1.669078461068,1.669078461068
      ,1.669078461068,1.669078461068,1.669078461068,1.669078461068
      ,1.669078461068,1.669078461068,1.66907846107,1.669078461066
      ,1.66907846107,1.669078461067,1.669078461069,1.669078461068
      ,1.669078461068,1.669078461068,1.669078461068,1.669078461068
      ,1.669078461068,1.669078461068,1.669078461068,1.669078461069
      ,1.669078461068,1.669078461068,1.669078461068,1.669078461068
      ,1.669078461068,1.669078461068,1.669078461069,1.669078461067
      ,1.66907846107,1.669078461067,1.669078461069,1.669078461068
      ,1.669078461068,1.669078461068,1.669078461069,1.669078461067
      ,1.66907846107,1.669078461067,1.669078461069,1.669078461068
      ,1.669078461068,1.669078461068,1.669078461068,1.669078461068
      ,1.669078461069,1.669078461067,1.66907846107,1.669078461067
      ,1.669078461069,1.669078461068,1.669078461068,1.669078461068
      ,1.669078461069,1.669078461068,1.669078461069,1.669078461068
      ,1.669078461069,1.669078461068,1.669078461068,1.669078461068
      ,1.669078461068,1.669078461068,1.669078461068,1.669078461068
      ,1.669078461068,1.669078461068,1.669078461068,1.669078461068
      ,1.669078461068,1.669078461068,1.669078461068,1.669078461068
      ,1.669078461069,1.669078461068,1.669078461068,1.669078461068
      ,1.669078461068,1.669078461068,1.669078461068,1.669078461068
      ,1.669078461069,1.669078461068,1.669078461069,1.669078461068
      ,1.669078461068,1.669078461068,1.669078461068,1.669078461068
      ,1.669078461069,1.669078461067,1.669078461069,1.669078461067
      ,1.669078461069,1.669078461068,1.669078461068,1.669078461068
      ,1.669078461068,1.669078461068,1.669078461069,1.669078461068
      ,1.669078461069,1.669078461068,1.669078461068,1.669078461068
      ,1.669078461068,1.669078461069,1.669078461067,1.66907846107
      ,1.669078461066,1.66907846107,1.669078461067,1.669078461069
      ,1.669078461068,1.669078461068,1.669078461068,1.669078461068
      ,1.66907846107,1.669078461066,1.66907846107,1.669078461067
      ,1.669078461069,1.669078461068,1.669078461068,1.669078461068
      ,1.669078461068,1.669078461068,1.669078461068,1.669078461069
      ,1.669078461068,1.669078461069,1.669078461068,1.669078461068
      ,1.669078461068,1.669078461068,1.669078461068,1.669078461069
      ,1.669078461067,1.66907846107,1.669078461067,1.66907846107
      ,1.669078461068,1.669078461069,1.669078461068,1.669078461068
      ,1.669078461068,1.669078461068,1.66907846107,1.669078461066
      ,1.669078461071,1.669078461066,1.66907846107,1.669078461067
      ,1.669078461069,1.669078461068,1.669078461069,1.669078461067
      ,1.669078461072,1.669078461064,1.669078461073,1.669078461065
      ,1.66907846107,1.669078461067,1.669078461068,1.669078461068
))) REPRESENTATION_ITEM('') SURFACE() );
#393 = CARTESIAN_POINT('',(25.,66.290205865467,50.550503917067));
#394 = CARTESIAN_POINT('',(24.455235014768,65.002604098114,
    50.047843879357));
#395 = CARTESIAN_POINT('',(23.962984566151,63.743651631238,
    49.466447980777));
#396 = CARTESIAN_POINT('',(23.520770266088,62.509026658896,
    48.81065012655));
#397 = CARTESIAN_POINT('',(23.126752911727,61.295194585222,
    48.08441217418));
#398 = CARTESIAN_POINT('',(22.779714014781,60.098671236291,
    47.292557416667));
#399 = CARTESIAN_POINT('',(22.478986964398,58.91700512601,
    46.439865742337));
#400 = CARTESIAN_POINT('',(22.224590795146,57.74793043576,
    45.531686567882));
#401 = CARTESIAN_POINT('',(22.017461822527,56.588219905722,
    44.574740520185));
#402 = CARTESIAN_POINT('',(21.860046765597,55.434273826856,
    43.576241426527));
#403 = CARTESIAN_POINT('',(21.758615414086,54.282417767251,
    42.54337646654));
#404 = CARTESIAN_POINT('',(21.730471401162,53.118247563791,
    41.493534338068));
#405 = CARTESIAN_POINT('',(21.79805484663,52.703947172797,
    41.147091001024));
#406 = CARTESIAN_POINT('',(21.882060025818,52.281937960885,
    40.804408904532));
#407 = CARTESIAN_POINT('',(21.983317155726,51.849938815923,
    40.468127472968));
#408 = CARTESIAN_POINT('',(22.102073413198,51.404557377375,
    40.142129872957));
#409 = CARTESIAN_POINT('',(22.237135547971,50.943185168889,
    39.829642633025));
#410 = CARTESIAN_POINT('',(22.385989279272,50.461479921092,
    39.53587074873));
#411 = CARTESIAN_POINT('',(22.541603836273,49.955049374422,
    39.266533439692));
#412 = CARTESIAN_POINT('',(22.690670800461,49.423932481497,
    39.023327491564));
#413 = CARTESIAN_POINT('',(22.818701912366,48.874573285034,
    38.801371934065));
#414 = CARTESIAN_POINT('',(23.020739523501,47.757826415599,
    38.382787422085));
#415 = CARTESIAN_POINT('',(23.108730437541,46.637195731518,
    37.983687855131));
#416 = CARTESIAN_POINT('',(23.122814837287,46.083977496651,
    37.781181812939));
#417 = CARTESIAN_POINT('',(23.110976365071,45.545514085166,
    37.56779484648));
#418 = CARTESIAN_POINT('',(23.081898750729,45.024913469607,
    37.339872281061));
#419 = CARTESIAN_POINT('',(23.043318700927,44.521664347945,
    37.097566935114));
#420 = CARTESIAN_POINT('',(22.999933028706,44.033773305647,
    36.842810515691));
#421 = CARTESIAN_POINT('',(22.954784221769,43.559182239554,
    36.57772599373));
#422 = CARTESIAN_POINT('',(22.91051178071,43.096033154575,
    36.304248457571));
#423 = CARTESIAN_POINT('',(22.784012432589,41.735127052008,
    35.465000790736));
#424 = CARTESIAN_POINT('',(22.68501164366,40.44562902502,34.585273223507
    ));
#425 = CARTESIAN_POINT('',(22.638420605695,39.604779211247,
    33.995320259974));
#426 = CARTESIAN_POINT('',(22.610454242372,38.77402582166,
    33.412614033841));
#427 = CARTESIAN_POINT('',(22.599286157167,37.947820098622,
    32.844572472519));
#428 = CARTESIAN_POINT('',(22.603693696191,37.122454834709,
    32.296535926304));
#429 = CARTESIAN_POINT('',(22.622656790534,36.29500462195,
    31.772841463381));
#430 = CARTESIAN_POINT('',(22.654918891882,35.462791019957,
    31.27733529243));
#431 = CARTESIAN_POINT('',(22.699287830453,34.623318429306,
    30.813341526151));
#432 = CARTESIAN_POINT('',(22.755223674039,33.774316375937,
    30.383540728066));
#433 = CARTESIAN_POINT('',(22.822029918773,32.913213834358,
    29.990646914084));
#434 = CARTESIAN_POINT('',(22.812194990684,31.735461101831,29.5633316392
    ));
#435 = CARTESIAN_POINT('',(22.789080915663,30.511972516398,
    29.211695156996));
#436 = CARTESIAN_POINT('',(22.736919239703,29.246451101279,
    28.929874340064));
#437 = CARTESIAN_POINT('',(22.632256982803,27.943989246684,
    28.712478400847));
#438 = CARTESIAN_POINT('',(22.475125270487,26.616162465307,
    28.526919788156));
#439 = CARTESIAN_POINT('',(22.216260953427,25.264793927718,
    28.393443003892));
#440 = CARTESIAN_POINT('',(21.893966444436,23.924816588075,
    28.177814991221));
#441 = CARTESIAN_POINT('',(21.593240830941,22.582505020052,
    27.951944475456));
#442 = CARTESIAN_POINT('',(21.299403111611,21.240865433287,
    27.721557093426));
#443 = CARTESIAN_POINT('',(21.013008865441,19.898413444651,
    27.505408239118));
#444 = CARTESIAN_POINT('',(20.720466667343,18.555523610536,
    27.311749979725));
#445 = CARTESIAN_POINT('',(20.50078406665,16.534487737622,
    27.147058550655));
#446 = CARTESIAN_POINT('',(20.149844130625,14.491279611675,
    27.033048472134));
#447 = CARTESIAN_POINT('',(19.67313492108,12.452479905625,
    26.961857916897));
#448 = CARTESIAN_POINT('',(19.077930195061,10.443328870356,
    26.926780682848));
#449 = CARTESIAN_POINT('',(18.371693590794,8.48781012868,26.924150065006
    ));
#450 = CARTESIAN_POINT('',(17.558528476268,6.609448325252,
    26.950250781861));
#451 = CARTESIAN_POINT('',(16.639971869043,4.832212384914,
    26.998912860735));
#452 = CARTESIAN_POINT('',(15.618469925539,3.180111417904,
    27.061512351957));
#453 = CARTESIAN_POINT('',(14.498813881992,1.674802543156,
    27.128588956339));
#454 = CARTESIAN_POINT('',(13.28465901285,0.332799078867,27.191190114866
    ));
#455 = CARTESIAN_POINT('',(11.973995149447,-0.832326327288,
    27.240364823458));
#456 = CARTESIAN_POINT('',(11.478417618431,-1.286700334165,
    27.277933293136));
#457 = CARTESIAN_POINT('',(10.961374424828,-1.717617100104,
    27.312115769632));
#458 = CARTESIAN_POINT('',(10.422895927172,-2.126404142765,
    27.342976301533));
#459 = CARTESIAN_POINT('',(9.863148389681,-2.514172825924,
    27.370528322416));
#460 = CARTESIAN_POINT('',(9.282455190129,-2.881896976433,27.39475954605
    ));
#461 = CARTESIAN_POINT('',(8.681304902246,-3.230474847143,
    27.415642966078));
#462 = CARTESIAN_POINT('',(8.060346251953,-3.560774425942,
    27.433133960263));
#463 = CARTESIAN_POINT('',(7.420369948349,-3.873662090697,
    27.447153499204));
#464 = CARTESIAN_POINT('',(6.762277388458,-4.170014610343,
    27.457557459608));
#465 = CARTESIAN_POINT('',(5.749415660678,-4.591064432655,
    27.467359333276));
#466 = CARTESIAN_POINT('',(4.70016646728,-4.978846430128,27.467505711722
    ));
#467 = CARTESIAN_POINT('',(4.34649716078,-5.10451944218,27.466433146718)
  );
#468 = CARTESIAN_POINT('',(3.989033289644,-5.226709022585,
    27.464164037076));
#469 = CARTESIAN_POINT('',(3.627900913105,-5.345516528058,
    27.460607531846));
#470 = CARTESIAN_POINT('',(3.26322633685,-5.461039745581,27.455657896417
    ));
#471 = CARTESIAN_POINT('',(2.895134995175,-5.57336980002,27.449185075754
    ));
#472 = CARTESIAN_POINT('',(2.523750016796,-5.682585673772,
    27.441015040436));
#473 = CARTESIAN_POINT('',(2.149190474934,-5.788746338355,
    27.430899915464));
#474 = CARTESIAN_POINT('',(1.393948167276,-5.995014657639,
    27.406055868266));
#475 = CARTESIAN_POINT('',(0.626877202667,-6.189120127185,
    27.369880032301));
#476 = CARTESIAN_POINT('',(0.240467111077,-6.283024888012,
    27.348495101413));
#477 = CARTESIAN_POINT('',(-0.148584162213,-6.374302760936,
    27.32261754362));
#478 = CARTESIAN_POINT('',(-0.540575618768,-6.461215501532,
    27.292556715743));
#479 = CARTESIAN_POINT('',(-0.934891548693,-6.545851499721,
    27.254827411162));
#480 = CARTESIAN_POINT('',(-1.331808274049,-6.626519353119,
    27.208603191224));
#481 = CARTESIAN_POINT('',(-1.731663124925,-6.701163130125,
    27.151293865268));
#482 = CARTESIAN_POINT('',(-2.13341435725,-6.77338694908,27.07273421059)
  );
#483 = CARTESIAN_POINT('',(-2.640016515454,-6.850798354616,
    26.942473051826));
#484 = CARTESIAN_POINT('',(-3.147686650964,-6.926576519641,
    26.692916638727));
#485 = CARTESIAN_POINT('',(-3.249216265392,-6.941821862053,
    26.637420465146));
#486 = CARTESIAN_POINT('',(-3.350682672583,-6.957357756773,
    26.575429545726));
#487 = CARTESIAN_POINT('',(-3.451987419093,-6.97353865498,
    26.505656689303));
#488 = CARTESIAN_POINT('',(-3.55298610222,-6.990905398906,
    26.426528576773));
#489 = CARTESIAN_POINT('',(-3.653472619809,-7.010253443772,
    26.336165143545));
#490 = CARTESIAN_POINT('',(-3.753127911899,-7.032843715222,
    26.23210774862));
#491 = CARTESIAN_POINT('',(-3.851412264154,-7.06086003345,
    26.111000952322));
#492 = CARTESIAN_POINT('',(-4.043358455996,-7.135567508114,
    25.826552914797));
#493 = CARTESIAN_POINT('',(-4.219644372456,-7.275177528153,
    25.444836366039));
#494 = CARTESIAN_POINT('',(-4.30216083633,-7.368598004156,
    25.226915961385));
#495 = CARTESIAN_POINT('',(-4.377796215228,-7.490851752957,
    24.976612701981));
#496 = CARTESIAN_POINT('',(-4.439401626049,-7.674139207789,
    24.704991468329));
#497 = CARTESIAN_POINT('',(-4.494062548866,-7.886583973561,
    24.403274587693));
#498 = CARTESIAN_POINT('',(-4.517823038209,-8.235669777664,
    24.100071121897));
#499 = CARTESIAN_POINT('',(-4.534477198723,-8.621739511727,
    23.894921716648));
#500 = CARTESIAN_POINT('',(-4.551337679402,-9.010772892582,
    23.759271380894));
#501 = CARTESIAN_POINT('',(-4.597363116221,-9.741267958209,
    23.612610403795));
#502 = CARTESIAN_POINT('',(-4.677198870226,-10.3318476931,
    23.645705995407));
#503 = CARTESIAN_POINT('',(-4.727939502196,-10.58070617048,
    23.690682258532));
#504 = CARTESIAN_POINT('',(-4.788347408556,-10.78715573575,
    23.74529033901));
#505 = CARTESIAN_POINT('',(-4.856104073601,-10.96099286037,
    23.801685203182));
#506 = CARTESIAN_POINT('',(-4.929404709905,-11.1100451968,
    23.857300274618));
#507 = CARTESIAN_POINT('',(-5.007174845902,-11.23894995385,
    23.910245364449));
#508 = CARTESIAN_POINT('',(-5.088537553818,-11.35151668605,
    23.959425756277));
#509 = CARTESIAN_POINT('',(-5.172608821648,-11.4516721674,
    24.005245078835));
#510 = CARTESIAN_POINT('',(-5.345284803416,-11.63103510809,
    24.089777943332));
#511 = CARTESIAN_POINT('',(-5.52526376223,-11.77633563143,
    24.161071508826));
#512 = CARTESIAN_POINT('',(-5.61666263796,-11.84231784672,
    24.193618002894));
#513 = CARTESIAN_POINT('',(-5.709168475296,-11.90297955159,
    24.223338869098));
#514 = CARTESIAN_POINT('',(-5.802561415519,-11.95930432,24.250530044659)
  );
#515 = CARTESIAN_POINT('',(-5.896678715607,-12.01202249916,
    24.275476448904));
#516 = CARTESIAN_POINT('',(-5.991395164809,-12.0616966199,
    24.298431242874));
#517 = CARTESIAN_POINT('',(-6.086609378176,-12.10878148233,
    24.319606643033));
#518 = CARTESIAN_POINT('',(-6.182235966936,-12.15365891668,
    24.33917628884));
#519 = CARTESIAN_POINT('',(-6.662074061452,-12.36860042977,
    24.429740666761));
#520 = CARTESIAN_POINT('',(-7.149103471477,-12.54228549305,
    24.487630898746));
#521 = CARTESIAN_POINT('',(-7.539763816141,-12.67074407406,
    24.522023805371));
#522 = CARTESIAN_POINT('',(-7.930688263065,-12.79197406908,
    24.548276191343));
#523 = CARTESIAN_POINT('',(-8.321177316701,-12.90882009117,
    24.568604701892));
#524 = CARTESIAN_POINT('',(-8.710678810735,-13.02343229054,
    24.584515736276));
#525 = CARTESIAN_POINT('',(-9.098944245716,-13.13658635656,
    24.596991443649));
#526 = CARTESIAN_POINT('',(-9.485766954906,-13.24885484184,
    24.606709367195));
#527 = CARTESIAN_POINT('',(-9.870824304823,-13.36131631461,
    24.614222494382));
#528 = CARTESIAN_POINT('',(-11.02029190552,-13.70001647183,
    24.631299995499));
#529 = CARTESIAN_POINT('',(-12.15097975245,-14.04681438237,
    24.634798643534));
#530 = CARTESIAN_POINT('',(-12.89504650801,-14.28484048604,
    24.633524123434));
#531 = CARTESIAN_POINT('',(-13.62826580888,-14.53177731191,
    24.629869751246));
#532 = CARTESIAN_POINT('',(-14.34963955118,-14.78920956464,
    24.624526337218));
#533 = CARTESIAN_POINT('',(-15.05823650703,-15.05855903179,
    24.617998690796));
#534 = CARTESIAN_POINT('',(-15.75318637196,-15.341203427,24.610732974298
    ));
#535 = CARTESIAN_POINT('',(-16.43370183899,-15.63847285632,
    24.603112600101));
#536 = CARTESIAN_POINT('',(-17.09910534726,-15.9516182925,
    24.595414151033));
#537 = CARTESIAN_POINT('',(-17.74883715205,-16.28184644093,
    24.587814802826));
#538 = CARTESIAN_POINT('',(-18.38242136405,-16.63051538168,
    24.58054272815));
#539 = CARTESIAN_POINT('',(-19.14492863137,-17.04766995897,
    24.56844981807));
#540 = CARTESIAN_POINT('',(-19.892058392,-17.50015085104,24.557803494749
    ));
#541 = CARTESIAN_POINT('',(-20.62527346729,-17.9864573655,
    24.548586299456));
#542 = CARTESIAN_POINT('',(-21.34574609946,-18.50502399456,
    24.541026063665));
#543 = CARTESIAN_POINT('',(-22.05462000867,-19.05401027676,
    24.53506353041));
#544 = CARTESIAN_POINT('',(-22.75295129176,-19.6314276831,
    24.530719793385));
#545 = CARTESIAN_POINT('',(-23.44167298168,-20.23525588285,
    24.528354861616));
#546 = CARTESIAN_POINT('',(-24.12169458443,-20.86342410405,
    24.528478971317));
#547 = CARTESIAN_POINT('',(-24.79401440955,-21.51375666274,
    24.531448578718));
#548 = CARTESIAN_POINT('',(-25.62585765647,-22.35181720264,
    24.539699457297));
#549 = CARTESIAN_POINT('',(-26.44630546411,-23.21997017359,
    24.560431968695));
#550 = CARTESIAN_POINT('',(-26.60993560788,-23.39478804437,
    24.565131334273));
#551 = CARTESIAN_POINT('',(-26.77308752324,-23.57079043622,
    24.570490655843));
#552 = CARTESIAN_POINT('',(-26.93573518902,-23.747981149,24.576636690285
    ));
#553 = CARTESIAN_POINT('',(-27.09784686641,-23.92636922852,
    24.583706290024));
#554 = CARTESIAN_POINT('',(-27.25938008439,-24.10597345631,
    24.591861096226));
#555 = CARTESIAN_POINT('',(-27.42027011808,-24.28683264035,
    24.601326493901));
#556 = CARTESIAN_POINT('',(-27.58041195969,-24.46902170459,
    24.612454828811));
#557 = CARTESIAN_POINT('',(-27.81924769368,-24.74449951673,
    24.632491915048));
#558 = CARTESIAN_POINT('',(-28.05542008365,-25.02376056192,
    24.659555049653));
#559 = CARTESIAN_POINT('',(-28.13381533727,-25.11729504102,
    24.669455305793));
#560 = CARTESIAN_POINT('',(-28.21183886072,-25.21131291006,
    24.68039720933));
#561 = CARTESIAN_POINT('',(-28.2894390912,-25.30585787419,
    24.692573879106));
#562 = CARTESIAN_POINT('',(-28.36655413971,-25.40098287011,
    24.70620279661));
#563 = CARTESIAN_POINT('',(-28.44310736149,-25.49675401244,
    24.721546379867));
#564 = CARTESIAN_POINT('',(-28.51900011376,-25.59325703428,
    24.738959451476));
#565 = CARTESIAN_POINT('',(-28.59410170101,-25.69060622184,
    24.758963600596));
#566 = CARTESIAN_POINT('',(-28.70530391098,-25.83813065389,
    24.794040858289));
#567 = CARTESIAN_POINT('',(-28.81379937981,-25.98837445097,
    24.839392682375));
#568 = CARTESIAN_POINT('',(-28.84963217361,-26.03878576055,
    24.855795256244));
#569 = CARTESIAN_POINT('',(-28.88510139095,-26.08955460936,
    24.873675481152));
#570 = CARTESIAN_POINT('',(-28.92017105774,-26.14071272266,
    24.893261645925));
#571 = CARTESIAN_POINT('',(-28.95479771682,-26.1922984897,
    24.914820922836));
#572 = CARTESIAN_POINT('',(-28.98893014098,-26.24435720477,
    24.938677994746));
#573 = CARTESIAN_POINT('',(-29.02251148264,-26.29693911578,
    24.96524936296));
#574 = CARTESIAN_POINT('',(-29.05548385965,-26.35009527952,
    24.995093335734));
#575 = CARTESIAN_POINT('',(-29.12010689551,-26.45764716966,
    25.062858059252));
#576 = CARTESIAN_POINT('',(-29.18194070221,-26.56780406587,
    25.150994780613));
#577 = CARTESIAN_POINT('',(-29.21212021705,-26.62356852858,
    25.201153511999));
#578 = CARTESIAN_POINT('',(-29.24158496956,-26.67999708456,
    25.259136053466));
#579 = CARTESIAN_POINT('',(-29.27034965088,-26.73707526902,
    25.326160732172));
#580 = CARTESIAN_POINT('',(-29.2985357131,-26.79469182252,25.40506901063
    ));
#581 = CARTESIAN_POINT('',(-29.32659110588,-26.85244241989,
    25.499850426144));
#582 = CARTESIAN_POINT('',(-29.35537945494,-26.90955043846,
    25.614849608465));
#583 = CARTESIAN_POINT('',(-29.38650103764,-26.96457774067,
    25.75735462309));
#584 = CARTESIAN_POINT('',(-29.44358816714,-27.03780151015,
    26.033985918681));
#585 = CARTESIAN_POINT('',(-29.55146344357,-27.06554542546,
    26.434458765624));
#586 = CARTESIAN_POINT('',(-29.59495762466,-27.06804531294,
    26.583215175589));
#587 = CARTESIAN_POINT('',(-29.64885516971,-27.06122951187,
    26.749348588954));
#588 = CARTESIAN_POINT('',(-29.71628794552,-27.04229568123,
    26.932616077508));
#589 = CARTESIAN_POINT('',(-29.80167054437,-27.00729310913,
    27.133571875703));
#590 = CARTESIAN_POINT('',(-29.91117508926,-26.95070033371,
    27.350342543957));
#591 = CARTESIAN_POINT('',(-30.05059522329,-26.86734038856,
    27.573082322308));
#592 = CARTESIAN_POINT('',(-30.22058038851,-26.7566437592,
    27.785096273839));
#593 = CARTESIAN_POINT('',(-30.60564424471,-26.49494260979,
    28.160774141082));
#594 = CARTESIAN_POINT('',(-31.04344725507,-26.18614630442,
    28.411228287621));
#595 = CARTESIAN_POINT('',(-31.26614802698,-26.02837557989,
    28.498028974951));
#596 = CARTESIAN_POINT('',(-31.48031168633,-25.87826948353,
    28.544694194986));
#597 = CARTESIAN_POINT('',(-31.67686258745,-25.74393990653,
    28.560255826248));
#598 = CARTESIAN_POINT('',(-31.85309572001,-25.62779807165,
    28.555485878484));
#599 = CARTESIAN_POINT('',(-32.01065549757,-25.52836685848,
    28.537608918225));
#600 = CARTESIAN_POINT('',(-32.15171088934,-25.44370204483,
    28.51114547606));
#601 = CARTESIAN_POINT('',(-32.27760272582,-25.37260091915,
    28.479915410136));
#602 = CARTESIAN_POINT('',(-32.61713118626,-25.19341319095,
    28.378405085796));
#603 = CARTESIAN_POINT('',(-32.85774381259,-25.10267097471,
    28.267304270948));
#604 = CARTESIAN_POINT('',(-32.9887717352,-25.06842911702,
    28.201139114959));
#605 = CARTESIAN_POINT('',(-33.10107012607,-25.05091114008,
    28.142637440246));
#606 = CARTESIAN_POINT('',(-33.19992206123,-25.04539090708,
    28.090931888851));
#607 = CARTESIAN_POINT('',(-33.2885057461,-25.04902524413,
    28.045388173054));
#608 = CARTESIAN_POINT('',(-33.36951423887,-25.05940532308,
    28.00501056409));
#609 = CARTESIAN_POINT('',(-33.44480077702,-25.07487361163,
    27.968876035931));
#610 = CARTESIAN_POINT('',(-33.51522692806,-25.09465937967,
    27.936557838537));
#611 = CARTESIAN_POINT('',(-33.71523256795,-25.16401004126,
    27.849149774498));
#612 = CARTESIAN_POINT('',(-33.88722101837,-25.25815134621,
    27.786602685824));
#613 = CARTESIAN_POINT('',(-33.99486879179,-25.32706330612,
    27.752432494311));
#614 = CARTESIAN_POINT('',(-34.09768456292,-25.40017631176,
    27.723743649757));
#615 = CARTESIAN_POINT('',(-34.19688421268,-25.47640154196,
    27.699246071445));
#616 = CARTESIAN_POINT('',(-34.29339789523,-25.5549054784,
    27.678047994535));
#617 = CARTESIAN_POINT('',(-34.38789342505,-25.63508910969,27.6594979267
    ));
#618 = CARTESIAN_POINT('',(-34.48074711,-25.71661408379,27.643113779061)
  );
#619 = CARTESIAN_POINT('',(-34.57219870518,-25.7992641162,
    27.628533648447));
#620 = CARTESIAN_POINT('',(-34.8432891776,-26.04974110907,
    27.589343036256));
#621 = CARTESIAN_POINT('',(-35.10604082913,-26.30648072713,
    27.56176869959));
#622 = CARTESIAN_POINT('',(-35.27893982982,-26.47912266202,
    27.546764250459));
#623 = CARTESIAN_POINT('',(-35.45027816427,-26.65259730755,
    27.53419335101));
#624 = CARTESIAN_POINT('',(-35.62043577748,-26.82654839877,
    27.52351638005));
#625 = CARTESIAN_POINT('',(-35.78967701344,-27.0007229227,
    27.514361319913));
#626 = CARTESIAN_POINT('',(-35.95822922563,-27.1749008788,
    27.506426979585));
#627 = CARTESIAN_POINT('',(-36.12628206528,-27.34889593969,
    27.499471482863));
#628 = CARTESIAN_POINT('',(-36.29396206736,-27.52257818948,
    27.493330396131));
#629 = CARTESIAN_POINT('',(-37.13083751156,-28.38903783045,
    27.466222765921));
#630 = CARTESIAN_POINT('',(-37.96254910551,-29.24312247933,
    27.454235783744));
#631 = CARTESIAN_POINT('',(-38.62992304132,-29.91265173146,
    27.447950443076));
#632 = CARTESIAN_POINT('',(-39.30072220116,-30.5661098787,
    27.444535820419));
#633 = CARTESIAN_POINT('',(-39.97683250404,-31.20078174165,
    27.442983062429));
#634 = CARTESIAN_POINT('',(-40.66002414096,-31.81411772802,
    27.442467426162));
#635 = CARTESIAN_POINT('',(-41.3515644558,-32.40412052992,
    27.442919314834));
#636 = CARTESIAN_POINT('',(-42.05278877522,-32.96888859205,
    27.444259399414));
#637 = CARTESIAN_POINT('',(-42.76544065285,-33.50637032523,
    27.445983236739));
#638 = CARTESIAN_POINT('',(-44.21666602226,-34.52354655511,
    27.450279860451));
#639 = CARTESIAN_POINT('',(-45.72729723054,-35.4184118118,
    27.455660684696));
#640 = CARTESIAN_POINT('',(-46.49933707548,-35.83360399306,
    27.458506360452));
#641 = CARTESIAN_POINT('',(-47.2901441209,-36.21496212686,
    27.461416130786));
#642 = CARTESIAN_POINT('',(-48.1020450375,-36.56089795317,27.46431420488
    ));
#643 = CARTESIAN_POINT('',(-48.93766609069,-36.86972927326,
    27.467133576132));
#644 = CARTESIAN_POINT('',(-49.79987575258,-37.13957244783,
    27.469811590643));
#645 = CARTESIAN_POINT('',(-50.69167841968,-37.36825396512,
    27.472287195675));
#646 = CARTESIAN_POINT('',(-51.6160836134,-37.55326837214,
    27.474499385381));
#647 = CARTESIAN_POINT('',(-52.57597504058,-37.69180986183,
    27.476386361258));
#648 = CARTESIAN_POINT('',(-53.5740038915,-37.78090480938,
    27.477884924656));
#649 = CARTESIAN_POINT('',(-54.42658919614,-37.85834626896,
    27.481125578066));
#650 = CARTESIAN_POINT('',(-55.31303403869,-37.89860109713,
    27.484129769882));
#651 = CARTESIAN_POINT('',(-56.22404452654,-37.90207231543,
    27.486906013357));
#652 = CARTESIAN_POINT('',(-57.15080443376,-37.86962730236,
    27.489458392437));
#653 = CARTESIAN_POINT('',(-58.08482465378,-37.80241829681,
    27.491786740148));
#654 = CARTESIAN_POINT('',(-59.01781606519,-37.70177560964,
    27.493887521364));
#655 = CARTESIAN_POINT('',(-59.94158580991,-37.56917354432,
    27.495755419891));
#656 = CARTESIAN_POINT('',(-60.84795698449,-37.40626902565,
    27.497385629941));
#657 = CARTESIAN_POINT('',(-61.72871174381,-37.21501293737,
    27.498776851926));
#658 = CARTESIAN_POINT('',(-63.42240389189,-36.78065539892,
    27.501093133331));
#659 = CARTESIAN_POINT('',(-64.94695423611,-36.25526172956,
    27.502547160266));
#660 = CARTESIAN_POINT('',(-65.65848332261,-35.97273845036,
    27.503074642446));
#661 = CARTESIAN_POINT('',(-66.31134865387,-35.67597967817,
    27.503426702464));
#662 = CARTESIAN_POINT('',(-66.89597883046,-35.36549824242,
    27.503634972592));
#663 = CARTESIAN_POINT('',(-67.40494019492,-35.05508365402,
    27.503740942999));
#664 = CARTESIAN_POINT('',(-67.83199717097,-34.74983551605,
    27.503783460066));
#665 = CARTESIAN_POINT('',(-68.16863773924,-34.45839520925,
    27.503808680245));
#666 = CARTESIAN_POINT('',(-68.41558572376,-34.21538284908,
    27.503863586105));
#667 = CARTESIAN_POINT('',(-68.60791867225,-34.02252412706,
    27.503926434632));
#668 = CARTESIAN_POINT('',(-68.76264079639,-33.85085485454,
    27.503987872169));
#669 = CARTESIAN_POINT('',(-68.85522568661,-33.74777130711,
    27.503647103771));
#670 = CARTESIAN_POINT('',(-68.9346724708,-33.64636156399,
    27.503334304819));
#671 = CARTESIAN_POINT('',(-69.00389273319,-33.53801331915,
    27.503039175476));
#672 = CARTESIAN_POINT('',(-69.06331238895,-33.4116835995,
    27.502754032616));
#673 = CARTESIAN_POINT('',(-69.10629915612,-33.25586353043,
    27.502478763539));
#674 = CARTESIAN_POINT('',(-69.12326499663,-33.065361325,27.50221643218)
  );
#675 = CARTESIAN_POINT('',(-69.10620699655,-32.8414606483,
    27.501968643688));
#676 = CARTESIAN_POINT('',(-69.05036782542,-32.58726397488,
    27.501734038658));
#677 = CARTESIAN_POINT('',(-68.95316785244,-32.30487156129,
    27.501509463141));
#678 = CARTESIAN_POINT('',(-68.67200257434,-31.6900808319,
    27.501073428055));
#679 = CARTESIAN_POINT('',(-68.21377742773,-30.98485466382,
    27.500646106407));
#680 = CARTESIAN_POINT('',(-67.93946175482,-30.61211738004,
    27.500430297507));
#681 = CARTESIAN_POINT('',(-67.61979092932,-30.22133058209,
    27.500207455783));
#682 = CARTESIAN_POINT('',(-67.25497066554,-29.81410527237,
    27.499972497758));
#683 = CARTESIAN_POINT('',(-66.84531353511,-29.3916206017,
    27.499720335744));
#684 = CARTESIAN_POINT('',(-66.39112028992,-28.9547084915,
    27.499445951344));
#685 = CARTESIAN_POINT('',(-65.89264824732,-28.50395829343,
    27.499144391867));
#686 = CARTESIAN_POINT('',(-65.35012156863,-28.03980873775,
    27.498810733718));
#687 = CARTESIAN_POINT('',(-64.7637382603,-27.56259441692,
    27.498440056701));
#688 = CARTESIAN_POINT('',(-64.13362872838,-27.07251405521,
    27.498027473269));
#689 = CARTESIAN_POINT('',(29.364695160941,65.444918130301,
    49.949993380641));
#690 = CARTESIAN_POINT('',(28.855279610674,64.255939462916,
    49.565440531105));
#691 = CARTESIAN_POINT('',(28.39093190754,63.084645763064,
    49.109118282213));
#692 = CARTESIAN_POINT('',(27.968849453902,61.924487506412,
    48.583704223357));
#693 = CARTESIAN_POINT('',(27.587866546848,60.770059939487,
    47.991614519293));
#694 = CARTESIAN_POINT('',(27.246294435767,59.616589563328,
    47.336668146784));
#695 = CARTESIAN_POINT('',(26.944375922194,58.460381671014,
    46.623656869793));
#696 = CARTESIAN_POINT('',(26.682816135013,57.297383439727,
    45.859367660781));
#697 = CARTESIAN_POINT('',(26.460677860352,56.12156017918,
    45.053605284694));
#698 = CARTESIAN_POINT('',(26.277624590731,54.924564039132,
    44.218861634274));
#699 = CARTESIAN_POINT('',(26.137057306853,53.693194800014,
    43.372475145641));
#700 = CARTESIAN_POINT('',(26.028121892951,52.391411292037,
    42.555418226263));
#701 = CARTESIAN_POINT('',(26.030024574219,51.844218251082,
    42.383835598932));
#702 = CARTESIAN_POINT('',(26.028589806895,51.2741024652,42.231132882156
    ));
#703 = CARTESIAN_POINT('',(26.019417383567,50.678173046891,
    42.10103006404));
#704 = CARTESIAN_POINT('',(25.994768515755,50.053278011015,
    41.997827804904));
#705 = CARTESIAN_POINT('',(25.947251815391,49.3986117882,41.92339750955)
  );
#706 = CARTESIAN_POINT('',(25.863828613818,48.713450687654,
    41.880057637887));
#707 = CARTESIAN_POINT('',(25.726516383077,48.002311897338,
    41.865167221014));
#708 = CARTESIAN_POINT('',(25.521407701476,47.280810453112,
    41.864295137867));
#709 = CARTESIAN_POINT('',(25.248866060232,46.571396582228,
    41.854810605544));
#710 = CARTESIAN_POINT('',(24.601151628933,45.206589254612,
    41.786562483599));
#711 = CARTESIAN_POINT('',(23.820198829099,43.984694137371,
    41.580916421235));
#712 = CARTESIAN_POINT('',(23.41458489299,43.418096971617,
    41.434119458058));
#713 = CARTESIAN_POINT('',(23.016732216321,42.897862694855,
    41.240229564334));
#714 = CARTESIAN_POINT('',(22.643524415784,42.416680229374,
    41.006293527346));
#715 = CARTESIAN_POINT('',(22.302132089969,41.965246467969,
    40.74212097654));
#716 = CARTESIAN_POINT('',(21.992967384246,41.536504689041,
    40.455614101929));
#717 = CARTESIAN_POINT('',(21.714560075407,41.125239875594,
    40.152820942034));
#718 = CARTESIAN_POINT('',(21.465507564288,40.726855768474,
    39.839079032138));
#719 = CARTESIAN_POINT('',(20.797255618996,39.561247394665,
    38.876360957076));
#720 = CARTESIAN_POINT('',(20.343195129668,38.462462271039,
    37.876747321966));
#721 = CARTESIAN_POINT('',(20.11454520109,37.740483352779,
    37.218302478004));
#722 = CARTESIAN_POINT('',(19.940594361973,37.022537166813,
    36.578203057539));
#723 = CARTESIAN_POINT('',(19.808533073436,36.305931509718,
    35.96195647643));
#724 = CARTESIAN_POINT('',(19.710638982959,35.588788831789,
    35.373496049124));
#725 = CARTESIAN_POINT('',(19.641387925909,34.869591128292,
    34.815788636146));
#726 = CARTESIAN_POINT('',(19.595867161351,34.147176055491,
    34.290806625413));
#727 = CARTESIAN_POINT('',(19.570150034997,33.420255826724,
    33.799861280337));
#728 = CARTESIAN_POINT('',(19.562220472164,32.686700557674,
    33.344235172763));
#729 = CARTESIAN_POINT('',(19.569964913265,31.943997859194,
    32.924992105257));
#730 = CARTESIAN_POINT('',(19.320943988084,30.976919790426,
    32.302178644611));
#731 = CARTESIAN_POINT('',(19.046599112432,29.960615849226,
    31.688130345376));
#732 = CARTESIAN_POINT('',(18.738210104162,28.899319912493,
    31.06643794704));
#733 = CARTESIAN_POINT('',(18.378722089075,27.802132068481,
    30.40934917617));
#734 = CARTESIAN_POINT('',(18.01849780736,26.674909290379,
    29.702144458423));
#735 = CARTESIAN_POINT('',(17.570183709552,25.536267037973,
    28.899274917907));
#736 = CARTESIAN_POINT('',(17.292287022722,24.394140756538,
    27.951403969795));
#737 = CARTESIAN_POINT('',(17.131146367918,23.216555900114,
    27.082393653498));
#738 = CARTESIAN_POINT('',(17.054396619977,22.014022544055,
    26.287376202425));
#739 = CARTESIAN_POINT('',(17.021543160854,20.788266440675,
    25.598247579893));
#740 = CARTESIAN_POINT('',(16.997267980078,19.545376376956,
    25.013126229853));
#741 = CARTESIAN_POINT('',(16.956869630369,17.673566489832,
    24.622299865438));
#742 = CARTESIAN_POINT('',(16.812652135319,15.753934136478,
    24.277175917408));
#743 = CARTESIAN_POINT('',(16.566309729118,13.815151933329,
    23.980304998567));
#744 = CARTESIAN_POINT('',(16.219438149319,11.885186162972,
    23.736135565753));
#745 = CARTESIAN_POINT('',(15.769795368172,9.993580742332,
    23.550366579547));
#746 = CARTESIAN_POINT('',(15.213554817648,8.17071862965,23.421964728391
    ));
#747 = CARTESIAN_POINT('',(14.550314178267,6.446960454487,23.34161510155
    ));
#748 = CARTESIAN_POINT('',(13.786783822029,4.850577413947,23.2963834965)
  );
#749 = CARTESIAN_POINT('',(12.935718739691,3.403180506815,
    23.274277652829));
#750 = CARTESIAN_POINT('',(12.008776250036,2.114900971611,
    23.264203614971));
#751 = CARTESIAN_POINT('',(11.00557897571,0.988897357221,23.256522141706
    ));
#752 = CARTESIAN_POINT('',(10.607881998775,0.574409103376,
    23.288531096278));
#753 = CARTESIAN_POINT('',(10.187486664446,0.176994804902,
    23.317628723382));
#754 = CARTESIAN_POINT('',(9.743389224378,-0.204598944458,
    23.343814277762));
#755 = CARTESIAN_POINT('',(9.274891144516,-0.571232017338,
    23.366994663213));
#756 = CARTESIAN_POINT('',(8.781634858431,-0.923504687868,
    23.387027480543));
#757 = CARTESIAN_POINT('',(8.263617762451,-1.261881527931,
    23.403741317948));
#758 = CARTESIAN_POINT('',(7.721184452944,-1.586805264707,23.41693328401
    ));
#759 = CARTESIAN_POINT('',(7.154997205301,-1.898800599292,
    23.426343783045));
#760 = CARTESIAN_POINT('',(6.565984695093,-2.198567986633,
    23.431608533096));
#761 = CARTESIAN_POINT('',(5.649911093954,-2.631317071522,
    23.432477472912));
#762 = CARTESIAN_POINT('',(4.687751604276,-3.041622742967,
    23.420984715524));
#763 = CARTESIAN_POINT('',(4.362065050773,-3.176052519891,
    23.415684172175));
#764 = CARTESIAN_POINT('',(4.031580700481,-3.308342361763,
    23.408779816161));
#765 = CARTESIAN_POINT('',(3.696477064942,-3.438718576408,
    23.400112605956));
#766 = CARTESIAN_POINT('',(3.35694045497,-3.567432899881,23.389498219063
    ));
#767 = CARTESIAN_POINT('',(3.013166821589,-3.694774877928,
    23.376712962937));
#768 = CARTESIAN_POINT('',(2.665367222763,-3.821098663063,
    23.361466025063));
#769 = CARTESIAN_POINT('',(2.313776916591,-3.946864227578,
    23.343358061806));
#770 = CARTESIAN_POINT('',(1.603559244149,-4.198521756825,
    23.300294190944));
#771 = CARTESIAN_POINT('',(0.880569218889,-4.453843741176,
    23.240353298937));
#772 = CARTESIAN_POINT('',(0.516164887621,-4.583083897516,
    23.205266448677));
#773 = CARTESIAN_POINT('',(0.149534619151,-4.71636439721,23.164555211872
    ));
#774 = CARTESIAN_POINT('',(-0.219651312646,-4.851539069636,
    23.115235243468));
#775 = CARTESIAN_POINT('',(-0.589535834011,-4.99631296477,
    23.057334852322));
#776 = CARTESIAN_POINT('',(-0.960010143512,-5.150449750981,
    22.986875138961));
#777 = CARTESIAN_POINT('',(-1.330364213076,-5.316257119525,
    22.897588037141));
#778 = CARTESIAN_POINT('',(-1.695902838915,-5.513824991405,
    22.785818377926));
#779 = CARTESIAN_POINT('',(-2.14646561586,-5.800167696161,
    22.595518342246));
#780 = CARTESIAN_POINT('',(-2.555835281435,-6.279214610014,
    22.291879825167));
#781 = CARTESIAN_POINT('',(-2.635719051663,-6.384211124675,
    22.226115988614));
#782 = CARTESIAN_POINT('',(-2.713224373715,-6.500075708518,
    22.154801235329));
#783 = CARTESIAN_POINT('',(-2.787789111651,-6.629253046966,
    22.077330221041));
#784 = CARTESIAN_POINT('',(-2.858705782968,-6.774833388703,
    21.993149249883));
#785 = CARTESIAN_POINT('',(-2.925100488862,-6.940651118722,
    21.901854292391));
#786 = CARTESIAN_POINT('',(-2.985788335197,-7.131930144677,
    21.80329817309));
#787 = CARTESIAN_POINT('',(-3.039063552824,-7.356239490946,
    21.698078418363));
#788 = CARTESIAN_POINT('',(-3.126165791996,-7.891672174995,
    21.480112356341));
#789 = CARTESIAN_POINT('',(-3.164153876205,-8.64786833248,
    21.282450624202));
#790 = CARTESIAN_POINT('',(-3.168392268989,-9.09267293709,
    21.198826159859));
#791 = CARTESIAN_POINT('',(-3.154829788846,-9.617853174556,
    21.134379040926));
#792 = CARTESIAN_POINT('',(-3.1214875192,-10.23588633586,21.154920434779
    ));
#793 = CARTESIAN_POINT('',(-3.071135292358,-10.93085919862,
    21.197344437392));
#794 = CARTESIAN_POINT('',(-2.993994439136,-11.75804825102,
    21.473503688277));
#795 = CARTESIAN_POINT('',(-2.947285571841,-12.45980149355,
    21.905542278201));
#796 = CARTESIAN_POINT('',(-2.926609426152,-13.05054522447,
    22.408066156455));
#797 = CARTESIAN_POINT('',(-2.942077947568,-13.9826880655,
    23.448523832848));
#798 = CARTESIAN_POINT('',(-3.053133889588,-14.48741877246,
    24.417367333217));
#799 = CARTESIAN_POINT('',(-3.128427813136,-14.64907933347,
    24.848648682378));
#800 = CARTESIAN_POINT('',(-3.21550784234,-14.75462858879,
    25.216029087681));
#801 = CARTESIAN_POINT('',(-3.309476396867,-14.82621641801,
    25.528982487219));
#802 = CARTESIAN_POINT('',(-3.407837180072,-14.87548088329,
    25.798559280711));
#803 = CARTESIAN_POINT('',(-3.508968687363,-14.90992189972,
    26.030956240954));
#804 = CARTESIAN_POINT('',(-3.611714213029,-14.93495093162,
    26.231694106186));
#805 = CARTESIAN_POINT('',(-3.715468492483,-14.95363787746,
    26.407904455216));
#806 = CARTESIAN_POINT('',(-3.924095617269,-14.98263699605,
    26.717566621931));
#807 = CARTESIAN_POINT('',(-4.133812698212,-15.00073810433,
    26.956086415304));
#808 = CARTESIAN_POINT('',(-4.238665463497,-15.00847662469,
    27.060932123621));
#809 = CARTESIAN_POINT('',(-4.343355717848,-15.01573397193,
    27.153935930976));
#810 = CARTESIAN_POINT('',(-4.447805184737,-15.02296043142,
    27.237063885654));
#811 = CARTESIAN_POINT('',(-4.551980292634,-15.03038377344,
    27.311835965402));
#812 = CARTESIAN_POINT('',(-4.655867735756,-15.03812434166,
    27.379453536066));
#813 = CARTESIAN_POINT('',(-4.759459349874,-15.04626716868,
    27.440894100401));
#814 = CARTESIAN_POINT('',(-4.862746303084,-15.05489111993,
    27.496973336937));
#815 = CARTESIAN_POINT('',(-5.377627795785,-15.10071084416,
    27.753978797206));
#816 = CARTESIAN_POINT('',(-5.884984551387,-15.15958222019,
    27.907713325547));
#817 = CARTESIAN_POINT('',(-6.286323734461,-15.21545497917,
    28.00015377401));
#818 = CARTESIAN_POINT('',(-6.68383560455,-15.27703884741,
    28.070920636714));
#819 = CARTESIAN_POINT('',(-7.077721424322,-15.34342878024,
    28.126705577687));
#820 = CARTESIAN_POINT('',(-7.468044658093,-15.41422025683,
    28.172340825493));
#821 = CARTESIAN_POINT('',(-7.854933777158,-15.48855879069,
    28.209804066993));
#822 = CARTESIAN_POINT('',(-8.238440396586,-15.56589296463,
    28.240440510321));
#823 = CARTESIAN_POINT('',(-8.618471629345,-15.64635327223,
    28.266352445172));
#824 = CARTESIAN_POINT('',(-9.748153822446,-15.89595141957,
    28.331455956126));
#825 = CARTESIAN_POINT('',(-10.84604058065,-16.16960237028,
    28.366043574374));
#826 = CARTESIAN_POINT('',(-11.5633972899,-16.36186546095,
    28.381244890019));
#827 = CARTESIAN_POINT('',(-12.26554982155,-16.56393372168,
    28.391247659225));
#828 = CARTESIAN_POINT('',(-12.95180295309,-16.77614616655,
    28.397401439772));
#829 = CARTESIAN_POINT('',(-13.6215005059,-16.99895333345,
    28.400647890018));
#830 = CARTESIAN_POINT('',(-14.27408953781,-17.23283033335,
    28.401831094531));
#831 = CARTESIAN_POINT('',(-14.90916031458,-17.4782962394,
    28.401663242493));
#832 = CARTESIAN_POINT('',(-15.5264715317,-17.73598166259,
    28.400591778807));
#833 = CARTESIAN_POINT('',(-16.12597025752,-18.0066863605,
    28.398814147941));
#834 = CARTESIAN_POINT('',(-16.70781606919,-18.29136872595,
    28.396686250453));
#835 = CARTESIAN_POINT('',(-17.40522039834,-18.63656988824,
    28.387340182801));
#836 = CARTESIAN_POINT('',(-18.09465459819,-19.01817738327,
    28.379504936179));
#837 = CARTESIAN_POINT('',(-18.77745666511,-19.43572277109,
    28.373211929206));
#838 = CARTESIAN_POINT('',(-19.45475709394,-19.88823576978,
    28.368925034589));
#839 = CARTESIAN_POINT('',(-20.12715419673,-20.37458866841,
    28.366614936915));
#840 = CARTESIAN_POINT('',(-20.79520676502,-20.89321359074,
    28.366403550886));
#841 = CARTESIAN_POINT('',(-21.45979231059,-21.44196131034,
    28.369016927598));
#842 = CARTESIAN_POINT('',(-22.12200599942,-22.01834027134,
    28.375461816637));
#843 = CARTESIAN_POINT('',(-22.78290227064,-22.61984441915,
    28.386517792362));
#844 = CARTESIAN_POINT('',(-23.60928444709,-23.39947439427,
    28.408137543036));
#845 = CARTESIAN_POINT('',(-24.44355613358,-24.20467663981,
    28.452138024175));
#846 = CARTESIAN_POINT('',(-24.61078676284,-24.36666217216,
    28.461938315254));
#847 = CARTESIAN_POINT('',(-24.77850722187,-24.52946787415,
    28.472929087486));
#848 = CARTESIAN_POINT('',(-24.94684912677,-24.69295289407,
    28.485335988678));
#849 = CARTESIAN_POINT('',(-25.11595161619,-24.85696993316,
    28.499407634526));
#850 = CARTESIAN_POINT('',(-25.28597498745,-25.02135306002,
    28.515440780549));
#851 = CARTESIAN_POINT('',(-25.45713852489,-25.18588384807,
    28.533843059571));
#852 = CARTESIAN_POINT('',(-25.62978252011,-25.35023583647,
    28.555233284762));
#853 = CARTESIAN_POINT('',(-25.89179046651,-25.59572805277,
    28.593252334941));
#854 = CARTESIAN_POINT('',(-26.1603078977,-25.83787594756,
    28.643529730305));
#855 = CARTESIAN_POINT('',(-26.25062901028,-25.91813526779,
    28.661824500394));
#856 = CARTESIAN_POINT('',(-26.34192802802,-25.99778971027,
    28.68191119072));
#857 = CARTESIAN_POINT('',(-26.43439771414,-26.07666404869,
    28.704094707356));
#858 = CARTESIAN_POINT('',(-26.52825155613,-26.15456450784,
    28.728726254111));
#859 = CARTESIAN_POINT('',(-26.62374531091,-26.23125946587,
    28.756232737545));
#860 = CARTESIAN_POINT('',(-26.72122953062,-26.30643241476,
    28.787177903433));
#861 = CARTESIAN_POINT('',(-26.82123306943,-26.37960717848,
    28.822355204654));
#862 = CARTESIAN_POINT('',(-26.97624982207,-26.48526449491,
    28.883190998457));
#863 = CARTESIAN_POINT('',(-27.14161852085,-26.58222021157,
    28.959862947354));
#864 = CARTESIAN_POINT('',(-27.19804146822,-26.61343743583,
    28.987387545653));
#865 = CARTESIAN_POINT('',(-27.25597555703,-26.6433639663,29.01713219978
    ));
#866 = CARTESIAN_POINT('',(-27.31567233223,-26.67177423432,
    29.049394342802));
#867 = CARTESIAN_POINT('',(-27.37742489947,-26.69840544907,
    29.084524982478));
#868 = CARTESIAN_POINT('',(-27.44159095439,-26.7229369799,
    29.122946937526));
#869 = CARTESIAN_POINT('',(-27.50863773237,-26.74495011985,
    29.165182394718));
#870 = CARTESIAN_POINT('',(-27.57920887814,-26.76386823088,
    29.211889786782));
#871 = CARTESIAN_POINT('',(-27.72921759316,-26.79388630954,
    29.315930195507));
#872 = CARTESIAN_POINT('',(-27.90209816779,-26.80366594348,
    29.445537220114));
#873 = CARTESIAN_POINT('',(-27.99546613579,-26.80241277572,
    29.51776535137));
#874 = CARTESIAN_POINT('',(-28.09795157728,-26.79305599575,
    29.599004971957));
#875 = CARTESIAN_POINT('',(-28.21109243372,-26.77421848711,
    29.690374305819));
#876 = CARTESIAN_POINT('',(-28.33855803295,-26.74261528946,
    29.794284003158));
#877 = CARTESIAN_POINT('',(-28.48576274591,-26.69339993252,
    29.91349356677));
#878 = CARTESIAN_POINT('',(-28.6589584313,-26.62097706443,
    30.050161551849));
#879 = CARTESIAN_POINT('',(-28.86877587001,-26.51583275789,
    30.207567068301));
#880 = CARTESIAN_POINT('',(-29.27200597383,-26.27899457462,
    30.47964392964));
#881 = CARTESIAN_POINT('',(-29.87821877383,-25.86068080381,
    30.754326797932));
#882 = CARTESIAN_POINT('',(-30.10651702221,-25.69779422372,
    30.843336257114));
#883 = CARTESIAN_POINT('',(-30.36639709483,-25.50667171331,
    30.925329846216));
#884 = CARTESIAN_POINT('',(-30.66051836634,-25.28493930099,
    30.993024337345));
#885 = CARTESIAN_POINT('',(-30.99375099665,-25.02824662397,
    31.037000335043));
#886 = CARTESIAN_POINT('',(-31.36959127641,-24.73347710384,
    31.04158733126));
#887 = CARTESIAN_POINT('',(-31.78120491819,-24.40676133278,
    30.984437818661));
#888 = CARTESIAN_POINT('',(-32.20832279511,-24.0662449582,
    30.848321057225));
#889 = CARTESIAN_POINT('',(-33.0447464212,-23.40127572545,30.4288636492)
  );
#890 = CARTESIAN_POINT('',(-33.77443215831,-22.83200078626,
    29.772352978211));
#891 = CARTESIAN_POINT('',(-34.09480294514,-22.58718688629,
    29.399245862577));
#892 = CARTESIAN_POINT('',(-34.35689089713,-22.39452917941,
    29.007454835405));
#893 = CARTESIAN_POINT('',(-34.56340591436,-22.25157774467,
    28.625948276278));
#894 = CARTESIAN_POINT('',(-34.72526226974,-22.14855300695,
    28.27099082962));
#895 = CARTESIAN_POINT('',(-34.85305222674,-22.07597441498,
    27.945701739136));
#896 = CARTESIAN_POINT('',(-34.95448209657,-22.02694672221,
    27.649465317333));
#897 = CARTESIAN_POINT('',(-35.03559828838,-21.99605903456,
    27.38286929484));
#898 = CARTESIAN_POINT('',(-35.23305848924,-21.94435509654,
    26.661583286862));
#899 = CARTESIAN_POINT('',(-35.324890319,-21.98687882822,26.153937827632
    ));
#900 = CARTESIAN_POINT('',(-35.36817691901,-22.031164133,25.889106858849
    ));
#901 = CARTESIAN_POINT('',(-35.40330713131,-22.08265466978,
    25.67366362127));
#902 = CARTESIAN_POINT('',(-35.43419416946,-22.13785833877,
    25.494891773434));
#903 = CARTESIAN_POINT('',(-35.46305141811,-22.19480019879,
    25.34503548443));
#904 = CARTESIAN_POINT('',(-35.49118122525,-22.25232001617,
    25.217090209176));
#905 = CARTESIAN_POINT('',(-35.519182345,-22.30988560747,25.106011428222
    ));
#906 = CARTESIAN_POINT('',(-35.54733606884,-22.36724671037,
    25.009456630105));
#907 = CARTESIAN_POINT('',(-35.63300538328,-22.53805143955,
    24.754119346407));
#908 = CARTESIAN_POINT('',(-35.72306118081,-22.70434858231,
    24.585137552001));
#909 = CARTESIAN_POINT('',(-35.78579072716,-22.81255489633,
    24.495290975112));
#910 = CARTESIAN_POINT('',(-35.85071456118,-22.91855139634,
    24.421418650052));
#911 = CARTESIAN_POINT('',(-35.91736945701,-23.02275339152,
    24.359570684013));
#912 = CARTESIAN_POINT('',(-35.98552009837,-23.12537150709,
    24.306816797466));
#913 = CARTESIAN_POINT('',(-36.05498351224,-23.22656891862,
    24.261044403768));
#914 = CARTESIAN_POINT('',(-36.12551282688,-23.32656535831,
    24.220957370792));
#915 = CARTESIAN_POINT('',(-36.19688230368,-23.42556132894,
    24.185680567776));
#916 = CARTESIAN_POINT('',(-36.41332413292,-23.71971100738,
    24.091364848302));
#917 = CARTESIAN_POINT('',(-36.63559965943,-24.00637428054,
    24.026457211979));
#918 = CARTESIAN_POINT('',(-36.78550477074,-24.19492197334,
    23.991385779171));
#919 = CARTESIAN_POINT('',(-36.93661984481,-24.38135075073,
    23.962079426223));
#920 = CARTESIAN_POINT('',(-37.08862966151,-24.56592634674,
    23.937224212621));
#921 = CARTESIAN_POINT('',(-37.24131904791,-24.74882460255,
    23.915924370006));
#922 = CARTESIAN_POINT('',(-37.39452619953,-24.93017345665,
    23.897433880019));
#923 = CARTESIAN_POINT('',(-37.54812761302,-25.11006646223,
    23.881147219122));
#924 = CARTESIAN_POINT('',(-37.70203672672,-25.28856398272,
    23.866673727506));
#925 = CARTESIAN_POINT('',(-38.47284490559,-26.17423515097,
    23.802405385069));
#926 = CARTESIAN_POINT('',(-39.24867974432,-27.02655008469,
    23.771606508738));
#927 = CARTESIAN_POINT('',(-39.86955259337,-27.68865872483,
    23.753536448296));
#928 = CARTESIAN_POINT('',(-40.49131832546,-28.32933379686,
    23.741455311765));
#929 = CARTESIAN_POINT('',(-41.11434585194,-28.94724427795,
    23.733115904863));
#930 = CARTESIAN_POINT('',(-41.73910429565,-29.54110265721,
    23.726666258847));
#931 = CARTESIAN_POINT('',(-42.36653813149,-30.10941426499,
    23.722112964197));
#932 = CARTESIAN_POINT('',(-42.99769445385,-30.650924766,23.719398505268
    ));
#933 = CARTESIAN_POINT('',(-43.63359169882,-31.16486019626,23.7173718021
    ));
#934 = CARTESIAN_POINT('',(-44.91826227603,-32.13589645412,
    23.715130228293));
#935 = CARTESIAN_POINT('',(-46.23685089588,-32.99069751667,
    23.715372273908));
#936 = CARTESIAN_POINT('',(-46.90670654637,-33.38837283446,
    23.715924844098));
#937 = CARTESIAN_POINT('',(-47.58960934674,-33.75575926332,
    23.716772795188));
#938 = CARTESIAN_POINT('',(-48.28867013948,-34.09227399206,
    23.717812966896));
#939 = CARTESIAN_POINT('',(-49.0076453887,-34.39711463427,
    23.718960906101));
#940 = CARTESIAN_POINT('',(-49.75080775097,-34.66903878312,23.7201413547
    ));
#941 = CARTESIAN_POINT('',(-50.52271707628,-34.90618211842,
    23.721282426075));
#942 = CARTESIAN_POINT('',(-51.32794228681,-35.10597362504,
    23.722312371133));
#943 = CARTESIAN_POINT('',(-52.17078458117,-35.26520648054,
    23.723157835704));
#944 = CARTESIAN_POINT('',(-53.05505241194,-35.38032317103,
    23.723742510336));
#945 = CARTESIAN_POINT('',(-53.81065390536,-35.47664013532,
    23.728319741253));
#946 = CARTESIAN_POINT('',(-54.60897916702,-35.53810920072,
    23.73280059584));
#947 = CARTESIAN_POINT('',(-55.43826506404,-35.5644618754,
    23.737173977399));
#948 = CARTESIAN_POINT('',(-56.28777069505,-35.55642266874,
    23.741419641521));
#949 = CARTESIAN_POINT('',(-57.14745864009,-35.51532837195,
    23.745508344197));
#950 = CARTESIAN_POINT('',(-58.00772603031,-35.44289965567,
    23.749403531373));
#951 = CARTESIAN_POINT('',(-58.85918543877,-35.34116498538,
    23.75306456983));
#952 = CARTESIAN_POINT('',(-59.69249559044,-35.21253685366,
    23.756451519518));
#953 = CARTESIAN_POINT('',(-60.49824189358,-35.06004033032,
    23.759531447229));
#954 = CARTESIAN_POINT('',(-62.03549168745,-34.71534752856,
    23.765041116162));
#955 = CARTESIAN_POINT('',(-63.38537444844,-34.31343578896,
    23.769275160699));
#956 = CARTESIAN_POINT('',(-64.00357150853,-34.10323773554,
    23.771076364368));
#957 = CARTESIAN_POINT('',(-64.55633194669,-33.89444043643,
    23.772581592636));
#958 = CARTESIAN_POINT('',(-65.03134502017,-33.68698647932,
    23.773826720415));
#959 = CARTESIAN_POINT('',(-65.42113165805,-33.50878234864,
    23.774867932452));
#960 = CARTESIAN_POINT('',(-65.72052578958,-33.36934992501,
    23.775756229437));
#961 = CARTESIAN_POINT('',(-65.91963733827,-33.28574083766,
    23.776558007464));
#962 = CARTESIAN_POINT('',(-66.02870522385,-33.32962989636,
    23.777340301917));
#963 = CARTESIAN_POINT('',(-66.12969590803,-33.50240718331,
    23.778025829547));
#964 = CARTESIAN_POINT('',(-66.26566895541,-33.74110988796,
    23.778564973328));
#965 = CARTESIAN_POINT('',(-66.34761959925,-33.88445353587,
    23.778092480144));
#966 = CARTESIAN_POINT('',(-66.4428514125,-34.03883668427,
    23.777628465726));
#967 = CARTESIAN_POINT('',(-66.55754841825,-34.18621498723,
    23.777155668259));
#968 = CARTESIAN_POINT('',(-66.6925874817,-34.30347255927,
    23.776662401897));
#969 = CARTESIAN_POINT('',(-66.8339322147,-34.36668152126,
    23.776152941747));
#970 = CARTESIAN_POINT('',(-66.96145958176,-34.36532299295,
    23.775638078224));
#971 = CARTESIAN_POINT('',(-67.05855088087,-34.30251089437,
    23.775125346555));
#972 = CARTESIAN_POINT('',(-67.11548407703,-34.18511999614,
    23.774615984933));
#973 = CARTESIAN_POINT('',(-67.12711050456,-34.01785591675,
    23.774107480464));
#974 = CARTESIAN_POINT('',(-67.05186094203,-33.59757847997,23.7730857692
    ));
#975 = CARTESIAN_POINT('',(-66.77337487425,-33.0269399453,
    23.772034270487));
#976 = CARTESIAN_POINT('',(-66.58164912532,-32.70950734392,
    23.771496088117));
#977 = CARTESIAN_POINT('',(-66.33741675302,-32.36455348632,
    23.770939325765));
#978 = CARTESIAN_POINT('',(-66.04139793328,-31.99568262353,
    23.770357435028));
#979 = CARTESIAN_POINT('',(-65.69452796105,-31.60558449573,
    23.76974387519));
#980 = CARTESIAN_POINT('',(-65.29770875237,-31.19621588165,
    23.769092265603));
#981 = CARTESIAN_POINT('',(-64.85174464928,-30.76902233301,
    23.768396375323));
#982 = CARTESIAN_POINT('',(-64.35736636378,-30.32513204756,
    23.767650043367));
#983 = CARTESIAN_POINT('',(-63.81524689668,-29.86545383242,
    23.766847123625));
#984 = CARTESIAN_POINT('',(-63.22591326722,-29.39061111096,
    23.765981547879));
#985 = CARTESIAN_POINT('',(29.991391102843,62.110840141128,
    54.386028262176));
#986 = CARTESIAN_POINT('',(29.379587692783,60.738065752497,
    53.877801179428));
#987 = CARTESIAN_POINT('',(28.818426927402,59.395694610507,
    53.291807140513));
#988 = CARTESIAN_POINT('',(28.303945799836,58.07999205558,
    52.634636248968));
#989 = CARTESIAN_POINT('',(27.832648215261,56.786802177571,
    51.913397457264));
#990 = CARTESIAN_POINT('',(27.399075518343,55.512580124267,
    51.134910401566));
#991 = CARTESIAN_POINT('',(26.998764844954,54.252744748268,
    50.307202590135));
#992 = CARTESIAN_POINT('',(26.626274902038,53.00189724559,
    49.439331319612));
#993 = CARTESIAN_POINT('',(26.272269937548,51.754485756077,
    48.54079088294));
#994 = CARTESIAN_POINT('',(25.92478109187,50.503131821581,
    47.623064407482));
#995 = CARTESIAN_POINT('',(25.567710022473,49.235072147558,
    46.703236020167));
#996 = CARTESIAN_POINT('',(25.144402665899,47.935008274197,
    45.802992980138));
#997 = CARTESIAN_POINT('',(24.875970713183,47.417636767959,
    45.598769645658));
#998 = CARTESIAN_POINT('',(24.574348078975,46.893453812137,45.4019953655
    ));
#999 = CARTESIAN_POINT('',(24.232626121345,46.363803654944,
    45.211899945017));
#1000 = CARTESIAN_POINT('',(23.84135985255,45.832174627682,
    45.025643327829));
#1001 = CARTESIAN_POINT('',(23.394667813903,45.303015302272,
    44.839050778949));
#1002 = CARTESIAN_POINT('',(22.88311421087,44.784678990421,
    44.644109877951));
#1003 = CARTESIAN_POINT('',(22.301537373419,44.291622268192,
    44.426006354102));
#1004 = CARTESIAN_POINT('',(21.663234946465,43.841252636347,
    44.165284756775));
#1005 = CARTESIAN_POINT('',(21.000417993454,43.444714975765,
    43.847571411997));
#1006 = CARTESIAN_POINT('',(19.6887888025,42.752137209861,
    43.100810715951));
#1007 = CARTESIAN_POINT('',(18.500510755745,42.228256232478,
    42.158587334303));
#1008 = CARTESIAN_POINT('',(17.96101508594,42.000251680806,
    41.645586970364));
#1009 = CARTESIAN_POINT('',(17.493531174449,41.791287892139,
    41.105328045313));
#1010 = CARTESIAN_POINT('',(17.098227146977,41.585808345338,
    40.554680090732));
#1011 = CARTESIAN_POINT('',(16.766245168149,41.373934108703,
    40.005302808295));
#1012 = CARTESIAN_POINT('',(16.487680635514,41.151613056362,
    39.462764353703));
#1013 = CARTESIAN_POINT('',(16.254112725949,40.917041398713,
    38.930092083619));
#1014 = CARTESIAN_POINT('',(16.058083768657,40.668683083251,
    38.409913825777));
#1015 = CARTESIAN_POINT('',(15.563876122143,39.883467481734,
    36.888188822804));
#1016 = CARTESIAN_POINT('',(15.306298942257,38.980861561846,
    35.486338491546));
#1017 = CARTESIAN_POINT('',(15.199361889087,38.330536963342,
    34.607205661983));
#1018 = CARTESIAN_POINT('',(15.136379864559,37.640432331936,
    33.778046338679));
#1019 = CARTESIAN_POINT('',(15.106305047009,36.916754081191,
    32.995073061327));
#1020 = CARTESIAN_POINT('',(15.102580128912,36.162592280215,
    32.257265041084));
#1021 = CARTESIAN_POINT('',(15.120716304728,35.379729669405,
    31.564701614489));
#1022 = CARTESIAN_POINT('',(15.157443795356,34.569812850403,
    30.917403829753));
#1023 = CARTESIAN_POINT('',(15.210478981151,33.733943061572,
    30.31578431977));
#1024 = CARTESIAN_POINT('',(15.278289445057,32.871763677969,
    29.761637511771));
#1025 = CARTESIAN_POINT('',(15.359575452974,31.983141299933,
    29.256434119427));
#1026 = CARTESIAN_POINT('',(15.383346382749,30.937890490527,
    28.319704426449));
#1027 = CARTESIAN_POINT('',(15.440641393356,29.863972523818,
    27.378112840267));
#1028 = CARTESIAN_POINT('',(15.53837432885,28.764159366304,
    26.415523457429));
#1029 = CARTESIAN_POINT('',(15.690819217303,27.643733890047,
    25.40179043301));
#1030 = CARTESIAN_POINT('',(15.937726579082,26.490019442378,
    24.381453948843));
#1031 = CARTESIAN_POINT('',(16.269712211222,25.326366685805,
    23.247666539489));
#1032 = CARTESIAN_POINT('',(16.880431817426,24.091133152902,
    22.228811117116));
#1033 = CARTESIAN_POINT('',(17.503904979731,22.783993492051,
    21.412569213971));
#1034 = CARTESIAN_POINT('',(18.117615224315,21.416428711271,
    20.770529958689));
#1035 = CARTESIAN_POINT('',(18.656257325178,19.999745127974,
    20.287683740426));
#1036 = CARTESIAN_POINT('',(19.091542907456,18.546152358973,
    19.933481242049));
#1037 = CARTESIAN_POINT('',(19.259707523632,16.396349981909,
    19.683327102703));
#1038 = CARTESIAN_POINT('',(19.315735684438,14.199918958197,
    19.505651283256));
#1039 = CARTESIAN_POINT('',(19.249314151303,11.980074409516,
    19.400246073919));
#1040 = CARTESIAN_POINT('',(19.046091854211,9.762170129588,
    19.36653389136));
#1041 = CARTESIAN_POINT('',(18.686911536319,7.576126301355,
    19.398685993631));
#1042 = CARTESIAN_POINT('',(18.158190202266,5.453831515232,
    19.483281504625));
#1043 = CARTESIAN_POINT('',(17.455901943872,3.426172240832,
    19.602824585412));
#1044 = CARTESIAN_POINT('',(16.5821563995,1.521557175657,19.741074600013
    ));
#1045 = CARTESIAN_POINT('',(15.540820937512,-0.234051486947,
    19.884706507256));
#1046 = CARTESIAN_POINT('',(14.337004640377,-1.816512863249,
    20.020306472679));
#1047 = CARTESIAN_POINT('',(12.974507303936,-3.203195939252,
    20.136120830391));
#1048 = CARTESIAN_POINT('',(12.420524272935,-3.69952604389,
    20.179465709864));
#1049 = CARTESIAN_POINT('',(11.84597803474,-4.169100774193,
    20.219256928094));
#1050 = CARTESIAN_POINT('',(11.251668232314,-4.613414900053,
    20.25561960841));
#1051 = CARTESIAN_POINT('',(10.638444808053,-5.033988287589,
    20.288684521608));
#1052 = CARTESIAN_POINT('',(10.007202272759,-5.432346254711,
    20.318582591915));
#1053 = CARTESIAN_POINT('',(9.358877944484,-5.81002505408,
    20.345443922033));
#1054 = CARTESIAN_POINT('',(8.694454157478,-6.168602483531,
    20.369401337086));
#1055 = CARTESIAN_POINT('',(8.014964440998,-6.509753623863,
    20.390598447664));
#1056 = CARTESIAN_POINT('',(7.321503668183,-6.835331704102,
    20.409202231801));
#1057 = CARTESIAN_POINT('',(6.262111428191,-7.303545289161,
    20.433529088082));
#1058 = CARTESIAN_POINT('',(5.176761313484,-7.747271990679,
    20.453094168126));
#1059 = CARTESIAN_POINT('',(4.812250129431,-7.892770642717,
    20.45911688396));
#1060 = CARTESIAN_POINT('',(4.445181305298,-8.036229780062,
    20.464685782502));
#1061 = CARTESIAN_POINT('',(4.075733669722,-8.178057840847,
    20.469852034214));
#1062 = CARTESIAN_POINT('',(3.704094428631,-8.318700189271,
    20.474670614929));
#1063 = CARTESIAN_POINT('',(3.33046372787,-8.458660072212,
    20.479204937024));
#1064 = CARTESIAN_POINT('',(2.955064057183,-8.598541310525,
    20.48353831711));
#1065 = CARTESIAN_POINT('',(2.578154495778,-8.73911272528,
    20.487792279704));
#1066 = CARTESIAN_POINT('',(1.821945102783,-9.023675872138,
    20.496511115038));
#1067 = CARTESIAN_POINT('',(1.062532611498,-9.320595810542,
    20.506772558118));
#1068 = CARTESIAN_POINT('',(0.682420419289,-9.473511437362,
    20.512316389961));
#1069 = CARTESIAN_POINT('',(0.302422459996,-9.632924300685,
    20.520353873958));
#1070 = CARTESIAN_POINT('',(-7.692931030009E-02,-9.800573397285,
    20.526825502369));
#1071 = CARTESIAN_POINT('',(-0.454612804262,-9.981051967929,
    20.539457935385));
#1072 = CARTESIAN_POINT('',(-0.829644425635,-10.17818010379,
    20.555550937197));
#1073 = CARTESIAN_POINT('',(-1.200218922128,-10.3994884804,
    20.573663378104));
#1074 = CARTESIAN_POINT('',(-1.56300504808,-10.66040169635,
    20.611993107358));
#1075 = CARTESIAN_POINT('',(-2.001557332543,-11.05778854494,
    20.671592185401));
#1076 = CARTESIAN_POINT('',(-2.392815920154,-11.67712239065,
    20.862686608256));
#1077 = CARTESIAN_POINT('',(-2.468883950778,-11.81122338032,
    20.90737832806));
#1078 = CARTESIAN_POINT('',(-2.54244956212,-11.95704522201,
    20.959954686711));
#1079 = CARTESIAN_POINT('',(-2.613082384662,-12.1166103054,
    21.02255335889));
#1080 = CARTESIAN_POINT('',(-2.68028683536,-12.2922695634,
    21.098000030136));
#1081 = CARTESIAN_POINT('',(-2.743512644036,-12.48666523773,
    21.189965808929));
#1082 = CARTESIAN_POINT('',(-2.802102187391,-12.70300543959,
    21.303687324252));
#1083 = CARTESIAN_POINT('',(-2.855287205759,-12.94515147242,
    21.447224114737));
#1084 = CARTESIAN_POINT('',(-2.949687488351,-13.48760459853,
    21.818446099399));
#1085 = CARTESIAN_POINT('',(-3.022549227862,-14.13974164703,
    22.426536383223));
#1086 = CARTESIAN_POINT('',(-3.05452068404,-14.49016226618,
    22.807417857127));
#1087 = CARTESIAN_POINT('',(-3.081304081408,-14.86910313379,
    23.281372937984));
#1088 = CARTESIAN_POINT('',(-3.116346613417,-15.22005811069,
    23.899340619031));
#1089 = CARTESIAN_POINT('',(-3.147237064381,-15.59490342355,
    24.608449059516));
#1090 = CARTESIAN_POINT('',(-3.215447091158,-15.82059481108,
    25.588083382871));
#1091 = CARTESIAN_POINT('',(-3.334106714856,-15.82155104733,
    26.530406021214));
#1092 = CARTESIAN_POINT('',(-3.48210691596,-15.68905666556,
    27.400529928425));
#1093 = CARTESIAN_POINT('',(-3.816078951017,-15.243527013,28.90722569671
    ));
#1094 = CARTESIAN_POINT('',(-4.185106223953,-14.61686474025,
    29.936754618436));
#1095 = CARTESIAN_POINT('',(-4.368445748873,-14.30189734508,
    30.328224247764));
#1096 = CARTESIAN_POINT('',(-4.544021508957,-14.01601809888,
    30.625411495134));
#1097 = CARTESIAN_POINT('',(-4.711325182277,-13.76302911703,
    30.856395528961));
#1098 = CARTESIAN_POINT('',(-4.871465271877,-13.53903910158,
    31.039455590974));
#1099 = CARTESIAN_POINT('',(-5.024945348099,-13.34243745396,
    31.185833609167));
#1100 = CARTESIAN_POINT('',(-5.172366290161,-13.17104455123,
    31.304249857098));
#1101 = CARTESIAN_POINT('',(-5.314975168069,-13.01974533198,
    31.401973179036));
#1102 = CARTESIAN_POINT('',(-5.591475343739,-12.75375743974,
    31.564078880034));
#1103 = CARTESIAN_POINT('',(-5.853090049274,-12.55048629491,
    31.673806269533));
#1104 = CARTESIAN_POINT('',(-5.980769069586,-12.46208982912,
    31.718970800997));
#1105 = CARTESIAN_POINT('',(-6.105801374214,-12.38492638655,
    31.756774573802));
#1106 = CARTESIAN_POINT('',(-6.228576791686,-12.31735470045,
    31.788815939488));
#1107 = CARTESIAN_POINT('',(-6.349410726613,-12.25803566547,
    31.816207349724));
#1108 = CARTESIAN_POINT('',(-6.468559258303,-12.20587620712,
    31.839766705863));
#1109 = CARTESIAN_POINT('',(-6.586231973642,-12.15997967628,
    31.860145904848));
#1110 = CARTESIAN_POINT('',(-6.702602534251,-12.11960276839,
    31.87789658145));
#1111 = CARTESIAN_POINT('',(-7.278674752592,-11.94218376442,
    31.955778908495));
#1112 = CARTESIAN_POINT('',(-7.828955289061,-11.87359848309,
    31.986734019077));
#1113 = CARTESIAN_POINT('',(-8.26056729514,-11.85425704522,
    32.002382110195));
#1114 = CARTESIAN_POINT('',(-8.685835756564,-11.86014241023,
    32.010789027625));
#1115 = CARTESIAN_POINT('',(-9.106276636293,-11.88433918369,
    32.014768112815));
#1116 = CARTESIAN_POINT('',(-9.522924464455,-11.9220308818,
    32.01656750233));
#1117 = CARTESIAN_POINT('',(-9.936220612458,-11.97090769327,
    32.016323297834));
#1118 = CARTESIAN_POINT('',(-10.34642660644,-12.02945291261,
    32.014117873056));
#1119 = CARTESIAN_POINT('',(-10.75389363253,-12.09581736746,
    32.011173177043));
#1120 = CARTESIAN_POINT('',(-11.96823687793,-12.31653830063,
    31.999450472718));
#1121 = CARTESIAN_POINT('',(-13.15916212209,-12.59568554362,
    31.981633111263));
#1122 = CARTESIAN_POINT('',(-13.9432211862,-12.80264911444,
    31.968500366542));
#1123 = CARTESIAN_POINT('',(-14.71711414173,-13.02885095206,
    31.954722826618));
#1124 = CARTESIAN_POINT('',(-15.48022566286,-13.27417481233,
    31.940592094099));
#1125 = CARTESIAN_POINT('',(-16.23183807125,-13.53899010081,
    31.926342158799));
#1126 = CARTESIAN_POINT('',(-16.97121783057,-13.82379120494,
    31.912224341029));
#1127 = CARTESIAN_POINT('',(-17.69761273508,-14.12922743405,
    31.898477060238));
#1128 = CARTESIAN_POINT('',(-18.41022195625,-14.45624959574,
    31.8852708043));
#1129 = CARTESIAN_POINT('',(-19.10820110999,-14.80609923622,
    31.872708674616));
#1130 = CARTESIAN_POINT('',(-19.79076450869,-15.17986657284,
    31.860962882344));
#1131 = CARTESIAN_POINT('',(-20.60667287141,-15.63673507315,
    31.846453063472));
#1132 = CARTESIAN_POINT('',(-21.40289125897,-16.12759520672,
    31.83328806466));
#1133 = CARTESIAN_POINT('',(-22.18098718614,-16.65016039748,
    31.821435802494));
#1134 = CARTESIAN_POINT('',(-22.94292960349,-17.20171264414,
    31.810819560684));
#1135 = CARTESIAN_POINT('',(-23.6901415617,-17.77995829652,
    31.801429679375));
#1136 = CARTESIAN_POINT('',(-24.42419352385,-18.38242581071,
    31.793252821721));
#1137 = CARTESIAN_POINT('',(-25.14729094692,-19.00604872506,
    31.786221550478));
#1138 = CARTESIAN_POINT('',(-25.86193990851,-19.64747997218,
    31.780259211492));
#1139 = CARTESIAN_POINT('',(-26.57040471015,-20.30358651461,
    31.775367385355));
#1140 = CARTESIAN_POINT('',(-27.45215075136,-21.1371985775,
    31.770627444386));
#1141 = CARTESIAN_POINT('',(-28.3443719208,-21.97228799705,
    31.766919444441));
#1142 = CARTESIAN_POINT('',(-28.52336332842,-22.13923319061,
    31.766219681259));
#1143 = CARTESIAN_POINT('',(-28.7031239242,-22.30589000191,
    31.765542296936));
#1144 = CARTESIAN_POINT('',(-28.88391224621,-22.47201010267,
    31.76486504787));
#1145 = CARTESIAN_POINT('',(-29.06600800335,-22.63732626098,
    31.764169764825));
#1146 = CARTESIAN_POINT('',(-29.24973869198,-22.80152853599,
    31.76343884152));
#1147 = CARTESIAN_POINT('',(-29.43554818196,-22.96420293417,
    31.762641351782));
#1148 = CARTESIAN_POINT('',(-29.62410727205,-23.12473252762,
    31.761708795257));
#1149 = CARTESIAN_POINT('',(-29.91264568619,-23.36087528725,
    31.759896309914));
#1150 = CARTESIAN_POINT('',(-30.2133882202,-23.58673401271,
    31.756883079802));
#1151 = CARTESIAN_POINT('',(-30.31517576441,-23.660710876,
    31.755726969674));
#1152 = CARTESIAN_POINT('',(-30.41878984301,-23.73312001166,
    31.754354975425));
#1153 = CARTESIAN_POINT('',(-30.52457059182,-23.80365510167,
    31.752691074087));
#1154 = CARTESIAN_POINT('',(-30.63290454495,-23.87196832375,
    31.75065863576));
#1155 = CARTESIAN_POINT('',(-30.74425901013,-23.93763960795,
    31.748168826451));
#1156 = CARTESIAN_POINT('',(-30.85925805591,-24.00010868602,
    31.745086181857));
#1157 = CARTESIAN_POINT('',(-30.97880011006,-24.0585699326,
    31.741171351986));
#1158 = CARTESIAN_POINT('',(-31.16692569973,-24.1384600323,
    31.733415849045));
#1159 = CARTESIAN_POINT('',(-31.37269442587,-24.20268602352,
    31.721237500149));
#1160 = CARTESIAN_POINT('',(-31.4434859792,-24.22213787122,
    31.716608300939));
#1161 = CARTESIAN_POINT('',(-31.51679032029,-24.23935469908,
    31.7112755794));
#1162 = CARTESIAN_POINT('',(-31.59297498145,-24.25400758145,
    31.705077640155));
#1163 = CARTESIAN_POINT('',(-31.67247147217,-24.26571037792,
    31.697828584044));
#1164 = CARTESIAN_POINT('',(-31.75580224525,-24.27399562493,
    31.689298217847));
#1165 = CARTESIAN_POINT('',(-31.84362737581,-24.27827281228,
    31.679168155008));
#1166 = CARTESIAN_POINT('',(-31.93681095163,-24.27776904398,
    31.666964107226));
#1167 = CARTESIAN_POINT('',(-32.13620340076,-24.26513512403,
    31.636964626836));
#1168 = CARTESIAN_POINT('',(-32.36784698056,-24.22370385421,
    31.591444564144));
#1169 = CARTESIAN_POINT('',(-32.49320386145,-24.19447230764,
    31.5637932896));
#1170 = CARTESIAN_POINT('',(-32.63055110199,-24.15452966233,
    31.529255136714));
#1171 = CARTESIAN_POINT('',(-32.78161596688,-24.10233163411,
    31.48643081849));
#1172 = CARTESIAN_POINT('',(-32.95032846362,-24.03436492812,
    31.431831180158));
#1173 = CARTESIAN_POINT('',(-33.14189651667,-23.94597473055,
    31.359842389889));
#1174 = CARTESIAN_POINT('',(-33.36157207679,-23.8324681778,
    31.263382842592));
#1175 = CARTESIAN_POINT('',(-33.6179954987,-23.68612528679,
    31.130182322634));
#1176 = CARTESIAN_POINT('',(-34.08096731394,-23.39662171841,
    30.833317815719));
#1177 = CARTESIAN_POINT('',(-34.66442360423,-22.99957261645,
    30.267225478025));
#1178 = CARTESIAN_POINT('',(-34.87233721288,-22.85524224883,
    30.042056023501));
#1179 = CARTESIAN_POINT('',(-35.09349904563,-22.69910034617,
    29.770667728735));
#1180 = CARTESIAN_POINT('',(-35.32406616331,-22.53459183409,
    29.445265603083));
#1181 = CARTESIAN_POINT('',(-35.55990424427,-22.36542574051,
    29.053859502939));
#1182 = CARTESIAN_POINT('',(-35.79144455031,-22.20017474284,
    28.582646964694));
#1183 = CARTESIAN_POINT('',(-35.99813641843,-22.057229179,
    28.027714027921));
#1184 = CARTESIAN_POINT('',(-36.15537296049,-21.958591816,
    27.406053569584));
#1185 = CARTESIAN_POINT('',(-36.35035559716,-21.86829021369,
    26.100652249806));
#1186 = CARTESIAN_POINT('',(-36.30734878544,-21.9909459483,
    24.799424214769));
#1187 = CARTESIAN_POINT('',(-36.22663711734,-22.10522898353,
    24.181985997797));
#1188 = CARTESIAN_POINT('',(-36.0980405239,-22.26230919748,
    23.631405492309));
#1189 = CARTESIAN_POINT('',(-35.94460755965,-22.44155374733,
    23.160957187219));
#1190 = CARTESIAN_POINT('',(-35.78476566818,-22.62647853926,
    22.765562759424));
#1191 = CARTESIAN_POINT('',(-35.62701344419,-22.80948852665,
    22.432908774805));
#1192 = CARTESIAN_POINT('',(-35.47539611458,-22.98697192411,
    22.152354421174));
#1193 = CARTESIAN_POINT('',(-35.33388102783,-23.15538448896,
    21.916175264768));
#1194 = CARTESIAN_POINT('',(-34.94071452605,-23.63246920286,
    21.314604899273));
#1195 = CARTESIAN_POINT('',(-34.64419520403,-24.02288744955,
    20.978442817879));
#1196 = CARTESIAN_POINT('',(-34.49059424326,-24.24367801696,
    20.821137017308));
#1197 = CARTESIAN_POINT('',(-34.36884266945,-24.43594070928,
    20.703469877648));
#1198 = CARTESIAN_POINT('',(-34.27180346718,-24.60606945643,
    20.612805747816));
#1199 = CARTESIAN_POINT('',(-34.19502250707,-24.75805418566,
    20.541669413207));
#1200 = CARTESIAN_POINT('',(-34.13407023134,-24.89586176091,
    20.484239311748));
#1201 = CARTESIAN_POINT('',(-34.08555849988,-25.02252582688,
    20.436775523151));
#1202 = CARTESIAN_POINT('',(-34.04791594876,-25.13945312088,
    20.397537217774));
#1203 = CARTESIAN_POINT('',(-33.96118410091,-25.46676482335,
    20.298108299884));
#1204 = CARTESIAN_POINT('',(-33.94116638066,-25.73429362388,
    20.242829990614));
#1205 = CARTESIAN_POINT('',(-33.94636797248,-25.89601522934,
    20.215532511942));
#1206 = CARTESIAN_POINT('',(-33.9647629347,-26.04589554706,
    20.19447316979));
#1207 = CARTESIAN_POINT('',(-33.99315521765,-26.18679302678,
    20.177970492783));
#1208 = CARTESIAN_POINT('',(-34.02923747007,-26.32077085607,
    20.164633471466));
#1209 = CARTESIAN_POINT('',(-34.07133885659,-26.44932248284,
    20.153478045459));
#1210 = CARTESIAN_POINT('',(-34.11835623811,-26.57343306872,
    20.144081466958));
#1211 = CARTESIAN_POINT('',(-34.16951080391,-26.69379746458,
    20.136238254145));
#1212 = CARTESIAN_POINT('',(-34.33312062052,-27.04567372627,
    20.115928786792));
#1213 = CARTESIAN_POINT('',(-34.52269564246,-27.37388366139,
    20.10387347695));
#1214 = CARTESIAN_POINT('',(-34.65651393251,-27.58582936387,
    20.097856510768));
#1215 = CARTESIAN_POINT('',(-34.7956765909,-27.792768624,20.093149881902
    ));
#1216 = CARTESIAN_POINT('',(-34.9390387943,-27.99570954791,
    20.089435486166));
#1217 = CARTESIAN_POINT('',(-35.08582423837,-28.19533048037,
    20.0865050194));
#1218 = CARTESIAN_POINT('',(-35.2353989594,-28.39218241976,
    20.084165742719));
#1219 = CARTESIAN_POINT('',(-35.38725566926,-28.58670302401,
    20.082255202995));
#1220 = CARTESIAN_POINT('',(-35.54106806307,-28.77916799601,
    20.080686432633));
#1221 = CARTESIAN_POINT('',(-36.3191005467,-29.73185619302,
    20.074480035098));
#1222 = CARTESIAN_POINT('',(-37.13637999978,-30.64097115008,
    20.074689460002));
#1223 = CARTESIAN_POINT('',(-37.80345890052,-31.34995150048,
    20.075881531286));
#1224 = CARTESIAN_POINT('',(-38.48471010939,-32.03876513088,
    20.078281281864));
#1225 = CARTESIAN_POINT('',(-39.17966288781,-32.70680863183,
    20.081430060862));
#1226 = CARTESIAN_POINT('',(-39.88821548284,-33.35316437118,
    20.084916491651));
#1227 = CARTESIAN_POINT('',(-40.61191506982,-33.97546382008,
    20.088794704153));
#1228 = CARTESIAN_POINT('',(-41.35227674303,-34.57140281508,
    20.093066910217));
#1229 = CARTESIAN_POINT('',(-42.10988548717,-35.13955633145,
    20.097419196891));
#1230 = CARTESIAN_POINT('',(-43.6632439066,-36.21533296141,
    20.106391097478));
#1231 = CARTESIAN_POINT('',(-45.2986104385,-37.16172369503,
    20.11551734444));
#1232 = CARTESIAN_POINT('',(-46.13831273741,-37.60041573347,
    20.120050632662));
#1233 = CARTESIAN_POINT('',(-47.00163898328,-38.00241318164,
    20.124492379709));
#1234 = CARTESIAN_POINT('',(-47.8902852333,-38.36549115565,
    20.128784821619));
#1235 = CARTESIAN_POINT('',(-48.8060273181,-38.68738015858,
    20.132872278743));
#1236 = CARTESIAN_POINT('',(-49.75069897519,-38.96575028659,
    20.136700018923));
#1237 = CARTESIAN_POINT('',(-50.72616359181,-39.19819760386,
    20.140213645962));
#1238 = CARTESIAN_POINT('',(-51.73428366496,-39.38223966076,
    20.14335881791));
#1239 = CARTESIAN_POINT('',(-52.77689208427,-39.51532712675,
    20.146081099603));
#1240 = CARTESIAN_POINT('',(-53.85576934545,-39.59487851205,
    20.148325753996));
#1241 = CARTESIAN_POINT('',(-54.77784826373,-39.65761090958,
    20.150597597141));
#1242 = CARTESIAN_POINT('',(-55.72744258732,-39.68064492878,
    20.152524857991));
#1243 = CARTESIAN_POINT('',(-56.69694065606,-39.66499990466,
    20.154132477214));
#1244 = CARTESIAN_POINT('',(-57.67884984259,-39.61181003383,
    20.155444670513));
#1245 = CARTESIAN_POINT('',(-58.66576295729,-39.52228354784,
    20.156484705871));
#1246 = CARTESIAN_POINT('',(-59.65033016269,-39.39767625014,
    20.157274895283));
#1247 = CARTESIAN_POINT('',(-60.62523639698,-39.23927941905,
    20.157836800883));
#1248 = CARTESIAN_POINT('',(-61.58318430711,-39.04842207365,
    20.158191655582));
#1249 = CARTESIAN_POINT('',(-62.51688269098,-38.82648760588,
    20.158360998092));
#1250 = CARTESIAN_POINT('',(-64.32119820724,-38.32340194612,
    20.158374046806));
#1251 = CARTESIAN_POINT('',(-65.9701850767,-37.70828079528,
    20.157835476101));
#1252 = CARTESIAN_POINT('',(-66.74853079637,-37.37426685242,
    20.157452919451));
#1253 = CARTESIAN_POINT('',(-67.47360377279,-37.01589325176,
    20.156983132737));
#1254 = CARTESIAN_POINT('',(-68.13777610491,-36.63417934309,
    20.156453953925));
#1255 = CARTESIAN_POINT('',(-68.73424627225,-36.23293962519,
    20.155894778012));
#1256 = CARTESIAN_POINT('',(-69.25622432221,-35.81406583401,
    20.155334882991));
#1257 = CARTESIAN_POINT('',(-69.69652193024,-35.38027530601,
    20.154805084273));
#1258 = CARTESIAN_POINT('',(-70.05066835398,-34.93964685075,
    20.154335112445));
#1259 = CARTESIAN_POINT('',(-70.32070525647,-34.49218911809,
    20.15394072561));
#1260 = CARTESIAN_POINT('',(-70.50390859865,-34.03177826724,
    20.153642087051));
#1261 = CARTESIAN_POINT('',(-70.614796069,-33.75585151399,
    20.153382717656));
#1262 = CARTESIAN_POINT('',(-70.69432650357,-33.47383394301,
    20.1531651815));
#1263 = CARTESIAN_POINT('',(-70.74272562158,-33.18362645725,
    20.152984577184));
#1264 = CARTESIAN_POINT('',(-70.7596137937,-32.88267315844,
    20.15283662804));
#1265 = CARTESIAN_POINT('',(-70.74307169064,-32.56851367886,
    20.152718669255));
#1266 = CARTESIAN_POINT('',(-70.69071653689,-32.24013616624,
    20.152628504191));
#1267 = CARTESIAN_POINT('',(-70.60068874181,-31.89788511395,
    20.152563420189));
#1268 = CARTESIAN_POINT('',(-70.47188140801,-31.5424078781,
    20.152520019934));
#1269 = CARTESIAN_POINT('',(-70.30363079561,-31.17407421616,
    20.152494561037));
#1270 = CARTESIAN_POINT('',(-69.88721770958,-30.41287479214,
    20.152471846887));
#1271 = CARTESIAN_POINT('',(-69.30982740223,-29.60415402353,
    20.152489532607));
#1272 = CARTESIAN_POINT('',(-68.9805900137,-29.18832016204,
    20.152504481969));
#1273 = CARTESIAN_POINT('',(-68.61067110136,-28.76130894591,
    20.152521444112));
#1274 = CARTESIAN_POINT('',(-68.19999587895,-28.32330607232,
    20.152536303083));
#1275 = CARTESIAN_POINT('',(-67.74850068013,-27.87440068559,
    20.152544960964));
#1276 = CARTESIAN_POINT('',(-67.25610964857,-27.41460698395,
    20.152543350593));
#1277 = CARTESIAN_POINT('',(-66.72273081852,-26.9438877348,
    20.152527431566));
#1278 = CARTESIAN_POINT('',(-66.14826090372,-26.46217387096,
    20.152493179531));
#1279 = CARTESIAN_POINT('',(-65.53258811205,-25.96937434211,
    20.152436579671));
#1280 = CARTESIAN_POINT('',(-64.87558230395,-25.4653703942,
    20.152353634482));
#1281 = CARTESIAN_POINT('',(25.,60.427689745765,58.802670486357));
#1282 = CARTESIAN_POINT('',(24.259136917851,58.778859464979,
    58.043385965233));
#1283 = CARTESIAN_POINT('',(23.582912298522,57.184759410375,
    57.19259603447));
#1284 = CARTESIAN_POINT('',(22.966815197647,55.646787991695,
    56.262208081076));
#1285 = CARTESIAN_POINT('',(22.404577476146,54.164179486103,
    55.265152294822));
#1286 = CARTESIAN_POINT('',(21.888224577732,52.736029555008,
    54.21199067841));
#1287 = CARTESIAN_POINT('',(21.408264770971,51.358594880133,
    53.113404559334));
#1288 = CARTESIAN_POINT('',(20.953321404435,50.027621721744,
    51.978509564688));
#1289 = CARTESIAN_POINT('',(20.509496114753,48.741499454219,
    50.812651704758));
#1290 = CARTESIAN_POINT('',(20.058738262078,47.499641358534,
    49.619821124002));
#1291 = CARTESIAN_POINT('',(19.572487138632,46.301666137476,
    48.404081224559));
#1292 = CARTESIAN_POINT('',(18.991848710753,45.176689779498,
    47.141450242134));
#1293 = CARTESIAN_POINT('',(18.583337419948,44.851626419642,
    46.68962948475));
#1294 = CARTESIAN_POINT('',(18.141949088655,44.552240132838,
    46.216749845091));
#1295 = CARTESIAN_POINT('',(17.66530698653,44.284137802382,
    45.716973994425));
#1296 = CARTESIAN_POINT('',(17.152637228849,44.055981263702,
    45.181045411233));
#1297 = CARTESIAN_POINT('',(16.607125833303,43.874277362317,
    44.601512748768));
#1298 = CARTESIAN_POINT('',(16.035590485078,43.7502993444,
    43.965485623267));
#1299 = CARTESIAN_POINT('',(15.457265228406,43.695457883924,
    43.258659988715));
#1300 = CARTESIAN_POINT('',(14.908642095172,43.708981735487,
    42.477789940529));
#1301 = CARTESIAN_POINT('',(14.42945663786,43.772491311365,
    41.637712594167));
#1302 = CARTESIAN_POINT('',(13.642632283628,43.947415530054,
    39.889194644126));
#1303 = CARTESIAN_POINT('',(13.215011334299,44.127045521129,
    38.095310403204));
#1304 = CARTESIAN_POINT('',(13.094754411637,44.195192756651,
    37.209964166397));
#1305 = CARTESIAN_POINT('',(13.056992686478,44.219956114386,
    36.359418402926));
#1306 = CARTESIAN_POINT('',(13.077759203574,44.192127253863,
    35.555138998295));
#1307 = CARTESIAN_POINT('',(13.135690484834,44.112447643579,
    34.798124594335));
#1308 = CARTESIAN_POINT('',(13.217780075508,43.985733252616,
    34.084483459931));
#1309 = CARTESIAN_POINT('',(13.315569454293,43.816977886606,
    33.40979805732));
#1310 = CARTESIAN_POINT('',(13.421707958814,43.610625230753,
    32.770167359869));
#1311 = CARTESIAN_POINT('',(13.754746593955,42.892685978709,
    30.943200318806));
#1312 = CARTESIAN_POINT('',(14.107315095411,41.911205174092,
    29.360886842343));
#1313 = CARTESIAN_POINT('',(14.330525375492,41.169964172227,
    28.38617033673));
#1314 = CARTESIAN_POINT('',(14.543302877859,40.360459282514,
    27.473507194082));
#1315 = CARTESIAN_POINT('',(14.74991364634,39.492631404007,
    26.613854724662));
#1316 = CARTESIAN_POINT('',(14.952963965606,38.571358798848,
    25.803881741134));
#1317 = CARTESIAN_POINT('',(15.154503190587,37.599370471161,
    25.043015195998));
#1318 = CARTESIAN_POINT('',(15.357230785722,36.578716482214,
    24.332031471909));
#1319 = CARTESIAN_POINT('',(15.563669231334,35.510944242171,
    23.673142254432));
#1320 = CARTESIAN_POINT('',(15.774547930408,34.396982265187,
    23.070328421049));
#1321 = CARTESIAN_POINT('',(15.991026719719,33.238585316475,
    22.527478884739));
#1322 = CARTESIAN_POINT('',(16.541648164084,31.862985244628,
    21.57855493913));
#1323 = CARTESIAN_POINT('',(17.189531543846,30.480079052212,
    20.697975236672));
#1324 = CARTESIAN_POINT('',(17.945590495779,29.090762996168,
    19.883138646934));
#1325 = CARTESIAN_POINT('',(18.841864316815,27.692113801141,
    19.130145522017));
#1326 = CARTESIAN_POINT('',(19.845831752561,26.263385330064,
    18.509863297095));
#1327 = CARTESIAN_POINT('',(21.060487272882,24.810641774547,
    17.947917916265));
#1328 = CARTESIAN_POINT('',(22.34809738012,23.248924660069,
    17.794612194204));
#1329 = CARTESIAN_POINT('',(23.442553957218,21.627043088977,
    17.833541084209));
#1330 = CARTESIAN_POINT('',(24.351781106665,19.947808940353,
    18.030244587981));
#1331 = CARTESIAN_POINT('',(25.041815789617,18.226379257627,
    18.314442381363));
#1332 = CARTESIAN_POINT('',(25.517586735802,16.472800642257,
    18.644729013598));
#1333 = CARTESIAN_POINT('',(25.63151351603,13.905388635904,18.7959840198
    ));
#1334 = CARTESIAN_POINT('',(25.591816582224,11.324703422897,
    19.048085274304));
#1335 = CARTESIAN_POINT('',(25.383066907702,8.746818792537,
    19.385409443871));
#1336 = CARTESIAN_POINT('',(24.984926380798,6.191493510917,
    19.78915624653));
#1337 = CARTESIAN_POINT('',(24.376534884258,3.681940961833,
    20.232169467398));
#1338 = CARTESIAN_POINT('',(23.546270076661,1.24263631349,
    20.687426434096));
#1339 = CARTESIAN_POINT('',(22.489564813854,-1.103166643965,
    21.134652707343));
#1340 = CARTESIAN_POINT('',(21.199352622835,-3.332324594728,
    21.560320117452));
#1341 = CARTESIAN_POINT('',(19.662120131806,-5.415228324007,
    21.953199717414));
#1342 = CARTESIAN_POINT('',(17.867476860904,-7.308127707244,
    22.300666723077));
#1343 = CARTESIAN_POINT('',(15.820607295691,-8.959188372878,
    22.590092075607));
#1344 = CARTESIAN_POINT('',(15.01419514252,-9.573356900166,
    22.649802857264));
#1345 = CARTESIAN_POINT('',(14.190536502029,-10.14472916378,
    22.704831155614));
#1346 = CARTESIAN_POINT('',(13.353223486314,-10.6750925369,
    22.755487679414));
#1347 = CARTESIAN_POINT('',(12.505474586975,-11.16682862503,
    22.80222228397));
#1348 = CARTESIAN_POINT('',(11.650076371839,-11.62269713872,
    22.845555531395));
#1349 = CARTESIAN_POINT('',(10.789361266113,-12.04566555034,
    22.886048451084));
#1350 = CARTESIAN_POINT('',(9.92522141743,-12.43878453412,
    22.924310500619));
#1351 = CARTESIAN_POINT('',(9.059158645537,-12.80510919047,
    22.961045726835));
#1352 = CARTESIAN_POINT('',(8.192370475771,-13.14766605353,
    22.997137127332));
#1353 = CARTESIAN_POINT('',(6.892623147796,-13.63036579744,
    23.052085254607));
#1354 = CARTESIAN_POINT('',(5.595758802881,-14.07323272543,
    23.111955187089));
#1355 = CARTESIAN_POINT('',(5.163911014806,-14.21680975085,
    23.132652947664));
#1356 = CARTESIAN_POINT('',(4.732619330901,-14.35673458289,
    23.154359370232));
#1357 = CARTESIAN_POINT('',(4.30199664605,-14.49340818934,23.17738506291
    ));
#1358 = CARTESIAN_POINT('',(3.872155177499,-14.62724135172,
    23.202081550713));
#1359 = CARTESIAN_POINT('',(3.44320953819,-14.75866316637,
    23.228867218388));
#1360 = CARTESIAN_POINT('',(3.015280679224,-14.88813611079,
    23.258281341364));
#1361 = CARTESIAN_POINT('',(2.588500700861,-15.01617767468,
    23.291066205233));
#1362 = CARTESIAN_POINT('',(1.737536364258,-15.27059943744,
    23.365488421534));
#1363 = CARTESIAN_POINT('',(0.892452497501,-15.52457313965,
    23.463643683911));
#1364 = CARTESIAN_POINT('',(0.471613174775,-15.65242245935,
    23.519991195751));
#1365 = CARTESIAN_POINT('',(5.229418940382E-02,-15.78038133052,
    23.586956319137));
#1366 = CARTESIAN_POINT('',(-0.36422302197,-15.91390799958,
    23.663749444242));
#1367 = CARTESIAN_POINT('',(-0.779171671387,-16.04794084785,
    23.760012659749));
#1368 = CARTESIAN_POINT('',(-1.191332670819,-16.18780934743,
    23.878078790412));
#1369 = CARTESIAN_POINT('',(-1.599319213975,-16.3398451041,
    24.025129421387));
#1370 = CARTESIAN_POINT('',(-2.005535730704,-16.49481958437,
    24.229170786671));
#1371 = CARTESIAN_POINT('',(-2.50490407667,-16.720121315,24.570653484323
    ));
#1372 = CARTESIAN_POINT('',(-3.005280889214,-16.94623363133,
    25.238050272514));
#1373 = CARTESIAN_POINT('',(-3.105518982274,-16.99107291651,
    25.386802398682));
#1374 = CARTESIAN_POINT('',(-3.206074260152,-17.03498750188,
    25.553329541563));
#1375 = CARTESIAN_POINT('',(-3.307210204057,-17.07701357858,
    25.741171290942));
#1376 = CARTESIAN_POINT('',(-3.409316614998,-17.11567492702,
    25.954653835708));
#1377 = CARTESIAN_POINT('',(-3.512952913108,-17.14879536664,
    26.198946644038));
#1378 = CARTESIAN_POINT('',(-3.618989052621,-17.17291908434,
    26.480809758218));
#1379 = CARTESIAN_POINT('',(-3.728901592536,-17.18205312196,
    26.809468625022));
#1380 = CARTESIAN_POINT('',(-3.961635195433,-17.14885743514,
    27.582745596942));
#1381 = CARTESIAN_POINT('',(-4.237793401537,-16.93703064149,
    28.623132504219));
#1382 = CARTESIAN_POINT('',(-4.39142638537,-16.76615458116,
    29.217650725179));
#1383 = CARTESIAN_POINT('',(-4.564055087426,-16.5159821152,
    29.90112195791));
#1384 = CARTESIAN_POINT('',(-4.775325444385,-16.09800110664,
    30.643128502925));
#1385 = CARTESIAN_POINT('',(-5.005751464186,-15.59985411152,
    31.467802159658));
#1386 = CARTESIAN_POINT('',(-5.321183663086,-14.726066415,
    32.296494222867));
#1387 = CARTESIAN_POINT('',(-5.656202086485,-13.75061767894,
    32.855556769903));
#1388 = CARTESIAN_POINT('',(-5.990696228477,-12.76704425831,
    33.22349176057));
#1389 = CARTESIAN_POINT('',(-6.625929546741,-10.93074426349,
    33.616581573665));
#1390 = CARTESIAN_POINT('',(-7.168328586478,-9.479263731028,
    33.515241214427));
#1391 = CARTESIAN_POINT('',(-7.409796467827,-8.881223368569,
    33.386354218109));
#1392 = CARTESIAN_POINT('',(-7.624702083,-8.399835266558,33.23092554433)
  );
#1393 = CARTESIAN_POINT('',(-7.819412123928,-8.008178398457,
    33.070523058609));
#1394 = CARTESIAN_POINT('',(-7.998880983379,-7.684744251288,
    32.912203530414));
#1395 = CARTESIAN_POINT('',(-8.166055330498,-7.416795214786,
    32.761164260674));
#1396 = CARTESIAN_POINT('',(-8.323338763394,-7.193868997027,
    32.620415703542));
#1397 = CARTESIAN_POINT('',(-8.473154355593,-7.005181056017,
    32.488849187175));
#1398 = CARTESIAN_POINT('',(-8.760264823254,-6.685651567633,
    32.245136814423));
#1399 = CARTESIAN_POINT('',(-9.027154351096,-6.46032178655,
    32.037596702085));
#1400 = CARTESIAN_POINT('',(-9.156681290375,-6.366138288878,
    31.942294622609));
#1401 = CARTESIAN_POINT('',(-9.28311465456,-6.286742269061,
    31.854706395896));
#1402 = CARTESIAN_POINT('',(-9.40705168212,-6.219440386156,
    31.774019406655));
#1403 = CARTESIAN_POINT('',(-9.528932593814,-6.162235449226,
    31.699451329132));
#1404 = CARTESIAN_POINT('',(-9.649094429765,-6.113591614118,
    31.630307144736));
#1405 = CARTESIAN_POINT('',(-9.767808730228,-6.072269201037,
    31.566004396393));
#1406 = CARTESIAN_POINT('',(-9.885303060047,-6.037229132971,
    31.506066679645));
#1407 = CARTESIAN_POINT('',(-10.4676196439,-5.889118442691,
    31.22616013379));
#1408 = CARTESIAN_POINT('',(-11.0276499565,-5.86030417912,
    31.034891801821));
#1409 = CARTESIAN_POINT('',(-11.47075386737,-5.870530834374,
    30.913945902456));
#1410 = CARTESIAN_POINT('',(-11.91060227481,-5.905750614654,
    30.814741369126));
#1411 = CARTESIAN_POINT('',(-12.34865872744,-5.958822955376,
    30.731245233127));
#1412 = CARTESIAN_POINT('',(-12.78598174862,-6.024516451553,
    30.659377075027));
#1413 = CARTESIAN_POINT('',(-13.22279504597,-6.101378251681,
    30.596497700145));
#1414 = CARTESIAN_POINT('',(-13.65920732412,-6.188513951008,
    30.54080531132));
#1415 = CARTESIAN_POINT('',(-14.09564609381,-6.283638048683,
    30.490840529543));
#1416 = CARTESIAN_POINT('',(-15.40478619857,-6.592988880063,
    30.355143169082));
#1417 = CARTESIAN_POINT('',(-16.71384381923,-6.968981499919,
    30.254868208151));
#1418 = CARTESIAN_POINT('',(-17.58662656062,-7.24582318287,
    30.197573195236));
#1419 = CARTESIAN_POINT('',(-18.45889675933,-7.54855464607,
    30.146946487654));
#1420 = CARTESIAN_POINT('',(-19.3297227484,-7.878256225583,
    30.101575753123));
#1421 = CARTESIAN_POINT('',(-20.19798901079,-8.236456135505,
    30.060559997172));
#1422 = CARTESIAN_POINT('',(-21.06241254402,-8.624803754579,
    30.023159453307));
#1423 = CARTESIAN_POINT('',(-21.92148217568,-9.045079340073,
    29.988806861801));
#1424 = CARTESIAN_POINT('',(-22.77338502858,-9.49928069614,
    29.957228649965));
#1425 = CARTESIAN_POINT('',(-23.61598433502,-9.989527323014,
    29.928424526775));
#1426 = CARTESIAN_POINT('',(-24.44691279914,-10.51752257423,
    29.90225400469));
#1427 = CARTESIAN_POINT('',(-25.44272245486,-11.15729889728,
    29.88001864177));
#1428 = CARTESIAN_POINT('',(-26.39982756131,-11.82771224406,
    29.858910118933));
#1429 = CARTESIAN_POINT('',(-27.32014246765,-12.5236737483,
    29.838782293353));
#1430 = CARTESIAN_POINT('',(-28.20638035917,-13.24027272887,
    29.818814690793));
#1431 = CARTESIAN_POINT('',(-29.06133283144,-13.97335438432,
    29.798976076618));
#1432 = CARTESIAN_POINT('',(-29.88803236696,-14.71917096831,
    29.779014322968));
#1433 = CARTESIAN_POINT('',(-30.68984976518,-15.47406216102,
    29.757745583944));
#1434 = CARTESIAN_POINT('',(-31.47022050385,-16.23450631164,
    29.733573021705));
#1435 = CARTESIAN_POINT('',(-32.23233592945,-16.9972701846,
    29.705322557438));
#1436 = CARTESIAN_POINT('',(-33.16663739499,-17.94914595701,
    29.661969800847));
#1437 = CARTESIAN_POINT('',(-34.08920880546,-18.88833034821,
    29.589547991976));
#1438 = CARTESIAN_POINT('',(-34.27335652979,-19.07556073777,
    29.573750487559));
#1439 = CARTESIAN_POINT('',(-34.45728215623,-19.26204823827,
    29.556342396749));
#1440 = CARTESIAN_POINT('',(-34.64114996707,-19.44763842757,
    29.536972216634));
#1441 = CARTESIAN_POINT('',(-34.82513996319,-19.63216246228,
    29.515260690486));
#1442 = CARTESIAN_POINT('',(-35.00946164948,-19.81542473367,
    29.490760414403));
#1443 = CARTESIAN_POINT('',(-35.19438570935,-19.99717457873,
    29.462848745243));
#1444 = CARTESIAN_POINT('',(-35.38029356858,-20.17706204681,
    29.430554009869));
#1445 = CARTESIAN_POINT('',(-35.66147048814,-20.44333555862,
    29.373195518594));
#1446 = CARTESIAN_POINT('',(-35.94797221062,-20.70259627309,
    29.296932169512));
#1447 = CARTESIAN_POINT('',(-36.04416660433,-20.7881448003,
    29.269139238347));
#1448 = CARTESIAN_POINT('',(-36.14118422101,-20.87270485509,
    29.238527557314));
#1449 = CARTESIAN_POINT('',(-36.2391784063,-20.95613828992,
    29.204565840932));
#1450 = CARTESIAN_POINT('',(-36.33833089361,-21.03828157866,
    29.166655828018));
#1451 = CARTESIAN_POINT('',(-36.43886398182,-21.11893496751,
    29.124075721523));
#1452 = CARTESIAN_POINT('',(-36.54106044479,-21.1978447692,
    29.075849693492));
#1453 = CARTESIAN_POINT('',(-36.6452911732,-21.27467880063,
    29.020543455142));
#1454 = CARTESIAN_POINT('',(-36.80543023565,-21.3861530454,
    28.923707110521));
#1455 = CARTESIAN_POINT('',(-36.97274595186,-21.49063393741,
    28.798719745888));
#1456 = CARTESIAN_POINT('',(-37.02940362149,-21.52460493362,
    28.753534357495));
#1457 = CARTESIAN_POINT('',(-37.08703431546,-21.55764212454,
    28.704297190429));
#1458 = CARTESIAN_POINT('',(-37.14573837984,-21.58965604406,
    28.650380604607));
#1459 = CARTESIAN_POINT('',(-37.20563673272,-21.62053890608,
    28.591050064829));
#1460 = CARTESIAN_POINT('',(-37.26687165281,-21.65016394155,
    28.525412932534));
#1461 = CARTESIAN_POINT('',(-37.32960086994,-21.67839076366,
    28.452324149555));
#1462 = CARTESIAN_POINT('',(-37.39398495803,-21.70507676155,
    28.370248813812));
#1463 = CARTESIAN_POINT('',(-37.52635110233,-21.75511228288,
    28.183914480171));
#1464 = CARTESIAN_POINT('',(-37.66631978103,-21.79811979593,
    27.941615642607));
#1465 = CARTESIAN_POINT('',(-37.7383163911,-21.81776873296,
    27.803733160282));
#1466 = CARTESIAN_POINT('',(-37.81226451909,-21.83562086518,
    27.644352139498));
#1467 = CARTESIAN_POINT('',(-37.88812522644,-21.85171370844,
    27.460123209056));
#1468 = CARTESIAN_POINT('',(-37.9655660764,-21.86635087819,
    27.243234808876));
#1469 = CARTESIAN_POINT('',(-38.04335705213,-21.88064166212,
    26.982719187061));
#1470 = CARTESIAN_POINT('',(-38.11912539471,-21.89671883703,
    26.66663240104));
#1471 = CARTESIAN_POINT('',(-38.18847320376,-21.91853376167,
    26.274938659243));
#1472 = CARTESIAN_POINT('',(-38.26388389964,-21.97689322763,
    25.514565310266));
#1473 = CARTESIAN_POINT('',(-38.1996646094,-22.16031164556,
    24.413758878439));
#1474 = CARTESIAN_POINT('',(-38.15754086145,-22.2400053892,
    24.004859282748));
#1475 = CARTESIAN_POINT('',(-38.08681658608,-22.34531176689,
    23.548190685739));
#1476 = CARTESIAN_POINT('',(-37.97888209649,-22.48393446065,
    23.044420919534));
#1477 = CARTESIAN_POINT('',(-37.82160134342,-22.66673415804,
    22.492026322906));
#1478 = CARTESIAN_POINT('',(-37.59800662033,-22.90888972226,
    21.896157194381));
#1479 = CARTESIAN_POINT('',(-37.29217070602,-23.22463295793,
    21.283880673349));
#1480 = CARTESIAN_POINT('',(-36.9023083895,-23.61552924579,
    20.701093087455));
#1481 = CARTESIAN_POINT('',(-35.9986176286,-24.50813498555,
    19.668442571697));
#1482 = CARTESIAN_POINT('',(-34.94994398477,-25.5302138101,
    18.980056190594));
#1483 = CARTESIAN_POINT('',(-34.4151635201,-26.05052528415,
    18.741503993204));
#1484 = CARTESIAN_POINT('',(-33.90385374285,-26.54976598542,
    18.613291247524));
#1485 = CARTESIAN_POINT('',(-33.44096484525,-27.00563509551,
    18.570588257569));
#1486 = CARTESIAN_POINT('',(-33.03393339816,-27.41150359967,
    18.58378150312));
#1487 = CARTESIAN_POINT('',(-32.67823889752,-27.77143199371,
    18.633009800183));
#1488 = CARTESIAN_POINT('',(-32.36791877457,-28.09076489032,
    18.705845675678));
#1489 = CARTESIAN_POINT('',(-32.09928711062,-28.3728084031,
    18.791787887025));
#1490 = CARTESIAN_POINT('',(-31.39826957778,-29.12514653099,
    19.071119935011));
#1491 = CARTESIAN_POINT('',(-30.96920515204,-29.63432156586,
    19.376838224432));
#1492 = CARTESIAN_POINT('',(-30.76394380599,-29.90158977312,
    19.558935971732));
#1493 = CARTESIAN_POINT('',(-30.61018477035,-30.12287044889,
    19.719975090059));
#1494 = CARTESIAN_POINT('',(-30.49340570061,-30.31115404626,
    19.862340000449));
#1495 = CARTESIAN_POINT('',(-30.40487078763,-30.47425453302,
    19.987774386608));
#1496 = CARTESIAN_POINT('',(-30.3371779488,-30.61879180981,
    20.099015575941));
#1497 = CARTESIAN_POINT('',(-30.2852338667,-30.74932037711,
    20.198601027513));
#1498 = CARTESIAN_POINT('',(-30.24667144075,-30.86795681246,
    20.287703879694));
#1499 = CARTESIAN_POINT('',(-30.16203844301,-31.19631783346,
    20.528794592245));
#1500 = CARTESIAN_POINT('',(-30.15463301311,-31.45628009996,
    20.701619184372));
#1501 = CARTESIAN_POINT('',(-30.16907337209,-31.61255071418,
    20.796175592909));
#1502 = CARTESIAN_POINT('',(-30.19691178521,-31.75712666757,
    20.875697760577));
#1503 = CARTESIAN_POINT('',(-30.23481724699,-31.89298325977,
    20.943731890943));
#1504 = CARTESIAN_POINT('',(-30.28024424839,-32.02239393326,
    21.00272917062));
#1505 = CARTESIAN_POINT('',(-30.3313684826,-32.14698744332,
    21.054480249033));
#1506 = CARTESIAN_POINT('',(-30.3871670288,-32.26767596234,
    21.100310065679));
#1507 = CARTESIAN_POINT('',(-30.4469923655,-32.38503608477,
    21.141213155523));
#1508 = CARTESIAN_POINT('',(-30.63599397972,-32.72940929021,
    21.251511592068));
#1509 = CARTESIAN_POINT('',(-30.84967920504,-33.05412254339,
    21.330163246131));
#1510 = CARTESIAN_POINT('',(-30.99924774916,-33.26529346271,
    21.373434791022));
#1511 = CARTESIAN_POINT('',(-31.15407411602,-33.47280131688,
    21.410138030727));
#1512 = CARTESIAN_POINT('',(-31.31320653929,-33.67748154416,
    21.441753413611));
#1513 = CARTESIAN_POINT('',(-31.47601105384,-33.87988573123,
    21.469300626269));
#1514 = CARTESIAN_POINT('',(-31.64195538523,-34.08047470941,
    21.493604644644));
#1515 = CARTESIAN_POINT('',(-31.81061090741,-34.27961673889,
    21.515327381236));
#1516 = CARTESIAN_POINT('',(-31.98172250791,-34.47752499788,
    21.534917849887));
#1517 = CARTESIAN_POINT('',(-32.84909097843,-35.461242989,
    21.623497445352));
#1518 = CARTESIAN_POINT('',(-33.77107044122,-36.41943937586,
    21.673022948781));
#1519 = CARTESIAN_POINT('',(-34.53494435815,-37.17644387338,
    21.704974632465));
#1520 = CARTESIAN_POINT('',(-35.32713914302,-37.92109400819,
    21.730255274759));
#1521 = CARTESIAN_POINT('',(-36.14840600012,-38.65163968081,
    21.751444192572));
#1522 = CARTESIAN_POINT('',(-36.99981428356,-39.36587557339,
    21.770614561755));
#1523 = CARTESIAN_POINT('',(-37.88381573293,-40.06007807377,
    21.787763573124));
#1524 = CARTESIAN_POINT('',(-38.80267519524,-40.7302603346,
    21.80291517253));
#1525 = CARTESIAN_POINT('',(-39.75753525385,-41.37284796934,
    21.817261994316));
#1526 = CARTESIAN_POINT('',(-41.74269803502,-42.59324234867,
    21.843733906921));
#1527 = CARTESIAN_POINT('',(-43.881698908,-43.66573659402,
    21.866672928399));
#1528 = CARTESIAN_POINT('',(-44.99044618938,-44.16036520522,
    21.877383388073));
#1529 = CARTESIAN_POINT('',(-46.13875979679,-44.6085418535,
    21.887391292177));
#1530 = CARTESIAN_POINT('',(-47.32617925652,-45.00541840634,
    21.896710859602));
#1531 = CARTESIAN_POINT('',(-48.55142047403,-45.34640497948,
    21.905332160457));
#1532 = CARTESIAN_POINT('',(-49.81253350023,-45.62746547263,
    21.913233298695));
#1533 = CARTESIAN_POINT('',(-51.10719471391,-45.84536067846,
    21.920387976553));
#1534 = CARTESIAN_POINT('',(-52.43306640507,-45.9977639352,
    21.926769767309));
#1535 = CARTESIAN_POINT('',(-53.78815674242,-46.08317428924,
    21.932354423378));
#1536 = CARTESIAN_POINT('',(-55.17111311014,-46.10055213785,
    21.937121546324));
#1537 = CARTESIAN_POINT('',(-56.35289518381,-46.11176330434,
    21.935805158648));
#1538 = CARTESIAN_POINT('',(-57.53846223714,-46.07632396981,
    21.933762682315));
#1539 = CARTESIAN_POINT('',(-58.72674290158,-45.99716311029,
    21.931073529144));
#1540 = CARTESIAN_POINT('',(-59.91535264743,-45.87593313014,
    21.927829287641));
#1541 = CARTESIAN_POINT('',(-61.10100765503,-45.71350331938,
    21.924133232578));
#1542 = CARTESIAN_POINT('',(-62.27987432291,-45.51025342712,
    21.92009789818));
#1543 = CARTESIAN_POINT('',(-63.44785440957,-45.26616735016,
    21.915840715031));
#1544 = CARTESIAN_POINT('',(-64.60080581318,-44.98072693782,
    21.911477710551));
#1545 = CARTESIAN_POINT('',(-65.73469898471,-44.65260591193,
    21.907115273208));
#1546 = CARTESIAN_POINT('',(-67.95671897199,-43.90572189384,
    21.898564687412));
#1547 = CARTESIAN_POINT('',(-70.07283561715,-42.95891270511,
    21.890581309953));
#1548 = CARTESIAN_POINT('',(-71.10105601229,-42.43150171956,
    21.886790164305));
#1549 = CARTESIAN_POINT('',(-72.09458371364,-41.83875109276,
    21.883236098672));
#1550 = CARTESIAN_POINT('',(-73.05311025157,-41.18328792578,
    21.879934968008));
#1551 = CARTESIAN_POINT('',(-73.97045025367,-40.43124017054,
    21.876875526701));
#1552 = CARTESIAN_POINT('',(-74.83712468249,-39.57262535084,
    21.874053797298));
#1553 = CARTESIAN_POINT('',(-75.64991270855,-38.58772423037,
    21.871445706016));
#1554 = CARTESIAN_POINT('',(-76.38020308924,-37.38539899299,
    21.869024908058));
#1555 = CARTESIAN_POINT('',(-76.90494217869,-35.96494244042,
    21.866953993248));
#1556 = CARTESIAN_POINT('',(-77.150762045,-34.41001744305,21.86536149163
    ));
#1557 = CARTESIAN_POINT('',(-77.29893680217,-33.477287828,21.86544414221
    ));
#1558 = CARTESIAN_POINT('',(-77.34559606933,-32.5125189078,
    21.865620733833));
#1559 = CARTESIAN_POINT('',(-77.28192137622,-31.53866636705,
    21.865905345922));
#1560 = CARTESIAN_POINT('',(-77.10592764768,-30.58536807836,
    21.866304864273));
#1561 = CARTESIAN_POINT('',(-76.83503361738,-29.68354273207,
    21.866805362669));
#1562 = CARTESIAN_POINT('',(-76.49478373854,-28.84674260587,
    21.867384181987));
#1563 = CARTESIAN_POINT('',(-76.10636477232,-28.07071820281,
    21.868022673438));
#1564 = CARTESIAN_POINT('',(-75.68204099186,-27.34621990596,
    21.86871033818));
#1565 = CARTESIAN_POINT('',(-75.22808991906,-26.66675331294,
    21.869441610744));
#1566 = CARTESIAN_POINT('',(-74.27042150171,-25.37888773039,
    21.870981986813));
#1567 = CARTESIAN_POINT('',(-73.21966599705,-24.20394859951,
    21.872669240936));
#1568 = CARTESIAN_POINT('',(-72.67278132406,-23.63715947474,
    21.873547245368));
#1569 = CARTESIAN_POINT('',(-72.10399355715,-23.08462668574,
    21.874458819873));
#1570 = CARTESIAN_POINT('',(-71.51192297893,-22.54120084717,
    21.875403703518));
#1571 = CARTESIAN_POINT('',(-70.89489610871,-22.00291978362,
    21.876381646899));
#1572 = CARTESIAN_POINT('',(-70.2512719597,-21.46677589468,
    21.877392210178));
#1573 = CARTESIAN_POINT('',(-69.57952895173,-20.93042843172,
    21.878434772832));
#1574 = CARTESIAN_POINT('',(-68.87823665436,-20.39195072267,
    21.879508634389));
#1575 = CARTESIAN_POINT('',(-68.1460365401,-19.84970238194,
    21.880613085008));
#1576 = CARTESIAN_POINT('',(-67.38175592268,-19.30241654179,
    21.881747325101));
#1577 = CARTESIAN_POINT('',(20.008608897157,64.044153476917,
    55.759495520784));
#1578 = CARTESIAN_POINT('',(19.315955462676,62.445811690991,
    54.981137697402));
#1579 = CARTESIAN_POINT('',(18.690976487592,60.902950400826,
    54.109079464209));
#1580 = CARTESIAN_POINT('',(18.130450486113,59.416930108448,
    53.15369919391));
#1581 = CARTESIAN_POINT('',(17.629340957372,57.987872264694,
    52.12564109487));
#1582 = CARTESIAN_POINT('',(17.183264813836,56.615180917414,
    51.03402184107));
#1583 = CARTESIAN_POINT('',(16.785679214576,55.297118371941,
    49.886841779363));
#1584 = CARTESIAN_POINT('',(16.429573654682,54.032372999063,
    48.689870277593));
#1585 = CARTESIAN_POINT('',(16.109897454982,52.821813998384,
    47.445547693268));
#1586 = CARTESIAN_POINT('',(15.821047456664,51.668922698445,
    46.153285341961));
#1587 = CARTESIAN_POINT('',(15.55348675967,50.58272286213,
    44.806949742362));
#1588 = CARTESIAN_POINT('',(15.314962745416,49.597403454746,
    43.374288295688));
#1589 = CARTESIAN_POINT('',(15.196753600922,49.383979494074,
    42.770129497898));
#1590 = CARTESIAN_POINT('',(15.09054630416,49.198540852941,
    42.138840847012));
#1591 = CARTESIAN_POINT('',(15.001395061849,49.043826437084,
    41.477180719802));
#1592 = CARTESIAN_POINT('',(14.938120114382,48.922774799256,
    40.781354182519));
#1593 = CARTESIAN_POINT('',(14.909016172752,48.835710964105,
    40.050285893031));
#1594 = CARTESIAN_POINT('',(14.928718464356,48.782711953317,
    39.282565417002));
#1595 = CARTESIAN_POINT('',(15.017113805075,48.757856958107,
    38.482499622309));
#1596 = CARTESIAN_POINT('',(15.188869859696,48.74292839162,
    37.667520257608));
#1597 = CARTESIAN_POINT('',(15.442229272894,48.712462334407,
    36.863850416181));
#1598 = CARTESIAN_POINT('',(16.074124029358,48.587240004921,
    35.315812253674));
#1599 = CARTESIAN_POINT('',(16.873264467685,48.294967592198,
    33.931128601137));
#1600 = CARTESIAN_POINT('',(17.293688545869,48.097562875868,
    33.290712327917));
#1601 = CARTESIAN_POINT('',(17.709083183569,47.846906030718,
    32.70586036174));
#1602 = CARTESIAN_POINT('',(18.100862004382,47.551270632828,
    32.168966214663));
#1603 = CARTESIAN_POINT('',(18.461461956075,47.220886067876,
    31.669602858838));
#1604 = CARTESIAN_POINT('',(18.790778182201,46.86328083371,
    31.199682964637));
#1605 = CARTESIAN_POINT('',(19.090711178502,46.483871526518,
    30.753256607694));
#1606 = CARTESIAN_POINT('',(19.363048227097,46.087384958178,
    30.325169654939));
#1607 = CARTESIAN_POINT('',(20.107918680542,44.855491039038,
    29.085841966952));
#1608 = CARTESIAN_POINT('',(20.662421961815,43.516693058093,
    27.958190969443));
#1609 = CARTESIAN_POINT('',(20.971883806287,42.59449099356,
    27.235710437455));
#1610 = CARTESIAN_POINT('',(21.242792505764,41.646377565703,
    26.537818874663));
#1611 = CARTESIAN_POINT('',(21.489220507861,40.672025774863,
    25.865098477761));
#1612 = CARTESIAN_POINT('',(21.719476394616,39.670340958752,
    25.219746582386));
#1613 = CARTESIAN_POINT('',(21.939372974834,38.639886893653,
    24.604976417425));
#1614 = CARTESIAN_POINT('',(22.154002788776,37.578842615901,
    24.025094770128));
#1615 = CARTESIAN_POINT('',(22.367336436663,36.48554689612,
    23.485117993787));
#1616 = CARTESIAN_POINT('',(22.581217684266,35.359321556997,
    22.990037954604));
#1617 = CARTESIAN_POINT('',(22.797587839094,34.199899087951,
    22.545099678039));
#1618 = CARTESIAN_POINT('',(23.368416839954,32.672800358583,
    22.055506781127));
#1619 = CARTESIAN_POINT('',(24.000318386326,31.125016725776,
    21.714094570832));
#1620 = CARTESIAN_POINT('',(24.684085754736,29.558106005578,
    21.528847900353));
#1621 = CARTESIAN_POINT('',(25.419359443549,27.968184799461,
    21.520765354144));
#1622 = CARTESIAN_POINT('',(26.130773217068,26.355655703718,
    21.693520085547));
#1623 = CARTESIAN_POINT('',(26.896061939305,24.705462628489,
    22.090745003374));
#1624 = CARTESIAN_POINT('',(27.40523635779,23.01771088975,
    22.746650698692));
#1625 = CARTESIAN_POINT('',(27.709455553865,21.333813901131,23.401376256
    ));
#1626 = CARTESIAN_POINT('',(27.826649579541,19.648090084408,
    24.050739675634));
#1627 = CARTESIAN_POINT('',(27.785401822356,17.964503644472,
    24.649676683866));
#1628 = CARTESIAN_POINT('',(27.607116213943,16.282194804433,
    25.190815241715));
#1629 = CARTESIAN_POINT('',(27.365227993783,13.791087832059,
    25.457869229261));
#1630 = CARTESIAN_POINT('',(26.948447624055,11.312018507571,
    25.80878918545));
#1631 = CARTESIAN_POINT('',(26.355138979588,8.863417330671,
    26.219552421997));
#1632 = CARTESIAN_POINT('',(25.583937563267,6.464403208158,
    26.664068799317));
#1633 = CARTESIAN_POINT('',(24.637884587149,4.132179007556,
    27.115088744026));
#1634 = CARTESIAN_POINT('',(23.521534135538,1.882947217853,
    27.553057269563));
#1635 = CARTESIAN_POINT('',(22.235295886017,-0.267024580749,
    27.967671532353));
#1636 = CARTESIAN_POINT('',(20.771526508121,-2.299075790822,
    28.352549159954));
#1637 = CARTESIAN_POINT('',(19.115878942023,-4.187138734529,
    28.700156126783));
#1638 = CARTESIAN_POINT('',(17.255160266714,-5.892475652774,
    29.00197632764));
#1639 = CARTESIAN_POINT('',(15.189435813352,-7.368636759263,
    29.247830209214));
#1640 = CARTESIAN_POINT('',(14.41158371074,-7.956192200597,
    29.303890622401));
#1641 = CARTESIAN_POINT('',(13.615987778525,-8.502392634124,
    29.35531173508));
#1642 = CARTESIAN_POINT('',(12.805812833764,-9.008902334807,
    29.402366864858));
#1643 = CARTESIAN_POINT('',(11.983886755947,-9.477816370761,
    29.445430433806));
#1644 = CARTESIAN_POINT('',(11.152661488422,-9.91151443694,
    29.484930956116));
#1645 = CARTESIAN_POINT('',(10.31419775327,-10.31252468639,
    29.521328813673));
#1646 = CARTESIAN_POINT('',(9.470173479732,-10.68339755872,
    29.555118819529));
#1647 = CARTESIAN_POINT('',(8.621915946074,-11.02658960625,
    29.58685756929));
#1648 = CARTESIAN_POINT('',(7.770457634997,-11.34435731733,
    29.617215580418));
#1649 = CARTESIAN_POINT('',(6.489694886245,-11.78581274725,
    29.661973538944));
#1650 = CARTESIAN_POINT('',(5.205156165568,-12.17802406832,
    29.708159254291));
#1651 = CARTESIAN_POINT('',(4.776643781341,-12.30349454581,
    29.723852058283));
#1652 = CARTESIAN_POINT('',(4.347868315471,-12.42385270892,
    29.740022534554));
#1653 = CARTESIAN_POINT('',(3.918888629452,-12.53922121187,
    29.756877816721));
#1654 = CARTESIAN_POINT('',(3.489754687527,-12.64969331176,
    29.774652624172));
#1655 = CARTESIAN_POINT('',(3.060505352088,-12.75531843401,
    29.793624533789));
#1656 = CARTESIAN_POINT('',(2.631162004093,-12.85607103972,
    29.814143964518));
#1657 = CARTESIAN_POINT('',(2.201717988649,-12.95180279467,
    29.836678874774));
#1658 = CARTESIAN_POINT('',(1.342529782545,-13.13255328547,
    29.887069470624));
#1659 = CARTESIAN_POINT('',(0.48229686722,-13.28946089491,
    29.951685540964));
#1660 = CARTESIAN_POINT('',(5.185384903359E-02,-13.36155860787,
    29.988567936408));
#1661 = CARTESIAN_POINT('',(-0.379424669299,-13.42490449294,
    30.030532506124));
#1662 = CARTESIAN_POINT('',(-0.810936459588,-13.48217054181,
    30.081052985209));
#1663 = CARTESIAN_POINT('',(-1.244498639575,-13.52510376154,
    30.139820040821));
#1664 = CARTESIAN_POINT('',(-1.680008454469,-13.55419625503,
    30.211343638262));
#1665 = CARTESIAN_POINT('',(-2.118056133804,-13.56699836813,
    30.302594559655));
#1666 = CARTESIAN_POINT('',(-2.56366650071,-13.54122893271,
    30.41688108088));
#1667 = CARTESIAN_POINT('',(-3.130390150503,-13.46075522537,
    30.613799034585));
#1668 = CARTESIAN_POINT('',(-3.74647822698,-13.15774651531,
    30.928588204808));
#1669 = CARTESIAN_POINT('',(-3.872053895664,-13.08657167878,
    30.996763773864));
#1670 = CARTESIAN_POINT('',(-4.000422485368,-13.00292515771,
    31.07066528798));
#1671 = CARTESIAN_POINT('',(-4.132214145295,-12.9040486292,
    31.150870924766));
#1672 = CARTESIAN_POINT('',(-4.26822114952,-12.78646211042,
    31.237874322314));
#1673 = CARTESIAN_POINT('',(-4.409420589435,-12.64585730646,
    31.331970651662));
#1674 = CARTESIAN_POINT('',(-4.557135148365,-12.47637833086,
    31.433109836655));
#1675 = CARTESIAN_POINT('',(-4.713263527414,-12.26956963142,
    31.540310326415));
#1676 = CARTESIAN_POINT('',(-5.047459329855,-11.75826774089,
    31.759476999635));
#1677 = CARTESIAN_POINT('',(-5.436631163879,-11.00016996331,
    31.946603371787));
#1678 = CARTESIAN_POINT('',(-5.647637559803,-10.546916764,
    32.020327742205));
#1679 = CARTESIAN_POINT('',(-5.878431264251,-10.00429788163,
    32.069198984786));
#1680 = CARTESIAN_POINT('',(-6.130634899146,-9.360917276654,
    32.018942248896));
#1681 = CARTESIAN_POINT('',(-6.401707851585,-8.632140750458,
    31.940943375158));
#1682 = CARTESIAN_POINT('',(-6.700695994545,-7.764330662288,
    31.595479013388));
#1683 = CARTESIAN_POINT('',(-6.964277378703,-7.043266323262,
    31.080446957911));
#1684 = CARTESIAN_POINT('',(-7.198130073948,-6.449426894693,
    30.490960525153));
#1685 = CARTESIAN_POINT('',(-7.601990845813,-5.542695313957,
    29.282518916568));
#1686 = CARTESIAN_POINT('',(-7.8996123674,-5.112384015733,28.17183707257
    ));
#1687 = CARTESIAN_POINT('',(-8.026794439572,-4.996852726823,
    27.679762858248));
#1688 = CARTESIAN_POINT('',(-8.141366628164,-4.941749235111,
    27.261587890492));
#1689 = CARTESIAN_POINT('',(-8.248719360058,-4.92262136128,
    26.905779975021));
#1690 = CARTESIAN_POINT('',(-8.351542734679,-4.92686276817,
    26.599474069223));
#1691 = CARTESIAN_POINT('',(-8.451591477648,-4.946315372677,
    26.335415877629));
#1692 = CARTESIAN_POINT('',(-8.55010636679,-4.975135718441,
    26.107195031137));
#1693 = CARTESIAN_POINT('',(-8.647696930482,-5.01016856058,
    25.906692435604));
#1694 = CARTESIAN_POINT('',(-8.841970875556,-5.088087684146,
    25.55389005957));
#1695 = CARTESIAN_POINT('',(-9.03556956039,-5.175742711792,
    25.281143312745));
#1696 = CARTESIAN_POINT('',(-9.132477302457,-5.220559242546,
    25.160947542315));
#1697 = CARTESIAN_POINT('',(-9.229641823226,-5.265540428912,
    25.054012726156));
#1698 = CARTESIAN_POINT('',(-9.32712912925,-5.310264723824,
    24.958117394638));
#1699 = CARTESIAN_POINT('',(-9.424959188508,-5.354542498522,
    24.871549215834));
#1700 = CARTESIAN_POINT('',(-9.52313213507,-5.398292034203,
    24.792957389368));
#1701 = CARTESIAN_POINT('',(-9.62164434456,-5.441462401217,
    24.721243475396));
#1702 = CARTESIAN_POINT('',(-9.720494380345,-5.484003225887,
    24.655490658806));
#1703 = CARTESIAN_POINT('',(-10.21641653117,-5.693393820776,
    24.352694607663));
#1704 = CARTESIAN_POINT('',(-10.72020505474,-5.887406496908,
    24.164437905987));
#1705 = CARTESIAN_POINT('',(-11.1273927851,-6.034080880431,
    24.047321635251));
#1706 = CARTESIAN_POINT('',(-11.53759471648,-6.176386836443,
    23.953916556685));
#1707 = CARTESIAN_POINT('',(-11.95026662832,-6.315985059724,
    23.876800901097));
#1708 = CARTESIAN_POINT('',(-12.36503500133,-6.453902023485,
    23.810616081411));
#1709 = CARTESIAN_POINT('',(-12.78147901225,-6.591556398834,
    23.753221239409));
#1710 = CARTESIAN_POINT('',(-13.19926945386,-6.730002186029,
    23.703171688206));
#1711 = CARTESIAN_POINT('',(-13.61823204403,-6.869558616567,
    23.658145865569));
#1712 = CARTESIAN_POINT('',(-14.87782780023,-7.29407063386,
    23.536579706262));
#1713 = CARTESIAN_POINT('',(-16.14377457805,-7.740517113567,
    23.447656710352));
#1714 = CARTESIAN_POINT('',(-16.98892395088,-8.052148290036,
    23.396840994915));
#1715 = CARTESIAN_POINT('',(-17.83387176356,-8.38097198262,
    23.351827306075));
#1716 = CARTESIAN_POINT('',(-18.67730995014,-8.72972104819,
    23.311400581449));
#1717 = CARTESIAN_POINT('',(-19.51789174912,-9.100986301623,
    23.274795664965));
#1718 = CARTESIAN_POINT('',(-20.35415776382,-9.497326532337,
    23.241353762622));
#1719 = CARTESIAN_POINT('',(-21.18449221706,-9.921246016567,
    23.210561326834));
#1720 = CARTESIAN_POINT('',(-22.00709648954,-10.37511443221,
    23.182198055496));
#1721 = CARTESIAN_POINT('',(-22.81996703169,-10.86110408266,
    23.156320692072));
#1722 = CARTESIAN_POINT('',(-23.62086473851,-11.38121933631,
    23.132809312835));
#1723 = CARTESIAN_POINT('',(-24.58567432542,-12.00265723822,
    23.112017009458));
#1724 = CARTESIAN_POINT('',(-25.51385203575,-12.65561659311,
    23.092422611703));
#1725 = CARTESIAN_POINT('',(-26.4072508797,-13.33544989221,
    23.073882245551));
#1726 = CARTESIAN_POINT('',(-27.26793529105,-14.03807775391,
    23.055779329217));
#1727 = CARTESIAN_POINT('',(-28.09857575926,-14.75957634924,
    23.038035721582));
#1728 = CARTESIAN_POINT('',(-28.90188016732,-15.49651203169,
    23.020407491373));
#1729 = CARTESIAN_POINT('',(-29.68018095815,-16.24611314539,
    23.001990002437));
#1730 = CARTESIAN_POINT('',(-30.43555957433,-17.00599502566,
    22.981570992091));
#1731 = CARTESIAN_POINT('',(-31.1701519396,-17.7737802474,
    22.958184299572));
#1732 = CARTESIAN_POINT('',(-32.0643883553,-18.74103270919,
    22.922867529398));
#1733 = CARTESIAN_POINT('',(-32.92499201958,-19.72010088516,
    22.865941821061));
#1734 = CARTESIAN_POINT('',(-33.09574851934,-19.91639576642,
    22.853575394702));
#1735 = CARTESIAN_POINT('',(-33.26506009755,-20.11323559752,
    22.840017948107));
#1736 = CARTESIAN_POINT('',(-33.43282474966,-20.31070289255,
    22.825021057722));
#1737 = CARTESIAN_POINT('',(-33.59893135948,-20.50888800523,
    22.808310933147));
#1738 = CARTESIAN_POINT('',(-33.76324365851,-20.70790346432,
    22.789560939177));
#1739 = CARTESIAN_POINT('',(-33.9255559404,-20.90792361393,
    22.768323318609));
#1740 = CARTESIAN_POINT('',(-34.08552053032,-21.10924956015,
    22.743920115933));
#1741 = CARTESIAN_POINT('',(-34.32106024899,-21.41397435392,
    22.700979894736));
#1742 = CARTESIAN_POINT('',(-34.54782430568,-21.72471701371,
    22.644871797588));
#1743 = CARTESIAN_POINT('',(-34.6223354312,-21.82905636851,
    22.624516040892));
#1744 = CARTESIAN_POINT('',(-34.69558625113,-21.93431704448,
    22.602228401567));
#1745 = CARTESIAN_POINT('',(-34.76735808715,-22.04069345622,
    22.577677180712));
#1746 = CARTESIAN_POINT('',(-34.83740764158,-22.14840205251,
    22.550479903265));
#1747 = CARTESIAN_POINT('',(-34.90544196439,-22.25770373611,
    22.520171522681));
#1748 = CARTESIAN_POINT('',(-34.97105774078,-22.36895823101,
    22.486138732657));
#1749 = CARTESIAN_POINT('',(-35.03364489891,-22.48271039694,
    22.447520385767));
#1750 = CARTESIAN_POINT('',(-35.12155935797,-22.6583575384,
    22.38085083581));
#1751 = CARTESIAN_POINT('',(-35.19724956841,-22.84446221331,
    22.297038163527));
#1752 = CARTESIAN_POINT('',(-35.22094802339,-22.90781411964,
    22.266971048615));
#1753 = CARTESIAN_POINT('',(-35.24287147507,-22.97270078853,
    22.234502408412));
#1754 = CARTESIAN_POINT('',(-35.26272985219,-23.03938176839,
    22.19931240318));
#1755 = CARTESIAN_POINT('',(-35.28018488904,-23.10815976736,
    22.161023388102));
#1756 = CARTESIAN_POINT('',(-35.29482376417,-23.17940425331,
    22.119180716949));
#1757 = CARTESIAN_POINT('',(-35.30610788785,-23.25359729323,
    22.073224282982));
#1758 = CARTESIAN_POINT('',(-35.3132968396,-23.33140163372,
    22.022450796599));
#1759 = CARTESIAN_POINT('',(-35.31739806972,-23.49610040828,
    21.909482803762));
#1760 = CARTESIAN_POINT('',(-35.29505926175,-23.68424859606,
    21.769113275061));
#1761 = CARTESIAN_POINT('',(-35.27589366339,-23.78542583312,
    21.690985620339));
#1762 = CARTESIAN_POINT('',(-35.24623046956,-23.895945169,
    21.603254667718));
#1763 = CARTESIAN_POINT('',(-35.20431301876,-24.01737892995,
    21.50475008287));
#1764 = CARTESIAN_POINT('',(-35.14595673774,-24.15347260197,
    21.392968050276));
#1765 = CARTESIAN_POINT('',(-35.06501052129,-24.30973129412,
    21.265108031168));
#1766 = CARTESIAN_POINT('',(-34.95440253713,-24.49248337637,
    21.119088335769));
#1767 = CARTESIAN_POINT('',(-34.80211887965,-24.71247953693,
    20.95180789522));
#1768 = CARTESIAN_POINT('',(-34.47340426611,-25.13213911294,
    20.665360135303));
#1769 = CARTESIAN_POINT('',(-33.91707993503,-25.75529796765,
    20.386970355112));
#1770 = CARTESIAN_POINT('',(-33.70231597137,-25.98923389917,
    20.298452092743));
#1771 = CARTESIAN_POINT('',(-33.45236157834,-26.25463202869,
    20.219505540055));
#1772 = CARTESIAN_POINT('',(-33.16445448473,-26.55395752969,
    20.158438040226));
#1773 = CARTESIAN_POINT('',(-32.8334184101,-26.89183349821,
    20.126070796456));
#1774 = CARTESIAN_POINT('',(-32.45580468895,-27.27133224387,
    20.140157530549));
#1775 = CARTESIAN_POINT('',(-32.03994483109,-27.68498184166,
    20.225377853101));
#1776 = CARTESIAN_POINT('',(-31.60907618732,-28.11198037727,
    20.399950111717));
#1777 = CARTESIAN_POINT('',(-30.77172412177,-28.94401980867,
    20.91315512855));
#1778 = CARTESIAN_POINT('',(-30.06113307259,-29.66243340831,
    21.686306152701));
#1779 = CARTESIAN_POINT('',(-29.75703387089,-29.97579863163,
    22.120753408229));
#1780 = CARTESIAN_POINT('',(-29.51882646657,-30.23020144077,
    22.572995107091));
#1781 = CARTESIAN_POINT('',(-29.34260391514,-30.42916561017,
    23.010707651559));
#1782 = CARTESIAN_POINT('',(-29.21564409902,-30.58408942395,
    23.416250151486));
#1783 = CARTESIAN_POINT('',(-29.12598039537,-30.70568301018,
    23.786698727352));
#1784 = CARTESIAN_POINT('',(-29.06499321071,-30.80165839778,
    24.123159950164));
#1785 = CARTESIAN_POINT('',(-29.02588745438,-30.87809615595,
    24.425301798186));
#1786 = CARTESIAN_POINT('',(-28.95765464016,-31.06360428427,
    25.241261280251));
#1787 = CARTESIAN_POINT('',(-29.00142169183,-31.14922119101,
    25.812062611817));
#1788 = CARTESIAN_POINT('',(-29.04849969753,-31.19040710536,
    26.10913849604));
#1789 = CARTESIAN_POINT('',(-29.1032445551,-31.22483587396,
    26.350422756959));
#1790 = CARTESIAN_POINT('',(-29.16165235185,-31.25607897951,
    26.55038033523));
#1791 = CARTESIAN_POINT('',(-29.22147566373,-31.2861405566,
    26.717824167454));
#1792 = CARTESIAN_POINT('',(-29.28146571783,-31.31613172675,
    26.860675851681));
#1793 = CARTESIAN_POINT('',(-29.34110358586,-31.34651227473,
    26.984622007114));
#1794 = CARTESIAN_POINT('',(-29.40014509132,-31.37749854186,
    27.092303468409));
#1795 = CARTESIAN_POINT('',(-29.57491939524,-31.47276795424,
    27.376956545713));
#1796 = CARTESIAN_POINT('',(-29.74229524985,-31.57526437859,
    27.565112072545));
#1797 = CARTESIAN_POINT('',(-29.85023228166,-31.64711327483,
    27.665155727387));
#1798 = CARTESIAN_POINT('',(-29.9552923927,-31.72178358354,
    27.74743850387));
#1799 = CARTESIAN_POINT('',(-30.05811992905,-31.79869355866,
    27.816362362354));
#1800 = CARTESIAN_POINT('',(-30.1590731639,-31.87751825828,
    27.875198714709));
#1801 = CARTESIAN_POINT('',(-30.25842715392,-31.9580078821,
    27.926305265835));
#1802 = CARTESIAN_POINT('',(-30.35650407535,-32.03987116068,
    27.971121119863));
#1803 = CARTESIAN_POINT('',(-30.45358977875,-32.122849683,
    28.010614631694));
#1804 = CARTESIAN_POINT('',(-30.74219011192,-32.37483926481,
    28.116385433357));
#1805 = CARTESIAN_POINT('',(-31.02434074922,-32.63460883453,
    28.189717575735));
#1806 = CARTESIAN_POINT('',(-31.21074988044,-32.81017542892,
    28.229597131573));
#1807 = CARTESIAN_POINT('',(-31.39616649152,-32.98748643959,
    28.263167262304));
#1808 = CARTESIAN_POINT('',(-31.58103571752,-33.16612735781,
    28.291880860538));
#1809 = CARTESIAN_POINT('',(-31.76567798836,-33.34579566759,
    28.316727526868));
#1810 = CARTESIAN_POINT('',(-31.95034940972,-33.52624657319,
    28.338531916377));
#1811 = CARTESIAN_POINT('',(-32.13525892951,-33.70727759911,
    28.357963297736));
#1812 = CARTESIAN_POINT('',(-32.32056763053,-33.88872924787,
    28.375452120204));
#1813 = CARTESIAN_POINT('',(-33.2497069146,-34.79747749361,
    28.454238438792));
#1814 = CARTESIAN_POINT('',(-34.19478578029,-35.71064008294,
    28.497473787683));
#1815 = CARTESIAN_POINT('',(-34.96822038383,-36.4365926045,
    28.525619468895));
#1816 = CARTESIAN_POINT('',(-35.76161917966,-37.15464324943,
    28.547840975029));
#1817 = CARTESIAN_POINT('',(-36.57798107742,-37.8610228124,
    28.566511946393));
#1818 = CARTESIAN_POINT('',(-37.42018008302,-38.55192707181,
    28.583570442317));
#1819 = CARTESIAN_POINT('',(-38.29050182666,-39.22383788152,
    28.59889633973));
#1820 = CARTESIAN_POINT('',(-39.19112063779,-39.87297077869,
    28.612441959707));
#1821 = CARTESIAN_POINT('',(-40.12427996513,-40.49497859762,
    28.625372354932));
#1822 = CARTESIAN_POINT('',(-42.05857683606,-41.67628500106,
    28.649298198336));
#1823 = CARTESIAN_POINT('',(-44.13317663942,-42.71430919581,
    28.670177684866));
#1824 = CARTESIAN_POINT('',(-45.20659114975,-43.19306520813,
    28.679955686083));
#1825 = CARTESIAN_POINT('',(-46.31671231196,-43.62701826424,
    28.689113155929));
#1826 = CARTESIAN_POINT('',(-47.46344265248,-44.01164385198,
    28.697654928926));
#1827 = CARTESIAN_POINT('',(-48.64597304959,-44.34266019745,
    28.705565228553));
#1828 = CARTESIAN_POINT('',(-49.86292563832,-44.616270792,
    28.712818150495));
#1829 = CARTESIAN_POINT('',(-51.11260622527,-44.8293645271,
    28.719384077502));
#1830 = CARTESIAN_POINT('',(-52.39331069933,-44.97960890479,
    28.725233239159));
#1831 = CARTESIAN_POINT('',(-53.70362991108,-45.06537178319,
    28.730337630064));
#1832 = CARTESIAN_POINT('',(-55.04269750533,-45.08540712378,
    28.734672499735));
#1833 = CARTESIAN_POINT('',(-56.18659449549,-45.10496810943,
    28.733887368301));
#1834 = CARTESIAN_POINT('',(-57.33773292502,-45.07948164733,
    28.732437256324));
#1835 = CARTESIAN_POINT('',(-58.4941486962,-45.011502935,28.730391955684
    ));
#1836 = CARTESIAN_POINT('',(-59.65275123358,-44.90249293454,
    28.727831325072));
#1837 = CARTESIAN_POINT('',(-60.80967459762,-44.75323777549,
    28.724845136473));
#1838 = CARTESIAN_POINT('',(-61.96057370873,-44.56410044399,
    28.721531221651));
#1839 = CARTESIAN_POINT('',(-63.10086568292,-44.33510475762,
    28.71799191864));
#1840 = CARTESIAN_POINT('',(-64.2259162777,-44.06585162671,
    28.714328818234));
#1841 = CARTESIAN_POINT('',(-65.33117144945,-43.75526760132,
    28.710635810489));
#1842 = CARTESIAN_POINT('',(-67.49329659322,-43.04710380782,
    28.703345051945));
#1843 = CARTESIAN_POINT('',(-69.54177721368,-42.14955899035,
    28.696448119606));
#1844 = CARTESIAN_POINT('',(-70.53358876728,-41.65012525289,
    28.693152350522));
#1845 = CARTESIAN_POINT('',(-71.48761824784,-41.09056916505,
    28.690045076639));
#1846 = CARTESIAN_POINT('',(-72.40250308697,-40.47321431415,
    28.687144432302));
#1847 = CARTESIAN_POINT('',(-73.27154563255,-39.76958733751,
    28.684446203566));
#1848 = CARTESIAN_POINT('',(-74.08550979496,-38.97146548858,
    28.681951869504));
#1849 = CARTESIAN_POINT('',(-74.84035909543,-38.06233046965,
    28.679645954109));
#1850 = CARTESIAN_POINT('',(-75.50986018823,-36.96551085477,
    28.677512323852));
#1851 = CARTESIAN_POINT('',(-75.98881200853,-35.68178288799,
    28.675693766565));
#1852 = CARTESIAN_POINT('',(-76.21489760088,-34.28278321928,
    28.674302534545));
#1853 = CARTESIAN_POINT('',(-76.35010735759,-33.44323657279,
    28.674344441599));
#1854 = CARTESIAN_POINT('',(-76.39353481097,-32.57617820704,
    28.674472760307));
#1855 = CARTESIAN_POINT('',(-76.33792106956,-31.70108166565,
    28.67469851248));
#1856 = CARTESIAN_POINT('',(-76.18185510629,-30.84300380457,
    28.67502657632));
#1857 = CARTESIAN_POINT('',(-75.94035201179,-30.02788858049,
    28.675444251395));
#1858 = CARTESIAN_POINT('',(-75.63512429775,-29.26690808768,
    28.675931669293));
#1859 = CARTESIAN_POINT('',(-75.28401811107,-28.55622072267,
    28.676472554316));
#1860 = CARTESIAN_POINT('',(-74.89728165733,-27.88784597444,
    28.67705756798));
#1861 = CARTESIAN_POINT('',(-74.48012700596,-27.25619470526,
    28.677681501719));
#1862 = CARTESIAN_POINT('',(-73.59275050427,-26.05011109929,
    28.678998326185));
#1863 = CARTESIAN_POINT('',(-72.60426709383,-24.93356607666,
    28.680443608445));
#1864 = CARTESIAN_POINT('',(-72.08613284239,-24.39124122805,
    28.681195879432));
#1865 = CARTESIAN_POINT('',(-71.54367366766,-23.85940247084,
    28.681976573474));
#1866 = CARTESIAN_POINT('',(-70.97563812432,-23.33367661172,
    28.682784925125));
#1867 = CARTESIAN_POINT('',(-70.38053827443,-22.81069782658,
    28.68362015982));
#1868 = CARTESIAN_POINT('',(-69.75692329948,-22.28790757807,
    28.684481326048));
#1869 = CARTESIAN_POINT('',(-69.10345009747,-21.76331036221,
    28.685367307017));
#1870 = CARTESIAN_POINT('',(-68.41885681664,-21.23526018507,
    28.686276908463));
#1871 = CARTESIAN_POINT('',(-67.70194527397,-20.70235267219,
    28.687208919452));
#1872 = CARTESIAN_POINT('',(-66.9516782097,-20.16349771217,
    28.688162042864));
#1873 = CARTESIAN_POINT('',(20.635304839059,67.135493600633,
    51.151014453492));
#1874 = CARTESIAN_POINT('',(20.055190418863,65.749268733311,
    50.530247227609));
#1875 = CARTESIAN_POINT('',(19.535037224764,64.402657499419,
    49.823777679342));
#1876 = CARTESIAN_POINT('',(19.072691078268,63.093565811366,
    49.037596029742));
#1877 = CARTESIAN_POINT('',(18.665639276617,61.82032923098,
    48.177209829068));
#1878 = CARTESIAN_POINT('',(18.313133593782,60.580752909225,
    47.248446686548));
#1879 = CARTESIAN_POINT('',(18.013598006614,59.373628581033,
    46.256074614883));
#1880 = CARTESIAN_POINT('',(17.76636545527,58.198477431773,
    45.204005474981));
#1881 = CARTESIAN_POINT('',(17.574245784708,57.054879632276,
    44.095875755678));
#1882 = CARTESIAN_POINT('',(17.44246894046,55.943983614576,
    42.933621218779));
#1883 = CARTESIAN_POINT('',(17.380173521319,54.87164073449,
    41.714277787438));
#1884 = CARTESIAN_POINT('',(17.432820909373,53.845083835545,
    40.431650449874));
#1885 = CARTESIAN_POINT('',(17.566085119041,53.563676094514,
    39.910346403117));
#1886 = CARTESIAN_POINT('',(17.735530244743,53.289773456562,
    39.377684926907));
#1887 = CARTESIAN_POINT('',(17.947216927882,53.021704584974,
    38.835224881901));
#1888 = CARTESIAN_POINT('',(18.209378310646,52.755836743705,
    38.286431941004));
#1889 = CARTESIAN_POINT('',(18.527019280543,52.487758549615,
    37.735887756507));
#1890 = CARTESIAN_POINT('',(18.908149944733,52.209509154494,
    37.191683859567));
#1891 = CARTESIAN_POINT('',(19.356691289465,51.907786851531,
    36.667899658375));
#1892 = CARTESIAN_POINT('',(19.859933899448,51.567054509871,
    36.182359845259));
#1893 = CARTESIAN_POINT('',(20.3885377645,51.177749987842,
    35.747933262586));
#1894 = CARTESIAN_POINT('',(21.440327418067,50.309063576585,
    34.979012360572));
#1895 = CARTESIAN_POINT('',(22.397262045985,49.289697325666,
    34.386459289027));
#1896 = CARTESIAN_POINT('',(22.831044781574,48.749858021684,
    34.128244167821));
#1897 = CARTESIAN_POINT('',(23.205220513845,48.19316547548,
    33.895360128624));
#1898 = CARTESIAN_POINT('',(23.520273085638,47.633146709829,
    33.67345103478));
#1899 = CARTESIAN_POINT('',(23.784505311926,47.078082227939,
    33.453012893685));
#1900 = CARTESIAN_POINT('',(24.006898673135,46.531041922235,
    33.230006929454));
#1901 = CARTESIAN_POINT('',(24.195008368146,45.993124603524,
    33.002631045425));
#1902 = CARTESIAN_POINT('',(24.35551599713,45.465210540674,
    32.769417883004));
#1903 = CARTESIAN_POINT('',(24.770769246184,43.909006709355,
    32.053640624397));
#1904 = CARTESIAN_POINT('',(25.02682815765,42.428795778996,
    31.293799125048));
#1905 = CARTESIAN_POINT('',(25.162296010303,41.46907506973,
    30.772338041944));
#1906 = CARTESIAN_POINT('',(25.280314122764,40.525514476476,
    30.247025010141));
#1907 = CARTESIAN_POINT('',(25.39003924091,39.589708687569,
    29.72718846861));
#1908 = CARTESIAN_POINT('',(25.496748409407,38.65612083758,
    29.219575803482));
#1909 = CARTESIAN_POINT('',(25.603925655173,37.720418115648,
    28.729894290619));
#1910 = CARTESIAN_POINT('',(25.713970622404,36.7784059844,
    28.263863959446));
#1911 = CARTESIAN_POINT('',(25.828425625912,35.826381031898,
    27.826821771964));
#1912 = CARTESIAN_POINT('',(25.948226875913,34.861932194197,
    27.422846283369));
#1913 = CARTESIAN_POINT('',(26.07409492428,33.882429809523,
    27.056301722911));
#1914 = CARTESIAN_POINT('',(26.303445993282,32.494002413236,
    26.824484633789));
#1915 = CARTESIAN_POINT('',(26.531562718905,31.063329183571,
    26.735259968616));
#1916 = CARTESIAN_POINT('',(26.735628375219,29.593582290064,
    26.793310733088));
#1917 = CARTESIAN_POINT('',(26.885791876576,28.085846424893,
    27.015607625523));
#1918 = CARTESIAN_POINT('',(26.931752733552,26.557415640225,
    27.351695117892));
#1919 = CARTESIAN_POINT('',(26.862338197367,24.993320817479,
    27.887611089874));
#1920 = CARTESIAN_POINT('',(26.495645866098,23.455492419599,
    28.404226012649));
#1921 = CARTESIAN_POINT('',(26.055335293994,21.948454139999,
    28.821495297413));
#1922 = CARTESIAN_POINT('',(25.544409603233,20.467708322515,
    29.155737984428));
#1923 = CARTESIAN_POINT('',(25.004474570031,19.008560448627,
    29.412568898342));
#1924 = CARTESIAN_POINT('',(24.443665354608,17.565670844115,
    29.610373729597));
#1925 = CARTESIAN_POINT('',(24.044698502929,15.395408985412,
    29.671817235871));
#1926 = CARTESIAN_POINT('',(23.487036125937,13.228625086874,
    29.788921026859));
#1927 = CARTESIAN_POINT('',(22.779960113032,11.089807877918,
    29.943410835228));
#1928 = CARTESIAN_POINT('',(21.936422240821,9.001471577743,
    30.11742579994));
#1929 = CARTESIAN_POINT('',(20.973591813392,6.982039515027,
    30.297933550467));
#1930 = CARTESIAN_POINT('',(19.903502134911,5.048178020853,
    30.478536835329));
#1931 = CARTESIAN_POINT('',(18.729629559802,3.217464315344,
    30.656210619921));
#1932 = CARTESIAN_POINT('',(17.450156029059,1.509645421859,
    30.826641207412));
#1933 = CARTESIAN_POINT('',(16.061909024289,-5.357542050103E-02,
    30.98290025985));
#1934 = CARTESIAN_POINT('',(14.560541775664,-1.449302813879,
    31.11817661476));
#1935 = CARTESIAN_POINT('',(12.942411323184,-2.653550011796,
    31.22420750521));
#1936 = CARTESIAN_POINT('',(12.348953238089,-3.147809771706,
    31.267335489993));
#1937 = CARTESIAN_POINT('',(11.735262185205,-3.612229005111,
    31.306602815882));
#1938 = CARTESIAN_POINT('',(11.102402629977,-4.048209341073,
    31.342138325304));
#1939 = CARTESIAN_POINT('',(10.451405634827,-4.45711363451,
    31.374061981618));
#1940 = CARTESIAN_POINT('',(9.783275521853,-4.840289264998,
    31.402491611557));
#1941 = CARTESIAN_POINT('',(9.098992042017,-5.199068166355,
    31.427544614207));
#1942 = CARTESIAN_POINT('',(8.399508050979,-5.534743587176,
    31.449334636518));
#1943 = CARTESIAN_POINT('',(7.68574269139,-5.848523582103,
    31.467963215363));
#1944 = CARTESIAN_POINT('',(6.958570081824,-6.141461234052,
    31.48350638612));
#1945 = CARTESIAN_POINT('',(5.848920227402,-6.550811793789,
    31.50224119364));
#1946 = CARTESIAN_POINT('',(4.712581330285,-6.91607011729,31.51402670792
    ));
#1947 = CARTESIAN_POINT('',(4.330929270786,-7.032986364471,
    31.517182121261));
#1948 = CARTESIAN_POINT('',(3.946485878809,-7.145075683401,
    31.519548257992));
#1949 = CARTESIAN_POINT('',(3.559324761269,-7.252314479716,
    31.521102457734));
#1950 = CARTESIAN_POINT('',(3.169512218729,-7.354646591272,
    31.521817573773));
#1951 = CARTESIAN_POINT('',(2.777103168761,-7.451964722117,
    31.52165718857));
#1952 = CARTESIAN_POINT('',(2.382132810829,-7.544072684479,
    31.520564055809));
#1953 = CARTESIAN_POINT('',(1.984604033277,-7.630628449132,
    31.518441769121));
#1954 = CARTESIAN_POINT('',(1.184337090402,-7.791507558453,
    31.511817545588));
#1955 = CARTESIAN_POINT('',(0.373185186447,-7.924396513194,
    31.499406765666));
#1956 = CARTESIAN_POINT('',(-3.523066547013E-02,-7.982965878507,
    31.491723754151));
#1957 = CARTESIAN_POINT('',(-0.446702943568,-8.032241124665,
    31.480679875368));
#1958 = CARTESIAN_POINT('',(-0.861499924903,-8.070891933424,
    31.469878188019));
#1959 = CARTESIAN_POINT('',(-1.280247263362,-8.095390034677,
    31.452319970003));
#1960 = CARTESIAN_POINT('',(-1.703606404597,-8.102588955253,
    31.430331243486));
#1961 = CARTESIAN_POINT('',(-2.132962036768,-8.086069140729,
    31.404999693396));
#1962 = CARTESIAN_POINT('',(-2.570925875588,-8.032948906753,
    31.359650043255));
#1963 = CARTESIAN_POINT('',(-3.133567415047,-7.901429013073,
    31.289427761405));
#1964 = CARTESIAN_POINT('',(-3.739538020494,-7.573938429267,
    31.093953452287));
#1965 = CARTESIAN_POINT('',(-3.862713479117,-7.499432599434,
    31.048724941676));
#1966 = CARTESIAN_POINT('',(-3.988140971462,-7.41463980502,
    30.996057856127));
#1967 = CARTESIAN_POINT('',(-4.116185726519,-7.317824263006,
    30.933983157557));
#1968 = CARTESIAN_POINT('',(-4.247266421489,-7.206977409099,
    30.859907903671));
#1969 = CARTESIAN_POINT('',(-4.381844750744,-7.079855768829,
    30.770475994693));
#1970 = CARTESIAN_POINT('',(-4.520467488607,-6.933757285764,
    30.660917324154));
#1971 = CARTESIAN_POINT('',(-4.663760975483,-6.765480575954,
    30.52392348628));
#1972 = CARTESIAN_POINT('',(-4.960551119997,-6.379462841233,
    30.172993473252));
#1973 = CARTESIAN_POINT('',(-5.275134868707,-5.902486723827,
    29.607222107877));
#1974 = CARTESIAN_POINT('',(-5.435929403668,-5.644523071223,
    29.255005762913));
#1975 = CARTESIAN_POINT('',(-5.600762641617,-5.363850331354,
    28.818846363034));
#1976 = CARTESIAN_POINT('',(-5.75731573289,-5.112392079715,
    28.255062501881));
#1977 = CARTESIAN_POINT('',(-5.916989805383,-4.842308748491,
    27.609204737993));
#1978 = CARTESIAN_POINT('',(-6.041651637276,-4.713291304309,
    26.726638555519));
#1979 = CARTESIAN_POINT('',(-6.121668825608,-4.783677529898,
    25.884301155094));
#1980 = CARTESIAN_POINT('',(-6.176065932651,-4.971000560692,
    25.110476605334));
#1981 = CARTESIAN_POINT('',(-6.252648284873,-5.499847850915,
    23.776696974743));
#1982 = CARTESIAN_POINT('',(-6.301263850865,-6.176276613738,
    22.874044657598));
#1983 = CARTESIAN_POINT('',(-6.327451191254,-6.512333007487,
    22.532715834684));
#1984 = CARTESIAN_POINT('',(-6.361186974777,-6.819682882723,
    22.274551590342));
#1985 = CARTESIAN_POINT('',(-6.402731750329,-7.095769302726,
    22.074387919142));
#1986 = CARTESIAN_POINT('',(-6.450972239744,-7.344609510326,
    21.916041268527));
#1987 = CARTESIAN_POINT('',(-6.505381004437,-7.567978007988,
    21.789534487942));
#1988 = CARTESIAN_POINT('',(-6.565360894609,-7.768082440471,
    21.687157406368));
#1989 = CARTESIAN_POINT('',(-6.629749150812,-7.94970645734,
    21.602585702453));
#1990 = CARTESIAN_POINT('',(-6.766473989563,-8.279433220145,
    21.461989264734));
#1991 = CARTESIAN_POINT('',(-6.916714826248,-8.551933158538,
    21.366056602347));
#1992 = CARTESIAN_POINT('',(-6.994659812422,-8.676159068758,
    21.326303882167));
#1993 = CARTESIAN_POINT('',(-7.074981232743,-8.79022513124,
    21.292741807218));
#1994 = CARTESIAN_POINT('',(-7.157317646301,-8.895648208594,
    21.263996203667));
#1995 = CARTESIAN_POINT('',(-7.241377138579,-8.993661224871,
    21.239116932402));
#1996 = CARTESIAN_POINT('',(-7.326922593864,-9.085268898144,
    21.217408949687));
#1997 = CARTESIAN_POINT('',(-7.413759406477,-9.171295795986,
    21.198319185662));
#1998 = CARTESIAN_POINT('',(-7.501725630788,-9.25242671344,
    21.181379240743));
#1999 = CARTESIAN_POINT('',(-7.946520327119,-9.636490015383,
    21.105502536316));
#2000 = CARTESIAN_POINT('',(-8.413222391568,-9.924988765933,
    21.067548471945));
#2001 = CARTESIAN_POINT('',(-8.793203897823,-10.12603316893,
    21.043893836734));
#2002 = CARTESIAN_POINT('',(-9.177540921579,-10.30690929077,
    21.025631745969));
#2003 = CARTESIAN_POINT('',(-9.564633209082,-10.47421140208,
    21.010503826103));
#2004 = CARTESIAN_POINT('',(-9.953312963375,-10.63264432426,
    20.99669064705));
#2005 = CARTESIAN_POINT('',(-10.34295471427,-10.78461392241,
    20.984178820311));
#2006 = CARTESIAN_POINT('',(-10.73309351322,-10.93181671906,
    20.972978224067));
#2007 = CARTESIAN_POINT('',(-11.1231769803,-11.07627935699,
    20.962092543593));
#2008 = CARTESIAN_POINT('',(-12.29242998859,-11.50408152409,
    20.93114403487));
#2009 = CARTESIAN_POINT('',(-13.45591892426,-11.92402639445,
    20.903553712696));
#2010 = CARTESIAN_POINT('',(-14.22669572611,-12.20781551113,
    20.885803356842));
#2011 = CARTESIAN_POINT('',(-14.99098179622,-12.49962090214,
    20.868491843278));
#2012 = CARTESIAN_POINT('',(-15.74747614926,-12.80227296272,
    20.851651234651));
#2013 = CARTESIAN_POINT('',(-16.49497250816,-13.11816473013,
    20.835349491589));
#2014 = CARTESIAN_POINT('',(-17.23228320611,-13.44957652065,
    20.819634854054));
#2015 = CARTESIAN_POINT('',(-17.95824336341,-13.79864947324,
    20.804561957714));
#2016 = CARTESIAN_POINT('',(-18.67173916281,-14.16725492241,
    20.790236523257));
#2017 = CARTESIAN_POINT('',(-19.37170404659,-14.55700652136,
    20.776815457712));
#2018 = CARTESIAN_POINT('',(-20.0570266589,-14.96966203742,
    20.764399205848));
#2019 = CARTESIAN_POINT('',(-20.88463686439,-15.45877002969,
    20.74955945334));
#2020 = CARTESIAN_POINT('',(-21.6894621858,-15.98212431881,
    20.736102053317));
#2021 = CARTESIAN_POINT('',(-22.47309026947,-16.53719195991,
    20.723960669712));
#2022 = CARTESIAN_POINT('',(-23.23673510499,-17.12181221933,
    20.713127092732));
#2023 = CARTESIAN_POINT('',(-23.98208582059,-17.73343188511,
    20.703512123917));
#2024 = CARTESIAN_POINT('',(-24.71069581853,-18.36964177544,
    20.695036035872));
#2025 = CARTESIAN_POINT('',(-25.42355365275,-19.02855045536,
    20.687692795643));
#2026 = CARTESIAN_POINT('',(-26.12138316945,-19.70850793677,
    20.681496125992));
#2027 = CARTESIAN_POINT('',(-26.80512654845,-20.40766890633,
    20.676379365077));
#2028 = CARTESIAN_POINT('',(-27.64243086585,-21.30416001101,
    20.671261371557));
#2029 = CARTESIAN_POINT('',(-28.44905479464,-22.23526370737,
    20.668725913215));
#2030 = CARTESIAN_POINT('',(-28.60908445293,-22.4229139166,
    20.668324353293));
#2031 = CARTESIAN_POINT('',(-28.76766782461,-22.61211299827,
    20.668052224201));
#2032 = CARTESIAN_POINT('',(-28.92462125127,-22.80300940398,
    20.667937391892));
#2033 = CARTESIAN_POINT('',(-29.07974211663,-22.99576852382,
    20.668004945521));
#2034 = CARTESIAN_POINT('',(-29.23278518132,-23.19059385264,
    20.668281411905));
#2035 = CARTESIAN_POINT('',(-29.38340171126,-23.3877814326,
    20.66880992823));
#2036 = CARTESIAN_POINT('',(-29.53104139928,-23.58780757272,
    20.66967637286));
#2037 = CARTESIAN_POINT('',(-29.74670492086,-23.89327098069,
    20.671731495155));
#2038 = CARTESIAN_POINT('',(-29.9505322696,-24.20964517629,20.675580369)
  );
#2039 = CARTESIAN_POINT('',(-30.01700166425,-24.31645481426,
    20.677086111194));
#2040 = CARTESIAN_POINT('',(-30.08174969341,-24.42483610985,
    20.678883227937));
#2041 = CARTESIAN_POINT('',(-30.14448046826,-24.53505169969,
    20.681053050859));
#2042 = CARTESIAN_POINT('',(-30.20485672328,-24.64740123238,
    20.683679339106));
#2043 = CARTESIAN_POINT('',(-30.26246941207,-24.76224855901,
    20.686860022192));
#2044 = CARTESIAN_POINT('',(-30.3167706969,-24.88008165381,
    20.690740999518));
#2045 = CARTESIAN_POINT('',(-30.36697033258,-25.0016052652,
    20.695571996538));
#2046 = CARTESIAN_POINT('',(-30.43435799989,-25.19099681287,
    20.70489071812));
#2047 = CARTESIAN_POINT('',(-30.48598023876,-25.39452869036,
    20.718922417395));
#2048 = CARTESIAN_POINT('',(-30.501222879,-25.46413408527,
    20.724202966837));
#2049 = CARTESIAN_POINT('',(-30.51422722486,-25.53574525241,
    20.73021876252));
#2050 = CARTESIAN_POINT('',(-30.52466978325,-25.60965121101,
    20.737128949053));
#2051 = CARTESIAN_POINT('',(-30.53217053418,-25.6861915303,
    20.745116863188));
#2052 = CARTESIAN_POINT('',(-30.53626932756,-25.76577742967,
    20.754409051969));
#2053 = CARTESIAN_POINT('',(-30.5363852329,-25.84892811169,
    20.765316331201));
#2054 = CARTESIAN_POINT('',(-30.53175884117,-25.93632232816,
    20.778296884686));
#2055 = CARTESIAN_POINT('',(-30.51099619787,-26.12140802979,
    20.809785922996));
#2056 = CARTESIAN_POINT('',(-30.46178323663,-26.33194218826,
    20.856452341111));
#2057 = CARTESIAN_POINT('',(-30.42877429832,-26.44472428143,
    20.884541672631));
#2058 = CARTESIAN_POINT('',(-30.38521836183,-26.5669381734,
    20.919267134971));
#2059 = CARTESIAN_POINT('',(-30.32960686805,-26.69993205089,
    20.961947158532));
#2060 = CARTESIAN_POINT('',(-30.25851339326,-26.84676835562,
    21.015854018095));
#2061 = CARTESIAN_POINT('',(-30.16741946584,-27.01148490724,
    21.086207285522));
#2062 = CARTESIAN_POINT('',(-30.05180047858,-27.1981238125,
    21.179537665077));
#2063 = CARTESIAN_POINT('',(-29.90422620526,-27.41332272345,
    21.30714217788));
#2064 = CARTESIAN_POINT('',(-29.61517036044,-27.79660844569,
    21.588327907722));
#2065 = CARTESIAN_POINT('',(-29.22470811331,-28.27041004711,
    22.114590733316));
#2066 = CARTESIAN_POINT('',(-29.08339822711,-28.43829640215,
    22.323094094064));
#2067 = CARTESIAN_POINT('',(-28.93131324459,-28.61578731044,
    22.573367331693));
#2068 = CARTESIAN_POINT('',(-28.77205752469,-28.79965206146,
    22.872207817671));
#2069 = CARTESIAN_POINT('',(-28.6095900921,-28.98633959432,
    23.230143416365));
#2070 = CARTESIAN_POINT('',(-28.45275890211,-29.16792356357,
    23.659097756653));
#2071 = CARTESIAN_POINT('',(-28.31998552838,-29.32791944433,
    24.161726825955));
#2072 = CARTESIAN_POINT('',(-28.23283798191,-29.44704256019,
    24.721871490453));
#2073 = CARTESIAN_POINT('',(-28.16654206823,-29.58860949414,
    25.892684632965));
#2074 = CARTESIAN_POINT('',(-28.31246235184,-29.54029182257,
    27.05010359703));
#2075 = CARTESIAN_POINT('',(-28.43749310883,-29.46956427349,
    27.596812087325));
#2076 = CARTESIAN_POINT('',(-28.60373247553,-29.36200978765,
    28.081933554568));
#2077 = CARTESIAN_POINT('',(-28.79031926056,-29.23630206839,
    28.494563376216));
#2078 = CARTESIAN_POINT('',(-28.98092917026,-29.10704313635,
    28.839980927349));
#2079 = CARTESIAN_POINT('',(-29.16825876843,-28.980759302,
    29.129516097313));
#2080 = CARTESIAN_POINT('',(-29.3489396821,-28.86045736746,
    29.372825634787));
#2081 = CARTESIAN_POINT('',(-29.51960716326,-28.74914280374,
    29.576961525432));
#2082 = CARTESIAN_POINT('',(-30.00120388328,-28.44247128536,
    30.09522688473));
#2083 = CARTESIAN_POINT('',(-30.39059730618,-28.21846312121,
    30.380670714264));
#2084 = CARTESIAN_POINT('',(-30.60936655138,-28.10569410103,
    30.51317137107));
#2085 = CARTESIAN_POINT('',(-30.79883312083,-28.01916761038,
    30.611611259222));
#2086 = CARTESIAN_POINT('',(-30.96564995299,-27.95292347538,
    30.686972004267));
#2087 = CARTESIAN_POINT('',(-31.11396007412,-27.90325028948,
    30.745740861678));
#2088 = CARTESIAN_POINT('',(-31.24784725248,-27.86649062999,
    30.792930919003));
#2089 = CARTESIAN_POINT('',(-31.37041920905,-27.83986161579,
    30.831740643641));
#2090 = CARTESIAN_POINT('',(-31.48311778728,-27.82207204897,
    30.863659046969));
#2091 = CARTESIAN_POINT('',(-31.79745975262,-27.78996864297,
    30.944180202588));
#2092 = CARTESIAN_POINT('',(-32.05138085594,-27.81195411011,
    30.988067819647));
#2093 = CARTESIAN_POINT('',(-32.20394685641,-27.84157171592,
    31.009574013511));
#2094 = CARTESIAN_POINT('',(-32.34465456466,-27.88180122717,
    31.026068649461));
#2095 = CARTESIAN_POINT('',(-32.47639896835,-27.93004969241,
    31.03892145888));
#2096 = CARTESIAN_POINT('',(-32.60127569211,-27.98443944971,
    31.049279191601));
#2097 = CARTESIAN_POINT('',(-32.72080333786,-28.04360930075,
    31.057951449633));
#2098 = CARTESIAN_POINT('',(-32.83598139312,-28.10666280928,
    31.065270187329));
#2099 = CARTESIAN_POINT('',(-32.94751510668,-28.17296690346,
    31.071386729118));
#2100 = CARTESIAN_POINT('',(-33.27325422229,-28.37977121076,
    31.08732122421));
#2101 = CARTESIAN_POINT('',(-33.57648199882,-28.60658717373,
    31.097080187202));
#2102 = CARTESIAN_POINT('',(-33.77237488891,-28.76332335071,
    31.102142721746));
#2103 = CARTESIAN_POINT('',(-33.9639364837,-28.92384386437,
    31.106307275797));
#2104 = CARTESIAN_POINT('',(-34.15224189348,-29.08717045082,
    31.109808547478));
#2105 = CARTESIAN_POINT('',(-34.33803497894,-29.25262124283,
    31.112798269822));
#2106 = CARTESIAN_POINT('',(-34.52193225175,-29.41962830095,
    31.115420079151));
#2107 = CARTESIAN_POINT('',(-34.70443651752,-29.58772541716,
    31.117795746605));
#2108 = CARTESIAN_POINT('',(-34.885887408,-29.75659239625,
    31.119987064756));
#2109 = CARTESIAN_POINT('',(-35.78883011752,-30.60384050994,
    31.130040146774));
#2110 = CARTESIAN_POINT('',(-36.6764184667,-31.45969487396,
    31.136865058751));
#2111 = CARTESIAN_POINT('',(-37.39029348926,-32.13664473809,
    31.142364437854));
#2112 = CARTESIAN_POINT('',(-38.11012607686,-32.80288596055,
    31.147616329075));
#2113 = CARTESIAN_POINT('',(-38.83931915615,-33.45431920535,
    31.152850219993));
#2114 = CARTESIAN_POINT('',(-39.58094398628,-34.08713279885,
    31.158268593479));
#2115 = CARTESIAN_POINT('',(-40.33659078011,-34.69882679485,
    31.16372566547));
#2116 = CARTESIAN_POINT('',(-41.1078830966,-35.2868524181,31.16912029356
    ));
#2117 = CARTESIAN_POINT('',(-41.89728960687,-35.8478804542,
    31.174594671379));
#2118 = CARTESIAN_POINT('',(-43.51506976849,-36.9111966561,
    31.185429492609));
#2119 = CARTESIAN_POINT('',(-45.2177435652,-37.84612610694,
    31.195949095484));
#2120 = CARTESIAN_POINT('',(-46.09196760461,-38.27883515167,
    31.201087876805));
#2121 = CARTESIAN_POINT('',(-46.99067889504,-38.67416499037,
    31.206059466385));
#2122 = CARTESIAN_POINT('',(-47.91541993555,-39.0295219143,
    31.210815442862));
#2123 = CARTESIAN_POINT('',(-48.86768679263,-39.34234391221,
    31.215306246166));
#2124 = CARTESIAN_POINT('',(-49.84894375422,-39.61010611257,
    31.219481826584));
#2125 = CARTESIAN_POINT('',(-50.86063976307,-39.83032581181,
    31.223291965276));
#2126 = CARTESIAN_POINT('',(-51.90422493999,-40.00056311924,
    31.226686399628));
#2127 = CARTESIAN_POINT('',(-52.9811655,-40.11841324312,31.229614886812)
  );
#2128 = CARTESIAN_POINT('',(-54.09295537107,-40.18148644773,
    31.232027338977));
#2129 = CARTESIAN_POINT('',(-55.04252448694,-40.2400524026,
    31.233931414879));
#2130 = CARTESIAN_POINT('',(-56.01708891034,-40.25909299353,
    31.235458943924));
#2131 = CARTESIAN_POINT('',(-57.00982398907,-40.23968275548,
    31.236638049316));
#2132 = CARTESIAN_POINT('',(-58.01383817242,-40.18283193596,
    31.237497143352));
#2133 = CARTESIAN_POINT('',(-59.02219066754,-40.08950822171,
    31.2380651361));
#2134 = CARTESIAN_POINT('',(-60.0279061,-39.96065156357,31.238371511354)
  );
#2135 = CARTESIAN_POINT('',(-61.02398618109,-39.79718210329,
    31.238446269953));
#2136 = CARTESIAN_POINT('',(-62.00341837851,-39.60000119763,
    31.238319740364));
#2137 = CARTESIAN_POINT('',(-62.95918159405,-39.36998554442,
    31.238022256623));
#2138 = CARTESIAN_POINT('',(-64.80931609632,-38.84596326927,
    31.2371451505));
#2139 = CARTESIAN_POINT('',(-66.50853402379,-38.19708767017,
    31.235819159832));
#2140 = CARTESIAN_POINT('',(-67.31339513668,-37.84223916517,
    31.235072920522));
#2141 = CARTESIAN_POINT('',(-68.06636536106,-37.45751891991,
    31.234271812293));
#2142 = CARTESIAN_POINT('',(-68.76061264073,-37.04401000553,
    31.233443224767));
#2143 = CARTESIAN_POINT('',(-69.38874873183,-36.60138495941,
    31.232613953549));
#2144 = CARTESIAN_POINT('',(-69.94346855233,-36.13032110708,
    31.231810690692));
#2145 = CARTESIAN_POINT('',(-70.41763814023,-35.63104958085,
    31.231059353026));
#2146 = CARTESIAN_POINT('',(-70.80246622367,-35.1011358018,
    31.230386870294));
#2147 = CARTESIAN_POINT('',(-71.08614143647,-34.54264107081,
    31.229827039716));
#2148 = CARTESIAN_POINT('',(-71.25961263737,-33.96059982112,
    31.229410771009));
#2149 = CARTESIAN_POINT('',(-71.36283177397,-33.61108907835,
    31.229201727398));
#2150 = CARTESIAN_POINT('',(-71.4264935291,-33.25388644371,
    31.22904014391));
#2151 = CARTESIAN_POINT('',(-71.45023704813,-32.88981165106,
    31.228922682693));
#2152 = CARTESIAN_POINT('',(-71.43403729622,-32.51989463976,
    31.228845663332));
#2153 = CARTESIAN_POINT('',(-71.37866609751,-32.14504553957,
    31.228804585333));
#2154 = CARTESIAN_POINT('',(-71.28507041153,-31.76539965708,
    31.228794786133));
#2155 = CARTESIAN_POINT('',(-71.15386311221,-31.38041040221,
    31.228811940824));
#2156 = CARTESIAN_POINT('',(-70.98525157382,-30.98940795363,
    31.228852092382));
#2157 = CARTESIAN_POINT('',(-70.77922520032,-30.59188720582,
    31.228911445818));
#2158 = CARTESIAN_POINT('',(-70.29214420664,-29.78258318384,
    31.229061086909));
#2159 = CARTESIAN_POINT('',(-69.65417998121,-28.94276938234,
    31.229257942328));
#2160 = CARTESIAN_POINT('',(-69.29727438433,-28.51472741615,
    31.229364506896));
#2161 = CARTESIAN_POINT('',(-68.90216510563,-28.07810767788,
    31.229475585804));
#2162 = CARTESIAN_POINT('',(-68.46854339778,-27.63252792117,
    31.229587560482));
#2163 = CARTESIAN_POINT('',(-67.99609910918,-27.17765670772,
    31.229696796303));
#2164 = CARTESIAN_POINT('',(-67.48453182745,-26.71320110131,
    31.229799637081));
#2165 = CARTESIAN_POINT('',(-66.93355184537,-26.23889425387,
    31.229892408413));
#2166 = CARTESIAN_POINT('',(-66.34287677348,-25.75448542792,
    31.229971424068));
#2167 = CARTESIAN_POINT('',(-65.71222962392,-25.25973500142,
    31.230032989777));
#2168 = CARTESIAN_POINT('',(-65.04134418954,-24.75441699946,
    31.230073398659));
#2169 = CARTESIAN_POINT('',(25.,66.290205865467,50.550503917067));
#2170 = CARTESIAN_POINT('',(24.455235014768,65.002604098114,
    50.047843879357));
#2171 = CARTESIAN_POINT('',(23.962984566151,63.743651631238,
    49.466447980777));
#2172 = CARTESIAN_POINT('',(23.520770266088,62.509026658896,
    48.81065012655));
#2173 = CARTESIAN_POINT('',(23.126752911727,61.295194585222,
    48.08441217418));
#2174 = CARTESIAN_POINT('',(22.779714014781,60.098671236291,
    47.292557416667));
#2175 = CARTESIAN_POINT('',(22.478986964398,58.91700512601,
    46.439865742337));
#2176 = CARTESIAN_POINT('',(22.224590795146,57.74793043576,
    45.531686567882));
#2177 = CARTESIAN_POINT('',(22.017461822527,56.588219905722,
    44.574740520185));
#2178 = CARTESIAN_POINT('',(21.860046765597,55.434273826856,
    43.576241426527));
#2179 = CARTESIAN_POINT('',(21.758615414086,54.282417767251,
    42.54337646654));
#2180 = CARTESIAN_POINT('',(21.730471401162,53.118247563791,
    41.493534338068));
#2181 = CARTESIAN_POINT('',(21.79805484663,52.703947172797,
    41.147091001024));
#2182 = CARTESIAN_POINT('',(21.882060025818,52.281937960885,
    40.804408904532));
#2183 = CARTESIAN_POINT('',(21.983317155726,51.849938815923,
    40.468127472968));
#2184 = CARTESIAN_POINT('',(22.102073413198,51.404557377375,
    40.142129872957));
#2185 = CARTESIAN_POINT('',(22.237135547971,50.943185168889,
    39.829642633025));
#2186 = CARTESIAN_POINT('',(22.385989279272,50.461479921092,
    39.53587074873));
#2187 = CARTESIAN_POINT('',(22.541603836273,49.955049374422,
    39.266533439692));
#2188 = CARTESIAN_POINT('',(22.690670800461,49.423932481497,
    39.023327491564));
#2189 = CARTESIAN_POINT('',(22.818701912366,48.874573285034,
    38.801371934065));
#2190 = CARTESIAN_POINT('',(23.020739523501,47.757826415599,
    38.382787422085));
#2191 = CARTESIAN_POINT('',(23.108730437541,46.637195731518,
    37.983687855131));
#2192 = CARTESIAN_POINT('',(23.122814837287,46.083977496651,
    37.781181812939));
#2193 = CARTESIAN_POINT('',(23.110976365071,45.545514085166,
    37.56779484648));
#2194 = CARTESIAN_POINT('',(23.081898750729,45.024913469607,
    37.339872281061));
#2195 = CARTESIAN_POINT('',(23.043318700927,44.521664347945,
    37.097566935114));
#2196 = CARTESIAN_POINT('',(22.999933028706,44.033773305647,
    36.842810515691));
#2197 = CARTESIAN_POINT('',(22.954784221769,43.559182239554,
    36.57772599373));
#2198 = CARTESIAN_POINT('',(22.91051178071,43.096033154575,
    36.304248457571));
#2199 = CARTESIAN_POINT('',(22.784012432589,41.735127052008,
    35.465000790736));
#2200 = CARTESIAN_POINT('',(22.68501164366,40.44562902502,
    34.585273223507));
#2201 = CARTESIAN_POINT('',(22.638420605695,39.604779211247,
    33.995320259974));
#2202 = CARTESIAN_POINT('',(22.610454242372,38.77402582166,
    33.412614033841));
#2203 = CARTESIAN_POINT('',(22.599286157167,37.947820098622,
    32.844572472519));
#2204 = CARTESIAN_POINT('',(22.603693696191,37.122454834709,
    32.296535926304));
#2205 = CARTESIAN_POINT('',(22.622656790534,36.29500462195,
    31.772841463381));
#2206 = CARTESIAN_POINT('',(22.654918891882,35.462791019957,
    31.27733529243));
#2207 = CARTESIAN_POINT('',(22.699287830453,34.623318429306,
    30.813341526151));
#2208 = CARTESIAN_POINT('',(22.755223674039,33.774316375937,
    30.383540728066));
#2209 = CARTESIAN_POINT('',(22.822029918773,32.913213834358,
    29.990646914084));
#2210 = CARTESIAN_POINT('',(22.812194990684,31.735461101831,
    29.5633316392));
#2211 = CARTESIAN_POINT('',(22.789080915663,30.511972516398,
    29.211695156996));
#2212 = CARTESIAN_POINT('',(22.736919239703,29.246451101279,
    28.929874340064));
#2213 = CARTESIAN_POINT('',(22.632256982803,27.943989246684,
    28.712478400847));
#2214 = CARTESIAN_POINT('',(22.475125270487,26.616162465307,
    28.526919788156));
#2215 = CARTESIAN_POINT('',(22.216260953427,25.264793927718,
    28.393443003892));
#2216 = CARTESIAN_POINT('',(21.893966444436,23.924816588075,
    28.177814991221));
#2217 = CARTESIAN_POINT('',(21.593240830941,22.582505020052,
    27.951944475456));
#2218 = CARTESIAN_POINT('',(21.299403111611,21.240865433287,
    27.721557093426));
#2219 = CARTESIAN_POINT('',(21.013008865441,19.898413444651,
    27.505408239118));
#2220 = CARTESIAN_POINT('',(20.720466667343,18.555523610536,
    27.311749979725));
#2221 = CARTESIAN_POINT('',(20.50078406665,16.534487737622,
    27.147058550655));
#2222 = CARTESIAN_POINT('',(20.149844130625,14.491279611675,
    27.033048472134));
#2223 = CARTESIAN_POINT('',(19.67313492108,12.452479905625,
    26.961857916897));
#2224 = CARTESIAN_POINT('',(19.077930195061,10.443328870356,
    26.926780682848));
#2225 = CARTESIAN_POINT('',(18.371693590794,8.48781012868,
    26.924150065006));
#2226 = CARTESIAN_POINT('',(17.558528476268,6.609448325252,
    26.950250781861));
#2227 = CARTESIAN_POINT('',(16.639971869043,4.832212384914,
    26.998912860735));
#2228 = CARTESIAN_POINT('',(15.618469925539,3.180111417904,
    27.061512351957));
#2229 = CARTESIAN_POINT('',(14.498813881992,1.674802543156,
    27.128588956339));
#2230 = CARTESIAN_POINT('',(13.28465901285,0.332799078867,
    27.191190114866));
#2231 = CARTESIAN_POINT('',(11.973995149447,-0.832326327288,
    27.240364823458));
#2232 = CARTESIAN_POINT('',(11.478417618431,-1.286700334165,
    27.277933293136));
#2233 = CARTESIAN_POINT('',(10.961374424828,-1.717617100104,
    27.312115769632));
#2234 = CARTESIAN_POINT('',(10.422895927172,-2.126404142765,
    27.342976301533));
#2235 = CARTESIAN_POINT('',(9.863148389681,-2.514172825924,
    27.370528322416));
#2236 = CARTESIAN_POINT('',(9.282455190129,-2.881896976433,
    27.39475954605));
#2237 = CARTESIAN_POINT('',(8.681304902246,-3.230474847143,
    27.415642966078));
#2238 = CARTESIAN_POINT('',(8.060346251953,-3.560774425942,
    27.433133960263));
#2239 = CARTESIAN_POINT('',(7.420369948349,-3.873662090697,
    27.447153499204));
#2240 = CARTESIAN_POINT('',(6.762277388458,-4.170014610343,
    27.457557459608));
#2241 = CARTESIAN_POINT('',(5.749415660678,-4.591064432655,
    27.467359333276));
#2242 = CARTESIAN_POINT('',(4.70016646728,-4.978846430128,
    27.467505711722));
#2243 = CARTESIAN_POINT('',(4.34649716078,-5.10451944218,27.466433146718
    ));
#2244 = CARTESIAN_POINT('',(3.989033289644,-5.226709022585,
    27.464164037076));
#2245 = CARTESIAN_POINT('',(3.627900913105,-5.345516528058,
    27.460607531846));
#2246 = CARTESIAN_POINT('',(3.26322633685,-5.461039745581,
    27.455657896417));
#2247 = CARTESIAN_POINT('',(2.895134995175,-5.57336980002,
    27.449185075754));
#2248 = CARTESIAN_POINT('',(2.523750016796,-5.682585673772,
    27.441015040436));
#2249 = CARTESIAN_POINT('',(2.149190474934,-5.788746338355,
    27.430899915464));
#2250 = CARTESIAN_POINT('',(1.393948167276,-5.995014657639,
    27.406055868266));
#2251 = CARTESIAN_POINT('',(0.626877202667,-6.189120127185,
    27.369880032301));
#2252 = CARTESIAN_POINT('',(0.240467111077,-6.283024888012,
    27.348495101413));
#2253 = CARTESIAN_POINT('',(-0.148584162213,-6.374302760936,
    27.32261754362));
#2254 = CARTESIAN_POINT('',(-0.540575618768,-6.461215501532,
    27.292556715743));
#2255 = CARTESIAN_POINT('',(-0.934891548693,-6.545851499721,
    27.254827411162));
#2256 = CARTESIAN_POINT('',(-1.331808274049,-6.626519353119,
    27.208603191224));
#2257 = CARTESIAN_POINT('',(-1.731663124925,-6.701163130125,
    27.151293865268));
#2258 = CARTESIAN_POINT('',(-2.13341435725,-6.77338694908,27.07273421059
    ));
#2259 = CARTESIAN_POINT('',(-2.640016515454,-6.850798354616,
    26.942473051826));
#2260 = CARTESIAN_POINT('',(-3.147686650964,-6.926576519641,
    26.692916638727));
#2261 = CARTESIAN_POINT('',(-3.249216265392,-6.941821862053,
    26.637420465146));
#2262 = CARTESIAN_POINT('',(-3.350682672583,-6.957357756773,
    26.575429545726));
#2263 = CARTESIAN_POINT('',(-3.451987419093,-6.97353865498,
    26.505656689303));
#2264 = CARTESIAN_POINT('',(-3.55298610222,-6.990905398906,
    26.426528576773));
#2265 = CARTESIAN_POINT('',(-3.653472619809,-7.010253443772,
    26.336165143545));
#2266 = CARTESIAN_POINT('',(-3.753127911899,-7.032843715222,
    26.23210774862));
#2267 = CARTESIAN_POINT('',(-3.851412264154,-7.06086003345,
    26.111000952322));
#2268 = CARTESIAN_POINT('',(-4.043358455996,-7.135567508114,
    25.826552914797));
#2269 = CARTESIAN_POINT('',(-4.219644372456,-7.275177528153,
    25.444836366039));
#2270 = CARTESIAN_POINT('',(-4.30216083633,-7.368598004156,
    25.226915961385));
#2271 = CARTESIAN_POINT('',(-4.377796215228,-7.490851752957,
    24.976612701981));
#2272 = CARTESIAN_POINT('',(-4.439401626049,-7.674139207789,
    24.704991468329));
#2273 = CARTESIAN_POINT('',(-4.494062548866,-7.886583973561,
    24.403274587693));
#2274 = CARTESIAN_POINT('',(-4.517823038209,-8.235669777664,
    24.100071121897));
#2275 = CARTESIAN_POINT('',(-4.534477198723,-8.621739511727,
    23.894921716648));
#2276 = CARTESIAN_POINT('',(-4.551337679402,-9.010772892582,
    23.759271380894));
#2277 = CARTESIAN_POINT('',(-4.597363116221,-9.741267958209,
    23.612610403795));
#2278 = CARTESIAN_POINT('',(-4.677198870226,-10.3318476931,
    23.645705995407));
#2279 = CARTESIAN_POINT('',(-4.727939502196,-10.58070617048,
    23.690682258532));
#2280 = CARTESIAN_POINT('',(-4.788347408556,-10.78715573575,
    23.74529033901));
#2281 = CARTESIAN_POINT('',(-4.856104073601,-10.96099286037,
    23.801685203182));
#2282 = CARTESIAN_POINT('',(-4.929404709905,-11.1100451968,
    23.857300274618));
#2283 = CARTESIAN_POINT('',(-5.007174845902,-11.23894995385,
    23.910245364449));
#2284 = CARTESIAN_POINT('',(-5.088537553818,-11.35151668605,
    23.959425756277));
#2285 = CARTESIAN_POINT('',(-5.172608821648,-11.4516721674,
    24.005245078835));
#2286 = CARTESIAN_POINT('',(-5.345284803416,-11.63103510809,
    24.089777943332));
#2287 = CARTESIAN_POINT('',(-5.52526376223,-11.77633563143,
    24.161071508826));
#2288 = CARTESIAN_POINT('',(-5.61666263796,-11.84231784672,
    24.193618002894));
#2289 = CARTESIAN_POINT('',(-5.709168475296,-11.90297955159,
    24.223338869098));
#2290 = CARTESIAN_POINT('',(-5.802561415519,-11.95930432,24.250530044659
    ));
#2291 = CARTESIAN_POINT('',(-5.896678715607,-12.01202249916,
    24.275476448904));
#2292 = CARTESIAN_POINT('',(-5.991395164809,-12.0616966199,
    24.298431242874));
#2293 = CARTESIAN_POINT('',(-6.086609378176,-12.10878148233,
    24.319606643033));
#2294 = CARTESIAN_POINT('',(-6.182235966936,-12.15365891668,
    24.33917628884));
#2295 = CARTESIAN_POINT('',(-6.662074061452,-12.36860042977,
    24.429740666761));
#2296 = CARTESIAN_POINT('',(-7.149103471477,-12.54228549305,
    24.487630898746));
#2297 = CARTESIAN_POINT('',(-7.539763816141,-12.67074407406,
    24.522023805371));
#2298 = CARTESIAN_POINT('',(-7.930688263065,-12.79197406908,
    24.548276191343));
#2299 = CARTESIAN_POINT('',(-8.321177316701,-12.90882009117,
    24.568604701892));
#2300 = CARTESIAN_POINT('',(-8.710678810735,-13.02343229054,
    24.584515736276));
#2301 = CARTESIAN_POINT('',(-9.098944245716,-13.13658635656,
    24.596991443649));
#2302 = CARTESIAN_POINT('',(-9.485766954906,-13.24885484184,
    24.606709367195));
#2303 = CARTESIAN_POINT('',(-9.870824304823,-13.36131631461,
    24.614222494382));
#2304 = CARTESIAN_POINT('',(-11.02029190552,-13.70001647183,
    24.631299995499));
#2305 = CARTESIAN_POINT('',(-12.15097975245,-14.04681438237,
    24.634798643534));
#2306 = CARTESIAN_POINT('',(-12.89504650801,-14.28484048604,
    24.633524123434));
#2307 = CARTESIAN_POINT('',(-13.62826580888,-14.53177731191,
    24.629869751246));
#2308 = CARTESIAN_POINT('',(-14.34963955118,-14.78920956464,
    24.624526337218));
#2309 = CARTESIAN_POINT('',(-15.05823650703,-15.05855903179,
    24.617998690796));
#2310 = CARTESIAN_POINT('',(-15.75318637196,-15.341203427,
    24.610732974298));
#2311 = CARTESIAN_POINT('',(-16.43370183899,-15.63847285632,
    24.603112600101));
#2312 = CARTESIAN_POINT('',(-17.09910534726,-15.9516182925,
    24.595414151033));
#2313 = CARTESIAN_POINT('',(-17.74883715205,-16.28184644093,
    24.587814802826));
#2314 = CARTESIAN_POINT('',(-18.38242136405,-16.63051538168,
    24.58054272815));
#2315 = CARTESIAN_POINT('',(-19.14492863137,-17.04766995897,
    24.56844981807));
#2316 = CARTESIAN_POINT('',(-19.892058392,-17.50015085104,
    24.557803494749));
#2317 = CARTESIAN_POINT('',(-20.62527346729,-17.9864573655,
    24.548586299456));
#2318 = CARTESIAN_POINT('',(-21.34574609946,-18.50502399456,
    24.541026063665));
#2319 = CARTESIAN_POINT('',(-22.05462000867,-19.05401027676,
    24.53506353041));
#2320 = CARTESIAN_POINT('',(-22.75295129176,-19.6314276831,
    24.530719793385));
#2321 = CARTESIAN_POINT('',(-23.44167298168,-20.23525588285,
    24.528354861616));
#2322 = CARTESIAN_POINT('',(-24.12169458443,-20.86342410405,
    24.528478971317));
#2323 = CARTESIAN_POINT('',(-24.79401440955,-21.51375666274,
    24.531448578718));
#2324 = CARTESIAN_POINT('',(-25.62585765647,-22.35181720264,
    24.539699457297));
#2325 = CARTESIAN_POINT('',(-26.44630546411,-23.21997017359,
    24.560431968695));
#2326 = CARTESIAN_POINT('',(-26.60993560788,-23.39478804437,
    24.565131334273));
#2327 = CARTESIAN_POINT('',(-26.77308752324,-23.57079043622,
    24.570490655843));
#2328 = CARTESIAN_POINT('',(-26.93573518902,-23.747981149,
    24.576636690285));
#2329 = CARTESIAN_POINT('',(-27.09784686641,-23.92636922852,
    24.583706290024));
#2330 = CARTESIAN_POINT('',(-27.25938008439,-24.10597345631,
    24.591861096226));
#2331 = CARTESIAN_POINT('',(-27.42027011808,-24.28683264035,
    24.601326493901));
#2332 = CARTESIAN_POINT('',(-27.58041195969,-24.46902170459,
    24.612454828811));
#2333 = CARTESIAN_POINT('',(-27.81924769368,-24.74449951673,
    24.632491915048));
#2334 = CARTESIAN_POINT('',(-28.05542008365,-25.02376056192,
    24.659555049653));
#2335 = CARTESIAN_POINT('',(-28.13381533727,-25.11729504102,
    24.669455305793));
#2336 = CARTESIAN_POINT('',(-28.21183886072,-25.21131291006,
    24.68039720933));
#2337 = CARTESIAN_POINT('',(-28.2894390912,-25.30585787419,
    24.692573879106));
#2338 = CARTESIAN_POINT('',(-28.36655413971,-25.40098287011,
    24.70620279661));
#2339 = CARTESIAN_POINT('',(-28.44310736149,-25.49675401244,
    24.721546379867));
#2340 = CARTESIAN_POINT('',(-28.51900011376,-25.59325703428,
    24.738959451476));
#2341 = CARTESIAN_POINT('',(-28.59410170101,-25.69060622184,
    24.758963600596));
#2342 = CARTESIAN_POINT('',(-28.70530391098,-25.83813065389,
    24.794040858289));
#2343 = CARTESIAN_POINT('',(-28.81379937981,-25.98837445097,
    24.839392682375));
#2344 = CARTESIAN_POINT('',(-28.84963217361,-26.03878576055,
    24.855795256244));
#2345 = CARTESIAN_POINT('',(-28.88510139095,-26.08955460936,
    24.873675481152));
#2346 = CARTESIAN_POINT('',(-28.92017105774,-26.14071272266,
    24.893261645925));
#2347 = CARTESIAN_POINT('',(-28.95479771682,-26.1922984897,
    24.914820922836));
#2348 = CARTESIAN_POINT('',(-28.98893014098,-26.24435720477,
    24.938677994746));
#2349 = CARTESIAN_POINT('',(-29.02251148264,-26.29693911578,
    24.96524936296));
#2350 = CARTESIAN_POINT('',(-29.05548385965,-26.35009527952,
    24.995093335734));
#2351 = CARTESIAN_POINT('',(-29.12010689551,-26.45764716966,
    25.062858059252));
#2352 = CARTESIAN_POINT('',(-29.18194070221,-26.56780406587,
    25.150994780613));
#2353 = CARTESIAN_POINT('',(-29.21212021705,-26.62356852858,
    25.201153511999));
#2354 = CARTESIAN_POINT('',(-29.24158496956,-26.67999708456,
    25.259136053466));
#2355 = CARTESIAN_POINT('',(-29.27034965088,-26.73707526902,
    25.326160732172));
#2356 = CARTESIAN_POINT('',(-29.2985357131,-26.79469182252,
    25.40506901063));
#2357 = CARTESIAN_POINT('',(-29.32659110588,-26.85244241989,
    25.499850426144));
#2358 = CARTESIAN_POINT('',(-29.35537945494,-26.90955043846,
    25.614849608465));
#2359 = CARTESIAN_POINT('',(-29.38650103764,-26.96457774067,
    25.75735462309));
#2360 = CARTESIAN_POINT('',(-29.44358816714,-27.03780151015,
    26.033985918681));
#2361 = CARTESIAN_POINT('',(-29.55146344357,-27.06554542546,
    26.434458765624));
#2362 = CARTESIAN_POINT('',(-29.59495762466,-27.06804531294,
    26.583215175589));
#2363 = CARTESIAN_POINT('',(-29.64885516971,-27.06122951187,
    26.749348588954));
#2364 = CARTESIAN_POINT('',(-29.71628794552,-27.04229568123,
    26.932616077508));
#2365 = CARTESIAN_POINT('',(-29.80167054437,-27.00729310913,
    27.133571875703));
#2366 = CARTESIAN_POINT('',(-29.91117508926,-26.95070033371,
    27.350342543957));
#2367 = CARTESIAN_POINT('',(-30.05059522329,-26.86734038856,
    27.573082322308));
#2368 = CARTESIAN_POINT('',(-30.22058038851,-26.7566437592,
    27.785096273839));
#2369 = CARTESIAN_POINT('',(-30.60564424471,-26.49494260979,
    28.160774141082));
#2370 = CARTESIAN_POINT('',(-31.04344725507,-26.18614630442,
    28.411228287621));
#2371 = CARTESIAN_POINT('',(-31.26614802698,-26.02837557989,
    28.498028974951));
#2372 = CARTESIAN_POINT('',(-31.48031168633,-25.87826948353,
    28.544694194986));
#2373 = CARTESIAN_POINT('',(-31.67686258745,-25.74393990653,
    28.560255826248));
#2374 = CARTESIAN_POINT('',(-31.85309572001,-25.62779807165,
    28.555485878484));
#2375 = CARTESIAN_POINT('',(-32.01065549757,-25.52836685848,
    28.537608918225));
#2376 = CARTESIAN_POINT('',(-32.15171088934,-25.44370204483,
    28.51114547606));
#2377 = CARTESIAN_POINT('',(-32.27760272582,-25.37260091915,
    28.479915410136));
#2378 = CARTESIAN_POINT('',(-32.61713118626,-25.19341319095,
    28.378405085796));
#2379 = CARTESIAN_POINT('',(-32.85774381259,-25.10267097471,
    28.267304270948));
#2380 = CARTESIAN_POINT('',(-32.9887717352,-25.06842911702,
    28.201139114959));
#2381 = CARTESIAN_POINT('',(-33.10107012607,-25.05091114008,
    28.142637440246));
#2382 = CARTESIAN_POINT('',(-33.19992206123,-25.04539090708,
    28.090931888851));
#2383 = CARTESIAN_POINT('',(-33.2885057461,-25.04902524413,
    28.045388173054));
#2384 = CARTESIAN_POINT('',(-33.36951423887,-25.05940532308,
    28.00501056409));
#2385 = CARTESIAN_POINT('',(-33.44480077702,-25.07487361163,
    27.968876035931));
#2386 = CARTESIAN_POINT('',(-33.51522692806,-25.09465937967,
    27.936557838537));
#2387 = CARTESIAN_POINT('',(-33.71523256795,-25.16401004126,
    27.849149774498));
#2388 = CARTESIAN_POINT('',(-33.88722101837,-25.25815134621,
    27.786602685824));
#2389 = CARTESIAN_POINT('',(-33.99486879179,-25.32706330612,
    27.752432494311));
#2390 = CARTESIAN_POINT('',(-34.09768456292,-25.40017631176,
    27.723743649757));
#2391 = CARTESIAN_POINT('',(-34.19688421268,-25.47640154196,
    27.699246071445));
#2392 = CARTESIAN_POINT('',(-34.29339789523,-25.5549054784,
    27.678047994535));
#2393 = CARTESIAN_POINT('',(-34.38789342505,-25.63508910969,
    27.6594979267));
#2394 = CARTESIAN_POINT('',(-34.48074711,-25.71661408379,27.643113779061
    ));
#2395 = CARTESIAN_POINT('',(-34.57219870518,-25.7992641162,
    27.628533648447));
#2396 = CARTESIAN_POINT('',(-34.8432891776,-26.04974110907,
    27.589343036256));
#2397 = CARTESIAN_POINT('',(-35.10604082913,-26.30648072713,
    27.56176869959));
#2398 = CARTESIAN_POINT('',(-35.27893982982,-26.47912266202,
    27.546764250459));
#2399 = CARTESIAN_POINT('',(-35.45027816427,-26.65259730755,
    27.53419335101));
#2400 = CARTESIAN_POINT('',(-35.62043577748,-26.82654839877,
    27.52351638005));
#2401 = CARTESIAN_POINT('',(-35.78967701344,-27.0007229227,
    27.514361319913));
#2402 = CARTESIAN_POINT('',(-35.95822922563,-27.1749008788,
    27.506426979585));
#2403 = CARTESIAN_POINT('',(-36.12628206528,-27.34889593969,
    27.499471482863));
#2404 = CARTESIAN_POINT('',(-36.29396206736,-27.52257818948,
    27.493330396131));
#2405 = CARTESIAN_POINT('',(-37.13083751156,-28.38903783045,
    27.466222765921));
#2406 = CARTESIAN_POINT('',(-37.96254910551,-29.24312247933,
    27.454235783744));
#2407 = CARTESIAN_POINT('',(-38.62992304132,-29.91265173146,
    27.447950443076));
#2408 = CARTESIAN_POINT('',(-39.30072220116,-30.5661098787,
    27.444535820419));
#2409 = CARTESIAN_POINT('',(-39.97683250404,-31.20078174165,
    27.442983062429));
#2410 = CARTESIAN_POINT('',(-40.66002414096,-31.81411772802,
    27.442467426162));
#2411 = CARTESIAN_POINT('',(-41.3515644558,-32.40412052992,
    27.442919314834));
#2412 = CARTESIAN_POINT('',(-42.05278877522,-32.96888859205,
    27.444259399414));
#2413 = CARTESIAN_POINT('',(-42.76544065285,-33.50637032523,
    27.445983236739));
#2414 = CARTESIAN_POINT('',(-44.21666602226,-34.52354655511,
    27.450279860451));
#2415 = CARTESIAN_POINT('',(-45.72729723054,-35.4184118118,
    27.455660684696));
#2416 = CARTESIAN_POINT('',(-46.49933707548,-35.83360399306,
    27.458506360452));
#2417 = CARTESIAN_POINT('',(-47.2901441209,-36.21496212686,
    27.461416130786));
#2418 = CARTESIAN_POINT('',(-48.1020450375,-36.56089795317,
    27.46431420488));
#2419 = CARTESIAN_POINT('',(-48.93766609069,-36.86972927326,
    27.467133576132));
#2420 = CARTESIAN_POINT('',(-49.79987575258,-37.13957244783,
    27.469811590643));
#2421 = CARTESIAN_POINT('',(-50.69167841968,-37.36825396512,
    27.472287195675));
#2422 = CARTESIAN_POINT('',(-51.6160836134,-37.55326837214,
    27.474499385381));
#2423 = CARTESIAN_POINT('',(-52.57597504058,-37.69180986183,
    27.476386361258));
#2424 = CARTESIAN_POINT('',(-53.5740038915,-37.78090480938,
    27.477884924656));
#2425 = CARTESIAN_POINT('',(-54.42658919614,-37.85834626896,
    27.481125578066));
#2426 = CARTESIAN_POINT('',(-55.31303403869,-37.89860109713,
    27.484129769882));
#2427 = CARTESIAN_POINT('',(-56.22404452654,-37.90207231543,
    27.486906013357));
#2428 = CARTESIAN_POINT('',(-57.15080443376,-37.86962730236,
    27.489458392437));
#2429 = CARTESIAN_POINT('',(-58.08482465378,-37.80241829681,
    27.491786740148));
#2430 = CARTESIAN_POINT('',(-59.01781606519,-37.70177560964,
    27.493887521364));
#2431 = CARTESIAN_POINT('',(-59.94158580991,-37.56917354432,
    27.495755419891));
#2432 = CARTESIAN_POINT('',(-60.84795698449,-37.40626902565,
    27.497385629941));
#2433 = CARTESIAN_POINT('',(-61.72871174381,-37.21501293737,
    27.498776851926));
#2434 = CARTESIAN_POINT('',(-63.42240389189,-36.78065539892,
    27.501093133331));
#2435 = CARTESIAN_POINT('',(-64.94695423611,-36.25526172956,
    27.502547160266));
#2436 = CARTESIAN_POINT('',(-65.65848332261,-35.97273845036,
    27.503074642446));
#2437 = CARTESIAN_POINT('',(-66.31134865387,-35.67597967817,
    27.503426702464));
#2438 = CARTESIAN_POINT('',(-66.89597883046,-35.36549824242,
    27.503634972592));
#2439 = CARTESIAN_POINT('',(-67.40494019492,-35.05508365402,
    27.503740942999));
#2440 = CARTESIAN_POINT('',(-67.83199717097,-34.74983551605,
    27.503783460066));
#2441 = CARTESIAN_POINT('',(-68.16863773924,-34.45839520925,
    27.503808680245));
#2442 = CARTESIAN_POINT('',(-68.41558572376,-34.21538284908,
    27.503863586105));
#2443 = CARTESIAN_POINT('',(-68.60791867225,-34.02252412706,
    27.503926434632));
#2444 = CARTESIAN_POINT('',(-68.76264079639,-33.85085485454,
    27.503987872169));
#2445 = CARTESIAN_POINT('',(-68.85522568661,-33.74777130711,
    27.503647103771));
#2446 = CARTESIAN_POINT('',(-68.9346724708,-33.64636156399,
    27.503334304819));
#2447 = CARTESIAN_POINT('',(-69.00389273319,-33.53801331915,
    27.503039175476));
#2448 = CARTESIAN_POINT('',(-69.06331238895,-33.4116835995,
    27.502754032616));
#2449 = CARTESIAN_POINT('',(-69.10629915612,-33.25586353043,
    27.502478763539));
#2450 = CARTESIAN_POINT('',(-69.12326499663,-33.065361325,27.50221643218
    ));
#2451 = CARTESIAN_POINT('',(-69.10620699655,-32.8414606483,
    27.501968643688));
#2452 = CARTESIAN_POINT('',(-69.05036782542,-32.58726397488,
    27.501734038658));
#2453 = CARTESIAN_POINT('',(-68.95316785244,-32.30487156129,
    27.501509463141));
#2454 = CARTESIAN_POINT('',(-68.67200257434,-31.6900808319,
    27.501073428055));
#2455 = CARTESIAN_POINT('',(-68.21377742773,-30.98485466382,
    27.500646106407));
#2456 = CARTESIAN_POINT('',(-67.93946175482,-30.61211738004,
    27.500430297507));
#2457 = CARTESIAN_POINT('',(-67.61979092932,-30.22133058209,
    27.500207455783));
#2458 = CARTESIAN_POINT('',(-67.25497066554,-29.81410527237,
    27.499972497758));
#2459 = CARTESIAN_POINT('',(-66.84531353511,-29.3916206017,
    27.499720335744));
#2460 = CARTESIAN_POINT('',(-66.39112028992,-28.9547084915,
    27.499445951344));
#2461 = CARTESIAN_POINT('',(-65.89264824732,-28.50395829343,
    27.499144391867));
#2462 = CARTESIAN_POINT('',(-65.35012156863,-28.03980873775,
    27.498810733718));
#2463 = CARTESIAN_POINT('',(-64.7637382603,-27.56259441692,
    27.498440056701));
#2464 = CARTESIAN_POINT('',(-64.13362872838,-27.07251405521,
    27.498027473269));
#2465 = DEFINITIONAL_REPRESENTATION('',(#2466),#2580);
#2466 = B_SPLINE_CURVE_WITH_KNOTS('',3,(#2467,#2468,#2469,#2470,#2471,
    #2472,#2473,#2474,#2475,#2476,#2477,#2478,#2479,#2480,#2481,#2482,
    #2483,#2484,#2485,#2486,#2487,#2488,#2489,#2490,#2491,#2492,#2493,
    #2494,#2495,#2496,#2497,#2498,#2499,#2500,#2501,#2502,#2503,#2504,
    #2505,#2506,#2507,#2508,#2509,#2510,#2511,#2512,#2513,#2514,#2515,
    #2516,#2517,#2518,#2519,#2520,#2521,#2522,#2523,#2524,#2525,#2526,
    #2527,#2528,#2529,#2530,#2531,#2532,#2533,#2534,#2535,#2536,#2537,
    #2538,#2539,#2540,#2541,#2542,#2543,#2544,#2545,#2546,#2547,#2548,
    #2549,#2550,#2551,#2552,#2553,#2554,#2555,#2556,#2557,#2558,#2559,
    #2560,#2561,#2562,#2563,#2564,#2565,#2566,#2567,#2568,#2569,#2570,
    #2571,#2572,#2573,#2574,#2575,#2576,#2577,#2578,#2579),
  .UNSPECIFIED.,.F.,.F.,(4,1,1,1,1,1,1,1,1,1,1,1,1,1,1,1,1,1,1,1,1,1,1,1
    ,1,1,1,1,1,1,1,1,1,1,1,1,1,1,1,1,1,1,1,1,1,1,1,1,1,1,1,1,1,1,1,1,1,1
    ,1,1,1,1,1,1,1,1,1,1,1,1,1,1,1,1,1,1,1,1,1,1,1,1,1,1,1,1,1,1,1,1,1,1
    ,1,1,1,1,1,1,1,1,1,1,1,1,1,1,1,1,1,1,4),(0.,2.890328759596E-02,
    5.780657519191E-02,8.670986278787E-02,0.115613150384,0.14451643798,
    0.173419725576,0.202323013172,0.231226300768,0.260129588364,
    0.28903287596,0.317936163556,0.346839451151,0.375742738747,
    0.404646026343,0.433549313939,0.462452601535,0.491355889131,
    0.520259176727,0.549162464323,0.578065751919,0.606969039515,
    0.635872327111,0.664775614707,0.693678902303,0.722582189899,
    0.751485477495,0.780388765091,0.809292052687,0.838195340283,
    0.867098627879,0.896001915475,0.924905203071,0.953808490667,
    0.982711778262,1.011615065858,1.040518353454,1.06942164105,
    1.098324928646,1.127228216242,1.156131503838,1.185034791434,
    1.21393807903,1.242841366626,1.271744654222,1.300647941818,
    1.329551229414,1.35845451701,1.387357804606,1.416261092202,
    1.445164379798,1.474067667394,1.50297095499,1.531874242586,
    1.560777530182,1.589680817778,1.618584105373,1.647487392969,
    1.676390680565,1.705293968161,1.734197255757,1.763100543353,
    1.792003830949,1.820907118545,1.849810406141,1.878713693737,
    1.907616981333,1.936520268929,1.965423556525,1.994326844121,
    2.023230131717,2.052133419313,2.081036706909,2.109939994505,
    2.138843282101,2.167746569697,2.196649857293,2.225553144889,
    2.254456432484,2.28335972008,2.312263007676,2.341166295272,
    2.370069582868,2.398972870464,2.42787615806,2.456779445656,
    2.485682733252,2.514586020848,2.543489308444,2.57239259604,
    2.601295883636,2.630199171232,2.659102458828,2.688005746424,
    2.71690903402,2.745812321616,2.774715609212,2.803618896808,
    2.832522184404,2.861425472,2.890328759596,2.919232047191,
    2.948135334787,2.977038622383,3.005941909979,3.034845197575,
    3.063748485171,3.092651772767,3.121555060363,3.150458347959,
    3.179361635555),.QUASI_UNIFORM_KNOTS.);
#2467 = CARTESIAN_POINT('',(7.514454263462,61.887399471508));
#2468 = CARTESIAN_POINT('',(7.502514223046,61.895173588118));
#2469 = CARTESIAN_POINT('',(7.478618367232,61.910296857072));
#2470 = CARTESIAN_POINT('',(7.442730885132,61.931659018977));
#2471 = CARTESIAN_POINT('',(7.406803157816,61.951649804386));
#2472 = CARTESIAN_POINT('',(7.370839245371,61.970223330162));
#2473 = CARTESIAN_POINT('',(7.33484376708,61.987335822595));
#2474 = CARTESIAN_POINT('',(7.298821830617,62.002946241977));
#2475 = CARTESIAN_POINT('',(7.262778960386,62.017016537171));
#2476 = CARTESIAN_POINT('',(7.226721261127,62.029511954995));
#2477 = CARTESIAN_POINT('',(7.190654527399,62.040401536081));
#2478 = CARTESIAN_POINT('',(7.154585916563,62.049657908719));
#2479 = CARTESIAN_POINT('',(7.118522482432,62.057258014679));
#2480 = CARTESIAN_POINT('',(7.082471203922,62.063183243118));
#2481 = CARTESIAN_POINT('',(7.046439101361,62.067419540747));
#2482 = CARTESIAN_POINT('',(7.010433549603,62.069957519063));
#2483 = CARTESIAN_POINT('',(6.974461756482,62.070792612857));
#2484 = CARTESIAN_POINT('',(6.93852972857,62.069925062855));
#2485 = CARTESIAN_POINT('',(6.902645341429,62.067359958308));
#2486 = CARTESIAN_POINT('',(6.866814936105,62.063107187132));
#2487 = CARTESIAN_POINT('',(6.831044326479,62.057181229751));
#2488 = CARTESIAN_POINT('',(6.795338707189,62.049600992444));
#2489 = CARTESIAN_POINT('',(6.759702903821,62.040389657019));
#2490 = CARTESIAN_POINT('',(6.724141315326,62.029574457589));
#2491 = CARTESIAN_POINT('',(6.688658698818,62.017186762772));
#2492 = CARTESIAN_POINT('',(6.653257794577,62.003261017776));
#2493 = CARTESIAN_POINT('',(6.617940032054,61.987834556227));
#2494 = CARTESIAN_POINT('',(6.582707108386,61.970947789909));
#2495 = CARTESIAN_POINT('',(6.547559701934,61.952643506377));
#2496 = CARTESIAN_POINT('',(6.512497916042,61.932966785241));
#2497 = CARTESIAN_POINT('',(6.477520939601,61.911964392783));
#2498 = CARTESIAN_POINT('',(6.442627358041,61.88968467763));
#2499 = CARTESIAN_POINT('',(6.407814832086,61.86617713681));
#2500 = CARTESIAN_POINT('',(6.373080762146,61.841492173253));
#2501 = CARTESIAN_POINT('',(6.338420426421,61.815681072568));
#2502 = CARTESIAN_POINT('',(6.303834191705,61.788795015794));
#2503 = CARTESIAN_POINT('',(6.269300884805,61.760887805614));
#2504 = CARTESIAN_POINT('',(6.234921814093,61.732000091338));
#2505 = CARTESIAN_POINT('',(6.200688332219,61.702182993347));
#2506 = CARTESIAN_POINT('',(6.166594437236,61.67148734959));
#2507 = CARTESIAN_POINT('',(6.132633124599,61.639963765434));
#2508 = CARTESIAN_POINT('',(6.09879739971,61.607662454502));
#2509 = CARTESIAN_POINT('',(6.065080027134,61.574633140849));
#2510 = CARTESIAN_POINT('',(6.031473629997,61.540924979886));
#2511 = CARTESIAN_POINT('',(5.997970685985,61.506586496365));
#2512 = CARTESIAN_POINT('',(5.964563639328,61.471665600033));
#2513 = CARTESIAN_POINT('',(5.931244809883,61.436209461574));
#2514 = CARTESIAN_POINT('',(5.898006802669,61.400264898715));
#2515 = CARTESIAN_POINT('',(5.864841716533,61.363877492347));
#2516 = CARTESIAN_POINT('',(5.831741808425,61.327092267479));
#2517 = CARTESIAN_POINT('',(5.798699423809,61.289953615487));
#2518 = CARTESIAN_POINT('',(5.765707002216,61.252505296916));
#2519 = CARTESIAN_POINT('',(5.732757063854,61.214790428087));
#2520 = CARTESIAN_POINT('',(5.699842195365,61.176851469146));
#2521 = CARTESIAN_POINT('',(5.666955055018,61.138730238082));
#2522 = CARTESIAN_POINT('',(5.634088296784,61.100467833359));
#2523 = CARTESIAN_POINT('',(5.601234793966,61.062104908613));
#2524 = CARTESIAN_POINT('',(5.568387771777,61.023681848647));
#2525 = CARTESIAN_POINT('',(5.53554027112,60.985238158283));
#2526 = CARTESIAN_POINT('',(5.502685658002,60.946813075819));
#2527 = CARTESIAN_POINT('',(5.469817472941,60.908445415723));
#2528 = CARTESIAN_POINT('',(5.436929456898,60.870173615438));
#2529 = CARTESIAN_POINT('',(5.404015532821,60.83203572912));
#2530 = CARTESIAN_POINT('',(5.371069805363,60.794069441065));
#2531 = CARTESIAN_POINT('',(5.338086548309,60.756312064353));
#2532 = CARTESIAN_POINT('',(5.305060237555,60.718800588756));
#2533 = CARTESIAN_POINT('',(5.271985427141,60.681571554782));
#2534 = CARTESIAN_POINT('',(5.238857253128,60.644661618414));
#2535 = CARTESIAN_POINT('',(5.205671078647,60.608107157103));
#2536 = CARTESIAN_POINT('',(5.172422387444,60.571944134621));
#2537 = CARTESIAN_POINT('',(5.139106942665,60.536208276093));
#2538 = CARTESIAN_POINT('',(5.105720807397,60.500935094095));
#2539 = CARTESIAN_POINT('',(5.072260121087,60.466159635868));
#2540 = CARTESIAN_POINT('',(5.038721617151,60.431916995004));
#2541 = CARTESIAN_POINT('',(5.005102275489,60.39824193399));
#2542 = CARTESIAN_POINT('',(4.971399328357,60.365168862941));
#2543 = CARTESIAN_POINT('',(4.937610280728,60.332731834503));
#2544 = CARTESIAN_POINT('',(4.903732947974,60.300964548181));
#2545 = CARTESIAN_POINT('',(4.869765447579,60.269900310502));
#2546 = CARTESIAN_POINT('',(4.835706391417,60.239572165607));
#2547 = CARTESIAN_POINT('',(4.801554258044,60.210012302332));
#2548 = CARTESIAN_POINT('',(4.767308422229,60.181252902631));
#2549 = CARTESIAN_POINT('',(4.732968499864,60.153325509821));
#2550 = CARTESIAN_POINT('',(4.698534319116,60.126260962976));
#2551 = CARTESIAN_POINT('',(4.664005983474,60.10008940255));
#2552 = CARTESIAN_POINT('',(4.629383931344,60.074840263757));
#2553 = CARTESIAN_POINT('',(4.594668960704,60.050542240354));
#2554 = CARTESIAN_POINT('',(4.559862434642,60.027223361717));
#2555 = CARTESIAN_POINT('',(4.524965605898,60.004910458593));
#2556 = CARTESIAN_POINT('',(4.489980352131,59.983629646749));
#2557 = CARTESIAN_POINT('',(4.454908717683,59.96340589625));
#2558 = CARTESIAN_POINT('',(4.419753020669,59.944263085559));
#2559 = CARTESIAN_POINT('',(4.384515968439,59.926224044571));
#2560 = CARTESIAN_POINT('',(4.349200424449,59.9093103108));
#2561 = CARTESIAN_POINT('',(4.313809520311,59.893542173757));
#2562 = CARTESIAN_POINT('',(4.278346713093,59.87893863007));
#2563 = CARTESIAN_POINT('',(4.242815040722,59.865517082691));
#2564 = CARTESIAN_POINT('',(4.207218770711,59.853293904914));
#2565 = CARTESIAN_POINT('',(4.171561965552,59.842283832931));
#2566 = CARTESIAN_POINT('',(4.135848674113,59.832500042126));
#2567 = CARTESIAN_POINT('',(4.100082998847,59.823954152256));
#2568 = CARTESIAN_POINT('',(4.064269204671,59.816656236504));
#2569 = CARTESIAN_POINT('',(4.028411801899,59.810614815138));
#2570 = CARTESIAN_POINT('',(3.992515700421,59.805836829749));
#2571 = CARTESIAN_POINT('',(3.956584419974,59.802327424042));
#2572 = CARTESIAN_POINT('',(3.920623220056,59.800090332238));
#2573 = CARTESIAN_POINT('',(3.884636667861,59.799127562504));
#2574 = CARTESIAN_POINT('',(3.848629216878,59.799439511197));
#2575 = CARTESIAN_POINT('',(3.812605174683,59.801024989591));
#2576 = CARTESIAN_POINT('',(3.776568842718,59.803881193297));
#2577 = CARTESIAN_POINT('',(3.74052457238,59.808003907679));
#2578 = CARTESIAN_POINT('',(3.716492837558,59.811592466679));
#2579 = CARTESIAN_POINT('',(3.704477170431,59.813595805863));
#2580 = ( GEOMETRIC_REPRESENTATION_CONTEXT(2) 
PARAMETRIC_REPRESENTATION_CONTEXT() REPRESENTATION_CONTEXT('2D SPACE',''
  ) );
#2581 = ADVANCED_FACE('',(#2582,#2630,#2665),#126,.T.);
#2582 = FACE_BOUND('',#2583,.T.);
#2583 = EDGE_LOOP('',(#2584,#2585,#2586,#2609));
#2584 = ORIENTED_EDGE('',*,*,#112,.F.);
#2585 = ORIENTED_EDGE('',*,*,#165,.T.);
#2586 = ORIENTED_EDGE('',*,*,#2587,.T.);
#2587 = EDGE_CURVE('',#166,#2588,#2590,.T.);
#2588 = VERTEX_POINT('',#2589);
#2589 = CARTESIAN_POINT('',(32.,23.,29.));
#2590 = SURFACE_CURVE('',#2591,(#2595,#2602),.PCURVE_S1.);
#2591 = LINE('',#2592,#2593);
#2592 = CARTESIAN_POINT('',(32.,13.,29.));
#2593 = VECTOR('',#2594,1.);
#2594 = DIRECTION('',(0.,1.,0.));
#2595 = PCURVE('',#126,#2596);
#2596 = DEFINITIONAL_REPRESENTATION('',(#2597),#2601);
#2597 = LINE('',#2598,#2599);
#2598 = CARTESIAN_POINT('',(20.,0.));
#2599 = VECTOR('',#2600,1.);
#2600 = DIRECTION('',(0.,1.));
#2601 = ( GEOMETRIC_REPRESENTATION_CONTEXT(2) 
PARAMETRIC_REPRESENTATION_CONTEXT() REPRESENTATION_CONTEXT('2D SPACE',''
  ) );
#2602 = PCURVE('',#204,#2603);
#2603 = DEFINITIONAL_REPRESENTATION('',(#2604),#2608);
#2604 = LINE('',#2605,#2606);
#2605 = CARTESIAN_POINT('',(5.,0.));
#2606 = VECTOR('',#2607,1.);
#2607 = DIRECTION('',(0.,-1.));
#2608 = ( GEOMETRIC_REPRESENTATION_CONTEXT(2) 
PARAMETRIC_REPRESENTATION_CONTEXT() REPRESENTATION_CONTEXT('2D SPACE',''
  ) );
#2609 = ORIENTED_EDGE('',*,*,#2610,.F.);
#2610 = EDGE_CURVE('',#85,#2588,#2611,.T.);
#2611 = SURFACE_CURVE('',#2612,(#2616,#2623),.PCURVE_S1.);
#2612 = LINE('',#2613,#2614);
#2613 = CARTESIAN_POINT('',(12.,23.,29.));
#2614 = VECTOR('',#2615,1.);
#2615 = DIRECTION('',(1.,0.,0.));
#2616 = PCURVE('',#126,#2617);
#2617 = DEFINITIONAL_REPRESENTATION('',(#2618),#2622);
#2618 = LINE('',#2619,#2620);
#2619 = CARTESIAN_POINT('',(0.,10.));
#2620 = VECTOR('',#2621,1.);
#2621 = DIRECTION('',(1.,0.));
#2622 = ( GEOMETRIC_REPRESENTATION_CONTEXT(2) 
PARAMETRIC_REPRESENTATION_CONTEXT() REPRESENTATION_CONTEXT('2D SPACE',''
  ) );
#2623 = PCURVE('',#100,#2624);
#2624 = DEFINITIONAL_REPRESENTATION('',(#2625),#2629);
#2625 = LINE('',#2626,#2627);
#2626 = CARTESIAN_POINT('',(5.,0.));
#2627 = VECTOR('',#2628,1.);
#2628 = DIRECTION('',(0.,1.));
#2629 = ( GEOMETRIC_REPRESENTATION_CONTEXT(2) 
PARAMETRIC_REPRESENTATION_CONTEXT() REPRESENTATION_CONTEXT('2D SPACE',''
  ) );
#2630 = FACE_BOUND('',#2631,.T.);
#2631 = EDGE_LOOP('',(#2632));
#2632 = ORIENTED_EDGE('',*,*,#2633,.T.);
#2633 = EDGE_CURVE('',#2634,#2634,#2636,.T.);
#2634 = VERTEX_POINT('',#2635);
#2635 = CARTESIAN_POINT('',(17.7,18.,29.));
#2636 = SURFACE_CURVE('',#2637,(#2642,#2653),.PCURVE_S1.);
#2637 = CIRCLE('',#2638,1.7);
#2638 = AXIS2_PLACEMENT_3D('',#2639,#2640,#2641);
#2639 = CARTESIAN_POINT('',(16.,18.,29.));
#2640 = DIRECTION('',(0.,0.,-1.));
#2641 = DIRECTION('',(1.,0.,0.));
#2642 = PCURVE('',#126,#2643);
#2643 = DEFINITIONAL_REPRESENTATION('',(#2644),#2652);
#2644 = ( BOUNDED_CURVE() B_SPLINE_CURVE(2,(#2645,#2646,#2647,#2648,
#2649,#2650,#2651),.UNSPECIFIED.,.T.,.F.) B_SPLINE_CURVE_WITH_KNOTS((1,2
    ,2,2,2,1),(-2.094395102393,0.,2.094395102393,4.188790204786,
6.28318530718,8.377580409573),.UNSPECIFIED.) CURVE() 
GEOMETRIC_REPRESENTATION_ITEM() RATIONAL_B_SPLINE_CURVE((1.,0.5,1.,0.5,
1.,0.5,1.)) REPRESENTATION_ITEM('') );
#2645 = CARTESIAN_POINT('',(5.7,5.));
#2646 = CARTESIAN_POINT('',(5.7,2.055513627133));
#2647 = CARTESIAN_POINT('',(3.15,3.527756813566));
#2648 = CARTESIAN_POINT('',(0.6,5.));
#2649 = CARTESIAN_POINT('',(3.15,6.472243186434));
#2650 = CARTESIAN_POINT('',(5.7,7.944486372867));
#2651 = CARTESIAN_POINT('',(5.7,5.));
#2652 = ( GEOMETRIC_REPRESENTATION_CONTEXT(2) 
PARAMETRIC_REPRESENTATION_CONTEXT() REPRESENTATION_CONTEXT('2D SPACE',''
  ) );
#2653 = PCURVE('',#2654,#2659);
#2654 = CYLINDRICAL_SURFACE('',#2655,1.7);
#2655 = AXIS2_PLACEMENT_3D('',#2656,#2657,#2658);
#2656 = CARTESIAN_POINT('',(16.,18.,23.));
#2657 = DIRECTION('',(-0.,-0.,-1.));
#2658 = DIRECTION('',(1.,0.,0.));
#2659 = DEFINITIONAL_REPRESENTATION('',(#2660),#2664);
#2660 = LINE('',#2661,#2662);
#2661 = CARTESIAN_POINT('',(-6.28318530718,-6.));
#2662 = VECTOR('',#2663,1.);
#2663 = DIRECTION('',(1.,-0.));
#2664 = ( GEOMETRIC_REPRESENTATION_CONTEXT(2) 
PARAMETRIC_REPRESENTATION_CONTEXT() REPRESENTATION_CONTEXT('2D SPACE',''
  ) );
#2665 = FACE_BOUND('',#2666,.T.);
#2666 = EDGE_LOOP('',(#2667));
#2667 = ORIENTED_EDGE('',*,*,#2668,.T.);
#2668 = EDGE_CURVE('',#2669,#2669,#2671,.T.);
#2669 = VERTEX_POINT('',#2670);
#2670 = CARTESIAN_POINT('',(29.7,18.,29.));
#2671 = SURFACE_CURVE('',#2672,(#2677,#2688),.PCURVE_S1.);
#2672 = CIRCLE('',#2673,1.7);
#2673 = AXIS2_PLACEMENT_3D('',#2674,#2675,#2676);
#2674 = CARTESIAN_POINT('',(28.,18.,29.));
#2675 = DIRECTION('',(0.,0.,-1.));
#2676 = DIRECTION('',(1.,0.,0.));
#2677 = PCURVE('',#126,#2678);
#2678 = DEFINITIONAL_REPRESENTATION('',(#2679),#2687);
#2679 = ( BOUNDED_CURVE() B_SPLINE_CURVE(2,(#2680,#2681,#2682,#2683,
#2684,#2685,#2686),.UNSPECIFIED.,.T.,.F.) B_SPLINE_CURVE_WITH_KNOTS((1,2
    ,2,2,2,1),(-2.094395102393,0.,2.094395102393,4.188790204786,
6.28318530718,8.377580409573),.UNSPECIFIED.) CURVE() 
GEOMETRIC_REPRESENTATION_ITEM() RATIONAL_B_SPLINE_CURVE((1.,0.5,1.,0.5,
1.,0.5,1.)) REPRESENTATION_ITEM('') );
#2680 = CARTESIAN_POINT('',(17.7,5.));
#2681 = CARTESIAN_POINT('',(17.7,2.055513627133));
#2682 = CARTESIAN_POINT('',(15.15,3.527756813566));
#2683 = CARTESIAN_POINT('',(12.6,5.));
#2684 = CARTESIAN_POINT('',(15.15,6.472243186434));
#2685 = CARTESIAN_POINT('',(17.7,7.944486372867));
#2686 = CARTESIAN_POINT('',(17.7,5.));
#2687 = ( GEOMETRIC_REPRESENTATION_CONTEXT(2) 
PARAMETRIC_REPRESENTATION_CONTEXT() REPRESENTATION_CONTEXT('2D SPACE',''
  ) );
#2688 = PCURVE('',#2689,#2694);
#2689 = CYLINDRICAL_SURFACE('',#2690,1.7);
#2690 = AXIS2_PLACEMENT_3D('',#2691,#2692,#2693);
#2691 = CARTESIAN_POINT('',(28.,18.,23.));
#2692 = DIRECTION('',(-0.,-0.,-1.));
#2693 = DIRECTION('',(1.,0.,0.));
#2694 = DEFINITIONAL_REPRESENTATION('',(#2695),#2699);
#2695 = LINE('',#2696,#2697);
#2696 = CARTESIAN_POINT('',(-6.28318530718,-6.));
#2697 = VECTOR('',#2698,1.);
#2698 = DIRECTION('',(1.,-0.));
#2699 = ( GEOMETRIC_REPRESENTATION_CONTEXT(2) 
PARAMETRIC_REPRESENTATION_CONTEXT() REPRESENTATION_CONTEXT('2D SPACE',''
  ) );
#2700 = ADVANCED_FACE('',(#2701),#100,.T.);
#2701 = FACE_BOUND('',#2702,.T.);
#2702 = EDGE_LOOP('',(#2703,#2726,#2727,#2728,#2751,#2774));
#2703 = ORIENTED_EDGE('',*,*,#2704,.F.);
#2704 = EDGE_CURVE('',#57,#2705,#2707,.T.);
#2705 = VERTEX_POINT('',#2706);
#2706 = CARTESIAN_POINT('',(19.690702956968,23.,24.));
#2707 = SURFACE_CURVE('',#2708,(#2712,#2719),.PCURVE_S1.);
#2708 = LINE('',#2709,#2710);
#2709 = CARTESIAN_POINT('',(12.,23.,24.));
#2710 = VECTOR('',#2711,1.);
#2711 = DIRECTION('',(1.,0.,0.));
#2712 = PCURVE('',#100,#2713);
#2713 = DEFINITIONAL_REPRESENTATION('',(#2714),#2718);
#2714 = LINE('',#2715,#2716);
#2715 = CARTESIAN_POINT('',(0.,0.));
#2716 = VECTOR('',#2717,1.);
#2717 = DIRECTION('',(0.,1.));
#2718 = ( GEOMETRIC_REPRESENTATION_CONTEXT(2) 
PARAMETRIC_REPRESENTATION_CONTEXT() REPRESENTATION_CONTEXT('2D SPACE',''
  ) );
#2719 = PCURVE('',#72,#2720);
#2720 = DEFINITIONAL_REPRESENTATION('',(#2721),#2725);
#2721 = LINE('',#2722,#2723);
#2722 = CARTESIAN_POINT('',(0.,10.));
#2723 = VECTOR('',#2724,1.);
#2724 = DIRECTION('',(1.,0.));
#2725 = ( GEOMETRIC_REPRESENTATION_CONTEXT(2) 
PARAMETRIC_REPRESENTATION_CONTEXT() REPRESENTATION_CONTEXT('2D SPACE',''
  ) );
#2726 = ORIENTED_EDGE('',*,*,#84,.T.);
#2727 = ORIENTED_EDGE('',*,*,#2610,.T.);
#2728 = ORIENTED_EDGE('',*,*,#2729,.F.);
#2729 = EDGE_CURVE('',#2730,#2588,#2732,.T.);
#2730 = VERTEX_POINT('',#2731);
#2731 = CARTESIAN_POINT('',(32.,23.,24.));
#2732 = SURFACE_CURVE('',#2733,(#2737,#2744),.PCURVE_S1.);
#2733 = LINE('',#2734,#2735);
#2734 = CARTESIAN_POINT('',(32.,23.,24.));
#2735 = VECTOR('',#2736,1.);
#2736 = DIRECTION('',(0.,0.,1.));
#2737 = PCURVE('',#100,#2738);
#2738 = DEFINITIONAL_REPRESENTATION('',(#2739),#2743);
#2739 = LINE('',#2740,#2741);
#2740 = CARTESIAN_POINT('',(0.,20.));
#2741 = VECTOR('',#2742,1.);
#2742 = DIRECTION('',(1.,0.));
#2743 = ( GEOMETRIC_REPRESENTATION_CONTEXT(2) 
PARAMETRIC_REPRESENTATION_CONTEXT() REPRESENTATION_CONTEXT('2D SPACE',''
  ) );
#2744 = PCURVE('',#204,#2745);
#2745 = DEFINITIONAL_REPRESENTATION('',(#2746),#2750);
#2746 = LINE('',#2747,#2748);
#2747 = CARTESIAN_POINT('',(0.,-10.));
#2748 = VECTOR('',#2749,1.);
#2749 = DIRECTION('',(1.,0.));
#2750 = ( GEOMETRIC_REPRESENTATION_CONTEXT(2) 
PARAMETRIC_REPRESENTATION_CONTEXT() REPRESENTATION_CONTEXT('2D SPACE',''
  ) );
#2751 = ORIENTED_EDGE('',*,*,#2752,.F.);
#2752 = EDGE_CURVE('',#2753,#2730,#2755,.T.);
#2753 = VERTEX_POINT('',#2754);
#2754 = CARTESIAN_POINT('',(24.260084482128,23.,24.));
#2755 = SURFACE_CURVE('',#2756,(#2760,#2767),.PCURVE_S1.);
#2756 = LINE('',#2757,#2758);
#2757 = CARTESIAN_POINT('',(12.,23.,24.));
#2758 = VECTOR('',#2759,1.);
#2759 = DIRECTION('',(1.,0.,0.));
#2760 = PCURVE('',#100,#2761);
#2761 = DEFINITIONAL_REPRESENTATION('',(#2762),#2766);
#2762 = LINE('',#2763,#2764);
#2763 = CARTESIAN_POINT('',(0.,0.));
#2764 = VECTOR('',#2765,1.);
#2765 = DIRECTION('',(0.,1.));
#2766 = ( GEOMETRIC_REPRESENTATION_CONTEXT(2) 
PARAMETRIC_REPRESENTATION_CONTEXT() REPRESENTATION_CONTEXT('2D SPACE',''
  ) );
#2767 = PCURVE('',#232,#2768);
#2768 = DEFINITIONAL_REPRESENTATION('',(#2769),#2773);
#2769 = LINE('',#2770,#2771);
#2770 = CARTESIAN_POINT('',(0.,10.));
#2771 = VECTOR('',#2772,1.);
#2772 = DIRECTION('',(1.,0.));
#2773 = ( GEOMETRIC_REPRESENTATION_CONTEXT(2) 
PARAMETRIC_REPRESENTATION_CONTEXT() REPRESENTATION_CONTEXT('2D SPACE',''
  ) );
#2774 = ORIENTED_EDGE('',*,*,#2775,.T.);
#2775 = EDGE_CURVE('',#2753,#2705,#2776,.T.);
#2776 = SURFACE_CURVE('',#2777,(#2860,#2946),.PCURVE_S1.);
#2777 = B_SPLINE_CURVE_WITH_KNOTS('',6,(#2778,#2779,#2780,#2781,#2782,
    #2783,#2784,#2785,#2786,#2787,#2788,#2789,#2790,#2791,#2792,#2793,
    #2794,#2795,#2796,#2797,#2798,#2799,#2800,#2801,#2802,#2803,#2804,
    #2805,#2806,#2807,#2808,#2809,#2810,#2811,#2812,#2813,#2814,#2815,
    #2816,#2817,#2818,#2819,#2820,#2821,#2822,#2823,#2824,#2825,#2826,
    #2827,#2828,#2829,#2830,#2831,#2832,#2833,#2834,#2835,#2836,#2837,
    #2838,#2839,#2840,#2841,#2842,#2843,#2844,#2845,#2846,#2847,#2848,
    #2849,#2850,#2851,#2852,#2853,#2854,#2855,#2856,#2857,#2858,#2859),
  .UNSPECIFIED.,.F.,.F.,(7,5,5,5,5,5,5,5,5,5,5,5,5,5,5,5,7),(0.,
    0.246831056246,0.363557698119,0.434915677529,0.483517678577,
    0.595251386193,0.724520477137,0.779162638132,0.862534170601,1.,
    1.102571080153,1.165677328326,1.305972555975,1.451932644235,
    1.516403323169,1.619041278383,1.87497927896),.UNSPECIFIED.);
#2778 = CARTESIAN_POINT('',(24.260084482128,23.,24.));
#2779 = CARTESIAN_POINT('',(24.391580002547,23.,24.210182836723));
#2780 = CARTESIAN_POINT('',(24.500475482822,23.,24.434648440166));
#2781 = CARTESIAN_POINT('',(24.584622925908,23.,24.670291456941));
#2782 = CARTESIAN_POINT('',(24.642498117967,23.,24.913700807794));
#2783 = CARTESIAN_POINT('',(24.67308493063,23.,25.16121461528));
#2784 = CARTESIAN_POINT('',(24.677588252838,23.,25.52600718627));
#2785 = CARTESIAN_POINT('',(24.672877688817,23.,25.643174218565));
#2786 = CARTESIAN_POINT('',(24.661984153905,23.,25.759973987294));
#2787 = CARTESIAN_POINT('',(24.644917277671,23.,25.875993721028));
#2788 = CARTESIAN_POINT('',(24.621724816085,23.,25.990820136528));
#2789 = CARTESIAN_POINT('',(24.574625442623,23.,26.173255037584));
#2790 = CARTESIAN_POINT('',(24.55449974848,23.,26.241869985644));
#2791 = CARTESIAN_POINT('',(24.532137482238,23.,26.309791360074));
#2792 = CARTESIAN_POINT('',(24.507564061039,23.,26.37692645564));
#2793 = CARTESIAN_POINT('',(24.480810367392,23.,26.443183868178));
#2794 = CARTESIAN_POINT('',(24.432230548487,23.,26.552942333503));
#2795 = CARTESIAN_POINT('',(24.411553765705,23.,26.596962307867));
#2796 = CARTESIAN_POINT('',(24.389893887477,23.,26.640505000566));
#2797 = CARTESIAN_POINT('',(24.367263544901,23.,26.683542477629));
#2798 = CARTESIAN_POINT('',(24.34367651352,23.,26.726047288233));
#2799 = CARTESIAN_POINT('',(24.262757158813,23.,26.864422446635));
#2800 = CARTESIAN_POINT('',(24.201388310117,23.,26.957896037949));
#2801 = CARTESIAN_POINT('',(24.135223951004,23.,27.048083467164));
#2802 = CARTESIAN_POINT('',(24.064475662144,23.,27.134674923443));
#2803 = CARTESIAN_POINT('',(23.989383755281,23.,27.217381586746));
#2804 = CARTESIAN_POINT('',(23.818626335712,23.,27.386820088482));
#2805 = CARTESIAN_POINT('',(23.721577938262,23.,27.472150021183));
#2806 = CARTESIAN_POINT('',(23.619490037002,23.,27.5515123776));
#2807 = CARTESIAN_POINT('',(23.512818346983,23.,27.624546127232));
#2808 = CARTESIAN_POINT('',(23.402054238888,23.,27.690943693143));
#2809 = CARTESIAN_POINT('',(23.239394657919,23.,27.775605300802));
#2810 = CARTESIAN_POINT('',(23.190428679118,23.,27.79952848405));
#2811 = CARTESIAN_POINT('',(23.140864069927,23.,27.822201966633));
#2812 = CARTESIAN_POINT('',(23.090740770185,23.,27.843608715045));
#2813 = CARTESIAN_POINT('',(23.040099354816,23.,27.863733602931));
#2814 = CARTESIAN_POINT('',(22.910986081175,23.,27.911293423474));
#2815 = CARTESIAN_POINT('',(22.831880486957,23.,27.937008557546));
#2816 = CARTESIAN_POINT('',(22.751811005751,23.,27.959661917066));
#2817 = CARTESIAN_POINT('',(22.670925772428,23.,27.979217092254));
#2818 = CARTESIAN_POINT('',(22.589374302141,23.,27.995648159792));
#2819 = CARTESIAN_POINT('',(22.371992928883,23.,28.030855199811));
#2820 = CARTESIAN_POINT('',(22.235273666779,23.,28.04423559267));
#2821 = CARTESIAN_POINT('',(22.097828623882,23.,28.049010839121));
#2822 = CARTESIAN_POINT('',(21.960327403457,23.,28.045188331047));
#2823 = CARTESIAN_POINT('',(21.823428400426,23.,28.03284761473));
#2824 = CARTESIAN_POINT('',(21.586559610774,23.,27.996680368028));
#2825 = CARTESIAN_POINT('',(21.485987899921,23.,27.976556996493));
#2826 = CARTESIAN_POINT('',(21.386329338698,23.,27.951818409462));
#2827 = CARTESIAN_POINT('',(21.287843689961,23.,27.922536965613));
#2828 = CARTESIAN_POINT('',(21.190782917793,23.,27.888803989314));
#2829 = CARTESIAN_POINT('',(21.036701991705,23.,27.827304833588));
#2830 = CARTESIAN_POINT('',(20.978644308768,23.,27.802236426486));
#2831 = CARTESIAN_POINT('',(20.921274786163,23.,27.775550053362));
#2832 = CARTESIAN_POINT('',(20.864648627843,23.,27.747273546334));
#2833 = CARTESIAN_POINT('',(20.808819594241,23.,27.717437065592));
#2834 = CARTESIAN_POINT('',(20.631611623995,23.,27.616346013633));
#2835 = CARTESIAN_POINT('',(20.513580181041,23.,27.539068365729));
#2836 = CARTESIAN_POINT('',(20.400322521505,23.,27.45459823326));
#2837 = CARTESIAN_POINT('',(20.29237358579,23.,27.363343460011));
#2838 = CARTESIAN_POINT('',(20.190226933661,23.,27.265758956224));
#2839 = CARTESIAN_POINT('',(19.994571681821,23.,27.054753337612));
#2840 = CARTESIAN_POINT('',(19.901575769803,23.,26.940848959592));
#2841 = CARTESIAN_POINT('',(19.815856767792,23.,26.821193934295));
#2842 = CARTESIAN_POINT('',(19.737868004889,23.,26.696394362728));
#2843 = CARTESIAN_POINT('',(19.668004948427,23.,26.567098453689));
#2844 = CARTESIAN_POINT('',(19.579482068094,23.,26.375203971193));
#2845 = CARTESIAN_POINT('',(19.554011489463,23.,26.315669276903));
#2846 = CARTESIAN_POINT('',(19.530220328918,23.,26.255450725027));
#2847 = CARTESIAN_POINT('',(19.508134856024,23.,26.194608758326));
#2848 = CARTESIAN_POINT('',(19.487778790729,23.,26.1332050545));
#2849 = CARTESIAN_POINT('',(19.43955318441,23.,25.972753092037));
#2850 = CARTESIAN_POINT('',(19.414369468825,23.,25.872938645783));
#2851 = CARTESIAN_POINT('',(19.393708206483,23.,25.772114000533));
#2852 = CARTESIAN_POINT('',(19.377636832816,23.,25.670539265533));
#2853 = CARTESIAN_POINT('',(19.366204168811,23.,25.568479846175));
#2854 = CARTESIAN_POINT('',(19.342574339791,23.,25.211177492826));
#2855 = CARTESIAN_POINT('',(19.354732535418,23.,24.954730803696));
#2856 = CARTESIAN_POINT('',(19.39641849565,23.,24.701219543827));
#2857 = CARTESIAN_POINT('',(19.4672213927,23.,24.454876602216));
#2858 = CARTESIAN_POINT('',(19.566039138894,23.,24.219837933893));
#2859 = CARTESIAN_POINT('',(19.690702956968,23.,24.));
#2860 = PCURVE('',#100,#2861);
#2861 = DEFINITIONAL_REPRESENTATION('',(#2862),#2945);
#2862 = B_SPLINE_CURVE_WITH_KNOTS('',6,(#2863,#2864,#2865,#2866,#2867,
    #2868,#2869,#2870,#2871,#2872,#2873,#2874,#2875,#2876,#2877,#2878,
    #2879,#2880,#2881,#2882,#2883,#2884,#2885,#2886,#2887,#2888,#2889,
    #2890,#2891,#2892,#2893,#2894,#2895,#2896,#2897,#2898,#2899,#2900,
    #2901,#2902,#2903,#2904,#2905,#2906,#2907,#2908,#2909,#2910,#2911,
    #2912,#2913,#2914,#2915,#2916,#2917,#2918,#2919,#2920,#2921,#2922,
    #2923,#2924,#2925,#2926,#2927,#2928,#2929,#2930,#2931,#2932,#2933,
    #2934,#2935,#2936,#2937,#2938,#2939,#2940,#2941,#2942,#2943,#2944),
  .UNSPECIFIED.,.F.,.F.,(7,5,5,5,5,5,5,5,5,5,5,5,5,5,5,5,7),(0.,
    0.246831056246,0.363557698119,0.434915677529,0.483517678577,
    0.595251386193,0.724520477137,0.779162638132,0.862534170601,1.,
    1.102571080153,1.165677328326,1.305972555975,1.451932644235,
    1.516403323169,1.619041278383,1.87497927896),.UNSPECIFIED.);
#2863 = CARTESIAN_POINT('',(0.,12.260084482128));
#2864 = CARTESIAN_POINT('',(0.210182836723,12.391580002547));
#2865 = CARTESIAN_POINT('',(0.434648440166,12.500475482822));
#2866 = CARTESIAN_POINT('',(0.670291456941,12.584622925908));
#2867 = CARTESIAN_POINT('',(0.913700807794,12.642498117967));
#2868 = CARTESIAN_POINT('',(1.16121461528,12.67308493063));
#2869 = CARTESIAN_POINT('',(1.52600718627,12.677588252838));
#2870 = CARTESIAN_POINT('',(1.643174218565,12.672877688817));
#2871 = CARTESIAN_POINT('',(1.759973987294,12.661984153905));
#2872 = CARTESIAN_POINT('',(1.875993721028,12.644917277671));
#2873 = CARTESIAN_POINT('',(1.990820136528,12.621724816085));
#2874 = CARTESIAN_POINT('',(2.173255037584,12.574625442623));
#2875 = CARTESIAN_POINT('',(2.241869985644,12.55449974848));
#2876 = CARTESIAN_POINT('',(2.309791360074,12.532137482238));
#2877 = CARTESIAN_POINT('',(2.37692645564,12.507564061039));
#2878 = CARTESIAN_POINT('',(2.443183868178,12.480810367392));
#2879 = CARTESIAN_POINT('',(2.552942333503,12.432230548487));
#2880 = CARTESIAN_POINT('',(2.596962307867,12.411553765705));
#2881 = CARTESIAN_POINT('',(2.640505000566,12.389893887477));
#2882 = CARTESIAN_POINT('',(2.683542477629,12.367263544901));
#2883 = CARTESIAN_POINT('',(2.726047288233,12.34367651352));
#2884 = CARTESIAN_POINT('',(2.864422446635,12.262757158813));
#2885 = CARTESIAN_POINT('',(2.957896037949,12.201388310117));
#2886 = CARTESIAN_POINT('',(3.048083467164,12.135223951004));
#2887 = CARTESIAN_POINT('',(3.134674923443,12.064475662144));
#2888 = CARTESIAN_POINT('',(3.217381586746,11.989383755281));
#2889 = CARTESIAN_POINT('',(3.386820088482,11.818626335712));
#2890 = CARTESIAN_POINT('',(3.472150021183,11.721577938262));
#2891 = CARTESIAN_POINT('',(3.5515123776,11.619490037002));
#2892 = CARTESIAN_POINT('',(3.624546127232,11.512818346983));
#2893 = CARTESIAN_POINT('',(3.690943693143,11.402054238888));
#2894 = CARTESIAN_POINT('',(3.775605300802,11.239394657919));
#2895 = CARTESIAN_POINT('',(3.79952848405,11.190428679118));
#2896 = CARTESIAN_POINT('',(3.822201966633,11.140864069927));
#2897 = CARTESIAN_POINT('',(3.843608715045,11.090740770185));
#2898 = CARTESIAN_POINT('',(3.863733602931,11.040099354816));
#2899 = CARTESIAN_POINT('',(3.911293423474,10.910986081175));
#2900 = CARTESIAN_POINT('',(3.937008557546,10.831880486957));
#2901 = CARTESIAN_POINT('',(3.959661917066,10.751811005751));
#2902 = CARTESIAN_POINT('',(3.979217092254,10.670925772428));
#2903 = CARTESIAN_POINT('',(3.995648159792,10.589374302141));
#2904 = CARTESIAN_POINT('',(4.030855199811,10.371992928883));
#2905 = CARTESIAN_POINT('',(4.04423559267,10.235273666779));
#2906 = CARTESIAN_POINT('',(4.049010839121,10.097828623882));
#2907 = CARTESIAN_POINT('',(4.045188331047,9.960327403457));
#2908 = CARTESIAN_POINT('',(4.03284761473,9.823428400426));
#2909 = CARTESIAN_POINT('',(3.996680368028,9.586559610774));
#2910 = CARTESIAN_POINT('',(3.976556996493,9.485987899921));
#2911 = CARTESIAN_POINT('',(3.951818409462,9.386329338698));
#2912 = CARTESIAN_POINT('',(3.922536965613,9.287843689961));
#2913 = CARTESIAN_POINT('',(3.888803989314,9.190782917793));
#2914 = CARTESIAN_POINT('',(3.827304833588,9.036701991705));
#2915 = CARTESIAN_POINT('',(3.802236426486,8.978644308768));
#2916 = CARTESIAN_POINT('',(3.775550053362,8.921274786163));
#2917 = CARTESIAN_POINT('',(3.747273546334,8.864648627843));
#2918 = CARTESIAN_POINT('',(3.717437065592,8.808819594241));
#2919 = CARTESIAN_POINT('',(3.616346013633,8.631611623995));
#2920 = CARTESIAN_POINT('',(3.539068365729,8.513580181041));
#2921 = CARTESIAN_POINT('',(3.45459823326,8.400322521505));
#2922 = CARTESIAN_POINT('',(3.363343460011,8.29237358579));
#2923 = CARTESIAN_POINT('',(3.265758956224,8.190226933661));
#2924 = CARTESIAN_POINT('',(3.054753337612,7.994571681821));
#2925 = CARTESIAN_POINT('',(2.940848959592,7.901575769803));
#2926 = CARTESIAN_POINT('',(2.821193934295,7.815856767792));
#2927 = CARTESIAN_POINT('',(2.696394362728,7.737868004889));
#2928 = CARTESIAN_POINT('',(2.567098453689,7.668004948427));
#2929 = CARTESIAN_POINT('',(2.375203971193,7.579482068094));
#2930 = CARTESIAN_POINT('',(2.315669276903,7.554011489463));
#2931 = CARTESIAN_POINT('',(2.255450725027,7.530220328918));
#2932 = CARTESIAN_POINT('',(2.194608758326,7.508134856024));
#2933 = CARTESIAN_POINT('',(2.1332050545,7.487778790729));
#2934 = CARTESIAN_POINT('',(1.972753092037,7.43955318441));
#2935 = CARTESIAN_POINT('',(1.872938645783,7.414369468825));
#2936 = CARTESIAN_POINT('',(1.772114000533,7.393708206483));
#2937 = CARTESIAN_POINT('',(1.670539265533,7.377636832816));
#2938 = CARTESIAN_POINT('',(1.568479846175,7.366204168811));
#2939 = CARTESIAN_POINT('',(1.211177492826,7.342574339791));
#2940 = CARTESIAN_POINT('',(0.954730803696,7.354732535418));
#2941 = CARTESIAN_POINT('',(0.701219543827,7.39641849565));
#2942 = CARTESIAN_POINT('',(0.454876602216,7.4672213927));
#2943 = CARTESIAN_POINT('',(0.219837933893,7.566039138894));
#2944 = CARTESIAN_POINT('',(0.,7.690702956968));
#2945 = ( GEOMETRIC_REPRESENTATION_CONTEXT(2) 
PARAMETRIC_REPRESENTATION_CONTEXT() REPRESENTATION_CONTEXT('2D SPACE',''
  ) );
#2946 = PCURVE('',#392,#2947);
#2947 = DEFINITIONAL_REPRESENTATION('',(#2948),#3084);
#2948 = B_SPLINE_CURVE_WITH_KNOTS('',3,(#2949,#2950,#2951,#2952,#2953,
    #2954,#2955,#2956,#2957,#2958,#2959,#2960,#2961,#2962,#2963,#2964,
    #2965,#2966,#2967,#2968,#2969,#2970,#2971,#2972,#2973,#2974,#2975,
    #2976,#2977,#2978,#2979,#2980,#2981,#2982,#2983,#2984,#2985,#2986,
    #2987,#2988,#2989,#2990,#2991,#2992,#2993,#2994,#2995,#2996,#2997,
    #2998,#2999,#3000,#3001,#3002,#3003,#3004,#3005,#3006,#3007,#3008,
    #3009,#3010,#3011,#3012,#3013,#3014,#3015,#3016,#3017,#3018,#3019,
    #3020,#3021,#3022,#3023,#3024,#3025,#3026,#3027,#3028,#3029,#3030,
    #3031,#3032,#3033,#3034,#3035,#3036,#3037,#3038,#3039,#3040,#3041,
    #3042,#3043,#3044,#3045,#3046,#3047,#3048,#3049,#3050,#3051,#3052,
    #3053,#3054,#3055,#3056,#3057,#3058,#3059,#3060,#3061,#3062,#3063,
    #3064,#3065,#3066,#3067,#3068,#3069,#3070,#3071,#3072,#3073,#3074,
    #3075,#3076,#3077,#3078,#3079,#3080,#3081,#3082,#3083),
  .UNSPECIFIED.,.F.,.F.,(4,1,1,1,1,1,1,1,1,1,1,1,1,1,1,1,1,1,1,1,1,1,1,1
    ,1,1,1,1,1,1,1,1,1,1,1,1,1,1,1,1,1,1,1,1,1,1,1,1,1,1,1,1,1,1,1,1,1,1
    ,1,1,1,1,1,1,1,1,1,1,1,1,1,1,1,1,1,1,1,1,1,1,1,1,1,1,1,1,1,1,1,1,1,1
    ,1,1,1,1,1,1,1,1,1,1,1,1,1,1,1,1,1,1,1,1,1,1,1,1,1,1,1,1,1,1,1,1,1,1
    ,1,1,1,1,1,1,4),(0.,1.420438847697E-02,2.840877695394E-02,
    4.261316543091E-02,5.681755390788E-02,7.102194238486E-02,
    8.522633086183E-02,9.94307193388E-02,0.113635107816,0.127839496293,
    0.14204388477,0.156248273247,0.170452661724,0.184657050201,
    0.198861438678,0.213065827155,0.227270215632,0.241474604109,
    0.255678992585,0.269883381062,0.284087769539,0.298292158016,
    0.312496546493,0.32670093497,0.340905323447,0.355109711924,
    0.369314100401,0.383518488878,0.397722877355,0.411927265832,
    0.426131654309,0.440336042786,0.454540431263,0.46874481974,
    0.482949208217,0.497153596694,0.511357985171,0.525562373648,
    0.539766762125,0.553971150602,0.568175539079,0.582379927556,
    0.596584316033,0.61078870451,0.624993092987,0.639197481464,
    0.653401869941,0.667606258418,0.681810646895,0.696015035372,
    0.710219423849,0.724423812326,0.738628200802,0.752832589279,
    0.767036977756,0.781241366233,0.79544575471,0.809650143187,
    0.823854531664,0.838058920141,0.852263308618,0.866467697095,
    0.880672085572,0.894876474049,0.909080862526,0.923285251003,
    0.93748963948,0.951694027957,0.965898416434,0.980102804911,
    0.994307193388,1.008511581865,1.022715970342,1.036920358819,
    1.051124747296,1.065329135773,1.07953352425,1.093737912727,
    1.107942301204,1.122146689681,1.136351078158,1.150555466635,
    1.164759855112,1.178964243589,1.193168632066,1.207373020543,
    1.22157740902,1.235781797496,1.249986185973,1.26419057445,
    1.278394962927,1.292599351404,1.306803739881,1.321008128358,
    1.335212516835,1.349416905312,1.363621293789,1.377825682266,
    1.392030070743,1.40623445922,1.420438847697,1.434643236174,
    1.448847624651,1.463052013128,1.477256401605,1.491460790082,
    1.505665178559,1.519869567036,1.534073955513,1.54827834399,
    1.562482732467,1.576687120944,1.590891509421,1.605095897898,
    1.619300286375,1.633504674852,1.647709063329,1.661913451806,
    1.676117840283,1.69032222876,1.704526617237,1.718731005714,
    1.73293539419,1.747139782667,1.761344171144,1.775548559621,
    1.789752948098,1.803957336575,1.818161725052,1.832366113529,
    1.846570502006,1.860774890483,1.87497927896),.QUASI_UNIFORM_KNOTS.);
#2949 = CARTESIAN_POINT('',(4.082621710713,50.847471981702));
#2950 = CARTESIAN_POINT('',(4.093182884155,50.847523916376));
#2951 = CARTESIAN_POINT('',(4.114298777414,50.847738759059));
#2952 = CARTESIAN_POINT('',(4.145953418127,50.848392831503));
#2953 = CARTESIAN_POINT('',(4.177588964831,50.849377661473));
#2954 = CARTESIAN_POINT('',(4.209205720552,50.850691985647));
#2955 = CARTESIAN_POINT('',(4.240804081999,50.852334410567));
#2956 = CARTESIAN_POINT('',(4.27238453456,50.854303397002));
#2957 = CARTESIAN_POINT('',(4.303947623225,50.856597268116));
#2958 = CARTESIAN_POINT('',(4.33549393182,50.859214209031));
#2959 = CARTESIAN_POINT('',(4.367024061236,50.862152266593));
#2960 = CARTESIAN_POINT('',(4.398538608456,50.86540934701));
#2961 = CARTESIAN_POINT('',(4.430038145258,50.868983211959));
#2962 = CARTESIAN_POINT('',(4.461523196163,50.872871472905));
#2963 = CARTESIAN_POINT('',(4.492994215292,50.877071583593));
#2964 = CARTESIAN_POINT('',(4.524451560863,50.881580830352));
#2965 = CARTESIAN_POINT('',(4.555895469778,50.886396320843));
#2966 = CARTESIAN_POINT('',(4.587326021029,50.891514968105));
#2967 = CARTESIAN_POINT('',(4.618743128031,50.896933480849));
#2968 = CARTESIAN_POINT('',(4.650146408468,50.902648318509));
#2969 = CARTESIAN_POINT('',(4.681537361515,50.908656114764));
#2970 = CARTESIAN_POINT('',(4.712915787937,50.914953023724));
#2971 = CARTESIAN_POINT('',(4.744281855412,50.92153506906));
#2972 = CARTESIAN_POINT('',(4.775635673262,50.928398070973));
#2973 = CARTESIAN_POINT('',(4.806977371466,50.935537654335));
#2974 = CARTESIAN_POINT('',(4.838307034594,50.942949229585));
#2975 = CARTESIAN_POINT('',(4.869624703801,50.950627986198));
#2976 = CARTESIAN_POINT('',(4.900930246266,50.958568850466));
#2977 = CARTESIAN_POINT('',(4.932223830605,50.966766602015));
#2978 = CARTESIAN_POINT('',(4.963505419103,50.97521574176));
#2979 = CARTESIAN_POINT('',(4.994775019237,50.983910548619));
#2980 = CARTESIAN_POINT('',(5.026032647165,50.992845066301));
#2981 = CARTESIAN_POINT('',(5.05727825664,51.00201307744));
#2982 = CARTESIAN_POINT('',(5.08851185949,51.01140813335));
#2983 = CARTESIAN_POINT('',(5.119733464584,51.021023532859));
#2984 = CARTESIAN_POINT('',(5.150943056679,51.030852310169));
#2985 = CARTESIAN_POINT('',(5.182140797798,51.040887297064));
#2986 = CARTESIAN_POINT('',(5.213326724382,51.051121023083));
#2987 = CARTESIAN_POINT('',(5.244500769792,51.061545715773));
#2988 = CARTESIAN_POINT('',(5.275663050491,51.072153393763));
#2989 = CARTESIAN_POINT('',(5.306813746416,51.082935827587));
#2990 = CARTESIAN_POINT('',(5.337953070192,51.093884527315));
#2991 = CARTESIAN_POINT('',(5.369081279483,51.104990746899));
#2992 = CARTESIAN_POINT('',(5.400198425164,51.11624539185));
#2993 = CARTESIAN_POINT('',(5.431305130768,51.127639305402));
#2994 = CARTESIAN_POINT('',(5.462401775099,51.139162967397));
#2995 = CARTESIAN_POINT('',(5.493488612232,51.150806542591));
#2996 = CARTESIAN_POINT('',(5.52456616246,51.162560027782));
#2997 = CARTESIAN_POINT('',(5.555635058044,51.174413198367));
#2998 = CARTESIAN_POINT('',(5.586696036774,51.186355609001));
#2999 = CARTESIAN_POINT('',(5.617749886294,51.19837657662));
#3000 = CARTESIAN_POINT('',(5.648797437438,51.210465183383));
#3001 = CARTESIAN_POINT('',(5.679839413687,51.222610226352));
#3002 = CARTESIAN_POINT('',(5.710876812951,51.234800374299));
#3003 = CARTESIAN_POINT('',(5.741911005075,51.247024203878));
#3004 = CARTESIAN_POINT('',(5.772943169577,51.259270000334));
#3005 = CARTESIAN_POINT('',(5.803974650751,51.271525896621));
#3006 = CARTESIAN_POINT('',(5.835006948599,51.283779886826));
#3007 = CARTESIAN_POINT('',(5.866041582232,51.296019768493));
#3008 = CARTESIAN_POINT('',(5.897080224084,51.308233222095));
#3009 = CARTESIAN_POINT('',(5.928124699232,51.320407818417));
#3010 = CARTESIAN_POINT('',(5.959176968414,51.332531019756));
#3011 = CARTESIAN_POINT('',(5.990238948041,51.344590116112));
#3012 = CARTESIAN_POINT('',(6.021313085039,51.356572477372));
#3013 = CARTESIAN_POINT('',(6.052401520731,51.368465223242));
#3014 = CARTESIAN_POINT('',(6.083506588889,51.380255448391));
#3015 = CARTESIAN_POINT('',(6.11463083893,51.391930240817));
#3016 = CARTESIAN_POINT('',(6.145776985118,51.40347667492));
#3017 = CARTESIAN_POINT('',(6.176947892323,51.414881813634));
#3018 = CARTESIAN_POINT('',(6.208146492458,51.426132714074));
#3019 = CARTESIAN_POINT('',(6.239375946866,51.437216427946));
#3020 = CARTESIAN_POINT('',(6.27063890158,51.448120040124));
#3021 = CARTESIAN_POINT('',(6.301940134418,51.458830582783));
#3022 = CARTESIAN_POINT('',(6.333196148815,51.469339280355));
#3023 = CARTESIAN_POINT('',(6.364423932496,51.479632543709));
#3024 = CARTESIAN_POINT('',(6.395623255926,51.489697752897));
#3025 = CARTESIAN_POINT('',(6.426798531849,51.49952217787));
#3026 = CARTESIAN_POINT('',(6.457952916429,51.509093268849));
#3027 = CARTESIAN_POINT('',(6.489089868932,51.518398591443));
#3028 = CARTESIAN_POINT('',(6.52021262633,51.527425828518));
#3029 = CARTESIAN_POINT('',(6.55132463552,51.536162921821));
#3030 = CARTESIAN_POINT('',(6.582429227383,51.544597979713));
#3031 = CARTESIAN_POINT('',(6.613529718943,51.552719336215));
#3032 = CARTESIAN_POINT('',(6.644629364071,51.560515553812));
#3033 = CARTESIAN_POINT('',(6.675731471117,51.567975476866));
#3034 = CARTESIAN_POINT('',(6.70683926602,51.57508821421));
#3035 = CARTESIAN_POINT('',(6.737955806904,51.581843147449));
#3036 = CARTESIAN_POINT('',(6.769084196123,51.588230009752));
#3037 = CARTESIAN_POINT('',(6.800227498552,51.594238880938));
#3038 = CARTESIAN_POINT('',(6.831388736813,51.599860207695));
#3039 = CARTESIAN_POINT('',(6.862570868711,51.605084820602));
#3040 = CARTESIAN_POINT('',(6.893776758901,51.60990395399));
#3041 = CARTESIAN_POINT('',(6.925009192894,51.614309273126));
#3042 = CARTESIAN_POINT('',(6.956270730386,51.618292884562));
#3043 = CARTESIAN_POINT('',(6.98756416746,51.621847421648));
#3044 = CARTESIAN_POINT('',(7.018892110905,51.624965978448));
#3045 = CARTESIAN_POINT('',(7.050256872527,51.627642159324));
#3046 = CARTESIAN_POINT('',(7.081660775348,51.629870129794));
#3047 = CARTESIAN_POINT('',(7.113106049275,51.631644621249));
#3048 = CARTESIAN_POINT('',(7.144594835223,51.632960950186));
#3049 = CARTESIAN_POINT('',(7.176129159337,51.633815035787));
#3050 = CARTESIAN_POINT('',(7.207710913215,51.634203420176));
#3051 = CARTESIAN_POINT('',(7.23934183631,51.63412328999));
#3052 = CARTESIAN_POINT('',(7.271023481606,51.633572499585));
#3053 = CARTESIAN_POINT('',(7.302757245759,51.63254959463));
#3054 = CARTESIAN_POINT('',(7.334544610998,51.631053801118));
#3055 = CARTESIAN_POINT('',(7.366386715422,51.629085065934));
#3056 = CARTESIAN_POINT('',(7.398284624488,51.626644053774));
#3057 = CARTESIAN_POINT('',(7.430239181571,51.623732175835));
#3058 = CARTESIAN_POINT('',(7.46225123104,51.620351566764));
#3059 = CARTESIAN_POINT('',(7.494321242127,51.616505148672));
#3060 = CARTESIAN_POINT('',(7.526449575056,51.612196598419));
#3061 = CARTESIAN_POINT('',(7.558636487631,51.607430344246));
#3062 = CARTESIAN_POINT('',(7.590882035478,51.602211586154));
#3063 = CARTESIAN_POINT('',(7.623186278004,51.596546255579));
#3064 = CARTESIAN_POINT('',(7.655548374164,51.590441197623));
#3065 = CARTESIAN_POINT('',(7.687969826274,51.583903521445));
#3066 = CARTESIAN_POINT('',(7.72045064516,51.576941250472));
#3067 = CARTESIAN_POINT('',(7.752988700089,51.569563595959));
#3068 = CARTESIAN_POINT('',(7.785582561779,51.561780351932));
#3069 = CARTESIAN_POINT('',(7.81823069475,51.553602025618));
#3070 = CARTESIAN_POINT('',(7.850931631762,51.5450397715));
#3071 = CARTESIAN_POINT('',(7.883683888384,51.536105378272));
#3072 = CARTESIAN_POINT('',(7.916485949776,51.526811241664));
#3073 = CARTESIAN_POINT('',(7.949336239914,51.517170340968));
#3074 = CARTESIAN_POINT('',(7.982233096497,51.507196214528));
#3075 = CARTESIAN_POINT('',(8.01517474445,51.496902935545));
#3076 = CARTESIAN_POINT('',(8.048159268917,51.486305088154));
#3077 = CARTESIAN_POINT('',(8.081184586993,51.475417743672));
#3078 = CARTESIAN_POINT('',(8.114248416066,51.464256438675));
#3079 = CARTESIAN_POINT('',(8.147348243858,51.45283714968));
#3080 = CARTESIAN_POINT('',(8.180481277986,51.441176284698));
#3081 = CARTESIAN_POINT('',(8.21364445502,51.429290616604));
#3082 = CARTESIAN_POINT('',(8.23577095708,51.421228497845));
#3083 = CARTESIAN_POINT('',(8.24683806695,51.417165710865));
#3084 = ( GEOMETRIC_REPRESENTATION_CONTEXT(2) 
PARAMETRIC_REPRESENTATION_CONTEXT() REPRESENTATION_CONTEXT('2D SPACE',''
  ) );
#3085 = ADVANCED_FACE('',(#3086,#3172),#72,.F.);
#3086 = FACE_BOUND('',#3087,.F.);
#3087 = EDGE_LOOP('',(#3088,#3089,#3090,#3091));
#3088 = ORIENTED_EDGE('',*,*,#2704,.F.);
#3089 = ORIENTED_EDGE('',*,*,#56,.F.);
#3090 = ORIENTED_EDGE('',*,*,#141,.T.);
#3091 = ORIENTED_EDGE('',*,*,#3092,.F.);
#3092 = EDGE_CURVE('',#2705,#142,#3093,.T.);
#3093 = SURFACE_CURVE('',#3094,(#3118,#3145),.PCURVE_S1.);
#3094 = B_SPLINE_CURVE_WITH_KNOTS('',8,(#3095,#3096,#3097,#3098,#3099,
    #3100,#3101,#3102,#3103,#3104,#3105,#3106,#3107,#3108,#3109,#3110,
    #3111,#3112,#3113,#3114,#3115,#3116,#3117),.UNSPECIFIED.,.F.,.F.,(9,
    7,7,9),(0.,0.762091383835,0.813726145511,1.),.UNSPECIFIED.);
#3095 = CARTESIAN_POINT('',(19.690702956968,23.,24.));
#3096 = CARTESIAN_POINT('',(19.683435345366,22.471142762118,24.));
#3097 = CARTESIAN_POINT('',(19.678300552356,21.941257040674,24.));
#3098 = CARTESIAN_POINT('',(19.673034910834,21.409737723353,24.));
#3099 = CARTESIAN_POINT('',(19.665744143532,20.876244149847,24.));
#3100 = CARTESIAN_POINT('',(19.654793021421,20.340723623639,24.));
#3101 = CARTESIAN_POINT('',(19.638833862089,19.803365880956,24.));
#3102 = CARTESIAN_POINT('',(19.616735181598,19.264380056408,24.));
#3103 = CARTESIAN_POINT('',(19.585519511864,18.687470011579,24.));
#3104 = CARTESIAN_POINT('',(19.578780966701,18.575381029855,24.));
#3105 = CARTESIAN_POINT('',(19.569494756739,18.426858565323,24.));
#3106 = CARTESIAN_POINT('',(19.559170770662,18.269032907598,24.));
#3107 = CARTESIAN_POINT('',(19.548618686935,18.117116800194,24.));
#3108 = CARTESIAN_POINT('',(19.53794797381,17.974405440523,24.));
#3109 = CARTESIAN_POINT('',(19.526567889321,17.832276479898,24.));
#3110 = CARTESIAN_POINT('',(19.464917283099,17.085458575017,24.));
#3111 = CARTESIAN_POINT('',(19.407725911943,16.500232202617,24.));
#3112 = CARTESIAN_POINT('',(19.341361840782,15.914879735659,24.));
#3113 = CARTESIAN_POINT('',(19.265648410332,15.329785346347,24.));
#3114 = CARTESIAN_POINT('',(19.18046092258,14.745343971312,24.));
#3115 = CARTESIAN_POINT('',(19.085708810752,14.161958425404,24.));
#3116 = CARTESIAN_POINT('',(18.981322885751,13.58003820774,24.));
#3117 = CARTESIAN_POINT('',(18.867247659038,13.,24.));
#3118 = PCURVE('',#72,#3119);
#3119 = DEFINITIONAL_REPRESENTATION('',(#3120),#3144);
#3120 = B_SPLINE_CURVE_WITH_KNOTS('',8,(#3121,#3122,#3123,#3124,#3125,
    #3126,#3127,#3128,#3129,#3130,#3131,#3132,#3133,#3134,#3135,#3136,
    #3137,#3138,#3139,#3140,#3141,#3142,#3143),.UNSPECIFIED.,.F.,.F.,(9,
    7,7,9),(0.,0.762091383835,0.813726145511,1.),.UNSPECIFIED.);
#3121 = CARTESIAN_POINT('',(7.690702956968,10.));
#3122 = CARTESIAN_POINT('',(7.683435345366,9.471142762118));
#3123 = CARTESIAN_POINT('',(7.678300552356,8.941257040674));
#3124 = CARTESIAN_POINT('',(7.673034910834,8.409737723353));
#3125 = CARTESIAN_POINT('',(7.665744143532,7.876244149847));
#3126 = CARTESIAN_POINT('',(7.654793021421,7.340723623639));
#3127 = CARTESIAN_POINT('',(7.638833862089,6.803365880956));
#3128 = CARTESIAN_POINT('',(7.616735181598,6.264380056408));
#3129 = CARTESIAN_POINT('',(7.585519511864,5.687470011579));
#3130 = CARTESIAN_POINT('',(7.578780966701,5.575381029855));
#3131 = CARTESIAN_POINT('',(7.569494756739,5.426858565323));
#3132 = CARTESIAN_POINT('',(7.559170770662,5.269032907598));
#3133 = CARTESIAN_POINT('',(7.548618686935,5.117116800194));
#3134 = CARTESIAN_POINT('',(7.53794797381,4.974405440523));
#3135 = CARTESIAN_POINT('',(7.526567889321,4.832276479898));
#3136 = CARTESIAN_POINT('',(7.464917283099,4.085458575017));
#3137 = CARTESIAN_POINT('',(7.407725911943,3.500232202617));
#3138 = CARTESIAN_POINT('',(7.341361840782,2.914879735659));
#3139 = CARTESIAN_POINT('',(7.265648410332,2.329785346347));
#3140 = CARTESIAN_POINT('',(7.18046092258,1.745343971312));
#3141 = CARTESIAN_POINT('',(7.085708810752,1.161958425404));
#3142 = CARTESIAN_POINT('',(6.981322885751,0.58003820774));
#3143 = CARTESIAN_POINT('',(6.867247659038,0.));
#3144 = ( GEOMETRIC_REPRESENTATION_CONTEXT(2) 
PARAMETRIC_REPRESENTATION_CONTEXT() REPRESENTATION_CONTEXT('2D SPACE',''
  ) );
#3145 = PCURVE('',#392,#3146);
#3146 = DEFINITIONAL_REPRESENTATION('',(#3147),#3171);
#3147 = B_SPLINE_CURVE_WITH_KNOTS('',8,(#3148,#3149,#3150,#3151,#3152,
    #3153,#3154,#3155,#3156,#3157,#3158,#3159,#3160,#3161,#3162,#3163,
    #3164,#3165,#3166,#3167,#3168,#3169,#3170),.UNSPECIFIED.,.F.,.F.,(9,
    7,7,9),(0.,0.762091383835,0.813726145511,1.),.UNSPECIFIED.);
#3148 = CARTESIAN_POINT('',(8.24683806695,51.417165710865));
#3149 = CARTESIAN_POINT('',(8.160900276011,51.995139169988));
#3150 = CARTESIAN_POINT('',(8.079750026358,52.572890643518));
#3151 = CARTESIAN_POINT('',(8.003637755401,53.149850948499));
#3152 = CARTESIAN_POINT('',(7.932776782377,53.72566320278));
#3153 = CARTESIAN_POINT('',(7.867222621078,54.300186269818));
#3154 = CARTESIAN_POINT('',(7.806779501731,54.873441624185));
#3155 = CARTESIAN_POINT('',(7.751313252408,55.44543957215));
#3156 = CARTESIAN_POINT('',(7.697102220828,56.05490891767));
#3157 = CARTESIAN_POINT('',(7.691321267885,56.170978844857));
#3158 = CARTESIAN_POINT('',(7.684560986118,56.324295672688));
#3159 = CARTESIAN_POINT('',(7.677746801761,56.486973334043));
#3160 = CARTESIAN_POINT('',(7.671367888793,56.643389016829));
#3161 = CARTESIAN_POINT('',(7.665477168937,56.790183163981));
#3162 = CARTESIAN_POINT('',(7.659691311661,56.936259473467));
#3163 = CARTESIAN_POINT('',(7.629739718132,57.703530050271));
#3164 = CARTESIAN_POINT('',(7.608167860692,58.30315112403));
#3165 = CARTESIAN_POINT('',(7.588391498088,58.901815391));
#3166 = CARTESIAN_POINT('',(7.570344462085,59.499706060056));
#3167 = CARTESIAN_POINT('',(7.553972341945,60.09701479315));
#3168 = CARTESIAN_POINT('',(7.539228068911,60.693936501341));
#3169 = CARTESIAN_POINT('',(7.526068823189,61.290666421185));
#3170 = CARTESIAN_POINT('',(7.514454263462,61.887399471508));
#3171 = ( GEOMETRIC_REPRESENTATION_CONTEXT(2) 
PARAMETRIC_REPRESENTATION_CONTEXT() REPRESENTATION_CONTEXT('2D SPACE',''
  ) );
#3172 = FACE_BOUND('',#3173,.F.);
#3173 = EDGE_LOOP('',(#3174));
#3174 = ORIENTED_EDGE('',*,*,#3175,.T.);
#3175 = EDGE_CURVE('',#3176,#3176,#3178,.T.);
#3176 = VERTEX_POINT('',#3177);
#3177 = CARTESIAN_POINT('',(17.7,18.,24.));
#3178 = SURFACE_CURVE('',#3179,(#3184,#3195),.PCURVE_S1.);
#3179 = CIRCLE('',#3180,1.7);
#3180 = AXIS2_PLACEMENT_3D('',#3181,#3182,#3183);
#3181 = CARTESIAN_POINT('',(16.,18.,24.));
#3182 = DIRECTION('',(0.,0.,-1.));
#3183 = DIRECTION('',(1.,0.,0.));
#3184 = PCURVE('',#72,#3185);
#3185 = DEFINITIONAL_REPRESENTATION('',(#3186),#3194);
#3186 = ( BOUNDED_CURVE() B_SPLINE_CURVE(2,(#3187,#3188,#3189,#3190,
#3191,#3192,#3193),.UNSPECIFIED.,.T.,.F.) B_SPLINE_CURVE_WITH_KNOTS((1,2
    ,2,2,2,1),(-2.094395102393,0.,2.094395102393,4.188790204786,
6.28318530718,8.377580409573),.UNSPECIFIED.) CURVE() 
GEOMETRIC_REPRESENTATION_ITEM() RATIONAL_B_SPLINE_CURVE((1.,0.5,1.,0.5,
1.,0.5,1.)) REPRESENTATION_ITEM('') );
#3187 = CARTESIAN_POINT('',(5.7,5.));
#3188 = CARTESIAN_POINT('',(5.7,2.055513627133));
#3189 = CARTESIAN_POINT('',(3.15,3.527756813566));
#3190 = CARTESIAN_POINT('',(0.6,5.));
#3191 = CARTESIAN_POINT('',(3.15,6.472243186434));
#3192 = CARTESIAN_POINT('',(5.7,7.944486372867));
#3193 = CARTESIAN_POINT('',(5.7,5.));
#3194 = ( GEOMETRIC_REPRESENTATION_CONTEXT(2) 
PARAMETRIC_REPRESENTATION_CONTEXT() REPRESENTATION_CONTEXT('2D SPACE',''
  ) );
#3195 = PCURVE('',#2654,#3196);
#3196 = DEFINITIONAL_REPRESENTATION('',(#3197),#3201);
#3197 = LINE('',#3198,#3199);
#3198 = CARTESIAN_POINT('',(-6.28318530718,-1.));
#3199 = VECTOR('',#3200,1.);
#3200 = DIRECTION('',(1.,-0.));
#3201 = ( GEOMETRIC_REPRESENTATION_CONTEXT(2) 
PARAMETRIC_REPRESENTATION_CONTEXT() REPRESENTATION_CONTEXT('2D SPACE',''
  ) );
#3202 = ADVANCED_FACE('',(#3203),#204,.T.);
#3203 = FACE_BOUND('',#3204,.T.);
#3204 = EDGE_LOOP('',(#3205,#3206,#3227,#3228));
#3205 = ORIENTED_EDGE('',*,*,#188,.F.);
#3206 = ORIENTED_EDGE('',*,*,#3207,.T.);
#3207 = EDGE_CURVE('',#189,#2730,#3208,.T.);
#3208 = SURFACE_CURVE('',#3209,(#3213,#3220),.PCURVE_S1.);
#3209 = LINE('',#3210,#3211);
#3210 = CARTESIAN_POINT('',(32.,13.,24.));
#3211 = VECTOR('',#3212,1.);
#3212 = DIRECTION('',(0.,1.,0.));
#3213 = PCURVE('',#204,#3214);
#3214 = DEFINITIONAL_REPRESENTATION('',(#3215),#3219);
#3215 = LINE('',#3216,#3217);
#3216 = CARTESIAN_POINT('',(0.,0.));
#3217 = VECTOR('',#3218,1.);
#3218 = DIRECTION('',(0.,-1.));
#3219 = ( GEOMETRIC_REPRESENTATION_CONTEXT(2) 
PARAMETRIC_REPRESENTATION_CONTEXT() REPRESENTATION_CONTEXT('2D SPACE',''
  ) );
#3220 = PCURVE('',#232,#3221);
#3221 = DEFINITIONAL_REPRESENTATION('',(#3222),#3226);
#3222 = LINE('',#3223,#3224);
#3223 = CARTESIAN_POINT('',(20.,0.));
#3224 = VECTOR('',#3225,1.);
#3225 = DIRECTION('',(0.,1.));
#3226 = ( GEOMETRIC_REPRESENTATION_CONTEXT(2) 
PARAMETRIC_REPRESENTATION_CONTEXT() REPRESENTATION_CONTEXT('2D SPACE',''
  ) );
#3227 = ORIENTED_EDGE('',*,*,#2729,.T.);
#3228 = ORIENTED_EDGE('',*,*,#2587,.F.);
#3229 = ADVANCED_FACE('',(#3230,#3325),#232,.F.);
#3230 = FACE_BOUND('',#3231,.F.);
#3231 = EDGE_LOOP('',(#3232,#3233,#3323,#3324));
#3232 = ORIENTED_EDGE('',*,*,#2752,.F.);
#3233 = ORIENTED_EDGE('',*,*,#3234,.F.);
#3234 = EDGE_CURVE('',#217,#2753,#3235,.T.);
#3235 = SURFACE_CURVE('',#3236,(#3263,#3293),.PCURVE_S1.);
#3236 = B_SPLINE_CURVE_WITH_KNOTS('',7,(#3237,#3238,#3239,#3240,#3241,
    #3242,#3243,#3244,#3245,#3246,#3247,#3248,#3249,#3250,#3251,#3252,
    #3253,#3254,#3255,#3256,#3257,#3258,#3259,#3260,#3261,#3262),
  .UNSPECIFIED.,.F.,.F.,(8,6,6,6,8),(0.,0.146258959214,0.311832023896,
    0.547019618649,1.),.UNSPECIFIED.);
#3237 = CARTESIAN_POINT('',(23.848440260275,13.,24.));
#3238 = CARTESIAN_POINT('',(23.905562373218,13.307961171194,24.));
#3239 = CARTESIAN_POINT('',(23.959601947456,13.616476904806,24.));
#3240 = CARTESIAN_POINT('',(24.010552751936,13.925496057177,24.));
#3241 = CARTESIAN_POINT('',(24.058405327792,14.234968233798,24.));
#3242 = CARTESIAN_POINT('',(24.103146487568,14.544843833576,24.));
#3243 = CARTESIAN_POINT('',(24.144758814439,14.855074093088,24.));
#3244 = CARTESIAN_POINT('',(24.226760489682,15.517155879384,24.));
#3245 = CARTESIAN_POINT('',(24.258899924237,15.808935090591,24.));
#3246 = CARTESIAN_POINT('',(24.290536069253,16.113920624548,24.));
#3247 = CARTESIAN_POINT('',(24.324064667692,16.459538184567,24.));
#3248 = CARTESIAN_POINT('',(24.353077113501,16.833732614584,24.));
#3249 = CARTESIAN_POINT('',(24.374834951175,17.171305060718,24.));
#3250 = CARTESIAN_POINT('',(24.4034499408,17.641976973897,24.));
#3251 = CARTESIAN_POINT('',(24.417603420685,17.918166600517,24.));
#3252 = CARTESIAN_POINT('',(24.429139490414,18.194308663127,24.));
#3253 = CARTESIAN_POINT('',(24.438077076824,18.470382032704,24.));
#3254 = CARTESIAN_POINT('',(24.444430441173,18.746366274652,24.));
#3255 = CARTESIAN_POINT('',(24.448207489143,19.022241505291,24.));
#3256 = CARTESIAN_POINT('',(24.451720466823,19.829087114131,24.));
#3257 = CARTESIAN_POINT('',(24.444474615381,20.359692036825,24.));
#3258 = CARTESIAN_POINT('',(24.427674738793,20.889685100587,24.));
#3259 = CARTESIAN_POINT('',(24.401204096611,21.418923107819,24.));
#3260 = CARTESIAN_POINT('',(24.364814198617,21.947221554001,24.));
#3261 = CARTESIAN_POINT('',(24.318046199052,22.474344451166,24.));
#3262 = CARTESIAN_POINT('',(24.260084482128,23.,24.));
#3263 = PCURVE('',#232,#3264);
#3264 = DEFINITIONAL_REPRESENTATION('',(#3265),#3292);
#3265 = B_SPLINE_CURVE_WITH_KNOTS('',7,(#3266,#3267,#3268,#3269,#3270,
    #3271,#3272,#3273,#3274,#3275,#3276,#3277,#3278,#3279,#3280,#3281,
    #3282,#3283,#3284,#3285,#3286,#3287,#3288,#3289,#3290,#3291),
  .UNSPECIFIED.,.F.,.F.,(8,6,6,6,8),(0.,0.146258959214,0.311832023896,
    0.547019618649,1.),.UNSPECIFIED.);
#3266 = CARTESIAN_POINT('',(11.848440260275,0.));
#3267 = CARTESIAN_POINT('',(11.905562373218,0.307961171194));
#3268 = CARTESIAN_POINT('',(11.959601947456,0.616476904806));
#3269 = CARTESIAN_POINT('',(12.010552751936,0.925496057177));
#3270 = CARTESIAN_POINT('',(12.058405327792,1.234968233798));
#3271 = CARTESIAN_POINT('',(12.103146487568,1.544843833576));
#3272 = CARTESIAN_POINT('',(12.144758814439,1.855074093088));
#3273 = CARTESIAN_POINT('',(12.226760489682,2.517155879384));
#3274 = CARTESIAN_POINT('',(12.258899924237,2.808935090591));
#3275 = CARTESIAN_POINT('',(12.290536069253,3.113920624548));
#3276 = CARTESIAN_POINT('',(12.324064667692,3.459538184567));
#3277 = CARTESIAN_POINT('',(12.353077113501,3.833732614584));
#3278 = CARTESIAN_POINT('',(12.374834951175,4.171305060718));
#3279 = CARTESIAN_POINT('',(12.4034499408,4.641976973897));
#3280 = CARTESIAN_POINT('',(12.417603420685,4.918166600517));
#3281 = CARTESIAN_POINT('',(12.429139490414,5.194308663127));
#3282 = CARTESIAN_POINT('',(12.438077076824,5.470382032704));
#3283 = CARTESIAN_POINT('',(12.444430441173,5.746366274652));
#3284 = CARTESIAN_POINT('',(12.448207489143,6.022241505291));
#3285 = CARTESIAN_POINT('',(12.451720466823,6.829087114131));
#3286 = CARTESIAN_POINT('',(12.444474615381,7.359692036825));
#3287 = CARTESIAN_POINT('',(12.427674738793,7.889685100587));
#3288 = CARTESIAN_POINT('',(12.401204096611,8.418923107819));
#3289 = CARTESIAN_POINT('',(12.364814198617,8.947221554001));
#3290 = CARTESIAN_POINT('',(12.318046199052,9.474344451166));
#3291 = CARTESIAN_POINT('',(12.260084482128,10.));
#3292 = ( GEOMETRIC_REPRESENTATION_CONTEXT(2) 
PARAMETRIC_REPRESENTATION_CONTEXT() REPRESENTATION_CONTEXT('2D SPACE',''
  ) );
#3293 = PCURVE('',#392,#3294);
#3294 = DEFINITIONAL_REPRESENTATION('',(#3295),#3322);
#3295 = B_SPLINE_CURVE_WITH_KNOTS('',7,(#3296,#3297,#3298,#3299,#3300,
    #3301,#3302,#3303,#3304,#3305,#3306,#3307,#3308,#3309,#3310,#3311,
    #3312,#3313,#3314,#3315,#3316,#3317,#3318,#3319,#3320,#3321),
  .UNSPECIFIED.,.F.,.F.,(8,6,6,6,8),(0.,0.146258959214,0.311832023896,
    0.547019618649,1.),.UNSPECIFIED.);
#3296 = CARTESIAN_POINT('',(3.704477170431,59.813595805863));
#3297 = CARTESIAN_POINT('',(3.713490078643,59.53708807733));
#3298 = CARTESIAN_POINT('',(3.722133065437,59.26054925742));
#3299 = CARTESIAN_POINT('',(3.730389132538,58.983963302474));
#3300 = CARTESIAN_POINT('',(3.738240774494,58.707314844319));
#3301 = CARTESIAN_POINT('',(3.745669943059,58.430589154377));
#3302 = CARTESIAN_POINT('',(3.75265801157,58.153772107794));
#3303 = CARTESIAN_POINT('',(3.766575480764,57.563359487686));
#3304 = CARTESIAN_POINT('',(3.776113322756,57.303435142271));
#3305 = CARTESIAN_POINT('',(3.764726620822,57.031451199422));
#3306 = CARTESIAN_POINT('',(3.801184413128,56.724088412871));
#3307 = CARTESIAN_POINT('',(3.777970761526,56.390401857073));
#3308 = CARTESIAN_POINT('',(3.79148955694,56.089801393924));
#3309 = CARTESIAN_POINT('',(3.815629027384,55.670495938121));
#3310 = CARTESIAN_POINT('',(3.829894226977,55.424222549704));
#3311 = CARTESIAN_POINT('',(3.844244335086,55.177756044595));
#3312 = CARTESIAN_POINT('',(3.858660727254,54.931106008114));
#3313 = CARTESIAN_POINT('',(3.873119769046,54.684281750737));
#3314 = CARTESIAN_POINT('',(3.887592460073,54.437292055547));
#3315 = CARTESIAN_POINT('',(3.929878451723,53.71413001831));
#3316 = CARTESIAN_POINT('',(3.957632918616,53.237546449814));
#3317 = CARTESIAN_POINT('',(3.985058782855,52.760430124845));
#3318 = CARTESIAN_POINT('',(4.011810224036,52.282829516372));
#3319 = CARTESIAN_POINT('',(4.037415024701,51.804785894824));
#3320 = CARTESIAN_POINT('',(4.061264368747,51.326326689422));
#3321 = CARTESIAN_POINT('',(4.082621710713,50.847471981702));
#3322 = ( GEOMETRIC_REPRESENTATION_CONTEXT(2) 
PARAMETRIC_REPRESENTATION_CONTEXT() REPRESENTATION_CONTEXT('2D SPACE',''
  ) );
#3323 = ORIENTED_EDGE('',*,*,#216,.T.);
#3324 = ORIENTED_EDGE('',*,*,#3207,.T.);
#3325 = FACE_BOUND('',#3326,.F.);
#3326 = EDGE_LOOP('',(#3327));
#3327 = ORIENTED_EDGE('',*,*,#3328,.T.);
#3328 = EDGE_CURVE('',#3329,#3329,#3331,.T.);
#3329 = VERTEX_POINT('',#3330);
#3330 = CARTESIAN_POINT('',(29.7,18.,24.));
#3331 = SURFACE_CURVE('',#3332,(#3337,#3348),.PCURVE_S1.);
#3332 = CIRCLE('',#3333,1.7);
#3333 = AXIS2_PLACEMENT_3D('',#3334,#3335,#3336);
#3334 = CARTESIAN_POINT('',(28.,18.,24.));
#3335 = DIRECTION('',(0.,0.,-1.));
#3336 = DIRECTION('',(1.,0.,0.));
#3337 = PCURVE('',#232,#3338);
#3338 = DEFINITIONAL_REPRESENTATION('',(#3339),#3347);
#3339 = ( BOUNDED_CURVE() B_SPLINE_CURVE(2,(#3340,#3341,#3342,#3343,
#3344,#3345,#3346),.UNSPECIFIED.,.T.,.F.) B_SPLINE_CURVE_WITH_KNOTS((1,2
    ,2,2,2,1),(-2.094395102393,0.,2.094395102393,4.188790204786,
6.28318530718,8.377580409573),.UNSPECIFIED.) CURVE() 
GEOMETRIC_REPRESENTATION_ITEM() RATIONAL_B_SPLINE_CURVE((1.,0.5,1.,0.5,
1.,0.5,1.)) REPRESENTATION_ITEM('') );
#3340 = CARTESIAN_POINT('',(17.7,5.));
#3341 = CARTESIAN_POINT('',(17.7,2.055513627133));
#3342 = CARTESIAN_POINT('',(15.15,3.527756813566));
#3343 = CARTESIAN_POINT('',(12.6,5.));
#3344 = CARTESIAN_POINT('',(15.15,6.472243186434));
#3345 = CARTESIAN_POINT('',(17.7,7.944486372867));
#3346 = CARTESIAN_POINT('',(17.7,5.));
#3347 = ( GEOMETRIC_REPRESENTATION_CONTEXT(2) 
PARAMETRIC_REPRESENTATION_CONTEXT() REPRESENTATION_CONTEXT('2D SPACE',''
  ) );
#3348 = PCURVE('',#2689,#3349);
#3349 = DEFINITIONAL_REPRESENTATION('',(#3350),#3354);
#3350 = LINE('',#3351,#3352);
#3351 = CARTESIAN_POINT('',(-6.28318530718,-1.));
#3352 = VECTOR('',#3353,1.);
#3353 = DIRECTION('',(1.,-0.));
#3354 = ( GEOMETRIC_REPRESENTATION_CONTEXT(2) 
PARAMETRIC_REPRESENTATION_CONTEXT() REPRESENTATION_CONTEXT('2D SPACE',''
  ) );
#3355 = ADVANCED_FACE('',(#3356),#392,.F.);
#3356 = FACE_BOUND('',#3357,.F.);
#3357 = EDGE_LOOP('',(#3358,#3359,#3360,#3361));
#3358 = ORIENTED_EDGE('',*,*,#244,.T.);
#3359 = ORIENTED_EDGE('',*,*,#3234,.T.);
#3360 = ORIENTED_EDGE('',*,*,#2775,.T.);
#3361 = ORIENTED_EDGE('',*,*,#3092,.T.);
#3362 = ADVANCED_FACE('',(#3363),#2654,.F.);
#3363 = FACE_BOUND('',#3364,.T.);
#3364 = EDGE_LOOP('',(#3365,#3366,#3387,#3388));
#3365 = ORIENTED_EDGE('',*,*,#3175,.T.);
#3366 = ORIENTED_EDGE('',*,*,#3367,.T.);
#3367 = EDGE_CURVE('',#3176,#2634,#3368,.T.);
#3368 = SEAM_CURVE('',#3369,(#3373,#3380),.PCURVE_S1.);
#3369 = LINE('',#3370,#3371);
#3370 = CARTESIAN_POINT('',(17.7,18.,23.));
#3371 = VECTOR('',#3372,1.);
#3372 = DIRECTION('',(0.,0.,1.));
#3373 = PCURVE('',#2654,#3374);
#3374 = DEFINITIONAL_REPRESENTATION('',(#3375),#3379);
#3375 = LINE('',#3376,#3377);
#3376 = CARTESIAN_POINT('',(-6.28318530718,0.));
#3377 = VECTOR('',#3378,1.);
#3378 = DIRECTION('',(-0.,-1.));
#3379 = ( GEOMETRIC_REPRESENTATION_CONTEXT(2) 
PARAMETRIC_REPRESENTATION_CONTEXT() REPRESENTATION_CONTEXT('2D SPACE',''
  ) );
#3380 = PCURVE('',#2654,#3381);
#3381 = DEFINITIONAL_REPRESENTATION('',(#3382),#3386);
#3382 = LINE('',#3383,#3384);
#3383 = CARTESIAN_POINT('',(-0.,0.));
#3384 = VECTOR('',#3385,1.);
#3385 = DIRECTION('',(-0.,-1.));
#3386 = ( GEOMETRIC_REPRESENTATION_CONTEXT(2) 
PARAMETRIC_REPRESENTATION_CONTEXT() REPRESENTATION_CONTEXT('2D SPACE',''
  ) );
#3387 = ORIENTED_EDGE('',*,*,#2633,.F.);
#3388 = ORIENTED_EDGE('',*,*,#3367,.F.);
#3389 = ADVANCED_FACE('',(#3390),#2689,.F.);
#3390 = FACE_BOUND('',#3391,.T.);
#3391 = EDGE_LOOP('',(#3392,#3393,#3414,#3415));
#3392 = ORIENTED_EDGE('',*,*,#3328,.T.);
#3393 = ORIENTED_EDGE('',*,*,#3394,.T.);
#3394 = EDGE_CURVE('',#3329,#2669,#3395,.T.);
#3395 = SEAM_CURVE('',#3396,(#3400,#3407),.PCURVE_S1.);
#3396 = LINE('',#3397,#3398);
#3397 = CARTESIAN_POINT('',(29.7,18.,23.));
#3398 = VECTOR('',#3399,1.);
#3399 = DIRECTION('',(0.,0.,1.));
#3400 = PCURVE('',#2689,#3401);
#3401 = DEFINITIONAL_REPRESENTATION('',(#3402),#3406);
#3402 = LINE('',#3403,#3404);
#3403 = CARTESIAN_POINT('',(-6.28318530718,0.));
#3404 = VECTOR('',#3405,1.);
#3405 = DIRECTION('',(-0.,-1.));
#3406 = ( GEOMETRIC_REPRESENTATION_CONTEXT(2) 
PARAMETRIC_REPRESENTATION_CONTEXT() REPRESENTATION_CONTEXT('2D SPACE',''
  ) );
#3407 = PCURVE('',#2689,#3408);
#3408 = DEFINITIONAL_REPRESENTATION('',(#3409),#3413);
#3409 = LINE('',#3410,#3411);
#3410 = CARTESIAN_POINT('',(-0.,0.));
#3411 = VECTOR('',#3412,1.);
#3412 = DIRECTION('',(-0.,-1.));
#3413 = ( GEOMETRIC_REPRESENTATION_CONTEXT(2) 
PARAMETRIC_REPRESENTATION_CONTEXT() REPRESENTATION_CONTEXT('2D SPACE',''
  ) );
#3414 = ORIENTED_EDGE('',*,*,#2668,.F.);
#3415 = ORIENTED_EDGE('',*,*,#3394,.F.);
#3416 = ( GEOMETRIC_REPRESENTATION_CONTEXT(3) 
GLOBAL_UNCERTAINTY_ASSIGNED_CONTEXT((#3420)) 
GLOBAL_UNIT_ASSIGNED_CONTEXT((#3417,#3418,#3419)) REPRESENTATION_CONTEXT
('Context #1','3D Context with UNIT and UNCERTAINTY') );
#3417 = ( LENGTH_UNIT() NAMED_UNIT(*) SI_UNIT(.MILLI.,.METRE.) );
#3418 = ( NAMED_UNIT(*) PLANE_ANGLE_UNIT() SI_UNIT($,.RADIAN.) );
#3419 = ( NAMED_UNIT(*) SI_UNIT($,.STERADIAN.) SOLID_ANGLE_UNIT() );
#3420 = UNCERTAINTY_MEASURE_WITH_UNIT(LENGTH_MEASURE(1.E-03),#3417,
  'distance_accuracy_value','confusion accuracy');
#3421 = PRODUCT_RELATED_PRODUCT_CATEGORY('part',$,(#7));
ENDSEC;
END-ISO-10303-21;
