ISO-10303-21;
HEADER;
FILE_DESCRIPTION(('Open CASCADE Model'),'2;1');
FILE_NAME('Open CASCADE Shape Model','2026-09-07T13:22:18',('Author'),(
    'Open CASCADE'),'Open CASCADE STEP processor 7.9','Open CASCADE 7.9'
  ,'Unknown');
FILE_SCHEMA(('AUTOMOTIVE_DESIGN { 1 0 10303 214 1 1 1 1 }'));
ENDSEC;
DATA;
#1 = APPLICATION_PROTOCOL_DEFINITION('international standard',
  'automotive_design',2000,#2);
#2 = APPLICATION_CONTEXT(
  'core data for automotive mechanical design processes');
#3 = SHAPE_DEFINITION_REPRESENTATION(#4,#10);
#4 = PRODUCT_DEFINITION_SHAPE('','',#5);
#5 = PRODUCT_DEFINITION('design','',#6,#9);
#6 = PRODUCT_DEFINITION_FORMATION('','',#7);
#7 = PRODUCT('Open CASCADE STEP translator 7.9 17',
  'Open CASCADE STEP translator 7.9 17','',(#8));
#8 = PRODUCT_CONTEXT('',#2,'mechanical');
#9 = PRODUCT_DEFINITION_CONTEXT('part definition',#2,'design');
#10 = ADVANCED_BREP_SHAPE_REPRESENTATION('',(#11,#15),#3221);
#11 = AXIS2_PLACEMENT_3D('',#12,#13,#14);
#12 = CARTESIAN_POINT('',(0.,0.,0.));
#13 = DIRECTION('',(0.,0.,1.));
#14 = DIRECTION('',(1.,0.,-0.));
#15 = MANIFOLD_SOLID_BREP('',#16);
#16 = CLOSED_SHELL('',(#17,#137,#2478,#2664,#2861,#2953,#2980,#3160,
    #3167,#3194));
#17 = ADVANCED_FACE('',(#18),#32,.F.);
#18 = FACE_BOUND('',#19,.F.);
#19 = EDGE_LOOP('',(#20,#55,#83,#111));
#20 = ORIENTED_EDGE('',*,*,#21,.F.);
#21 = EDGE_CURVE('',#22,#24,#26,.T.);
#22 = VERTEX_POINT('',#23);
#23 = CARTESIAN_POINT('',(12.,10.,19.));
#24 = VERTEX_POINT('',#25);
#25 = CARTESIAN_POINT('',(12.,10.,24.));
#26 = SURFACE_CURVE('',#27,(#31,#43),.PCURVE_S1.);
#27 = LINE('',#28,#29);
#28 = CARTESIAN_POINT('',(12.,10.,19.));
#29 = VECTOR('',#30,1.);
#30 = DIRECTION('',(0.,0.,1.));
#31 = PCURVE('',#32,#37);
#32 = PLANE('',#33);
#33 = AXIS2_PLACEMENT_3D('',#34,#35,#36);
#34 = CARTESIAN_POINT('',(12.,10.,19.));
#35 = DIRECTION('',(1.,0.,0.));
#36 = DIRECTION('',(0.,0.,1.));
#37 = DEFINITIONAL_REPRESENTATION('',(#38),#42);
#38 = LINE('',#39,#40);
#39 = CARTESIAN_POINT('',(0.,0.));
#40 = VECTOR('',#41,1.);
#41 = DIRECTION('',(1.,0.));
#42 = ( GEOMETRIC_REPRESENTATION_CONTEXT(2) 
PARAMETRIC_REPRESENTATION_CONTEXT() REPRESENTATION_CONTEXT('2D SPACE',''
  ) );
#43 = PCURVE('',#44,#49);
#44 = PLANE('',#45);
#45 = AXIS2_PLACEMENT_3D('',#46,#47,#48);
#46 = CARTESIAN_POINT('',(12.,10.,19.));
#47 = DIRECTION('',(0.,1.,0.));
#48 = DIRECTION('',(0.,0.,1.));
#49 = DEFINITIONAL_REPRESENTATION('',(#50),#54);
#50 = LINE('',#51,#52);
#51 = CARTESIAN_POINT('',(0.,0.));
#52 = VECTOR('',#53,1.);
#53 = DIRECTION('',(1.,0.));
#54 = ( GEOMETRIC_REPRESENTATION_CONTEXT(2) 
PARAMETRIC_REPRESENTATION_CONTEXT() REPRESENTATION_CONTEXT('2D SPACE',''
  ) );
#55 = ORIENTED_EDGE('',*,*,#56,.T.);
#56 = EDGE_CURVE('',#22,#57,#59,.T.);
#57 = VERTEX_POINT('',#58);
#58 = CARTESIAN_POINT('',(12.,26.,19.));
#59 = SURFACE_CURVE('',#60,(#64,#71),.PCURVE_S1.);
#60 = LINE('',#61,#62);
#61 = CARTESIAN_POINT('',(12.,10.,19.));
#62 = VECTOR('',#63,1.);
#63 = DIRECTION('',(0.,1.,0.));
#64 = PCURVE('',#32,#65);
#65 = DEFINITIONAL_REPRESENTATION('',(#66),#70);
#66 = LINE('',#67,#68);
#67 = CARTESIAN_POINT('',(0.,0.));
#68 = VECTOR('',#69,1.);
#69 = DIRECTION('',(0.,-1.));
#70 = ( GEOMETRIC_REPRESENTATION_CONTEXT(2) 
PARAMETRIC_REPRESENTATION_CONTEXT() REPRESENTATION_CONTEXT('2D SPACE',''
  ) );
#71 = PCURVE('',#72,#77);
#72 = PLANE('',#73);
#73 = AXIS2_PLACEMENT_3D('',#74,#75,#76);
#74 = CARTESIAN_POINT('',(12.,10.,19.));
#75 = DIRECTION('',(0.,0.,1.));
#76 = DIRECTION('',(1.,0.,0.));
#77 = DEFINITIONAL_REPRESENTATION('',(#78),#82);
#78 = LINE('',#79,#80);
#79 = CARTESIAN_POINT('',(0.,0.));
#80 = VECTOR('',#81,1.);
#81 = DIRECTION('',(0.,1.));
#82 = ( GEOMETRIC_REPRESENTATION_CONTEXT(2) 
PARAMETRIC_REPRESENTATION_CONTEXT() REPRESENTATION_CONTEXT('2D SPACE',''
  ) );
#83 = ORIENTED_EDGE('',*,*,#84,.T.);
#84 = EDGE_CURVE('',#57,#85,#87,.T.);
#85 = VERTEX_POINT('',#86);
#86 = CARTESIAN_POINT('',(12.,26.,24.));
#87 = SURFACE_CURVE('',#88,(#92,#99),.PCURVE_S1.);
#88 = LINE('',#89,#90);
#89 = CARTESIAN_POINT('',(12.,26.,19.));
#90 = VECTOR('',#91,1.);
#91 = DIRECTION('',(0.,0.,1.));
#92 = PCURVE('',#32,#93);
#93 = DEFINITIONAL_REPRESENTATION('',(#94),#98);
#94 = LINE('',#95,#96);
#95 = CARTESIAN_POINT('',(0.,-16.));
#96 = VECTOR('',#97,1.);
#97 = DIRECTION('',(1.,0.));
#98 = ( GEOMETRIC_REPRESENTATION_CONTEXT(2) 
PARAMETRIC_REPRESENTATION_CONTEXT() REPRESENTATION_CONTEXT('2D SPACE',''
  ) );
#99 = PCURVE('',#100,#105);
#100 = PLANE('',#101);
#101 = AXIS2_PLACEMENT_3D('',#102,#103,#104);
#102 = CARTESIAN_POINT('',(12.,26.,19.));
#103 = DIRECTION('',(0.,1.,0.));
#104 = DIRECTION('',(0.,0.,1.));
#105 = DEFINITIONAL_REPRESENTATION('',(#106),#110);
#106 = LINE('',#107,#108);
#107 = CARTESIAN_POINT('',(0.,0.));
#108 = VECTOR('',#109,1.);
#109 = DIRECTION('',(1.,0.));
#110 = ( GEOMETRIC_REPRESENTATION_CONTEXT(2) 
PARAMETRIC_REPRESENTATION_CONTEXT() REPRESENTATION_CONTEXT('2D SPACE',''
  ) );
#111 = ORIENTED_EDGE('',*,*,#112,.F.);
#112 = EDGE_CURVE('',#24,#85,#113,.T.);
#113 = SURFACE_CURVE('',#114,(#118,#125),.PCURVE_S1.);
#114 = LINE('',#115,#116);
#115 = CARTESIAN_POINT('',(12.,10.,24.));
#116 = VECTOR('',#117,1.);
#117 = DIRECTION('',(0.,1.,0.));
#118 = PCURVE('',#32,#119);
#119 = DEFINITIONAL_REPRESENTATION('',(#120),#124);
#120 = LINE('',#121,#122);
#121 = CARTESIAN_POINT('',(5.,0.));
#122 = VECTOR('',#123,1.);
#123 = DIRECTION('',(0.,-1.));
#124 = ( GEOMETRIC_REPRESENTATION_CONTEXT(2) 
PARAMETRIC_REPRESENTATION_CONTEXT() REPRESENTATION_CONTEXT('2D SPACE',''
  ) );
#125 = PCURVE('',#126,#131);
#126 = PLANE('',#127);
#127 = AXIS2_PLACEMENT_3D('',#128,#129,#130);
#128 = CARTESIAN_POINT('',(12.,10.,24.));
#129 = DIRECTION('',(0.,0.,1.));
#130 = DIRECTION('',(1.,0.,0.));
#131 = DEFINITIONAL_REPRESENTATION('',(#132),#136);
#132 = LINE('',#133,#134);
#133 = CARTESIAN_POINT('',(0.,0.));
#134 = VECTOR('',#135,1.);
#135 = DIRECTION('',(0.,1.));
#136 = ( GEOMETRIC_REPRESENTATION_CONTEXT(2) 
PARAMETRIC_REPRESENTATION_CONTEXT() REPRESENTATION_CONTEXT('2D SPACE',''
  ) );
#137 = ADVANCED_FACE('',(#138),#44,.F.);
#138 = FACE_BOUND('',#139,.F.);
#139 = EDGE_LOOP('',(#140,#170,#191,#192,#215,#2452));
#140 = ORIENTED_EDGE('',*,*,#141,.F.);
#141 = EDGE_CURVE('',#142,#144,#146,.T.);
#142 = VERTEX_POINT('',#143);
#143 = CARTESIAN_POINT('',(32.,10.,19.));
#144 = VERTEX_POINT('',#145);
#145 = CARTESIAN_POINT('',(32.,10.,24.));
#146 = SURFACE_CURVE('',#147,(#151,#158),.PCURVE_S1.);
#147 = LINE('',#148,#149);
#148 = CARTESIAN_POINT('',(32.,10.,19.));
#149 = VECTOR('',#150,1.);
#150 = DIRECTION('',(0.,0.,1.));
#151 = PCURVE('',#44,#152);
#152 = DEFINITIONAL_REPRESENTATION('',(#153),#157);
#153 = LINE('',#154,#155);
#154 = CARTESIAN_POINT('',(0.,20.));
#155 = VECTOR('',#156,1.);
#156 = DIRECTION('',(1.,0.));
#157 = ( GEOMETRIC_REPRESENTATION_CONTEXT(2) 
PARAMETRIC_REPRESENTATION_CONTEXT() REPRESENTATION_CONTEXT('2D SPACE',''
  ) );
#158 = PCURVE('',#159,#164);
#159 = PLANE('',#160);
#160 = AXIS2_PLACEMENT_3D('',#161,#162,#163);
#161 = CARTESIAN_POINT('',(32.,10.,19.));
#162 = DIRECTION('',(1.,0.,0.));
#163 = DIRECTION('',(0.,0.,1.));
#164 = DEFINITIONAL_REPRESENTATION('',(#165),#169);
#165 = LINE('',#166,#167);
#166 = CARTESIAN_POINT('',(0.,0.));
#167 = VECTOR('',#168,1.);
#168 = DIRECTION('',(1.,0.));
#169 = ( GEOMETRIC_REPRESENTATION_CONTEXT(2) 
PARAMETRIC_REPRESENTATION_CONTEXT() REPRESENTATION_CONTEXT('2D SPACE',''
  ) );
#170 = ORIENTED_EDGE('',*,*,#171,.F.);
#171 = EDGE_CURVE('',#22,#142,#172,.T.);
#172 = SURFACE_CURVE('',#173,(#177,#184),.PCURVE_S1.);
#173 = LINE('',#174,#175);
#174 = CARTESIAN_POINT('',(12.,10.,19.));
#175 = VECTOR('',#176,1.);
#176 = DIRECTION('',(1.,0.,0.));
#177 = PCURVE('',#44,#178);
#178 = DEFINITIONAL_REPRESENTATION('',(#179),#183);
#179 = LINE('',#180,#181);
#180 = CARTESIAN_POINT('',(0.,0.));
#181 = VECTOR('',#182,1.);
#182 = DIRECTION('',(0.,1.));
#183 = ( GEOMETRIC_REPRESENTATION_CONTEXT(2) 
PARAMETRIC_REPRESENTATION_CONTEXT() REPRESENTATION_CONTEXT('2D SPACE',''
  ) );
#184 = PCURVE('',#72,#185);
#185 = DEFINITIONAL_REPRESENTATION('',(#186),#190);
#186 = LINE('',#187,#188);
#187 = CARTESIAN_POINT('',(0.,0.));
#188 = VECTOR('',#189,1.);
#189 = DIRECTION('',(1.,0.));
#190 = ( GEOMETRIC_REPRESENTATION_CONTEXT(2) 
PARAMETRIC_REPRESENTATION_CONTEXT() REPRESENTATION_CONTEXT('2D SPACE',''
  ) );
#191 = ORIENTED_EDGE('',*,*,#21,.T.);
#192 = ORIENTED_EDGE('',*,*,#193,.T.);
#193 = EDGE_CURVE('',#24,#194,#196,.T.);
#194 = VERTEX_POINT('',#195);
#195 = CARTESIAN_POINT('',(18.155149099276,10.,24.));
#196 = SURFACE_CURVE('',#197,(#201,#208),.PCURVE_S1.);
#197 = LINE('',#198,#199);
#198 = CARTESIAN_POINT('',(12.,10.,24.));
#199 = VECTOR('',#200,1.);
#200 = DIRECTION('',(1.,0.,0.));
#201 = PCURVE('',#44,#202);
#202 = DEFINITIONAL_REPRESENTATION('',(#203),#207);
#203 = LINE('',#204,#205);
#204 = CARTESIAN_POINT('',(5.,0.));
#205 = VECTOR('',#206,1.);
#206 = DIRECTION('',(0.,1.));
#207 = ( GEOMETRIC_REPRESENTATION_CONTEXT(2) 
PARAMETRIC_REPRESENTATION_CONTEXT() REPRESENTATION_CONTEXT('2D SPACE',''
  ) );
#208 = PCURVE('',#126,#209);
#209 = DEFINITIONAL_REPRESENTATION('',(#210),#214);
#210 = LINE('',#211,#212);
#211 = CARTESIAN_POINT('',(0.,0.));
#212 = VECTOR('',#213,1.);
#213 = DIRECTION('',(1.,0.));
#214 = ( GEOMETRIC_REPRESENTATION_CONTEXT(2) 
PARAMETRIC_REPRESENTATION_CONTEXT() REPRESENTATION_CONTEXT('2D SPACE',''
  ) );
#215 = ORIENTED_EDGE('',*,*,#216,.F.);
#216 = EDGE_CURVE('',#217,#194,#219,.T.);
#217 = VERTEX_POINT('',#218);
#218 = CARTESIAN_POINT('',(23.159250930376,10.,24.));
#219 = SURFACE_CURVE('',#220,(#271,#325),.PCURVE_S1.);
#220 = B_SPLINE_CURVE_WITH_KNOTS('',7,(#221,#222,#223,#224,#225,#226,
    #227,#228,#229,#230,#231,#232,#233,#234,#235,#236,#237,#238,#239,
    #240,#241,#242,#243,#244,#245,#246,#247,#248,#249,#250,#251,#252,
    #253,#254,#255,#256,#257,#258,#259,#260,#261,#262,#263,#264,#265,
    #266,#267,#268,#269,#270),.UNSPECIFIED.,.F.,.F.,(8,6,6,6,6,6,6,6,8),
  (0.,0.251984547468,0.373667450729,0.452619713572,0.623325630197,
    0.762386384413,0.815455067125,0.8890444891,1.),.UNSPECIFIED.);
#221 = CARTESIAN_POINT('',(23.159250930376,10.,24.));
#222 = CARTESIAN_POINT('',(23.063824980531,10.,23.77487528995));
#223 = CARTESIAN_POINT('',(22.945013710386,10.,23.560683267007));
#224 = CARTESIAN_POINT('',(22.804762616383,10.,23.360888201865));
#225 = CARTESIAN_POINT('',(22.645640085206,10.,23.178049013737));
#226 = CARTESIAN_POINT('',(22.470424830932,10.,23.014101636209));
#227 = CARTESIAN_POINT('',(22.282048672609,10.,22.870404440194));
#228 = CARTESIAN_POINT('',(21.987626212182,10.,22.688562112227));
#229 = CARTESIAN_POINT('',(21.889346098422,10.,22.634240121963));
#230 = CARTESIAN_POINT('',(21.788976649834,10.,22.584897186236));
#231 = CARTESIAN_POINT('',(21.686824086362,10.,22.540590770639));
#232 = CARTESIAN_POINT('',(21.583185594277,10.,22.501354772093));
#233 = CARTESIAN_POINT('',(21.478347675956,10.,22.467203500897));
#234 = CARTESIAN_POINT('',(21.303961530676,10.,22.419275399479));
#235 = CARTESIAN_POINT('',(21.234948961332,10.,22.402555337389));
#236 = CARTESIAN_POINT('',(21.165621505533,10.,22.387974598995));
#237 = CARTESIAN_POINT('',(21.096051895967,10.,22.375530128023));
#238 = CARTESIAN_POINT('',(21.0263108841,10.,22.365216689436));
#239 = CARTESIAN_POINT('',(20.956467240172,10.,22.357026869439));
#240 = CARTESIAN_POINT('',(20.735498456357,10.,22.337814352864));
#241 = CARTESIAN_POINT('',(20.584249160944,10.,22.334561667289));
#242 = CARTESIAN_POINT('',(20.433503861203,10.,22.341098193926));
#243 = CARTESIAN_POINT('',(20.283896179808,10.,22.357296903284));
#244 = CARTESIAN_POINT('',(20.136031391686,10.,22.383007097065));
#245 = CARTESIAN_POINT('',(19.990488447827,10.,22.418062944022));
#246 = CARTESIAN_POINT('',(19.731602805586,10.,22.498321980113));
#247 = CARTESIAN_POINT('',(19.617298778018,10.,22.540437486863));
#248 = CARTESIAN_POINT('',(19.505209609862,10.,22.58854515222));
#249 = CARTESIAN_POINT('',(19.395636412045,10.,22.642545156281));
#250 = CARTESIAN_POINT('',(19.28888215527,10.,22.702330840416));
#251 = CARTESIAN_POINT('',(19.185252112319,10.,22.767788304595));
#252 = CARTESIAN_POINT('',(19.046816582454,10.,22.865894125469));
#253 = CARTESIAN_POINT('',(19.00907918356,10.,22.893800231393));
#254 = CARTESIAN_POINT('',(18.971859477544,10.,22.922507415161));
#255 = CARTESIAN_POINT('',(18.935175059372,10.,22.952008414146));
#256 = CARTESIAN_POINT('',(18.899043745107,10.,22.982295610436));
#257 = CARTESIAN_POINT('',(18.863483571911,10.,23.013361030827));
#258 = CARTESIAN_POINT('',(18.780019432402,10.,23.089341827424));
#259 = CARTESIAN_POINT('',(18.732659464394,10.,23.134967433565));
#260 = CARTESIAN_POINT('',(18.686481678266,10.,23.182051229721));
#261 = CARTESIAN_POINT('',(18.641535827208,10.,23.230568986133));
#262 = CARTESIAN_POINT('',(18.59787263336,10.,23.280494178813));
#263 = CARTESIAN_POINT('',(18.555543787807,10.,23.331797989544));
#264 = CARTESIAN_POINT('',(18.45287130582,10.,23.463835086426));
#265 = CARTESIAN_POINT('',(18.39429419534,10.,23.546283292724));
#266 = CARTESIAN_POINT('',(18.339050124978,10.,23.63168582615));
#267 = CARTESIAN_POINT('',(18.287325427093,10.,23.719917231893));
#268 = CARTESIAN_POINT('',(18.239309251498,10.,23.81083137552));
#269 = CARTESIAN_POINT('',(18.19518955639,10.,23.904258119546));
#270 = CARTESIAN_POINT('',(18.155149099276,10.,24.));
#271 = PCURVE('',#44,#272);
#272 = DEFINITIONAL_REPRESENTATION('',(#273),#324);
#273 = B_SPLINE_CURVE_WITH_KNOTS('',7,(#274,#275,#276,#277,#278,#279,
    #280,#281,#282,#283,#284,#285,#286,#287,#288,#289,#290,#291,#292,
    #293,#294,#295,#296,#297,#298,#299,#300,#301,#302,#303,#304,#305,
    #306,#307,#308,#309,#310,#311,#312,#313,#314,#315,#316,#317,#318,
    #319,#320,#321,#322,#323),.UNSPECIFIED.,.F.,.F.,(8,6,6,6,6,6,6,6,8),
  (0.,0.251984547468,0.373667450729,0.452619713572,0.623325630197,
    0.762386384413,0.815455067125,0.8890444891,1.),.UNSPECIFIED.);
#274 = CARTESIAN_POINT('',(5.,11.159250930376));
#275 = CARTESIAN_POINT('',(4.77487528995,11.063824980531));
#276 = CARTESIAN_POINT('',(4.560683267007,10.945013710386));
#277 = CARTESIAN_POINT('',(4.360888201865,10.804762616383));
#278 = CARTESIAN_POINT('',(4.178049013737,10.645640085206));
#279 = CARTESIAN_POINT('',(4.014101636209,10.470424830932));
#280 = CARTESIAN_POINT('',(3.870404440194,10.282048672609));
#281 = CARTESIAN_POINT('',(3.688562112227,9.987626212182));
#282 = CARTESIAN_POINT('',(3.634240121963,9.889346098422));
#283 = CARTESIAN_POINT('',(3.584897186236,9.788976649834));
#284 = CARTESIAN_POINT('',(3.540590770639,9.686824086362));
#285 = CARTESIAN_POINT('',(3.501354772093,9.583185594277));
#286 = CARTESIAN_POINT('',(3.467203500897,9.478347675956));
#287 = CARTESIAN_POINT('',(3.419275399479,9.303961530676));
#288 = CARTESIAN_POINT('',(3.402555337389,9.234948961332));
#289 = CARTESIAN_POINT('',(3.387974598995,9.165621505533));
#290 = CARTESIAN_POINT('',(3.375530128023,9.096051895967));
#291 = CARTESIAN_POINT('',(3.365216689436,9.0263108841));
#292 = CARTESIAN_POINT('',(3.357026869439,8.956467240172));
#293 = CARTESIAN_POINT('',(3.337814352864,8.735498456357));
#294 = CARTESIAN_POINT('',(3.334561667289,8.584249160944));
#295 = CARTESIAN_POINT('',(3.341098193926,8.433503861203));
#296 = CARTESIAN_POINT('',(3.357296903284,8.283896179808));
#297 = CARTESIAN_POINT('',(3.383007097065,8.136031391686));
#298 = CARTESIAN_POINT('',(3.418062944022,7.990488447827));
#299 = CARTESIAN_POINT('',(3.498321980113,7.731602805586));
#300 = CARTESIAN_POINT('',(3.540437486863,7.617298778018));
#301 = CARTESIAN_POINT('',(3.58854515222,7.505209609862));
#302 = CARTESIAN_POINT('',(3.642545156281,7.395636412045));
#303 = CARTESIAN_POINT('',(3.702330840416,7.28888215527));
#304 = CARTESIAN_POINT('',(3.767788304595,7.185252112319));
#305 = CARTESIAN_POINT('',(3.865894125469,7.046816582454));
#306 = CARTESIAN_POINT('',(3.893800231393,7.00907918356));
#307 = CARTESIAN_POINT('',(3.922507415161,6.971859477544));
#308 = CARTESIAN_POINT('',(3.952008414146,6.935175059372));
#309 = CARTESIAN_POINT('',(3.982295610436,6.899043745107));
#310 = CARTESIAN_POINT('',(4.013361030827,6.863483571911));
#311 = CARTESIAN_POINT('',(4.089341827424,6.780019432402));
#312 = CARTESIAN_POINT('',(4.134967433565,6.732659464394));
#313 = CARTESIAN_POINT('',(4.182051229721,6.686481678266));
#314 = CARTESIAN_POINT('',(4.230568986133,6.641535827208));
#315 = CARTESIAN_POINT('',(4.280494178813,6.59787263336));
#316 = CARTESIAN_POINT('',(4.331797989544,6.555543787807));
#317 = CARTESIAN_POINT('',(4.463835086426,6.45287130582));
#318 = CARTESIAN_POINT('',(4.546283292724,6.39429419534));
#319 = CARTESIAN_POINT('',(4.63168582615,6.339050124978));
#320 = CARTESIAN_POINT('',(4.719917231893,6.287325427093));
#321 = CARTESIAN_POINT('',(4.81083137552,6.239309251498));
#322 = CARTESIAN_POINT('',(4.904258119546,6.19518955639));
#323 = CARTESIAN_POINT('',(5.,6.155149099276));
#324 = ( GEOMETRIC_REPRESENTATION_CONTEXT(2) 
PARAMETRIC_REPRESENTATION_CONTEXT() REPRESENTATION_CONTEXT('2D SPACE',''
  ) );
#325 = PCURVE('',#326,#2399);
#326 = ( BOUNDED_SURFACE() B_SPLINE_SURFACE(6,11,(
    (#327,#328,#329,#330,#331,#332,#333,#334,#335,#336,#337,#338,#339
      ,#340,#341,#342,#343,#344,#345,#346,#347,#348,#349,#350,#351,#352
      ,#353,#354,#355,#356,#357,#358,#359,#360,#361,#362,#363,#364,#365
      ,#366,#367,#368,#369,#370,#371,#372,#373,#374,#375,#376,#377,#378
      ,#379,#380,#381,#382,#383,#384,#385,#386,#387,#388,#389,#390,#391
      ,#392,#393,#394,#395,#396,#397,#398,#399,#400,#401,#402,#403,#404
      ,#405,#406,#407,#408,#409,#410,#411,#412,#413,#414,#415,#416,#417
      ,#418,#419,#420,#421,#422,#423,#424,#425,#426,#427,#428,#429,#430
      ,#431,#432,#433,#434,#435,#436,#437,#438,#439,#440,#441,#442,#443
      ,#444,#445,#446,#447,#448,#449,#450,#451,#452,#453,#454,#455,#456
      ,#457,#458,#459,#460,#461,#462,#463,#464,#465,#466,#467,#468,#469
      ,#470,#471,#472,#473,#474,#475,#476,#477,#478,#479,#480,#481,#482
      ,#483,#484,#485,#486,#487,#488,#489,#490,#491,#492,#493,#494,#495
      ,#496,#497,#498,#499,#500,#501,#502,#503,#504,#505,#506,#507,#508
      ,#509,#510,#511,#512,#513,#514,#515,#516,#517,#518,#519,#520,#521
      ,#522,#523,#524,#525,#526,#527,#528,#529,#530,#531,#532,#533,#534
      ,#535,#536,#537,#538,#539,#540,#541,#542,#543,#544,#545,#546,#547
      ,#548,#549,#550,#551,#552,#553,#554,#555,#556,#557,#558,#559,#560
      ,#561,#562,#563,#564,#565,#566,#567,#568,#569,#570,#571,#572,#573
      ,#574,#575,#576,#577,#578,#579,#580,#581,#582,#583,#584,#585,#586
      ,#587,#588,#589,#590,#591,#592,#593,#594,#595,#596,#597,#598,#599
      ,#600,#601,#602,#603,#604,#605,#606,#607,#608,#609,#610,#611,#612
      ,#613,#614,#615,#616,#617,#618,#619,#620,#621,#622)
    ,(#623,#624,#625,#626,#627,#628,#629,#630,#631,#632,#633,#634,#635
      ,#636,#637,#638,#639,#640,#641,#642,#643,#644,#645,#646,#647,#648
      ,#649,#650,#651,#652,#653,#654,#655,#656,#657,#658,#659,#660,#661
      ,#662,#663,#664,#665,#666,#667,#668,#669,#670,#671,#672,#673,#674
      ,#675,#676,#677,#678,#679,#680,#681,#682,#683,#684,#685,#686,#687
      ,#688,#689,#690,#691,#692,#693,#694,#695,#696,#697,#698,#699,#700
      ,#701,#702,#703,#704,#705,#706,#707,#708,#709,#710,#711,#712,#713
      ,#714,#715,#716,#717,#718,#719,#720,#721,#722,#723,#724,#725,#726
      ,#727,#728,#729,#730,#731,#732,#733,#734,#735,#736,#737,#738,#739
      ,#740,#741,#742,#743,#744,#745,#746,#747,#748,#749,#750,#751,#752
      ,#753,#754,#755,#756,#757,#758,#759,#760,#761,#762,#763,#764,#765
      ,#766,#767,#768,#769,#770,#771,#772,#773,#774,#775,#776,#777,#778
      ,#779,#780,#781,#782,#783,#784,#785,#786,#787,#788,#789,#790,#791
      ,#792,#793,#794,#795,#796,#797,#798,#799,#800,#801,#802,#803,#804
      ,#805,#806,#807,#808,#809,#810,#811,#812,#813,#814,#815,#816,#817
      ,#818,#819,#820,#821,#822,#823,#824,#825,#826,#827,#828,#829,#830
      ,#831,#832,#833,#834,#835,#836,#837,#838,#839,#840,#841,#842,#843
      ,#844,#845,#846,#847,#848,#849,#850,#851,#852,#853,#854,#855,#856
      ,#857,#858,#859,#860,#861,#862,#863,#864,#865,#866,#867,#868,#869
      ,#870,#871,#872,#873,#874,#875,#876,#877,#878,#879,#880,#881,#882
      ,#883,#884,#885,#886,#887,#888,#889,#890,#891,#892,#893,#894,#895
      ,#896,#897,#898,#899,#900,#901,#902,#903,#904,#905,#906,#907,#908
      ,#909,#910,#911,#912,#913,#914,#915,#916,#917,#918)
    ,(#919,#920,#921,#922,#923,#924,#925,#926,#927,#928,#929,#930,#931
      ,#932,#933,#934,#935,#936,#937,#938,#939,#940,#941,#942,#943,#944
      ,#945,#946,#947,#948,#949,#950,#951,#952,#953,#954,#955,#956,#957
      ,#958,#959,#960,#961,#962,#963,#964,#965,#966,#967,#968,#969,#970
      ,#971,#972,#973,#974,#975,#976,#977,#978,#979,#980,#981,#982,#983
      ,#984,#985,#986,#987,#988,#989,#990,#991,#992,#993,#994,#995,#996
      ,#997,#998,#999,#1000,#1001,#1002,#1003,#1004,#1005,#1006,#1007
      ,#1008,#1009,#1010,#1011,#1012,#1013,#1014,#1015,#1016,#1017,#1018
      ,#1019,#1020,#1021,#1022,#1023,#1024,#1025,#1026,#1027,#1028,#1029
      ,#1030,#1031,#1032,#1033,#1034,#1035,#1036,#1037,#1038,#1039,#1040
      ,#1041,#1042,#1043,#1044,#1045,#1046,#1047,#1048,#1049,#1050,#1051
      ,#1052,#1053,#1054,#1055,#1056,#1057,#1058,#1059,#1060,#1061,#1062
      ,#1063,#1064,#1065,#1066,#1067,#1068,#1069,#1070,#1071,#1072,#1073
      ,#1074,#1075,#1076,#1077,#1078,#1079,#1080,#1081,#1082,#1083,#1084
      ,#1085,#1086,#1087,#1088,#1089,#1090,#1091,#1092,#1093,#1094,#1095
      ,#1096,#1097,#1098,#1099,#1100,#1101,#1102,#1103,#1104,#1105,#1106
      ,#1107,#1108,#1109,#1110,#1111,#1112,#1113,#1114,#1115,#1116,#1117
      ,#1118,#1119,#1120,#1121,#1122,#1123,#1124,#1125,#1126,#1127,#1128
      ,#1129,#1130,#1131,#1132,#1133,#1134,#1135,#1136,#1137,#1138,#1139
      ,#1140,#1141,#1142,#1143,#1144,#1145,#1146,#1147,#1148,#1149,#1150
      ,#1151,#1152,#1153,#1154,#1155,#1156,#1157,#1158,#1159,#1160,#1161
      ,#1162,#1163,#1164,#1165,#1166,#1167,#1168,#1169,#1170,#1171,#1172
      ,#1173,#1174,#1175,#1176,#1177,#1178,#1179,#1180,#1181,#1182,#1183
      ,#1184,#1185,#1186,#1187,#1188,#1189,#1190,#1191,#1192,#1193,#1194
      ,#1195,#1196,#1197,#1198,#1199,#1200,#1201,#1202,#1203,#1204,#1205
      ,#1206,#1207,#1208,#1209,#1210,#1211,#1212,#1213,#1214)
    ,(#1215,#1216,#1217,#1218,#1219,#1220,#1221,#1222,#1223,#1224,#1225
      ,#1226,#1227,#1228,#1229,#1230,#1231,#1232,#1233,#1234,#1235,#1236
      ,#1237,#1238,#1239,#1240,#1241,#1242,#1243,#1244,#1245,#1246,#1247
      ,#1248,#1249,#1250,#1251,#1252,#1253,#1254,#1255,#1256,#1257,#1258
      ,#1259,#1260,#1261,#1262,#1263,#1264,#1265,#1266,#1267,#1268,#1269
      ,#1270,#1271,#1272,#1273,#1274,#1275,#1276,#1277,#1278,#1279,#1280
      ,#1281,#1282,#1283,#1284,#1285,#1286,#1287,#1288,#1289,#1290,#1291
      ,#1292,#1293,#1294,#1295,#1296,#1297,#1298,#1299,#1300,#1301,#1302
      ,#1303,#1304,#1305,#1306,#1307,#1308,#1309,#1310,#1311,#1312,#1313
      ,#1314,#1315,#1316,#1317,#1318,#1319,#1320,#1321,#1322,#1323,#1324
      ,#1325,#1326,#1327,#1328,#1329,#1330,#1331,#1332,#1333,#1334,#1335
      ,#1336,#1337,#1338,#1339,#1340,#1341,#1342,#1343,#1344,#1345,#1346
      ,#1347,#1348,#1349,#1350,#1351,#1352,#1353,#1354,#1355,#1356,#1357
      ,#1358,#1359,#1360,#1361,#1362,#1363,#1364,#1365,#1366,#1367,#1368
      ,#1369,#1370,#1371,#1372,#1373,#1374,#1375,#1376,#1377,#1378,#1379
      ,#1380,#1381,#1382,#1383,#1384,#1385,#1386,#1387,#1388,#1389,#1390
      ,#1391,#1392,#1393,#1394,#1395,#1396,#1397,#1398,#1399,#1400,#1401
      ,#1402,#1403,#1404,#1405,#1406,#1407,#1408,#1409,#1410,#1411,#1412
      ,#1413,#1414,#1415,#1416,#1417,#1418,#1419,#1420,#1421,#1422,#1423
      ,#1424,#1425,#1426,#1427,#1428,#1429,#1430,#1431,#1432,#1433,#1434
      ,#1435,#1436,#1437,#1438,#1439,#1440,#1441,#1442,#1443,#1444,#1445
      ,#1446,#1447,#1448,#1449,#1450,#1451,#1452,#1453,#1454,#1455,#1456
      ,#1457,#1458,#1459,#1460,#1461,#1462,#1463,#1464,#1465,#1466,#1467
      ,#1468,#1469,#1470,#1471,#1472,#1473,#1474,#1475,#1476,#1477,#1478
      ,#1479,#1480,#1481,#1482,#1483,#1484,#1485,#1486,#1487,#1488,#1489
      ,#1490,#1491,#1492,#1493,#1494,#1495,#1496,#1497,#1498,#1499,#1500
      ,#1501,#1502,#1503,#1504,#1505,#1506,#1507,#1508,#1509,#1510)
    ,(#1511,#1512,#1513,#1514,#1515,#1516,#1517,#1518,#1519,#1520,#1521
      ,#1522,#1523,#1524,#1525,#1526,#1527,#1528,#1529,#1530,#1531,#1532
      ,#1533,#1534,#1535,#1536,#1537,#1538,#1539,#1540,#1541,#1542,#1543
      ,#1544,#1545,#1546,#1547,#1548,#1549,#1550,#1551,#1552,#1553,#1554
      ,#1555,#1556,#1557,#1558,#1559,#1560,#1561,#1562,#1563,#1564,#1565
      ,#1566,#1567,#1568,#1569,#1570,#1571,#1572,#1573,#1574,#1575,#1576
      ,#1577,#1578,#1579,#1580,#1581,#1582,#1583,#1584,#1585,#1586,#1587
      ,#1588,#1589,#1590,#1591,#1592,#1593,#1594,#1595,#1596,#1597,#1598
      ,#1599,#1600,#1601,#1602,#1603,#1604,#1605,#1606,#1607,#1608,#1609
      ,#1610,#1611,#1612,#1613,#1614,#1615,#1616,#1617,#1618,#1619,#1620
      ,#1621,#1622,#1623,#1624,#1625,#1626,#1627,#1628,#1629,#1630,#1631
      ,#1632,#1633,#1634,#1635,#1636,#1637,#1638,#1639,#1640,#1641,#1642
      ,#1643,#1644,#1645,#1646,#1647,#1648,#1649,#1650,#1651,#1652,#1653
      ,#1654,#1655,#1656,#1657,#1658,#1659,#1660,#1661,#1662,#1663,#1664
      ,#1665,#1666,#1667,#1668,#1669,#1670,#1671,#1672,#1673,#1674,#1675
      ,#1676,#1677,#1678,#1679,#1680,#1681,#1682,#1683,#1684,#1685,#1686
      ,#1687,#1688,#1689,#1690,#1691,#1692,#1693,#1694,#1695,#1696,#1697
      ,#1698,#1699,#1700,#1701,#1702,#1703,#1704,#1705,#1706,#1707,#1708
      ,#1709,#1710,#1711,#1712,#1713,#1714,#1715,#1716,#1717,#1718,#1719
      ,#1720,#1721,#1722,#1723,#1724,#1725,#1726,#1727,#1728,#1729,#1730
      ,#1731,#1732,#1733,#1734,#1735,#1736,#1737,#1738,#1739,#1740,#1741
      ,#1742,#1743,#1744,#1745,#1746,#1747,#1748,#1749,#1750,#1751,#1752
      ,#1753,#1754,#1755,#1756,#1757,#1758,#1759,#1760,#1761,#1762,#1763
      ,#1764,#1765,#1766,#1767,#1768,#1769,#1770,#1771,#1772,#1773,#1774
      ,#1775,#1776,#1777,#1778,#1779,#1780,#1781,#1782,#1783,#1784,#1785
      ,#1786,#1787,#1788,#1789,#1790,#1791,#1792,#1793,#1794,#1795,#1796
      ,#1797,#1798,#1799,#1800,#1801,#1802,#1803,#1804,#1805,#1806)
    ,(#1807,#1808,#1809,#1810,#1811,#1812,#1813,#1814,#1815,#1816,#1817
      ,#1818,#1819,#1820,#1821,#1822,#1823,#1824,#1825,#1826,#1827,#1828
      ,#1829,#1830,#1831,#1832,#1833,#1834,#1835,#1836,#1837,#1838,#1839
      ,#1840,#1841,#1842,#1843,#1844,#1845,#1846,#1847,#1848,#1849,#1850
      ,#1851,#1852,#1853,#1854,#1855,#1856,#1857,#1858,#1859,#1860,#1861
      ,#1862,#1863,#1864,#1865,#1866,#1867,#1868,#1869,#1870,#1871,#1872
      ,#1873,#1874,#1875,#1876,#1877,#1878,#1879,#1880,#1881,#1882,#1883
      ,#1884,#1885,#1886,#1887,#1888,#1889,#1890,#1891,#1892,#1893,#1894
      ,#1895,#1896,#1897,#1898,#1899,#1900,#1901,#1902,#1903,#1904,#1905
      ,#1906,#1907,#1908,#1909,#1910,#1911,#1912,#1913,#1914,#1915,#1916
      ,#1917,#1918,#1919,#1920,#1921,#1922,#1923,#1924,#1925,#1926,#1927
      ,#1928,#1929,#1930,#1931,#1932,#1933,#1934,#1935,#1936,#1937,#1938
      ,#1939,#1940,#1941,#1942,#1943,#1944,#1945,#1946,#1947,#1948,#1949
      ,#1950,#1951,#1952,#1953,#1954,#1955,#1956,#1957,#1958,#1959,#1960
      ,#1961,#1962,#1963,#1964,#1965,#1966,#1967,#1968,#1969,#1970,#1971
      ,#1972,#1973,#1974,#1975,#1976,#1977,#1978,#1979,#1980,#1981,#1982
      ,#1983,#1984,#1985,#1986,#1987,#1988,#1989,#1990,#1991,#1992,#1993
      ,#1994,#1995,#1996,#1997,#1998,#1999,#2000,#2001,#2002,#2003,#2004
      ,#2005,#2006,#2007,#2008,#2009,#2010,#2011,#2012,#2013,#2014,#2015
      ,#2016,#2017,#2018,#2019,#2020,#2021,#2022,#2023,#2024,#2025,#2026
      ,#2027,#2028,#2029,#2030,#2031,#2032,#2033,#2034,#2035,#2036,#2037
      ,#2038,#2039,#2040,#2041,#2042,#2043,#2044,#2045,#2046,#2047,#2048
      ,#2049,#2050,#2051,#2052,#2053,#2054,#2055,#2056,#2057,#2058,#2059
      ,#2060,#2061,#2062,#2063,#2064,#2065,#2066,#2067,#2068,#2069,#2070
      ,#2071,#2072,#2073,#2074,#2075,#2076,#2077,#2078,#2079,#2080,#2081
      ,#2082,#2083,#2084,#2085,#2086,#2087,#2088,#2089,#2090,#2091,#2092
      ,#2093,#2094,#2095,#2096,#2097,#2098,#2099,#2100,#2101,#2102)
    ,(#2103,#2104,#2105,#2106,#2107,#2108,#2109,#2110,#2111,#2112,#2113
      ,#2114,#2115,#2116,#2117,#2118,#2119,#2120,#2121,#2122,#2123,#2124
      ,#2125,#2126,#2127,#2128,#2129,#2130,#2131,#2132,#2133,#2134,#2135
      ,#2136,#2137,#2138,#2139,#2140,#2141,#2142,#2143,#2144,#2145,#2146
      ,#2147,#2148,#2149,#2150,#2151,#2152,#2153,#2154,#2155,#2156,#2157
      ,#2158,#2159,#2160,#2161,#2162,#2163,#2164,#2165,#2166,#2167,#2168
      ,#2169,#2170,#2171,#2172,#2173,#2174,#2175,#2176,#2177,#2178,#2179
      ,#2180,#2181,#2182,#2183,#2184,#2185,#2186,#2187,#2188,#2189,#2190
      ,#2191,#2192,#2193,#2194,#2195,#2196,#2197,#2198,#2199,#2200,#2201
      ,#2202,#2203,#2204,#2205,#2206,#2207,#2208,#2209,#2210,#2211,#2212
      ,#2213,#2214,#2215,#2216,#2217,#2218,#2219,#2220,#2221,#2222,#2223
      ,#2224,#2225,#2226,#2227,#2228,#2229,#2230,#2231,#2232,#2233,#2234
      ,#2235,#2236,#2237,#2238,#2239,#2240,#2241,#2242,#2243,#2244,#2245
      ,#2246,#2247,#2248,#2249,#2250,#2251,#2252,#2253,#2254,#2255,#2256
      ,#2257,#2258,#2259,#2260,#2261,#2262,#2263,#2264,#2265,#2266,#2267
      ,#2268,#2269,#2270,#2271,#2272,#2273,#2274,#2275,#2276,#2277,#2278
      ,#2279,#2280,#2281,#2282,#2283,#2284,#2285,#2286,#2287,#2288,#2289
      ,#2290,#2291,#2292,#2293,#2294,#2295,#2296,#2297,#2298,#2299,#2300
      ,#2301,#2302,#2303,#2304,#2305,#2306,#2307,#2308,#2309,#2310,#2311
      ,#2312,#2313,#2314,#2315,#2316,#2317,#2318,#2319,#2320,#2321,#2322
      ,#2323,#2324,#2325,#2326,#2327,#2328,#2329,#2330,#2331,#2332,#2333
      ,#2334,#2335,#2336,#2337,#2338,#2339,#2340,#2341,#2342,#2343,#2344
      ,#2345,#2346,#2347,#2348,#2349,#2350,#2351,#2352,#2353,#2354,#2355
      ,#2356,#2357,#2358,#2359,#2360,#2361,#2362,#2363,#2364,#2365,#2366
      ,#2367,#2368,#2369,#2370,#2371,#2372,#2373,#2374,#2375,#2376,#2377
      ,#2378,#2379,#2380,#2381,#2382,#2383,#2384,#2385,#2386,#2387,#2388
      ,#2389,#2390,#2391,#2392,#2393,#2394,#2395,#2396,#2397,#2398
)),.UNSPECIFIED.,.T.,.F.,.F.) B_SPLINE_SURFACE_WITH_KNOTS((1,6,6,1),(12,
    11,9,9,11,11,11,9,9,9,9,9,9,9,9,11,9,9,9,9,9,9,9,9,9,9,9,11,9,11,9,
    12),(-6.28318530718,0.,6.28318530718,12.566370614359),(0.,
    17.306371797982,23.164059054912,29.021746311842,40.737120825702,
    56.066830542458,78.936023794517,87.714548727557,92.103811194076,
    96.493073660596,97.590389277226,98.687704893856,99.785020510486,
    100.88233612711,105.27159859363,114.05012352667,124.60059744968,
    127.23821593043,128.5570251708,129.21642979099,129.87583441118,
    130.20553672127,130.53523903137,131.19464365155,132.51345289193,
    135.15107137268,145.70154529568,156.25201921869,165.26589740735,
    174.27977559601,179.68810250921,185.0964294224),.UNSPECIFIED.) 
GEOMETRIC_REPRESENTATION_ITEM() RATIONAL_B_SPLINE_SURFACE((
    (1.669078461068,1.669078461068,1.669078461068,1.669078461068
      ,1.669078461068,1.669078461068,1.669078461068,1.669078461068
      ,1.669078461068,1.669078461068,1.669078461068,1.669078461068
      ,1.669078461068,1.669078461068,1.66907846107,1.669078461066
      ,1.669078461071,1.669078461066,1.66907846107,1.669078461068
      ,1.669078461068,1.669078461068,1.669078461068,1.669078461068
      ,1.669078461068,1.669078461069,1.669078461067,1.669078461069
      ,1.669078461068,1.669078461068,1.669078461068,1.669078461068
      ,1.669078461068,1.669078461068,1.669078461069,1.669078461068
      ,1.669078461069,1.669078461068,1.669078461068,1.669078461068
      ,1.669078461068,1.669078461068,1.669078461068,1.669078461068
      ,1.669078461068,1.669078461068,1.669078461068,1.669078461068
      ,1.669078461068,1.669078461068,1.669078461068,1.669078461068
      ,1.669078461068,1.669078461069,1.669078461067,1.66907846107
      ,1.669078461066,1.669078461071,1.669078461066,1.669078461069
      ,1.669078461068,1.669078461068,1.669078461068,1.669078461068
      ,1.669078461068,1.669078461068,1.669078461069,1.669078461067
      ,1.669078461069,1.669078461067,1.669078461069,1.669078461068
      ,1.669078461068,1.669078461068,1.669078461068,1.669078461068
      ,1.669078461069,1.669078461068,1.669078461068,1.669078461068
      ,1.669078461068,1.669078461068,1.669078461068,1.669078461069
      ,1.669078461067,1.66907846107,1.669078461066,1.66907846107
      ,1.669078461067,1.669078461068,1.669078461068,1.669078461068
      ,1.669078461069,1.669078461067,1.66907846107,1.669078461067
      ,1.669078461069,1.669078461068,1.669078461068,1.669078461068
      ,1.669078461068,1.669078461068,1.66907846107,1.669078461066
      ,1.66907846107,1.669078461067,1.669078461069,1.669078461068
      ,1.669078461068,1.669078461068,1.669078461069,1.669078461066
      ,1.669078461071,1.669078461066,1.66907846107,1.669078461068
      ,1.669078461068,1.669078461068,1.669078461068,1.669078461068
      ,1.669078461068,1.669078461068,1.669078461068,1.669078461068
      ,1.669078461068,1.669078461068,1.669078461068,1.669078461068
      ,1.669078461068,1.669078461068,1.669078461068,1.669078461068
      ,1.669078461068,1.669078461068,1.669078461068,1.669078461068
      ,1.669078461068,1.669078461068,1.66907846107,1.669078461066
      ,1.66907846107,1.669078461067,1.669078461069,1.669078461068
      ,1.669078461068,1.669078461068,1.669078461068,1.669078461068
      ,1.669078461068,1.669078461068,1.669078461068,1.669078461069
      ,1.669078461068,1.669078461068,1.669078461068,1.669078461068
      ,1.669078461068,1.669078461068,1.669078461069,1.669078461067
      ,1.66907846107,1.669078461067,1.669078461069,1.669078461068
      ,1.669078461068,1.669078461068,1.669078461069,1.669078461067
      ,1.66907846107,1.669078461067,1.669078461069,1.669078461068
      ,1.669078461068,1.669078461068,1.669078461068,1.669078461068
      ,1.669078461069,1.669078461067,1.66907846107,1.669078461067
      ,1.669078461069,1.669078461068,1.669078461068,1.669078461068
      ,1.669078461069,1.669078461068,1.669078461069,1.669078461068
      ,1.669078461069,1.669078461068,1.669078461068,1.669078461068
      ,1.669078461068,1.669078461068,1.669078461068,1.669078461068
      ,1.669078461068,1.669078461068,1.669078461068,1.669078461068
      ,1.669078461068,1.669078461068,1.669078461068,1.669078461068
      ,1.669078461069,1.669078461068,1.669078461068,1.669078461068
      ,1.669078461068,1.669078461068,1.669078461068,1.669078461068
      ,1.669078461069,1.669078461068,1.669078461069,1.669078461068
      ,1.669078461068,1.669078461068,1.669078461068,1.669078461068
      ,1.669078461069,1.669078461067,1.669078461069,1.669078461067
      ,1.669078461069,1.669078461068,1.669078461068,1.669078461068
      ,1.669078461068,1.669078461068,1.669078461069,1.669078461068
      ,1.669078461069,1.669078461068,1.669078461068,1.669078461068
      ,1.669078461068,1.669078461069,1.669078461067,1.66907846107
      ,1.669078461066,1.66907846107,1.669078461067,1.669078461069
      ,1.669078461068,1.669078461068,1.669078461068,1.669078461068
      ,1.66907846107,1.669078461066,1.66907846107,1.669078461067
      ,1.669078461069,1.669078461068,1.669078461068,1.669078461068
      ,1.669078461068,1.669078461068,1.669078461068,1.669078461069
      ,1.669078461068,1.669078461069,1.669078461068,1.669078461068
      ,1.669078461068,1.669078461068,1.669078461068,1.669078461069
      ,1.669078461067,1.66907846107,1.669078461067,1.66907846107
      ,1.669078461068,1.669078461069,1.669078461068,1.669078461068
      ,1.669078461068,1.669078461068,1.66907846107,1.669078461066
      ,1.669078461071,1.669078461066,1.66907846107,1.669078461067
      ,1.669078461069,1.669078461068,1.669078461069,1.669078461067
      ,1.669078461072,1.669078461064,1.669078461073,1.669078461065
      ,1.66907846107,1.669078461067,1.669078461068,1.669078461068)
    ,(1.03672962321,1.03672962321,1.03672962321,1.03672962321
      ,1.036729623209,1.03672962321,1.036729623209,1.03672962321
      ,1.03672962321,1.03672962321,1.03672962321,1.03672962321
      ,1.03672962321,1.036729623209,1.03672962321,1.036729623208
      ,1.036729623211,1.036729623208,1.036729623211,1.036729623209
      ,1.03672962321,1.03672962321,1.03672962321,1.03672962321
      ,1.036729623209,1.03672962321,1.036729623209,1.03672962321
      ,1.036729623209,1.03672962321,1.03672962321,1.03672962321
      ,1.03672962321,1.03672962321,1.036729623209,1.03672962321
      ,1.036729623209,1.03672962321,1.03672962321,1.03672962321
      ,1.03672962321,1.03672962321,1.036729623209,1.03672962321
      ,1.036729623209,1.03672962321,1.036729623209,1.03672962321
      ,1.036729623209,1.03672962321,1.03672962321,1.03672962321
      ,1.03672962321,1.03672962321,1.036729623209,1.036729623211
      ,1.036729623208,1.036729623211,1.036729623209,1.03672962321
      ,1.036729623209,1.03672962321,1.03672962321,1.03672962321
      ,1.03672962321,1.036729623209,1.03672962321,1.036729623209
      ,1.03672962321,1.036729623209,1.03672962321,1.03672962321
      ,1.03672962321,1.03672962321,1.03672962321,1.036729623209
      ,1.03672962321,1.03672962321,1.03672962321,1.03672962321
      ,1.03672962321,1.03672962321,1.036729623209,1.03672962321
      ,1.036729623209,1.036729623211,1.036729623208,1.036729623211
      ,1.036729623209,1.03672962321,1.03672962321,1.03672962321
      ,1.03672962321,1.03672962321,1.036729623209,1.03672962321
      ,1.036729623209,1.03672962321,1.03672962321,1.03672962321
      ,1.03672962321,1.036729623209,1.03672962321,1.036729623208
      ,1.036729623211,1.036729623209,1.03672962321,1.036729623209
      ,1.03672962321,1.036729623209,1.03672962321,1.036729623208
      ,1.036729623211,1.036729623208,1.03672962321,1.036729623209
      ,1.03672962321,1.03672962321,1.03672962321,1.03672962321
      ,1.03672962321,1.03672962321,1.03672962321,1.03672962321
      ,1.03672962321,1.03672962321,1.03672962321,1.03672962321
      ,1.03672962321,1.036729623209,1.03672962321,1.036729623209
      ,1.03672962321,1.036729623209,1.03672962321,1.03672962321
      ,1.03672962321,1.036729623209,1.03672962321,1.036729623209
      ,1.036729623211,1.036729623209,1.03672962321,1.036729623209
      ,1.03672962321,1.03672962321,1.03672962321,1.03672962321
      ,1.03672962321,1.03672962321,1.03672962321,1.03672962321
      ,1.03672962321,1.03672962321,1.03672962321,1.03672962321
      ,1.03672962321,1.036729623209,1.03672962321,1.036729623209
      ,1.036729623211,1.036729623209,1.03672962321,1.036729623209
      ,1.03672962321,1.03672962321,1.03672962321,1.036729623209
      ,1.036729623211,1.036729623208,1.03672962321,1.036729623209
      ,1.03672962321,1.036729623209,1.03672962321,1.036729623209
      ,1.03672962321,1.036729623208,1.036729623211,1.036729623209
      ,1.03672962321,1.03672962321,1.03672962321,1.03672962321
      ,1.03672962321,1.036729623209,1.03672962321,1.036729623209
      ,1.03672962321,1.03672962321,1.03672962321,1.03672962321
      ,1.03672962321,1.03672962321,1.03672962321,1.03672962321
      ,1.03672962321,1.03672962321,1.03672962321,1.03672962321
      ,1.03672962321,1.03672962321,1.03672962321,1.03672962321
      ,1.036729623209,1.03672962321,1.036729623209,1.03672962321
      ,1.03672962321,1.03672962321,1.03672962321,1.03672962321
      ,1.03672962321,1.036729623209,1.03672962321,1.036729623209
      ,1.03672962321,1.03672962321,1.03672962321,1.03672962321
      ,1.03672962321,1.036729623209,1.03672962321,1.036729623209
      ,1.03672962321,1.036729623209,1.03672962321,1.03672962321
      ,1.03672962321,1.036729623209,1.03672962321,1.036729623209
      ,1.03672962321,1.036729623209,1.03672962321,1.03672962321
      ,1.03672962321,1.03672962321,1.036729623209,1.03672962321
      ,1.036729623209,1.03672962321,1.036729623209,1.03672962321
      ,1.03672962321,1.03672962321,1.03672962321,1.036729623209
      ,1.036729623211,1.036729623208,1.036729623211,1.036729623208
      ,1.03672962321,1.036729623209,1.03672962321,1.03672962321
      ,1.03672962321,1.03672962321,1.036729623209,1.03672962321
      ,1.036729623209,1.03672962321,1.036729623209,1.03672962321
      ,1.03672962321,1.03672962321,1.03672962321,1.03672962321
      ,1.036729623209,1.036729623211,1.036729623208,1.036729623211
      ,1.036729623209,1.03672962321,1.03672962321,1.03672962321
      ,1.03672962321,1.036729623209,1.036729623211,1.036729623208
      ,1.036729623212,1.036729623208,1.036729623211,1.036729623209
      ,1.03672962321,1.036729623209,1.03672962321,1.036729623209
      ,1.036729623212,1.036729623207,1.036729623212,1.036729623207
      ,1.036729623211,1.036729623209,1.03672962321,1.03672962321)
    ,(1.038346699848,1.038346699848,1.038346699848,1.038346699847
      ,1.038346699848,1.038346699847,1.038346699848,1.038346699847
      ,1.038346699848,1.038346699847,1.038346699848,1.038346699848
      ,1.038346699848,1.038346699847,1.038346699848,1.038346699847
      ,1.038346699849,1.038346699847,1.038346699848,1.038346699847
      ,1.038346699848,1.038346699848,1.038346699847,1.038346699848
      ,1.038346699847,1.038346699848,1.038346699847,1.038346699848
      ,1.038346699847,1.038346699848,1.038346699848,1.038346699847
      ,1.038346699848,1.038346699847,1.038346699848,1.038346699847
      ,1.038346699848,1.038346699847,1.038346699848,1.038346699847
      ,1.038346699848,1.038346699848,1.038346699847,1.038346699848
      ,1.038346699847,1.038346699848,1.038346699847,1.038346699848
      ,1.038346699847,1.038346699848,1.038346699848,1.038346699848
      ,1.038346699847,1.038346699848,1.038346699847,1.038346699849
      ,1.038346699846,1.038346699849,1.038346699846,1.038346699848
      ,1.038346699847,1.038346699848,1.038346699848,1.038346699847
      ,1.038346699848,1.038346699847,1.038346699848,1.038346699847
      ,1.038346699848,1.038346699847,1.038346699848,1.038346699847
      ,1.038346699848,1.038346699847,1.038346699848,1.038346699847
      ,1.038346699848,1.038346699847,1.038346699848,1.038346699847
      ,1.038346699847,1.038346699848,1.038346699847,1.038346699848
      ,1.038346699847,1.038346699849,1.038346699846,1.038346699848
      ,1.038346699847,1.038346699848,1.038346699847,1.038346699847
      ,1.038346699848,1.038346699847,1.038346699848,1.038346699847
      ,1.038346699848,1.038346699847,1.038346699848,1.038346699847
      ,1.038346699848,1.038346699847,1.038346699848,1.038346699847
      ,1.038346699848,1.038346699847,1.038346699848,1.038346699847
      ,1.038346699848,1.038346699847,1.038346699848,1.038346699846
      ,1.038346699849,1.038346699846,1.038346699848,1.038346699847
      ,1.038346699848,1.038346699848,1.038346699847,1.038346699848
      ,1.038346699847,1.038346699848,1.038346699847,1.038346699848
      ,1.038346699847,1.038346699848,1.038346699848,1.038346699847
      ,1.038346699848,1.038346699847,1.038346699848,1.038346699847
      ,1.038346699848,1.038346699847,1.038346699848,1.038346699847
      ,1.038346699848,1.038346699847,1.038346699849,1.038346699846
      ,1.038346699849,1.038346699846,1.038346699848,1.038346699847
      ,1.038346699848,1.038346699848,1.038346699847,1.038346699848
      ,1.038346699847,1.038346699848,1.038346699847,1.038346699848
      ,1.038346699847,1.038346699848,1.038346699847,1.038346699848
      ,1.038346699848,1.038346699847,1.038346699848,1.038346699847
      ,1.038346699848,1.038346699847,1.038346699848,1.038346699847
      ,1.038346699848,1.038346699847,1.038346699848,1.038346699846
      ,1.038346699849,1.038346699846,1.038346699848,1.038346699847
      ,1.038346699848,1.038346699847,1.038346699848,1.038346699847
      ,1.038346699848,1.038346699847,1.038346699848,1.038346699847
      ,1.038346699848,1.038346699847,1.038346699848,1.038346699847
      ,1.038346699848,1.038346699847,1.038346699848,1.038346699847
      ,1.038346699848,1.038346699847,1.038346699848,1.038346699848
      ,1.038346699847,1.038346699848,1.038346699847,1.038346699848
      ,1.038346699847,1.038346699848,1.038346699847,1.038346699848
      ,1.038346699848,1.038346699847,1.038346699848,1.038346699847
      ,1.038346699848,1.038346699847,1.038346699848,1.038346699847
      ,1.038346699848,1.038346699847,1.038346699848,1.038346699847
      ,1.038346699848,1.038346699847,1.038346699848,1.038346699847
      ,1.038346699848,1.038346699847,1.038346699848,1.038346699847
      ,1.038346699848,1.038346699847,1.038346699848,1.038346699847
      ,1.038346699848,1.038346699847,1.038346699848,1.038346699847
      ,1.038346699848,1.038346699847,1.038346699848,1.038346699847
      ,1.038346699848,1.038346699847,1.038346699848,1.038346699848
      ,1.038346699847,1.038346699848,1.038346699847,1.038346699848
      ,1.038346699847,1.038346699848,1.038346699847,1.038346699848
      ,1.038346699848,1.038346699847,1.038346699848,1.038346699847
      ,1.038346699849,1.038346699846,1.038346699849,1.038346699846
      ,1.038346699848,1.038346699847,1.038346699848,1.038346699848
      ,1.038346699847,1.038346699848,1.038346699847,1.038346699848
      ,1.038346699847,1.038346699848,1.038346699847,1.038346699848
      ,1.038346699847,1.038346699848,1.038346699847,1.038346699848
      ,1.038346699847,1.038346699848,1.038346699847,1.038346699848
      ,1.038346699847,1.038346699848,1.038346699847,1.038346699848
      ,1.038346699848,1.038346699847,1.038346699848,1.038346699846
      ,1.038346699849,1.038346699846,1.038346699848,1.038346699847
      ,1.038346699848,1.038346699847,1.038346699848,1.038346699847
      ,1.038346699849,1.038346699845,1.03834669985,1.038346699845
      ,1.038346699849,1.038346699847,1.038346699848,1.038346699848)
    ,(0.853534330196,0.853534330196,0.853534330196,0.853534330196
      ,0.853534330196,0.853534330196,0.853534330196,0.853534330196
      ,0.853534330196,0.853534330196,0.853534330196,0.853534330196
      ,0.853534330196,0.853534330196,0.853534330197,0.853534330195
      ,0.853534330197,0.853534330195,0.853534330197,0.853534330196
      ,0.853534330196,0.853534330196,0.853534330196,0.853534330196
      ,0.853534330196,0.853534330197,0.853534330196,0.853534330196
      ,0.853534330196,0.853534330196,0.853534330196,0.853534330196
      ,0.853534330196,0.853534330196,0.853534330197,0.853534330195
      ,0.853534330197,0.853534330196,0.853534330196,0.853534330196
      ,0.853534330196,0.853534330196,0.853534330196,0.853534330196
      ,0.853534330196,0.853534330197,0.853534330196,0.853534330197
      ,0.853534330196,0.853534330196,0.853534330196,0.853534330196
      ,0.853534330196,0.853534330196,0.853534330196,0.853534330197
      ,0.853534330195,0.853534330197,0.853534330196,0.853534330196
      ,0.853534330196,0.853534330196,0.853534330196,0.853534330196
      ,0.853534330196,0.853534330196,0.853534330197,0.853534330196
      ,0.853534330197,0.853534330196,0.853534330196,0.853534330196
      ,0.853534330196,0.853534330196,0.853534330196,0.853534330196
      ,0.853534330197,0.853534330196,0.853534330197,0.853534330196
      ,0.853534330196,0.853534330196,0.853534330196,0.853534330197
      ,0.853534330195,0.853534330197,0.853534330195,0.853534330197
      ,0.853534330196,0.853534330196,0.853534330196,0.853534330196
      ,0.853534330196,0.853534330196,0.853534330197,0.853534330196
      ,0.853534330197,0.853534330196,0.853534330196,0.853534330196
      ,0.853534330196,0.853534330196,0.853534330197,0.853534330195
      ,0.853534330197,0.853534330196,0.853534330196,0.853534330196
      ,0.853534330196,0.853534330196,0.853534330197,0.853534330195
      ,0.853534330198,0.853534330195,0.853534330197,0.853534330196
      ,0.853534330196,0.853534330196,0.853534330196,0.853534330196
      ,0.853534330196,0.853534330196,0.853534330196,0.853534330196
      ,0.853534330196,0.853534330196,0.853534330196,0.853534330196
      ,0.853534330196,0.853534330196,0.853534330196,0.853534330196
      ,0.853534330196,0.853534330196,0.853534330196,0.853534330196
      ,0.853534330196,0.853534330196,0.853534330197,0.853534330195
      ,0.853534330197,0.853534330195,0.853534330197,0.853534330196
      ,0.853534330196,0.853534330196,0.853534330196,0.853534330196
      ,0.853534330196,0.853534330196,0.853534330197,0.853534330196
      ,0.853534330197,0.853534330196,0.853534330196,0.853534330196
      ,0.853534330196,0.853534330196,0.853534330197,0.853534330195
      ,0.853534330197,0.853534330196,0.853534330196,0.853534330196
      ,0.853534330196,0.853534330196,0.853534330196,0.853534330196
      ,0.853534330197,0.853534330195,0.853534330197,0.853534330196
      ,0.853534330196,0.853534330196,0.853534330196,0.853534330196
      ,0.853534330197,0.853534330195,0.853534330197,0.853534330196
      ,0.853534330196,0.853534330196,0.853534330196,0.853534330196
      ,0.853534330196,0.853534330196,0.853534330196,0.853534330196
      ,0.853534330196,0.853534330196,0.853534330196,0.853534330196
      ,0.853534330196,0.853534330196,0.853534330196,0.853534330196
      ,0.853534330196,0.853534330196,0.853534330196,0.853534330196
      ,0.853534330196,0.853534330196,0.853534330196,0.853534330196
      ,0.853534330197,0.853534330196,0.853534330196,0.853534330196
      ,0.853534330196,0.853534330196,0.853534330196,0.853534330196
      ,0.853534330196,0.853534330196,0.853534330196,0.853534330196
      ,0.853534330196,0.853534330196,0.853534330196,0.853534330196
      ,0.853534330196,0.853534330196,0.853534330197,0.853534330196
      ,0.853534330196,0.853534330196,0.853534330196,0.853534330196
      ,0.853534330196,0.853534330196,0.853534330196,0.853534330196
      ,0.853534330196,0.853534330196,0.853534330196,0.853534330196
      ,0.853534330196,0.853534330196,0.853534330196,0.853534330197
      ,0.853534330195,0.853534330197,0.853534330196,0.853534330196
      ,0.853534330196,0.853534330196,0.853534330196,0.853534330196
      ,0.853534330197,0.853534330195,0.853534330198,0.853534330195
      ,0.853534330197,0.853534330196,0.853534330196,0.853534330196
      ,0.853534330196,0.853534330196,0.853534330196,0.853534330196
      ,0.853534330196,0.853534330196,0.853534330196,0.853534330196
      ,0.853534330196,0.853534330196,0.853534330196,0.853534330196
      ,0.853534330195,0.853534330197,0.853534330195,0.853534330197
      ,0.853534330196,0.853534330196,0.853534330196,0.853534330196
      ,0.853534330196,0.853534330196,0.853534330197,0.853534330195
      ,0.853534330198,0.853534330195,0.853534330197,0.853534330196
      ,0.853534330196,0.853534330196,0.853534330196,0.853534330195
      ,0.853534330198,0.853534330194,0.853534330198,0.853534330195
      ,0.853534330197,0.853534330196,0.853534330196,0.853534330196)
    ,(1.038346699848,1.038346699848,1.038346699848,1.038346699848
      ,1.038346699847,1.038346699848,1.038346699847,1.038346699848
      ,1.038346699848,1.038346699848,1.038346699848,1.038346699848
      ,1.038346699848,1.038346699847,1.038346699848,1.038346699846
      ,1.038346699849,1.038346699846,1.038346699848,1.038346699847
      ,1.038346699848,1.038346699847,1.038346699847,1.038346699848
      ,1.038346699847,1.038346699848,1.038346699847,1.038346699848
      ,1.038346699847,1.038346699848,1.038346699848,1.038346699847
      ,1.038346699848,1.038346699847,1.038346699848,1.038346699847
      ,1.038346699848,1.038346699847,1.038346699848,1.038346699847
      ,1.038346699848,1.038346699848,1.038346699847,1.038346699848
      ,1.038346699847,1.038346699848,1.038346699847,1.038346699848
      ,1.038346699848,1.038346699847,1.038346699848,1.038346699848
      ,1.038346699847,1.038346699848,1.038346699847,1.038346699848
      ,1.038346699846,1.038346699849,1.038346699847,1.038346699848
      ,1.038346699847,1.038346699848,1.038346699848,1.038346699847
      ,1.038346699848,1.038346699847,1.038346699848,1.038346699847
      ,1.038346699848,1.038346699847,1.038346699848,1.038346699847
      ,1.038346699848,1.038346699847,1.038346699848,1.038346699847
      ,1.038346699848,1.038346699847,1.038346699848,1.038346699847
      ,1.038346699848,1.038346699848,1.038346699847,1.038346699848
      ,1.038346699847,1.038346699848,1.038346699847,1.038346699848
      ,1.038346699847,1.038346699848,1.038346699847,1.038346699848
      ,1.038346699848,1.038346699847,1.038346699848,1.038346699848
      ,1.038346699847,1.038346699848,1.038346699848,1.038346699847
      ,1.038346699848,1.038346699847,1.038346699848,1.038346699847
      ,1.038346699848,1.038346699847,1.038346699848,1.038346699847
      ,1.038346699848,1.038346699847,1.038346699848,1.038346699846
      ,1.038346699849,1.038346699846,1.038346699848,1.038346699847
      ,1.038346699848,1.038346699848,1.038346699847,1.038346699848
      ,1.038346699847,1.038346699848,1.038346699847,1.038346699848
      ,1.038346699847,1.038346699848,1.038346699848,1.038346699848
      ,1.038346699847,1.038346699847,1.038346699848,1.038346699847
      ,1.038346699848,1.038346699847,1.038346699848,1.038346699847
      ,1.038346699848,1.038346699847,1.038346699849,1.038346699846
      ,1.038346699849,1.038346699846,1.038346699848,1.038346699847
      ,1.038346699848,1.038346699848,1.038346699847,1.038346699848
      ,1.038346699847,1.038346699848,1.038346699847,1.038346699848
      ,1.038346699847,1.038346699848,1.038346699848,1.038346699847
      ,1.038346699848,1.038346699847,1.038346699848,1.038346699847
      ,1.038346699849,1.038346699847,1.038346699848,1.038346699847
      ,1.038346699848,1.038346699847,1.038346699848,1.038346699847
      ,1.038346699849,1.038346699847,1.038346699848,1.038346699847
      ,1.038346699848,1.038346699847,1.038346699848,1.038346699847
      ,1.038346699848,1.038346699846,1.038346699849,1.038346699847
      ,1.038346699848,1.038346699847,1.038346699848,1.038346699847
      ,1.038346699848,1.038346699847,1.038346699848,1.038346699847
      ,1.038346699848,1.038346699847,1.038346699848,1.038346699847
      ,1.038346699847,1.038346699848,1.038346699847,1.038346699848
      ,1.038346699847,1.038346699848,1.038346699847,1.038346699848
      ,1.038346699847,1.038346699848,1.038346699848,1.038346699847
      ,1.038346699848,1.038346699848,1.038346699847,1.038346699848
      ,1.038346699848,1.038346699847,1.038346699848,1.038346699847
      ,1.038346699848,1.038346699847,1.038346699848,1.038346699847
      ,1.038346699848,1.038346699847,1.038346699848,1.038346699847
      ,1.038346699848,1.038346699847,1.038346699848,1.038346699847
      ,1.038346699848,1.038346699847,1.038346699848,1.038346699847
      ,1.038346699848,1.038346699847,1.038346699848,1.038346699847
      ,1.038346699848,1.038346699847,1.038346699848,1.038346699848
      ,1.038346699847,1.038346699848,1.038346699847,1.038346699848
      ,1.038346699847,1.038346699848,1.038346699847,1.038346699848
      ,1.038346699848,1.038346699847,1.038346699848,1.038346699847
      ,1.038346699849,1.038346699845,1.03834669985,1.038346699846
      ,1.038346699848,1.038346699847,1.038346699848,1.038346699848
      ,1.038346699847,1.038346699848,1.038346699847,1.038346699848
      ,1.038346699847,1.038346699848,1.038346699847,1.038346699848
      ,1.038346699847,1.038346699848,1.038346699847,1.038346699848
      ,1.038346699847,1.038346699848,1.038346699847,1.038346699848
      ,1.038346699847,1.038346699848,1.038346699847,1.038346699848
      ,1.038346699848,1.038346699847,1.038346699848,1.038346699846
      ,1.038346699849,1.038346699846,1.038346699848,1.038346699847
      ,1.038346699848,1.038346699847,1.038346699848,1.038346699846
      ,1.03834669985,1.038346699845,1.03834669985,1.038346699845
      ,1.038346699849,1.038346699847,1.038346699848,1.038346699848)
    ,(1.03672962321,1.03672962321,1.03672962321,1.036729623209
      ,1.03672962321,1.036729623209,1.03672962321,1.036729623209
      ,1.03672962321,1.03672962321,1.03672962321,1.03672962321
      ,1.03672962321,1.036729623209,1.03672962321,1.036729623208
      ,1.036729623211,1.036729623208,1.036729623211,1.036729623209
      ,1.03672962321,1.03672962321,1.03672962321,1.03672962321
      ,1.036729623209,1.036729623211,1.036729623209,1.03672962321
      ,1.036729623209,1.03672962321,1.03672962321,1.03672962321
      ,1.03672962321,1.03672962321,1.036729623209,1.03672962321
      ,1.036729623209,1.03672962321,1.03672962321,1.03672962321
      ,1.03672962321,1.03672962321,1.03672962321,1.03672962321
      ,1.036729623209,1.03672962321,1.036729623209,1.03672962321
      ,1.036729623209,1.03672962321,1.03672962321,1.03672962321
      ,1.03672962321,1.03672962321,1.036729623209,1.03672962321
      ,1.036729623209,1.03672962321,1.036729623209,1.03672962321
      ,1.036729623209,1.03672962321,1.03672962321,1.03672962321
      ,1.03672962321,1.036729623209,1.03672962321,1.036729623209
      ,1.03672962321,1.036729623209,1.03672962321,1.03672962321
      ,1.03672962321,1.03672962321,1.03672962321,1.036729623209
      ,1.03672962321,1.03672962321,1.03672962321,1.03672962321
      ,1.03672962321,1.03672962321,1.036729623209,1.03672962321
      ,1.036729623209,1.036729623211,1.036729623208,1.036729623211
      ,1.036729623209,1.03672962321,1.03672962321,1.03672962321
      ,1.03672962321,1.03672962321,1.03672962321,1.03672962321
      ,1.03672962321,1.03672962321,1.03672962321,1.03672962321
      ,1.03672962321,1.036729623209,1.036729623211,1.036729623208
      ,1.036729623211,1.036729623209,1.03672962321,1.03672962321
      ,1.03672962321,1.036729623209,1.03672962321,1.036729623209
      ,1.036729623211,1.036729623209,1.03672962321,1.036729623209
      ,1.03672962321,1.03672962321,1.03672962321,1.03672962321
      ,1.036729623209,1.03672962321,1.036729623209,1.03672962321
      ,1.036729623209,1.03672962321,1.03672962321,1.03672962321
      ,1.03672962321,1.036729623209,1.03672962321,1.036729623209
      ,1.03672962321,1.036729623209,1.03672962321,1.036729623209
      ,1.03672962321,1.036729623209,1.036729623211,1.036729623208
      ,1.036729623211,1.036729623208,1.03672962321,1.036729623209
      ,1.03672962321,1.03672962321,1.03672962321,1.03672962321
      ,1.03672962321,1.036729623209,1.03672962321,1.036729623209
      ,1.03672962321,1.036729623209,1.03672962321,1.03672962321
      ,1.03672962321,1.036729623209,1.03672962321,1.036729623208
      ,1.036729623211,1.036729623209,1.03672962321,1.036729623209
      ,1.03672962321,1.03672962321,1.03672962321,1.036729623209
      ,1.036729623211,1.036729623209,1.03672962321,1.036729623209
      ,1.03672962321,1.03672962321,1.03672962321,1.036729623209
      ,1.03672962321,1.036729623209,1.036729623211,1.036729623209
      ,1.03672962321,1.03672962321,1.03672962321,1.036729623209
      ,1.03672962321,1.036729623209,1.036729623211,1.036729623209
      ,1.03672962321,1.036729623209,1.03672962321,1.03672962321
      ,1.03672962321,1.03672962321,1.036729623209,1.03672962321
      ,1.036729623209,1.03672962321,1.03672962321,1.03672962321
      ,1.03672962321,1.03672962321,1.03672962321,1.036729623209
      ,1.03672962321,1.03672962321,1.03672962321,1.03672962321
      ,1.03672962321,1.03672962321,1.03672962321,1.03672962321
      ,1.03672962321,1.03672962321,1.03672962321,1.03672962321
      ,1.03672962321,1.03672962321,1.03672962321,1.03672962321
      ,1.03672962321,1.036729623209,1.03672962321,1.036729623209
      ,1.03672962321,1.03672962321,1.03672962321,1.03672962321
      ,1.03672962321,1.036729623209,1.03672962321,1.036729623209
      ,1.03672962321,1.036729623209,1.03672962321,1.03672962321
      ,1.036729623209,1.03672962321,1.036729623209,1.036729623211
      ,1.036729623208,1.036729623211,1.036729623209,1.03672962321
      ,1.03672962321,1.03672962321,1.03672962321,1.036729623209
      ,1.036729623211,1.036729623208,1.036729623211,1.036729623208
      ,1.03672962321,1.036729623209,1.03672962321,1.03672962321
      ,1.03672962321,1.03672962321,1.036729623209,1.03672962321
      ,1.036729623209,1.03672962321,1.036729623209,1.03672962321
      ,1.03672962321,1.03672962321,1.036729623209,1.03672962321
      ,1.036729623209,1.036729623211,1.036729623208,1.036729623211
      ,1.036729623209,1.03672962321,1.03672962321,1.03672962321
      ,1.03672962321,1.036729623209,1.036729623211,1.036729623208
      ,1.036729623212,1.036729623207,1.036729623211,1.036729623209
      ,1.03672962321,1.036729623209,1.03672962321,1.036729623209
      ,1.036729623211,1.036729623207,1.036729623212,1.036729623208
      ,1.036729623211,1.036729623209,1.03672962321,1.03672962321)
    ,(1.669078461068,1.669078461068,1.669078461068,1.669078461068
      ,1.669078461068,1.669078461068,1.669078461068,1.669078461068
      ,1.669078461068,1.669078461068,1.669078461068,1.669078461068
      ,1.669078461068,1.669078461068,1.66907846107,1.669078461066
      ,1.669078461071,1.669078461066,1.66907846107,1.669078461068
      ,1.669078461068,1.669078461068,1.669078461068,1.669078461068
      ,1.669078461068,1.669078461069,1.669078461067,1.669078461069
      ,1.669078461068,1.669078461068,1.669078461068,1.669078461068
      ,1.669078461068,1.669078461068,1.669078461069,1.669078461068
      ,1.669078461069,1.669078461068,1.669078461068,1.669078461068
      ,1.669078461068,1.669078461068,1.669078461068,1.669078461068
      ,1.669078461068,1.669078461068,1.669078461068,1.669078461068
      ,1.669078461068,1.669078461068,1.669078461068,1.669078461068
      ,1.669078461068,1.669078461069,1.669078461067,1.66907846107
      ,1.669078461066,1.669078461071,1.669078461066,1.669078461069
      ,1.669078461068,1.669078461068,1.669078461068,1.669078461068
      ,1.669078461068,1.669078461068,1.669078461069,1.669078461067
      ,1.669078461069,1.669078461067,1.669078461069,1.669078461068
      ,1.669078461068,1.669078461068,1.669078461068,1.669078461068
      ,1.669078461069,1.669078461068,1.669078461068,1.669078461068
      ,1.669078461068,1.669078461068,1.669078461068,1.669078461069
      ,1.669078461067,1.66907846107,1.669078461066,1.66907846107
      ,1.669078461067,1.669078461068,1.669078461068,1.669078461068
      ,1.669078461069,1.669078461067,1.66907846107,1.669078461067
      ,1.669078461069,1.669078461068,1.669078461068,1.669078461068
      ,1.669078461068,1.669078461068,1.66907846107,1.669078461066
      ,1.66907846107,1.669078461067,1.669078461069,1.669078461068
      ,1.669078461068,1.669078461068,1.669078461069,1.669078461066
      ,1.669078461071,1.669078461066,1.66907846107,1.669078461068
      ,1.669078461068,1.669078461068,1.669078461068,1.669078461068
      ,1.669078461068,1.669078461068,1.669078461068,1.669078461068
      ,1.669078461068,1.669078461068,1.669078461068,1.669078461068
      ,1.669078461068,1.669078461068,1.669078461068,1.669078461068
      ,1.669078461068,1.669078461068,1.669078461068,1.669078461068
      ,1.669078461068,1.669078461068,1.66907846107,1.669078461066
      ,1.66907846107,1.669078461067,1.669078461069,1.669078461068
      ,1.669078461068,1.669078461068,1.669078461068,1.669078461068
      ,1.669078461068,1.669078461068,1.669078461068,1.669078461069
      ,1.669078461068,1.669078461068,1.669078461068,1.669078461068
      ,1.669078461068,1.669078461068,1.669078461069,1.669078461067
      ,1.66907846107,1.669078461067,1.669078461069,1.669078461068
      ,1.669078461068,1.669078461068,1.669078461069,1.669078461067
      ,1.66907846107,1.669078461067,1.669078461069,1.669078461068
      ,1.669078461068,1.669078461068,1.669078461068,1.669078461068
      ,1.669078461069,1.669078461067,1.66907846107,1.669078461067
      ,1.669078461069,1.669078461068,1.669078461068,1.669078461068
      ,1.669078461069,1.669078461068,1.669078461069,1.669078461068
      ,1.669078461069,1.669078461068,1.669078461068,1.669078461068
      ,1.669078461068,1.669078461068,1.669078461068,1.669078461068
      ,1.669078461068,1.669078461068,1.669078461068,1.669078461068
      ,1.669078461068,1.669078461068,1.669078461068,1.669078461068
      ,1.669078461069,1.669078461068,1.669078461068,1.669078461068
      ,1.669078461068,1.669078461068,1.669078461068,1.669078461068
      ,1.669078461069,1.669078461068,1.669078461069,1.669078461068
      ,1.669078461068,1.669078461068,1.669078461068,1.669078461068
      ,1.669078461069,1.669078461067,1.669078461069,1.669078461067
      ,1.669078461069,1.669078461068,1.669078461068,1.669078461068
      ,1.669078461068,1.669078461068,1.669078461069,1.669078461068
      ,1.669078461069,1.669078461068,1.669078461068,1.669078461068
      ,1.669078461068,1.669078461069,1.669078461067,1.66907846107
      ,1.669078461066,1.66907846107,1.669078461067,1.669078461069
      ,1.669078461068,1.669078461068,1.669078461068,1.669078461068
      ,1.66907846107,1.669078461066,1.66907846107,1.669078461067
      ,1.669078461069,1.669078461068,1.669078461068,1.669078461068
      ,1.669078461068,1.669078461068,1.669078461068,1.669078461069
      ,1.669078461068,1.669078461069,1.669078461068,1.669078461068
      ,1.669078461068,1.669078461068,1.669078461068,1.669078461069
      ,1.669078461067,1.66907846107,1.669078461067,1.66907846107
      ,1.669078461068,1.669078461069,1.669078461068,1.669078461068
      ,1.669078461068,1.669078461068,1.66907846107,1.669078461066
      ,1.669078461071,1.669078461066,1.66907846107,1.669078461067
      ,1.669078461069,1.669078461068,1.669078461069,1.669078461067
      ,1.669078461072,1.669078461064,1.669078461073,1.669078461065
      ,1.66907846107,1.669078461067,1.669078461068,1.669078461068
))) REPRESENTATION_ITEM('') SURFACE() );
#327 = CARTESIAN_POINT('',(25.,66.290205865467,50.550503917067));
#328 = CARTESIAN_POINT('',(24.455235014768,65.002604098114,
    50.047843879357));
#329 = CARTESIAN_POINT('',(23.962984566151,63.743651631238,
    49.466447980777));
#330 = CARTESIAN_POINT('',(23.520770266088,62.509026658896,
    48.81065012655));
#331 = CARTESIAN_POINT('',(23.126752911727,61.295194585222,
    48.08441217418));
#332 = CARTESIAN_POINT('',(22.779714014781,60.098671236291,
    47.292557416667));
#333 = CARTESIAN_POINT('',(22.478986964398,58.91700512601,
    46.439865742337));
#334 = CARTESIAN_POINT('',(22.224590795146,57.74793043576,
    45.531686567882));
#335 = CARTESIAN_POINT('',(22.017461822527,56.588219905722,
    44.574740520185));
#336 = CARTESIAN_POINT('',(21.860046765597,55.434273826856,
    43.576241426527));
#337 = CARTESIAN_POINT('',(21.758615414086,54.282417767251,
    42.54337646654));
#338 = CARTESIAN_POINT('',(21.730471401162,53.118247563791,
    41.493534338068));
#339 = CARTESIAN_POINT('',(21.79805484663,52.703947172797,
    41.147091001024));
#340 = CARTESIAN_POINT('',(21.882060025818,52.281937960885,
    40.804408904532));
#341 = CARTESIAN_POINT('',(21.983317155726,51.849938815923,
    40.468127472968));
#342 = CARTESIAN_POINT('',(22.102073413198,51.404557377375,
    40.142129872957));
#343 = CARTESIAN_POINT('',(22.237135547971,50.943185168889,
    39.829642633025));
#344 = CARTESIAN_POINT('',(22.385989279272,50.461479921092,
    39.53587074873));
#345 = CARTESIAN_POINT('',(22.541603836273,49.955049374422,
    39.266533439692));
#346 = CARTESIAN_POINT('',(22.690670800461,49.423932481497,
    39.023327491564));
#347 = CARTESIAN_POINT('',(22.818701912366,48.874573285034,
    38.801371934065));
#348 = CARTESIAN_POINT('',(23.020739523501,47.757826415599,
    38.382787422085));
#349 = CARTESIAN_POINT('',(23.108730437541,46.637195731518,
    37.983687855131));
#350 = CARTESIAN_POINT('',(23.122814837287,46.083977496651,
    37.781181812939));
#351 = CARTESIAN_POINT('',(23.110976365071,45.545514085166,
    37.56779484648));
#352 = CARTESIAN_POINT('',(23.081898750729,45.024913469607,
    37.339872281061));
#353 = CARTESIAN_POINT('',(23.043318700927,44.521664347945,
    37.097566935114));
#354 = CARTESIAN_POINT('',(22.999933028706,44.033773305647,
    36.842810515691));
#355 = CARTESIAN_POINT('',(22.954784221769,43.559182239554,
    36.57772599373));
#356 = CARTESIAN_POINT('',(22.91051178071,43.096033154575,
    36.304248457571));
#357 = CARTESIAN_POINT('',(22.784012432589,41.735127052008,
    35.465000790736));
#358 = CARTESIAN_POINT('',(22.68501164366,40.44562902502,34.585273223507
    ));
#359 = CARTESIAN_POINT('',(22.638420605695,39.604779211247,
    33.995320259974));
#360 = CARTESIAN_POINT('',(22.610454242372,38.77402582166,
    33.412614033841));
#361 = CARTESIAN_POINT('',(22.599286157167,37.947820098622,
    32.844572472519));
#362 = CARTESIAN_POINT('',(22.603693696191,37.122454834709,
    32.296535926304));
#363 = CARTESIAN_POINT('',(22.622656790534,36.29500462195,
    31.772841463381));
#364 = CARTESIAN_POINT('',(22.654918891882,35.462791019957,
    31.27733529243));
#365 = CARTESIAN_POINT('',(22.699287830453,34.623318429306,
    30.813341526151));
#366 = CARTESIAN_POINT('',(22.755223674039,33.774316375937,
    30.383540728066));
#367 = CARTESIAN_POINT('',(22.822029918773,32.913213834358,
    29.990646914084));
#368 = CARTESIAN_POINT('',(22.812194990684,31.735461101831,29.5633316392
    ));
#369 = CARTESIAN_POINT('',(22.789080915663,30.511972516398,
    29.211695156996));
#370 = CARTESIAN_POINT('',(22.736919239703,29.246451101279,
    28.929874340064));
#371 = CARTESIAN_POINT('',(22.632256982803,27.943989246684,
    28.712478400847));
#372 = CARTESIAN_POINT('',(22.475125270487,26.616162465307,
    28.526919788156));
#373 = CARTESIAN_POINT('',(22.216260953427,25.264793927718,
    28.393443003892));
#374 = CARTESIAN_POINT('',(21.893966444436,23.924816588075,
    28.177814991221));
#375 = CARTESIAN_POINT('',(21.593240830941,22.582505020052,
    27.951944475456));
#376 = CARTESIAN_POINT('',(21.299403111611,21.240865433287,
    27.721557093426));
#377 = CARTESIAN_POINT('',(21.013008865441,19.898413444651,
    27.505408239118));
#378 = CARTESIAN_POINT('',(20.720466667343,18.555523610536,
    27.311749979725));
#379 = CARTESIAN_POINT('',(20.50078406665,16.534487737622,
    27.147058550655));
#380 = CARTESIAN_POINT('',(20.149844130625,14.491279611675,
    27.033048472134));
#381 = CARTESIAN_POINT('',(19.67313492108,12.452479905625,
    26.961857916897));
#382 = CARTESIAN_POINT('',(19.077930195061,10.443328870356,
    26.926780682848));
#383 = CARTESIAN_POINT('',(18.371693590794,8.48781012868,26.924150065006
    ));
#384 = CARTESIAN_POINT('',(17.558528476268,6.609448325252,
    26.950250781861));
#385 = CARTESIAN_POINT('',(16.639971869043,4.832212384914,
    26.998912860735));
#386 = CARTESIAN_POINT('',(15.618469925539,3.180111417904,
    27.061512351957));
#387 = CARTESIAN_POINT('',(14.498813881992,1.674802543156,
    27.128588956339));
#388 = CARTESIAN_POINT('',(13.28465901285,0.332799078867,27.191190114866
    ));
#389 = CARTESIAN_POINT('',(11.973995149447,-0.832326327288,
    27.240364823458));
#390 = CARTESIAN_POINT('',(11.478417618431,-1.286700334165,
    27.277933293136));
#391 = CARTESIAN_POINT('',(10.961374424828,-1.717617100104,
    27.312115769632));
#392 = CARTESIAN_POINT('',(10.422895927172,-2.126404142765,
    27.342976301533));
#393 = CARTESIAN_POINT('',(9.863148389681,-2.514172825924,
    27.370528322416));
#394 = CARTESIAN_POINT('',(9.282455190129,-2.881896976433,27.39475954605
    ));
#395 = CARTESIAN_POINT('',(8.681304902246,-3.230474847143,
    27.415642966078));
#396 = CARTESIAN_POINT('',(8.060346251953,-3.560774425942,
    27.433133960263));
#397 = CARTESIAN_POINT('',(7.420369948349,-3.873662090697,
    27.447153499204));
#398 = CARTESIAN_POINT('',(6.762277388458,-4.170014610343,
    27.457557459608));
#399 = CARTESIAN_POINT('',(5.749415660678,-4.591064432655,
    27.467359333276));
#400 = CARTESIAN_POINT('',(4.70016646728,-4.978846430128,27.467505711722
    ));
#401 = CARTESIAN_POINT('',(4.34649716078,-5.10451944218,27.466433146718)
  );
#402 = CARTESIAN_POINT('',(3.989033289644,-5.226709022585,
    27.464164037076));
#403 = CARTESIAN_POINT('',(3.627900913105,-5.345516528058,
    27.460607531846));
#404 = CARTESIAN_POINT('',(3.26322633685,-5.461039745581,27.455657896417
    ));
#405 = CARTESIAN_POINT('',(2.895134995175,-5.57336980002,27.449185075754
    ));
#406 = CARTESIAN_POINT('',(2.523750016796,-5.682585673772,
    27.441015040436));
#407 = CARTESIAN_POINT('',(2.149190474934,-5.788746338355,
    27.430899915464));
#408 = CARTESIAN_POINT('',(1.393948167276,-5.995014657639,
    27.406055868266));
#409 = CARTESIAN_POINT('',(0.626877202667,-6.189120127185,
    27.369880032301));
#410 = CARTESIAN_POINT('',(0.240467111077,-6.283024888012,
    27.348495101413));
#411 = CARTESIAN_POINT('',(-0.148584162213,-6.374302760936,
    27.32261754362));
#412 = CARTESIAN_POINT('',(-0.540575618768,-6.461215501532,
    27.292556715743));
#413 = CARTESIAN_POINT('',(-0.934891548693,-6.545851499721,
    27.254827411162));
#414 = CARTESIAN_POINT('',(-1.331808274049,-6.626519353119,
    27.208603191224));
#415 = CARTESIAN_POINT('',(-1.731663124925,-6.701163130125,
    27.151293865268));
#416 = CARTESIAN_POINT('',(-2.13341435725,-6.77338694908,27.07273421059)
  );
#417 = CARTESIAN_POINT('',(-2.640016515454,-6.850798354616,
    26.942473051826));
#418 = CARTESIAN_POINT('',(-3.147686650964,-6.926576519641,
    26.692916638727));
#419 = CARTESIAN_POINT('',(-3.249216265392,-6.941821862053,
    26.637420465146));
#420 = CARTESIAN_POINT('',(-3.350682672583,-6.957357756773,
    26.575429545726));
#421 = CARTESIAN_POINT('',(-3.451987419093,-6.97353865498,
    26.505656689303));
#422 = CARTESIAN_POINT('',(-3.55298610222,-6.990905398906,
    26.426528576773));
#423 = CARTESIAN_POINT('',(-3.653472619809,-7.010253443772,
    26.336165143545));
#424 = CARTESIAN_POINT('',(-3.753127911899,-7.032843715222,
    26.23210774862));
#425 = CARTESIAN_POINT('',(-3.851412264154,-7.06086003345,
    26.111000952322));
#426 = CARTESIAN_POINT('',(-4.043358455996,-7.135567508114,
    25.826552914797));
#427 = CARTESIAN_POINT('',(-4.219644372456,-7.275177528153,
    25.444836366039));
#428 = CARTESIAN_POINT('',(-4.30216083633,-7.368598004156,
    25.226915961385));
#429 = CARTESIAN_POINT('',(-4.377796215228,-7.490851752957,
    24.976612701981));
#430 = CARTESIAN_POINT('',(-4.439401626049,-7.674139207789,
    24.704991468329));
#431 = CARTESIAN_POINT('',(-4.494062548866,-7.886583973561,
    24.403274587693));
#432 = CARTESIAN_POINT('',(-4.517823038209,-8.235669777664,
    24.100071121897));
#433 = CARTESIAN_POINT('',(-4.534477198723,-8.621739511727,
    23.894921716648));
#434 = CARTESIAN_POINT('',(-4.551337679402,-9.010772892582,
    23.759271380894));
#435 = CARTESIAN_POINT('',(-4.597363116221,-9.741267958209,
    23.612610403795));
#436 = CARTESIAN_POINT('',(-4.677198870226,-10.3318476931,
    23.645705995407));
#437 = CARTESIAN_POINT('',(-4.727939502196,-10.58070617048,
    23.690682258532));
#438 = CARTESIAN_POINT('',(-4.788347408556,-10.78715573575,
    23.74529033901));
#439 = CARTESIAN_POINT('',(-4.856104073601,-10.96099286037,
    23.801685203182));
#440 = CARTESIAN_POINT('',(-4.929404709905,-11.1100451968,
    23.857300274618));
#441 = CARTESIAN_POINT('',(-5.007174845902,-11.23894995385,
    23.910245364449));
#442 = CARTESIAN_POINT('',(-5.088537553818,-11.35151668605,
    23.959425756277));
#443 = CARTESIAN_POINT('',(-5.172608821648,-11.4516721674,
    24.005245078835));
#444 = CARTESIAN_POINT('',(-5.345284803416,-11.63103510809,
    24.089777943332));
#445 = CARTESIAN_POINT('',(-5.52526376223,-11.77633563143,
    24.161071508826));
#446 = CARTESIAN_POINT('',(-5.61666263796,-11.84231784672,
    24.193618002894));
#447 = CARTESIAN_POINT('',(-5.709168475296,-11.90297955159,
    24.223338869098));
#448 = CARTESIAN_POINT('',(-5.802561415519,-11.95930432,24.250530044659)
  );
#449 = CARTESIAN_POINT('',(-5.896678715607,-12.01202249916,
    24.275476448904));
#450 = CARTESIAN_POINT('',(-5.991395164809,-12.0616966199,
    24.298431242874));
#451 = CARTESIAN_POINT('',(-6.086609378176,-12.10878148233,
    24.319606643033));
#452 = CARTESIAN_POINT('',(-6.182235966936,-12.15365891668,
    24.33917628884));
#453 = CARTESIAN_POINT('',(-6.662074061452,-12.36860042977,
    24.429740666761));
#454 = CARTESIAN_POINT('',(-7.149103471477,-12.54228549305,
    24.487630898746));
#455 = CARTESIAN_POINT('',(-7.539763816141,-12.67074407406,
    24.522023805371));
#456 = CARTESIAN_POINT('',(-7.930688263065,-12.79197406908,
    24.548276191343));
#457 = CARTESIAN_POINT('',(-8.321177316701,-12.90882009117,
    24.568604701892));
#458 = CARTESIAN_POINT('',(-8.710678810735,-13.02343229054,
    24.584515736276));
#459 = CARTESIAN_POINT('',(-9.098944245716,-13.13658635656,
    24.596991443649));
#460 = CARTESIAN_POINT('',(-9.485766954906,-13.24885484184,
    24.606709367195));
#461 = CARTESIAN_POINT('',(-9.870824304823,-13.36131631461,
    24.614222494382));
#462 = CARTESIAN_POINT('',(-11.02029190552,-13.70001647183,
    24.631299995499));
#463 = CARTESIAN_POINT('',(-12.15097975245,-14.04681438237,
    24.634798643534));
#464 = CARTESIAN_POINT('',(-12.89504650801,-14.28484048604,
    24.633524123434));
#465 = CARTESIAN_POINT('',(-13.62826580888,-14.53177731191,
    24.629869751246));
#466 = CARTESIAN_POINT('',(-14.34963955118,-14.78920956464,
    24.624526337218));
#467 = CARTESIAN_POINT('',(-15.05823650703,-15.05855903179,
    24.617998690796));
#468 = CARTESIAN_POINT('',(-15.75318637196,-15.341203427,24.610732974298
    ));
#469 = CARTESIAN_POINT('',(-16.43370183899,-15.63847285632,
    24.603112600101));
#470 = CARTESIAN_POINT('',(-17.09910534726,-15.9516182925,
    24.595414151033));
#471 = CARTESIAN_POINT('',(-17.74883715205,-16.28184644093,
    24.587814802826));
#472 = CARTESIAN_POINT('',(-18.38242136405,-16.63051538168,
    24.58054272815));
#473 = CARTESIAN_POINT('',(-19.14492863137,-17.04766995897,
    24.56844981807));
#474 = CARTESIAN_POINT('',(-19.892058392,-17.50015085104,24.557803494749
    ));
#475 = CARTESIAN_POINT('',(-20.62527346729,-17.9864573655,
    24.548586299456));
#476 = CARTESIAN_POINT('',(-21.34574609946,-18.50502399456,
    24.541026063665));
#477 = CARTESIAN_POINT('',(-22.05462000867,-19.05401027676,
    24.53506353041));
#478 = CARTESIAN_POINT('',(-22.75295129176,-19.6314276831,
    24.530719793385));
#479 = CARTESIAN_POINT('',(-23.44167298168,-20.23525588285,
    24.528354861616));
#480 = CARTESIAN_POINT('',(-24.12169458443,-20.86342410405,
    24.528478971317));
#481 = CARTESIAN_POINT('',(-24.79401440955,-21.51375666274,
    24.531448578718));
#482 = CARTESIAN_POINT('',(-25.62585765647,-22.35181720264,
    24.539699457297));
#483 = CARTESIAN_POINT('',(-26.44630546411,-23.21997017359,
    24.560431968695));
#484 = CARTESIAN_POINT('',(-26.60993560788,-23.39478804437,
    24.565131334273));
#485 = CARTESIAN_POINT('',(-26.77308752324,-23.57079043622,
    24.570490655843));
#486 = CARTESIAN_POINT('',(-26.93573518902,-23.747981149,24.576636690285
    ));
#487 = CARTESIAN_POINT('',(-27.09784686641,-23.92636922852,
    24.583706290024));
#488 = CARTESIAN_POINT('',(-27.25938008439,-24.10597345631,
    24.591861096226));
#489 = CARTESIAN_POINT('',(-27.42027011808,-24.28683264035,
    24.601326493901));
#490 = CARTESIAN_POINT('',(-27.58041195969,-24.46902170459,
    24.612454828811));
#491 = CARTESIAN_POINT('',(-27.81924769368,-24.74449951673,
    24.632491915048));
#492 = CARTESIAN_POINT('',(-28.05542008365,-25.02376056192,
    24.659555049653));
#493 = CARTESIAN_POINT('',(-28.13381533727,-25.11729504102,
    24.669455305793));
#494 = CARTESIAN_POINT('',(-28.21183886072,-25.21131291006,
    24.68039720933));
#495 = CARTESIAN_POINT('',(-28.2894390912,-25.30585787419,
    24.692573879106));
#496 = CARTESIAN_POINT('',(-28.36655413971,-25.40098287011,
    24.70620279661));
#497 = CARTESIAN_POINT('',(-28.44310736149,-25.49675401244,
    24.721546379867));
#498 = CARTESIAN_POINT('',(-28.51900011376,-25.59325703428,
    24.738959451476));
#499 = CARTESIAN_POINT('',(-28.59410170101,-25.69060622184,
    24.758963600596));
#500 = CARTESIAN_POINT('',(-28.70530391098,-25.83813065389,
    24.794040858289));
#501 = CARTESIAN_POINT('',(-28.81379937981,-25.98837445097,
    24.839392682375));
#502 = CARTESIAN_POINT('',(-28.84963217361,-26.03878576055,
    24.855795256244));
#503 = CARTESIAN_POINT('',(-28.88510139095,-26.08955460936,
    24.873675481152));
#504 = CARTESIAN_POINT('',(-28.92017105774,-26.14071272266,
    24.893261645925));
#505 = CARTESIAN_POINT('',(-28.95479771682,-26.1922984897,
    24.914820922836));
#506 = CARTESIAN_POINT('',(-28.98893014098,-26.24435720477,
    24.938677994746));
#507 = CARTESIAN_POINT('',(-29.02251148264,-26.29693911578,
    24.96524936296));
#508 = CARTESIAN_POINT('',(-29.05548385965,-26.35009527952,
    24.995093335734));
#509 = CARTESIAN_POINT('',(-29.12010689551,-26.45764716966,
    25.062858059252));
#510 = CARTESIAN_POINT('',(-29.18194070221,-26.56780406587,
    25.150994780613));
#511 = CARTESIAN_POINT('',(-29.21212021705,-26.62356852858,
    25.201153511999));
#512 = CARTESIAN_POINT('',(-29.24158496956,-26.67999708456,
    25.259136053466));
#513 = CARTESIAN_POINT('',(-29.27034965088,-26.73707526902,
    25.326160732172));
#514 = CARTESIAN_POINT('',(-29.2985357131,-26.79469182252,25.40506901063
    ));
#515 = CARTESIAN_POINT('',(-29.32659110588,-26.85244241989,
    25.499850426144));
#516 = CARTESIAN_POINT('',(-29.35537945494,-26.90955043846,
    25.614849608465));
#517 = CARTESIAN_POINT('',(-29.38650103764,-26.96457774067,
    25.75735462309));
#518 = CARTESIAN_POINT('',(-29.44358816714,-27.03780151015,
    26.033985918681));
#519 = CARTESIAN_POINT('',(-29.55146344357,-27.06554542546,
    26.434458765624));
#520 = CARTESIAN_POINT('',(-29.59495762466,-27.06804531294,
    26.583215175589));
#521 = CARTESIAN_POINT('',(-29.64885516971,-27.06122951187,
    26.749348588954));
#522 = CARTESIAN_POINT('',(-29.71628794552,-27.04229568123,
    26.932616077508));
#523 = CARTESIAN_POINT('',(-29.80167054437,-27.00729310913,
    27.133571875703));
#524 = CARTESIAN_POINT('',(-29.91117508926,-26.95070033371,
    27.350342543957));
#525 = CARTESIAN_POINT('',(-30.05059522329,-26.86734038856,
    27.573082322308));
#526 = CARTESIAN_POINT('',(-30.22058038851,-26.7566437592,
    27.785096273839));
#527 = CARTESIAN_POINT('',(-30.60564424471,-26.49494260979,
    28.160774141082));
#528 = CARTESIAN_POINT('',(-31.04344725507,-26.18614630442,
    28.411228287621));
#529 = CARTESIAN_POINT('',(-31.26614802698,-26.02837557989,
    28.498028974951));
#530 = CARTESIAN_POINT('',(-31.48031168633,-25.87826948353,
    28.544694194986));
#531 = CARTESIAN_POINT('',(-31.67686258745,-25.74393990653,
    28.560255826248));
#532 = CARTESIAN_POINT('',(-31.85309572001,-25.62779807165,
    28.555485878484));
#533 = CARTESIAN_POINT('',(-32.01065549757,-25.52836685848,
    28.537608918225));
#534 = CARTESIAN_POINT('',(-32.15171088934,-25.44370204483,
    28.51114547606));
#535 = CARTESIAN_POINT('',(-32.27760272582,-25.37260091915,
    28.479915410136));
#536 = CARTESIAN_POINT('',(-32.61713118626,-25.19341319095,
    28.378405085796));
#537 = CARTESIAN_POINT('',(-32.85774381259,-25.10267097471,
    28.267304270948));
#538 = CARTESIAN_POINT('',(-32.9887717352,-25.06842911702,
    28.201139114959));
#539 = CARTESIAN_POINT('',(-33.10107012607,-25.05091114008,
    28.142637440246));
#540 = CARTESIAN_POINT('',(-33.19992206123,-25.04539090708,
    28.090931888851));
#541 = CARTESIAN_POINT('',(-33.2885057461,-25.04902524413,
    28.045388173054));
#542 = CARTESIAN_POINT('',(-33.36951423887,-25.05940532308,
    28.00501056409));
#543 = CARTESIAN_POINT('',(-33.44480077702,-25.07487361163,
    27.968876035931));
#544 = CARTESIAN_POINT('',(-33.51522692806,-25.09465937967,
    27.936557838537));
#545 = CARTESIAN_POINT('',(-33.71523256795,-25.16401004126,
    27.849149774498));
#546 = CARTESIAN_POINT('',(-33.88722101837,-25.25815134621,
    27.786602685824));
#547 = CARTESIAN_POINT('',(-33.99486879179,-25.32706330612,
    27.752432494311));
#548 = CARTESIAN_POINT('',(-34.09768456292,-25.40017631176,
    27.723743649757));
#549 = CARTESIAN_POINT('',(-34.19688421268,-25.47640154196,
    27.699246071445));
#550 = CARTESIAN_POINT('',(-34.29339789523,-25.5549054784,
    27.678047994535));
#551 = CARTESIAN_POINT('',(-34.38789342505,-25.63508910969,27.6594979267
    ));
#552 = CARTESIAN_POINT('',(-34.48074711,-25.71661408379,27.643113779061)
  );
#553 = CARTESIAN_POINT('',(-34.57219870518,-25.7992641162,
    27.628533648447));
#554 = CARTESIAN_POINT('',(-34.8432891776,-26.04974110907,
    27.589343036256));
#555 = CARTESIAN_POINT('',(-35.10604082913,-26.30648072713,
    27.56176869959));
#556 = CARTESIAN_POINT('',(-35.27893982982,-26.47912266202,
    27.546764250459));
#557 = CARTESIAN_POINT('',(-35.45027816427,-26.65259730755,
    27.53419335101));
#558 = CARTESIAN_POINT('',(-35.62043577748,-26.82654839877,
    27.52351638005));
#559 = CARTESIAN_POINT('',(-35.78967701344,-27.0007229227,
    27.514361319913));
#560 = CARTESIAN_POINT('',(-35.95822922563,-27.1749008788,
    27.506426979585));
#561 = CARTESIAN_POINT('',(-36.12628206528,-27.34889593969,
    27.499471482863));
#562 = CARTESIAN_POINT('',(-36.29396206736,-27.52257818948,
    27.493330396131));
#563 = CARTESIAN_POINT('',(-37.13083751156,-28.38903783045,
    27.466222765921));
#564 = CARTESIAN_POINT('',(-37.96254910551,-29.24312247933,
    27.454235783744));
#565 = CARTESIAN_POINT('',(-38.62992304132,-29.91265173146,
    27.447950443076));
#566 = CARTESIAN_POINT('',(-39.30072220116,-30.5661098787,
    27.444535820419));
#567 = CARTESIAN_POINT('',(-39.97683250404,-31.20078174165,
    27.442983062429));
#568 = CARTESIAN_POINT('',(-40.66002414096,-31.81411772802,
    27.442467426162));
#569 = CARTESIAN_POINT('',(-41.3515644558,-32.40412052992,
    27.442919314834));
#570 = CARTESIAN_POINT('',(-42.05278877522,-32.96888859205,
    27.444259399414));
#571 = CARTESIAN_POINT('',(-42.76544065285,-33.50637032523,
    27.445983236739));
#572 = CARTESIAN_POINT('',(-44.21666602226,-34.52354655511,
    27.450279860451));
#573 = CARTESIAN_POINT('',(-45.72729723054,-35.4184118118,
    27.455660684696));
#574 = CARTESIAN_POINT('',(-46.49933707548,-35.83360399306,
    27.458506360452));
#575 = CARTESIAN_POINT('',(-47.2901441209,-36.21496212686,
    27.461416130786));
#576 = CARTESIAN_POINT('',(-48.1020450375,-36.56089795317,27.46431420488
    ));
#577 = CARTESIAN_POINT('',(-48.93766609069,-36.86972927326,
    27.467133576132));
#578 = CARTESIAN_POINT('',(-49.79987575258,-37.13957244783,
    27.469811590643));
#579 = CARTESIAN_POINT('',(-50.69167841968,-37.36825396512,
    27.472287195675));
#580 = CARTESIAN_POINT('',(-51.6160836134,-37.55326837214,
    27.474499385381));
#581 = CARTESIAN_POINT('',(-52.57597504058,-37.69180986183,
    27.476386361258));
#582 = CARTESIAN_POINT('',(-53.5740038915,-37.78090480938,
    27.477884924656));
#583 = CARTESIAN_POINT('',(-54.42658919614,-37.85834626896,
    27.481125578066));
#584 = CARTESIAN_POINT('',(-55.31303403869,-37.89860109713,
    27.484129769882));
#585 = CARTESIAN_POINT('',(-56.22404452654,-37.90207231543,
    27.486906013357));
#586 = CARTESIAN_POINT('',(-57.15080443376,-37.86962730236,
    27.489458392437));
#587 = CARTESIAN_POINT('',(-58.08482465378,-37.80241829681,
    27.491786740148));
#588 = CARTESIAN_POINT('',(-59.01781606519,-37.70177560964,
    27.493887521364));
#589 = CARTESIAN_POINT('',(-59.94158580991,-37.56917354432,
    27.495755419891));
#590 = CARTESIAN_POINT('',(-60.84795698449,-37.40626902565,
    27.497385629941));
#591 = CARTESIAN_POINT('',(-61.72871174381,-37.21501293737,
    27.498776851926));
#592 = CARTESIAN_POINT('',(-63.42240389189,-36.78065539892,
    27.501093133331));
#593 = CARTESIAN_POINT('',(-64.94695423611,-36.25526172956,
    27.502547160266));
#594 = CARTESIAN_POINT('',(-65.65848332261,-35.97273845036,
    27.503074642446));
#595 = CARTESIAN_POINT('',(-66.31134865387,-35.67597967817,
    27.503426702464));
#596 = CARTESIAN_POINT('',(-66.89597883046,-35.36549824242,
    27.503634972592));
#597 = CARTESIAN_POINT('',(-67.40494019492,-35.05508365402,
    27.503740942999));
#598 = CARTESIAN_POINT('',(-67.83199717097,-34.74983551605,
    27.503783460066));
#599 = CARTESIAN_POINT('',(-68.16863773924,-34.45839520925,
    27.503808680245));
#600 = CARTESIAN_POINT('',(-68.41558572376,-34.21538284908,
    27.503863586105));
#601 = CARTESIAN_POINT('',(-68.60791867225,-34.02252412706,
    27.503926434632));
#602 = CARTESIAN_POINT('',(-68.76264079639,-33.85085485454,
    27.503987872169));
#603 = CARTESIAN_POINT('',(-68.85522568661,-33.74777130711,
    27.503647103771));
#604 = CARTESIAN_POINT('',(-68.9346724708,-33.64636156399,
    27.503334304819));
#605 = CARTESIAN_POINT('',(-69.00389273319,-33.53801331915,
    27.503039175476));
#606 = CARTESIAN_POINT('',(-69.06331238895,-33.4116835995,
    27.502754032616));
#607 = CARTESIAN_POINT('',(-69.10629915612,-33.25586353043,
    27.502478763539));
#608 = CARTESIAN_POINT('',(-69.12326499663,-33.065361325,27.50221643218)
  );
#609 = CARTESIAN_POINT('',(-69.10620699655,-32.8414606483,
    27.501968643688));
#610 = CARTESIAN_POINT('',(-69.05036782542,-32.58726397488,
    27.501734038658));
#611 = CARTESIAN_POINT('',(-68.95316785244,-32.30487156129,
    27.501509463141));
#612 = CARTESIAN_POINT('',(-68.67200257434,-31.6900808319,
    27.501073428055));
#613 = CARTESIAN_POINT('',(-68.21377742773,-30.98485466382,
    27.500646106407));
#614 = CARTESIAN_POINT('',(-67.93946175482,-30.61211738004,
    27.500430297507));
#615 = CARTESIAN_POINT('',(-67.61979092932,-30.22133058209,
    27.500207455783));
#616 = CARTESIAN_POINT('',(-67.25497066554,-29.81410527237,
    27.499972497758));
#617 = CARTESIAN_POINT('',(-66.84531353511,-29.3916206017,
    27.499720335744));
#618 = CARTESIAN_POINT('',(-66.39112028992,-28.9547084915,
    27.499445951344));
#619 = CARTESIAN_POINT('',(-65.89264824732,-28.50395829343,
    27.499144391867));
#620 = CARTESIAN_POINT('',(-65.35012156863,-28.03980873775,
    27.498810733718));
#621 = CARTESIAN_POINT('',(-64.7637382603,-27.56259441692,
    27.498440056701));
#622 = CARTESIAN_POINT('',(-64.13362872838,-27.07251405521,
    27.498027473269));
#623 = CARTESIAN_POINT('',(29.364695160941,65.444918130301,
    49.949993380641));
#624 = CARTESIAN_POINT('',(28.855279610674,64.255939462916,
    49.565440531105));
#625 = CARTESIAN_POINT('',(28.39093190754,63.084645763064,
    49.109118282213));
#626 = CARTESIAN_POINT('',(27.968849453902,61.924487506412,
    48.583704223357));
#627 = CARTESIAN_POINT('',(27.587866546848,60.770059939487,
    47.991614519293));
#628 = CARTESIAN_POINT('',(27.246294435767,59.616589563328,
    47.336668146784));
#629 = CARTESIAN_POINT('',(26.944375922194,58.460381671014,
    46.623656869793));
#630 = CARTESIAN_POINT('',(26.682816135013,57.297383439727,
    45.859367660781));
#631 = CARTESIAN_POINT('',(26.460677860352,56.12156017918,
    45.053605284694));
#632 = CARTESIAN_POINT('',(26.277624590731,54.924564039132,
    44.218861634274));
#633 = CARTESIAN_POINT('',(26.137057306853,53.693194800014,
    43.372475145641));
#634 = CARTESIAN_POINT('',(26.028121892951,52.391411292037,
    42.555418226263));
#635 = CARTESIAN_POINT('',(26.030024574219,51.844218251082,
    42.383835598932));
#636 = CARTESIAN_POINT('',(26.028589806895,51.2741024652,42.231132882156
    ));
#637 = CARTESIAN_POINT('',(26.019417383567,50.678173046891,
    42.10103006404));
#638 = CARTESIAN_POINT('',(25.994768515755,50.053278011015,
    41.997827804904));
#639 = CARTESIAN_POINT('',(25.947251815391,49.3986117882,41.92339750955)
  );
#640 = CARTESIAN_POINT('',(25.863828613818,48.713450687654,
    41.880057637887));
#641 = CARTESIAN_POINT('',(25.726516383077,48.002311897338,
    41.865167221014));
#642 = CARTESIAN_POINT('',(25.521407701476,47.280810453112,
    41.864295137867));
#643 = CARTESIAN_POINT('',(25.248866060232,46.571396582228,
    41.854810605544));
#644 = CARTESIAN_POINT('',(24.601151628933,45.206589254612,
    41.786562483599));
#645 = CARTESIAN_POINT('',(23.820198829099,43.984694137371,
    41.580916421235));
#646 = CARTESIAN_POINT('',(23.41458489299,43.418096971617,
    41.434119458058));
#647 = CARTESIAN_POINT('',(23.016732216321,42.897862694855,
    41.240229564334));
#648 = CARTESIAN_POINT('',(22.643524415784,42.416680229374,
    41.006293527346));
#649 = CARTESIAN_POINT('',(22.302132089969,41.965246467969,
    40.74212097654));
#650 = CARTESIAN_POINT('',(21.992967384246,41.536504689041,
    40.455614101929));
#651 = CARTESIAN_POINT('',(21.714560075407,41.125239875594,
    40.152820942034));
#652 = CARTESIAN_POINT('',(21.465507564288,40.726855768474,
    39.839079032138));
#653 = CARTESIAN_POINT('',(20.797255618996,39.561247394665,
    38.876360957076));
#654 = CARTESIAN_POINT('',(20.343195129668,38.462462271039,
    37.876747321966));
#655 = CARTESIAN_POINT('',(20.11454520109,37.740483352779,
    37.218302478004));
#656 = CARTESIAN_POINT('',(19.940594361973,37.022537166813,
    36.578203057539));
#657 = CARTESIAN_POINT('',(19.808533073436,36.305931509718,
    35.96195647643));
#658 = CARTESIAN_POINT('',(19.710638982959,35.588788831789,
    35.373496049124));
#659 = CARTESIAN_POINT('',(19.641387925909,34.869591128292,
    34.815788636146));
#660 = CARTESIAN_POINT('',(19.595867161351,34.147176055491,
    34.290806625413));
#661 = CARTESIAN_POINT('',(19.570150034997,33.420255826724,
    33.799861280337));
#662 = CARTESIAN_POINT('',(19.562220472164,32.686700557674,
    33.344235172763));
#663 = CARTESIAN_POINT('',(19.569964913265,31.943997859194,
    32.924992105257));
#664 = CARTESIAN_POINT('',(19.320943988084,30.976919790426,
    32.302178644611));
#665 = CARTESIAN_POINT('',(19.046599112432,29.960615849226,
    31.688130345376));
#666 = CARTESIAN_POINT('',(18.738210104162,28.899319912493,
    31.06643794704));
#667 = CARTESIAN_POINT('',(18.378722089075,27.802132068481,
    30.40934917617));
#668 = CARTESIAN_POINT('',(18.01849780736,26.674909290379,
    29.702144458423));
#669 = CARTESIAN_POINT('',(17.570183709552,25.536267037973,
    28.899274917907));
#670 = CARTESIAN_POINT('',(17.292287022722,24.394140756538,
    27.951403969795));
#671 = CARTESIAN_POINT('',(17.131146367918,23.216555900114,
    27.082393653498));
#672 = CARTESIAN_POINT('',(17.054396619977,22.014022544055,
    26.287376202425));
#673 = CARTESIAN_POINT('',(17.021543160854,20.788266440675,
    25.598247579893));
#674 = CARTESIAN_POINT('',(16.997267980078,19.545376376956,
    25.013126229853));
#675 = CARTESIAN_POINT('',(16.956869630369,17.673566489832,
    24.622299865438));
#676 = CARTESIAN_POINT('',(16.812652135319,15.753934136478,
    24.277175917408));
#677 = CARTESIAN_POINT('',(16.566309729118,13.815151933329,
    23.980304998567));
#678 = CARTESIAN_POINT('',(16.219438149319,11.885186162972,
    23.736135565753));
#679 = CARTESIAN_POINT('',(15.769795368172,9.993580742332,
    23.550366579547));
#680 = CARTESIAN_POINT('',(15.213554817648,8.17071862965,23.421964728391
    ));
#681 = CARTESIAN_POINT('',(14.550314178267,6.446960454487,23.34161510155
    ));
#682 = CARTESIAN_POINT('',(13.786783822029,4.850577413947,23.2963834965)
  );
#683 = CARTESIAN_POINT('',(12.935718739691,3.403180506815,
    23.274277652829));
#684 = CARTESIAN_POINT('',(12.008776250036,2.114900971611,
    23.264203614971));
#685 = CARTESIAN_POINT('',(11.00557897571,0.988897357221,23.256522141706
    ));
#686 = CARTESIAN_POINT('',(10.607881998775,0.574409103376,
    23.288531096278));
#687 = CARTESIAN_POINT('',(10.187486664446,0.176994804902,
    23.317628723382));
#688 = CARTESIAN_POINT('',(9.743389224378,-0.204598944458,
    23.343814277762));
#689 = CARTESIAN_POINT('',(9.274891144516,-0.571232017338,
    23.366994663213));
#690 = CARTESIAN_POINT('',(8.781634858431,-0.923504687868,
    23.387027480543));
#691 = CARTESIAN_POINT('',(8.263617762451,-1.261881527931,
    23.403741317948));
#692 = CARTESIAN_POINT('',(7.721184452944,-1.586805264707,23.41693328401
    ));
#693 = CARTESIAN_POINT('',(7.154997205301,-1.898800599292,
    23.426343783045));
#694 = CARTESIAN_POINT('',(6.565984695093,-2.198567986633,
    23.431608533096));
#695 = CARTESIAN_POINT('',(5.649911093954,-2.631317071522,
    23.432477472912));
#696 = CARTESIAN_POINT('',(4.687751604276,-3.041622742967,
    23.420984715524));
#697 = CARTESIAN_POINT('',(4.362065050773,-3.176052519891,
    23.415684172175));
#698 = CARTESIAN_POINT('',(4.031580700481,-3.308342361763,
    23.408779816161));
#699 = CARTESIAN_POINT('',(3.696477064942,-3.438718576408,
    23.400112605956));
#700 = CARTESIAN_POINT('',(3.35694045497,-3.567432899881,23.389498219063
    ));
#701 = CARTESIAN_POINT('',(3.013166821589,-3.694774877928,
    23.376712962937));
#702 = CARTESIAN_POINT('',(2.665367222763,-3.821098663063,
    23.361466025063));
#703 = CARTESIAN_POINT('',(2.313776916591,-3.946864227578,
    23.343358061806));
#704 = CARTESIAN_POINT('',(1.603559244149,-4.198521756825,
    23.300294190944));
#705 = CARTESIAN_POINT('',(0.880569218889,-4.453843741176,
    23.240353298937));
#706 = CARTESIAN_POINT('',(0.516164887621,-4.583083897516,
    23.205266448677));
#707 = CARTESIAN_POINT('',(0.149534619151,-4.71636439721,23.164555211872
    ));
#708 = CARTESIAN_POINT('',(-0.219651312646,-4.851539069636,
    23.115235243468));
#709 = CARTESIAN_POINT('',(-0.589535834011,-4.99631296477,
    23.057334852322));
#710 = CARTESIAN_POINT('',(-0.960010143512,-5.150449750981,
    22.986875138961));
#711 = CARTESIAN_POINT('',(-1.330364213076,-5.316257119525,
    22.897588037141));
#712 = CARTESIAN_POINT('',(-1.695902838915,-5.513824991405,
    22.785818377926));
#713 = CARTESIAN_POINT('',(-2.14646561586,-5.800167696161,
    22.595518342246));
#714 = CARTESIAN_POINT('',(-2.555835281435,-6.279214610014,
    22.291879825167));
#715 = CARTESIAN_POINT('',(-2.635719051663,-6.384211124675,
    22.226115988614));
#716 = CARTESIAN_POINT('',(-2.713224373715,-6.500075708518,
    22.154801235329));
#717 = CARTESIAN_POINT('',(-2.787789111651,-6.629253046966,
    22.077330221041));
#718 = CARTESIAN_POINT('',(-2.858705782968,-6.774833388703,
    21.993149249883));
#719 = CARTESIAN_POINT('',(-2.925100488862,-6.940651118722,
    21.901854292391));
#720 = CARTESIAN_POINT('',(-2.985788335197,-7.131930144677,
    21.80329817309));
#721 = CARTESIAN_POINT('',(-3.039063552824,-7.356239490946,
    21.698078418363));
#722 = CARTESIAN_POINT('',(-3.126165791996,-7.891672174995,
    21.480112356341));
#723 = CARTESIAN_POINT('',(-3.164153876205,-8.64786833248,
    21.282450624202));
#724 = CARTESIAN_POINT('',(-3.168392268989,-9.09267293709,
    21.198826159859));
#725 = CARTESIAN_POINT('',(-3.154829788846,-9.617853174556,
    21.134379040926));
#726 = CARTESIAN_POINT('',(-3.1214875192,-10.23588633586,21.154920434779
    ));
#727 = CARTESIAN_POINT('',(-3.071135292358,-10.93085919862,
    21.197344437392));
#728 = CARTESIAN_POINT('',(-2.993994439136,-11.75804825102,
    21.473503688277));
#729 = CARTESIAN_POINT('',(-2.947285571841,-12.45980149355,
    21.905542278201));
#730 = CARTESIAN_POINT('',(-2.926609426152,-13.05054522447,
    22.408066156455));
#731 = CARTESIAN_POINT('',(-2.942077947568,-13.9826880655,
    23.448523832848));
#732 = CARTESIAN_POINT('',(-3.053133889588,-14.48741877246,
    24.417367333217));
#733 = CARTESIAN_POINT('',(-3.128427813136,-14.64907933347,
    24.848648682378));
#734 = CARTESIAN_POINT('',(-3.21550784234,-14.75462858879,
    25.216029087681));
#735 = CARTESIAN_POINT('',(-3.309476396867,-14.82621641801,
    25.528982487219));
#736 = CARTESIAN_POINT('',(-3.407837180072,-14.87548088329,
    25.798559280711));
#737 = CARTESIAN_POINT('',(-3.508968687363,-14.90992189972,
    26.030956240954));
#738 = CARTESIAN_POINT('',(-3.611714213029,-14.93495093162,
    26.231694106186));
#739 = CARTESIAN_POINT('',(-3.715468492483,-14.95363787746,
    26.407904455216));
#740 = CARTESIAN_POINT('',(-3.924095617269,-14.98263699605,
    26.717566621931));
#741 = CARTESIAN_POINT('',(-4.133812698212,-15.00073810433,
    26.956086415304));
#742 = CARTESIAN_POINT('',(-4.238665463497,-15.00847662469,
    27.060932123621));
#743 = CARTESIAN_POINT('',(-4.343355717848,-15.01573397193,
    27.153935930976));
#744 = CARTESIAN_POINT('',(-4.447805184737,-15.02296043142,
    27.237063885654));
#745 = CARTESIAN_POINT('',(-4.551980292634,-15.03038377344,
    27.311835965402));
#746 = CARTESIAN_POINT('',(-4.655867735756,-15.03812434166,
    27.379453536066));
#747 = CARTESIAN_POINT('',(-4.759459349874,-15.04626716868,
    27.440894100401));
#748 = CARTESIAN_POINT('',(-4.862746303084,-15.05489111993,
    27.496973336937));
#749 = CARTESIAN_POINT('',(-5.377627795785,-15.10071084416,
    27.753978797206));
#750 = CARTESIAN_POINT('',(-5.884984551387,-15.15958222019,
    27.907713325547));
#751 = CARTESIAN_POINT('',(-6.286323734461,-15.21545497917,
    28.00015377401));
#752 = CARTESIAN_POINT('',(-6.68383560455,-15.27703884741,
    28.070920636714));
#753 = CARTESIAN_POINT('',(-7.077721424322,-15.34342878024,
    28.126705577687));
#754 = CARTESIAN_POINT('',(-7.468044658093,-15.41422025683,
    28.172340825493));
#755 = CARTESIAN_POINT('',(-7.854933777158,-15.48855879069,
    28.209804066993));
#756 = CARTESIAN_POINT('',(-8.238440396586,-15.56589296463,
    28.240440510321));
#757 = CARTESIAN_POINT('',(-8.618471629345,-15.64635327223,
    28.266352445172));
#758 = CARTESIAN_POINT('',(-9.748153822446,-15.89595141957,
    28.331455956126));
#759 = CARTESIAN_POINT('',(-10.84604058065,-16.16960237028,
    28.366043574374));
#760 = CARTESIAN_POINT('',(-11.5633972899,-16.36186546095,
    28.381244890019));
#761 = CARTESIAN_POINT('',(-12.26554982155,-16.56393372168,
    28.391247659225));
#762 = CARTESIAN_POINT('',(-12.95180295309,-16.77614616655,
    28.397401439772));
#763 = CARTESIAN_POINT('',(-13.6215005059,-16.99895333345,
    28.400647890018));
#764 = CARTESIAN_POINT('',(-14.27408953781,-17.23283033335,
    28.401831094531));
#765 = CARTESIAN_POINT('',(-14.90916031458,-17.4782962394,
    28.401663242493));
#766 = CARTESIAN_POINT('',(-15.5264715317,-17.73598166259,
    28.400591778807));
#767 = CARTESIAN_POINT('',(-16.12597025752,-18.0066863605,
    28.398814147941));
#768 = CARTESIAN_POINT('',(-16.70781606919,-18.29136872595,
    28.396686250453));
#769 = CARTESIAN_POINT('',(-17.40522039834,-18.63656988824,
    28.387340182801));
#770 = CARTESIAN_POINT('',(-18.09465459819,-19.01817738327,
    28.379504936179));
#771 = CARTESIAN_POINT('',(-18.77745666511,-19.43572277109,
    28.373211929206));
#772 = CARTESIAN_POINT('',(-19.45475709394,-19.88823576978,
    28.368925034589));
#773 = CARTESIAN_POINT('',(-20.12715419673,-20.37458866841,
    28.366614936915));
#774 = CARTESIAN_POINT('',(-20.79520676502,-20.89321359074,
    28.366403550886));
#775 = CARTESIAN_POINT('',(-21.45979231059,-21.44196131034,
    28.369016927598));
#776 = CARTESIAN_POINT('',(-22.12200599942,-22.01834027134,
    28.375461816637));
#777 = CARTESIAN_POINT('',(-22.78290227064,-22.61984441915,
    28.386517792362));
#778 = CARTESIAN_POINT('',(-23.60928444709,-23.39947439427,
    28.408137543036));
#779 = CARTESIAN_POINT('',(-24.44355613358,-24.20467663981,
    28.452138024175));
#780 = CARTESIAN_POINT('',(-24.61078676284,-24.36666217216,
    28.461938315254));
#781 = CARTESIAN_POINT('',(-24.77850722187,-24.52946787415,
    28.472929087486));
#782 = CARTESIAN_POINT('',(-24.94684912677,-24.69295289407,
    28.485335988678));
#783 = CARTESIAN_POINT('',(-25.11595161619,-24.85696993316,
    28.499407634526));
#784 = CARTESIAN_POINT('',(-25.28597498745,-25.02135306002,
    28.515440780549));
#785 = CARTESIAN_POINT('',(-25.45713852489,-25.18588384807,
    28.533843059571));
#786 = CARTESIAN_POINT('',(-25.62978252011,-25.35023583647,
    28.555233284762));
#787 = CARTESIAN_POINT('',(-25.89179046651,-25.59572805277,
    28.593252334941));
#788 = CARTESIAN_POINT('',(-26.1603078977,-25.83787594756,
    28.643529730305));
#789 = CARTESIAN_POINT('',(-26.25062901028,-25.91813526779,
    28.661824500394));
#790 = CARTESIAN_POINT('',(-26.34192802802,-25.99778971027,
    28.68191119072));
#791 = CARTESIAN_POINT('',(-26.43439771414,-26.07666404869,
    28.704094707356));
#792 = CARTESIAN_POINT('',(-26.52825155613,-26.15456450784,
    28.728726254111));
#793 = CARTESIAN_POINT('',(-26.62374531091,-26.23125946587,
    28.756232737545));
#794 = CARTESIAN_POINT('',(-26.72122953062,-26.30643241476,
    28.787177903433));
#795 = CARTESIAN_POINT('',(-26.82123306943,-26.37960717848,
    28.822355204654));
#796 = CARTESIAN_POINT('',(-26.97624982207,-26.48526449491,
    28.883190998457));
#797 = CARTESIAN_POINT('',(-27.14161852085,-26.58222021157,
    28.959862947354));
#798 = CARTESIAN_POINT('',(-27.19804146822,-26.61343743583,
    28.987387545653));
#799 = CARTESIAN_POINT('',(-27.25597555703,-26.6433639663,29.01713219978
    ));
#800 = CARTESIAN_POINT('',(-27.31567233223,-26.67177423432,
    29.049394342802));
#801 = CARTESIAN_POINT('',(-27.37742489947,-26.69840544907,
    29.084524982478));
#802 = CARTESIAN_POINT('',(-27.44159095439,-26.7229369799,
    29.122946937526));
#803 = CARTESIAN_POINT('',(-27.50863773237,-26.74495011985,
    29.165182394718));
#804 = CARTESIAN_POINT('',(-27.57920887814,-26.76386823088,
    29.211889786782));
#805 = CARTESIAN_POINT('',(-27.72921759316,-26.79388630954,
    29.315930195507));
#806 = CARTESIAN_POINT('',(-27.90209816779,-26.80366594348,
    29.445537220114));
#807 = CARTESIAN_POINT('',(-27.99546613579,-26.80241277572,
    29.51776535137));
#808 = CARTESIAN_POINT('',(-28.09795157728,-26.79305599575,
    29.599004971957));
#809 = CARTESIAN_POINT('',(-28.21109243372,-26.77421848711,
    29.690374305819));
#810 = CARTESIAN_POINT('',(-28.33855803295,-26.74261528946,
    29.794284003158));
#811 = CARTESIAN_POINT('',(-28.48576274591,-26.69339993252,
    29.91349356677));
#812 = CARTESIAN_POINT('',(-28.6589584313,-26.62097706443,
    30.050161551849));
#813 = CARTESIAN_POINT('',(-28.86877587001,-26.51583275789,
    30.207567068301));
#814 = CARTESIAN_POINT('',(-29.27200597383,-26.27899457462,
    30.47964392964));
#815 = CARTESIAN_POINT('',(-29.87821877383,-25.86068080381,
    30.754326797932));
#816 = CARTESIAN_POINT('',(-30.10651702221,-25.69779422372,
    30.843336257114));
#817 = CARTESIAN_POINT('',(-30.36639709483,-25.50667171331,
    30.925329846216));
#818 = CARTESIAN_POINT('',(-30.66051836634,-25.28493930099,
    30.993024337345));
#819 = CARTESIAN_POINT('',(-30.99375099665,-25.02824662397,
    31.037000335043));
#820 = CARTESIAN_POINT('',(-31.36959127641,-24.73347710384,
    31.04158733126));
#821 = CARTESIAN_POINT('',(-31.78120491819,-24.40676133278,
    30.984437818661));
#822 = CARTESIAN_POINT('',(-32.20832279511,-24.0662449582,
    30.848321057225));
#823 = CARTESIAN_POINT('',(-33.0447464212,-23.40127572545,30.4288636492)
  );
#824 = CARTESIAN_POINT('',(-33.77443215831,-22.83200078626,
    29.772352978211));
#825 = CARTESIAN_POINT('',(-34.09480294514,-22.58718688629,
    29.399245862577));
#826 = CARTESIAN_POINT('',(-34.35689089713,-22.39452917941,
    29.007454835405));
#827 = CARTESIAN_POINT('',(-34.56340591436,-22.25157774467,
    28.625948276278));
#828 = CARTESIAN_POINT('',(-34.72526226974,-22.14855300695,
    28.27099082962));
#829 = CARTESIAN_POINT('',(-34.85305222674,-22.07597441498,
    27.945701739136));
#830 = CARTESIAN_POINT('',(-34.95448209657,-22.02694672221,
    27.649465317333));
#831 = CARTESIAN_POINT('',(-35.03559828838,-21.99605903456,
    27.38286929484));
#832 = CARTESIAN_POINT('',(-35.23305848924,-21.94435509654,
    26.661583286862));
#833 = CARTESIAN_POINT('',(-35.324890319,-21.98687882822,26.153937827632
    ));
#834 = CARTESIAN_POINT('',(-35.36817691901,-22.031164133,25.889106858849
    ));
#835 = CARTESIAN_POINT('',(-35.40330713131,-22.08265466978,
    25.67366362127));
#836 = CARTESIAN_POINT('',(-35.43419416946,-22.13785833877,
    25.494891773434));
#837 = CARTESIAN_POINT('',(-35.46305141811,-22.19480019879,
    25.34503548443));
#838 = CARTESIAN_POINT('',(-35.49118122525,-22.25232001617,
    25.217090209176));
#839 = CARTESIAN_POINT('',(-35.519182345,-22.30988560747,25.106011428222
    ));
#840 = CARTESIAN_POINT('',(-35.54733606884,-22.36724671037,
    25.009456630105));
#841 = CARTESIAN_POINT('',(-35.63300538328,-22.53805143955,
    24.754119346407));
#842 = CARTESIAN_POINT('',(-35.72306118081,-22.70434858231,
    24.585137552001));
#843 = CARTESIAN_POINT('',(-35.78579072716,-22.81255489633,
    24.495290975112));
#844 = CARTESIAN_POINT('',(-35.85071456118,-22.91855139634,
    24.421418650052));
#845 = CARTESIAN_POINT('',(-35.91736945701,-23.02275339152,
    24.359570684013));
#846 = CARTESIAN_POINT('',(-35.98552009837,-23.12537150709,
    24.306816797466));
#847 = CARTESIAN_POINT('',(-36.05498351224,-23.22656891862,
    24.261044403768));
#848 = CARTESIAN_POINT('',(-36.12551282688,-23.32656535831,
    24.220957370792));
#849 = CARTESIAN_POINT('',(-36.19688230368,-23.42556132894,
    24.185680567776));
#850 = CARTESIAN_POINT('',(-36.41332413292,-23.71971100738,
    24.091364848302));
#851 = CARTESIAN_POINT('',(-36.63559965943,-24.00637428054,
    24.026457211979));
#852 = CARTESIAN_POINT('',(-36.78550477074,-24.19492197334,
    23.991385779171));
#853 = CARTESIAN_POINT('',(-36.93661984481,-24.38135075073,
    23.962079426223));
#854 = CARTESIAN_POINT('',(-37.08862966151,-24.56592634674,
    23.937224212621));
#855 = CARTESIAN_POINT('',(-37.24131904791,-24.74882460255,
    23.915924370006));
#856 = CARTESIAN_POINT('',(-37.39452619953,-24.93017345665,
    23.897433880019));
#857 = CARTESIAN_POINT('',(-37.54812761302,-25.11006646223,
    23.881147219122));
#858 = CARTESIAN_POINT('',(-37.70203672672,-25.28856398272,
    23.866673727506));
#859 = CARTESIAN_POINT('',(-38.47284490559,-26.17423515097,
    23.802405385069));
#860 = CARTESIAN_POINT('',(-39.24867974432,-27.02655008469,
    23.771606508738));
#861 = CARTESIAN_POINT('',(-39.86955259337,-27.68865872483,
    23.753536448296));
#862 = CARTESIAN_POINT('',(-40.49131832546,-28.32933379686,
    23.741455311765));
#863 = CARTESIAN_POINT('',(-41.11434585194,-28.94724427795,
    23.733115904863));
#864 = CARTESIAN_POINT('',(-41.73910429565,-29.54110265721,
    23.726666258847));
#865 = CARTESIAN_POINT('',(-42.36653813149,-30.10941426499,
    23.722112964197));
#866 = CARTESIAN_POINT('',(-42.99769445385,-30.650924766,23.719398505268
    ));
#867 = CARTESIAN_POINT('',(-43.63359169882,-31.16486019626,23.7173718021
    ));
#868 = CARTESIAN_POINT('',(-44.91826227603,-32.13589645412,
    23.715130228293));
#869 = CARTESIAN_POINT('',(-46.23685089588,-32.99069751667,
    23.715372273908));
#870 = CARTESIAN_POINT('',(-46.90670654637,-33.38837283446,
    23.715924844098));
#871 = CARTESIAN_POINT('',(-47.58960934674,-33.75575926332,
    23.716772795188));
#872 = CARTESIAN_POINT('',(-48.28867013948,-34.09227399206,
    23.717812966896));
#873 = CARTESIAN_POINT('',(-49.0076453887,-34.39711463427,
    23.718960906101));
#874 = CARTESIAN_POINT('',(-49.75080775097,-34.66903878312,23.7201413547
    ));
#875 = CARTESIAN_POINT('',(-50.52271707628,-34.90618211842,
    23.721282426075));
#876 = CARTESIAN_POINT('',(-51.32794228681,-35.10597362504,
    23.722312371133));
#877 = CARTESIAN_POINT('',(-52.17078458117,-35.26520648054,
    23.723157835704));
#878 = CARTESIAN_POINT('',(-53.05505241194,-35.38032317103,
    23.723742510336));
#879 = CARTESIAN_POINT('',(-53.81065390536,-35.47664013532,
    23.728319741253));
#880 = CARTESIAN_POINT('',(-54.60897916702,-35.53810920072,
    23.73280059584));
#881 = CARTESIAN_POINT('',(-55.43826506404,-35.5644618754,
    23.737173977399));
#882 = CARTESIAN_POINT('',(-56.28777069505,-35.55642266874,
    23.741419641521));
#883 = CARTESIAN_POINT('',(-57.14745864009,-35.51532837195,
    23.745508344197));
#884 = CARTESIAN_POINT('',(-58.00772603031,-35.44289965567,
    23.749403531373));
#885 = CARTESIAN_POINT('',(-58.85918543877,-35.34116498538,
    23.75306456983));
#886 = CARTESIAN_POINT('',(-59.69249559044,-35.21253685366,
    23.756451519518));
#887 = CARTESIAN_POINT('',(-60.49824189358,-35.06004033032,
    23.759531447229));
#888 = CARTESIAN_POINT('',(-62.03549168745,-34.71534752856,
    23.765041116162));
#889 = CARTESIAN_POINT('',(-63.38537444844,-34.31343578896,
    23.769275160699));
#890 = CARTESIAN_POINT('',(-64.00357150853,-34.10323773554,
    23.771076364368));
#891 = CARTESIAN_POINT('',(-64.55633194669,-33.89444043643,
    23.772581592636));
#892 = CARTESIAN_POINT('',(-65.03134502017,-33.68698647932,
    23.773826720415));
#893 = CARTESIAN_POINT('',(-65.42113165805,-33.50878234864,
    23.774867932452));
#894 = CARTESIAN_POINT('',(-65.72052578958,-33.36934992501,
    23.775756229437));
#895 = CARTESIAN_POINT('',(-65.91963733827,-33.28574083766,
    23.776558007464));
#896 = CARTESIAN_POINT('',(-66.02870522385,-33.32962989636,
    23.777340301917));
#897 = CARTESIAN_POINT('',(-66.12969590803,-33.50240718331,
    23.778025829547));
#898 = CARTESIAN_POINT('',(-66.26566895541,-33.74110988796,
    23.778564973328));
#899 = CARTESIAN_POINT('',(-66.34761959925,-33.88445353587,
    23.778092480144));
#900 = CARTESIAN_POINT('',(-66.4428514125,-34.03883668427,
    23.777628465726));
#901 = CARTESIAN_POINT('',(-66.55754841825,-34.18621498723,
    23.777155668259));
#902 = CARTESIAN_POINT('',(-66.6925874817,-34.30347255927,
    23.776662401897));
#903 = CARTESIAN_POINT('',(-66.8339322147,-34.36668152126,
    23.776152941747));
#904 = CARTESIAN_POINT('',(-66.96145958176,-34.36532299295,
    23.775638078224));
#905 = CARTESIAN_POINT('',(-67.05855088087,-34.30251089437,
    23.775125346555));
#906 = CARTESIAN_POINT('',(-67.11548407703,-34.18511999614,
    23.774615984933));
#907 = CARTESIAN_POINT('',(-67.12711050456,-34.01785591675,
    23.774107480464));
#908 = CARTESIAN_POINT('',(-67.05186094203,-33.59757847997,23.7730857692
    ));
#909 = CARTESIAN_POINT('',(-66.77337487425,-33.0269399453,
    23.772034270487));
#910 = CARTESIAN_POINT('',(-66.58164912532,-32.70950734392,
    23.771496088117));
#911 = CARTESIAN_POINT('',(-66.33741675302,-32.36455348632,
    23.770939325765));
#912 = CARTESIAN_POINT('',(-66.04139793328,-31.99568262353,
    23.770357435028));
#913 = CARTESIAN_POINT('',(-65.69452796105,-31.60558449573,
    23.76974387519));
#914 = CARTESIAN_POINT('',(-65.29770875237,-31.19621588165,
    23.769092265603));
#915 = CARTESIAN_POINT('',(-64.85174464928,-30.76902233301,
    23.768396375323));
#916 = CARTESIAN_POINT('',(-64.35736636378,-30.32513204756,
    23.767650043367));
#917 = CARTESIAN_POINT('',(-63.81524689668,-29.86545383242,
    23.766847123625));
#918 = CARTESIAN_POINT('',(-63.22591326722,-29.39061111096,
    23.765981547879));
#919 = CARTESIAN_POINT('',(29.991391102843,62.110840141128,
    54.386028262176));
#920 = CARTESIAN_POINT('',(29.379587692783,60.738065752497,
    53.877801179428));
#921 = CARTESIAN_POINT('',(28.818426927402,59.395694610507,
    53.291807140513));
#922 = CARTESIAN_POINT('',(28.303945799836,58.07999205558,
    52.634636248968));
#923 = CARTESIAN_POINT('',(27.832648215261,56.786802177571,
    51.913397457264));
#924 = CARTESIAN_POINT('',(27.399075518343,55.512580124267,
    51.134910401566));
#925 = CARTESIAN_POINT('',(26.998764844954,54.252744748268,
    50.307202590135));
#926 = CARTESIAN_POINT('',(26.626274902038,53.00189724559,
    49.439331319612));
#927 = CARTESIAN_POINT('',(26.272269937548,51.754485756077,
    48.54079088294));
#928 = CARTESIAN_POINT('',(25.92478109187,50.503131821581,
    47.623064407482));
#929 = CARTESIAN_POINT('',(25.567710022473,49.235072147558,
    46.703236020167));
#930 = CARTESIAN_POINT('',(25.144402665899,47.935008274197,
    45.802992980138));
#931 = CARTESIAN_POINT('',(24.875970713183,47.417636767959,
    45.598769645658));
#932 = CARTESIAN_POINT('',(24.574348078975,46.893453812137,45.4019953655
    ));
#933 = CARTESIAN_POINT('',(24.232626121345,46.363803654944,
    45.211899945017));
#934 = CARTESIAN_POINT('',(23.84135985255,45.832174627682,
    45.025643327829));
#935 = CARTESIAN_POINT('',(23.394667813903,45.303015302272,
    44.839050778949));
#936 = CARTESIAN_POINT('',(22.88311421087,44.784678990421,
    44.644109877951));
#937 = CARTESIAN_POINT('',(22.301537373419,44.291622268192,
    44.426006354102));
#938 = CARTESIAN_POINT('',(21.663234946465,43.841252636347,
    44.165284756775));
#939 = CARTESIAN_POINT('',(21.000417993454,43.444714975765,
    43.847571411997));
#940 = CARTESIAN_POINT('',(19.6887888025,42.752137209861,43.100810715951
    ));
#941 = CARTESIAN_POINT('',(18.500510755745,42.228256232478,
    42.158587334303));
#942 = CARTESIAN_POINT('',(17.96101508594,42.000251680806,
    41.645586970364));
#943 = CARTESIAN_POINT('',(17.493531174449,41.791287892139,
    41.105328045313));
#944 = CARTESIAN_POINT('',(17.098227146977,41.585808345338,
    40.554680090732));
#945 = CARTESIAN_POINT('',(16.766245168149,41.373934108703,
    40.005302808295));
#946 = CARTESIAN_POINT('',(16.487680635514,41.151613056362,
    39.462764353703));
#947 = CARTESIAN_POINT('',(16.254112725949,40.917041398713,
    38.930092083619));
#948 = CARTESIAN_POINT('',(16.058083768657,40.668683083251,
    38.409913825777));
#949 = CARTESIAN_POINT('',(15.563876122143,39.883467481734,
    36.888188822804));
#950 = CARTESIAN_POINT('',(15.306298942257,38.980861561846,
    35.486338491546));
#951 = CARTESIAN_POINT('',(15.199361889087,38.330536963342,
    34.607205661983));
#952 = CARTESIAN_POINT('',(15.136379864559,37.640432331936,
    33.778046338679));
#953 = CARTESIAN_POINT('',(15.106305047009,36.916754081191,
    32.995073061327));
#954 = CARTESIAN_POINT('',(15.102580128912,36.162592280215,
    32.257265041084));
#955 = CARTESIAN_POINT('',(15.120716304728,35.379729669405,
    31.564701614489));
#956 = CARTESIAN_POINT('',(15.157443795356,34.569812850403,
    30.917403829753));
#957 = CARTESIAN_POINT('',(15.210478981151,33.733943061572,
    30.31578431977));
#958 = CARTESIAN_POINT('',(15.278289445057,32.871763677969,
    29.761637511771));
#959 = CARTESIAN_POINT('',(15.359575452974,31.983141299933,
    29.256434119427));
#960 = CARTESIAN_POINT('',(15.383346382749,30.937890490527,
    28.319704426449));
#961 = CARTESIAN_POINT('',(15.440641393356,29.863972523818,
    27.378112840267));
#962 = CARTESIAN_POINT('',(15.53837432885,28.764159366304,
    26.415523457429));
#963 = CARTESIAN_POINT('',(15.690819217303,27.643733890047,
    25.40179043301));
#964 = CARTESIAN_POINT('',(15.937726579082,26.490019442378,
    24.381453948843));
#965 = CARTESIAN_POINT('',(16.269712211222,25.326366685805,
    23.247666539489));
#966 = CARTESIAN_POINT('',(16.880431817426,24.091133152902,
    22.228811117116));
#967 = CARTESIAN_POINT('',(17.503904979731,22.783993492051,
    21.412569213971));
#968 = CARTESIAN_POINT('',(18.117615224315,21.416428711271,
    20.770529958689));
#969 = CARTESIAN_POINT('',(18.656257325178,19.999745127974,
    20.287683740426));
#970 = CARTESIAN_POINT('',(19.091542907456,18.546152358973,
    19.933481242049));
#971 = CARTESIAN_POINT('',(19.259707523632,16.396349981909,
    19.683327102703));
#972 = CARTESIAN_POINT('',(19.315735684438,14.199918958197,
    19.505651283256));
#973 = CARTESIAN_POINT('',(19.249314151303,11.980074409516,
    19.400246073919));
#974 = CARTESIAN_POINT('',(19.046091854211,9.762170129588,19.36653389136
    ));
#975 = CARTESIAN_POINT('',(18.686911536319,7.576126301355,
    19.398685993631));
#976 = CARTESIAN_POINT('',(18.158190202266,5.453831515232,
    19.483281504625));
#977 = CARTESIAN_POINT('',(17.455901943872,3.426172240832,
    19.602824585412));
#978 = CARTESIAN_POINT('',(16.5821563995,1.521557175657,19.741074600013)
  );
#979 = CARTESIAN_POINT('',(15.540820937512,-0.234051486947,
    19.884706507256));
#980 = CARTESIAN_POINT('',(14.337004640377,-1.816512863249,
    20.020306472679));
#981 = CARTESIAN_POINT('',(12.974507303936,-3.203195939252,
    20.136120830391));
#982 = CARTESIAN_POINT('',(12.420524272935,-3.69952604389,
    20.179465709864));
#983 = CARTESIAN_POINT('',(11.84597803474,-4.169100774193,
    20.219256928094));
#984 = CARTESIAN_POINT('',(11.251668232314,-4.613414900053,
    20.25561960841));
#985 = CARTESIAN_POINT('',(10.638444808053,-5.033988287589,
    20.288684521608));
#986 = CARTESIAN_POINT('',(10.007202272759,-5.432346254711,
    20.318582591915));
#987 = CARTESIAN_POINT('',(9.358877944484,-5.81002505408,20.345443922033
    ));
#988 = CARTESIAN_POINT('',(8.694454157478,-6.168602483531,
    20.369401337086));
#989 = CARTESIAN_POINT('',(8.014964440998,-6.509753623863,
    20.390598447664));
#990 = CARTESIAN_POINT('',(7.321503668183,-6.835331704102,
    20.409202231801));
#991 = CARTESIAN_POINT('',(6.262111428191,-7.303545289161,
    20.433529088082));
#992 = CARTESIAN_POINT('',(5.176761313484,-7.747271990679,
    20.453094168126));
#993 = CARTESIAN_POINT('',(4.812250129431,-7.892770642717,20.45911688396
    ));
#994 = CARTESIAN_POINT('',(4.445181305298,-8.036229780062,
    20.464685782502));
#995 = CARTESIAN_POINT('',(4.075733669722,-8.178057840847,
    20.469852034214));
#996 = CARTESIAN_POINT('',(3.704094428631,-8.318700189271,
    20.474670614929));
#997 = CARTESIAN_POINT('',(3.33046372787,-8.458660072212,20.479204937024
    ));
#998 = CARTESIAN_POINT('',(2.955064057183,-8.598541310525,20.48353831711
    ));
#999 = CARTESIAN_POINT('',(2.578154495778,-8.73911272528,20.487792279704
    ));
#1000 = CARTESIAN_POINT('',(1.821945102783,-9.023675872138,
    20.496511115038));
#1001 = CARTESIAN_POINT('',(1.062532611498,-9.320595810542,
    20.506772558118));
#1002 = CARTESIAN_POINT('',(0.682420419289,-9.473511437362,
    20.512316389961));
#1003 = CARTESIAN_POINT('',(0.302422459996,-9.632924300685,
    20.520353873958));
#1004 = CARTESIAN_POINT('',(-7.692931030009E-02,-9.800573397285,
    20.526825502369));
#1005 = CARTESIAN_POINT('',(-0.454612804262,-9.981051967929,
    20.539457935385));
#1006 = CARTESIAN_POINT('',(-0.829644425635,-10.17818010379,
    20.555550937197));
#1007 = CARTESIAN_POINT('',(-1.200218922128,-10.3994884804,
    20.573663378104));
#1008 = CARTESIAN_POINT('',(-1.56300504808,-10.66040169635,
    20.611993107358));
#1009 = CARTESIAN_POINT('',(-2.001557332543,-11.05778854494,
    20.671592185401));
#1010 = CARTESIAN_POINT('',(-2.392815920154,-11.67712239065,
    20.862686608256));
#1011 = CARTESIAN_POINT('',(-2.468883950778,-11.81122338032,
    20.90737832806));
#1012 = CARTESIAN_POINT('',(-2.54244956212,-11.95704522201,
    20.959954686711));
#1013 = CARTESIAN_POINT('',(-2.613082384662,-12.1166103054,
    21.02255335889));
#1014 = CARTESIAN_POINT('',(-2.68028683536,-12.2922695634,
    21.098000030136));
#1015 = CARTESIAN_POINT('',(-2.743512644036,-12.48666523773,
    21.189965808929));
#1016 = CARTESIAN_POINT('',(-2.802102187391,-12.70300543959,
    21.303687324252));
#1017 = CARTESIAN_POINT('',(-2.855287205759,-12.94515147242,
    21.447224114737));
#1018 = CARTESIAN_POINT('',(-2.949687488351,-13.48760459853,
    21.818446099399));
#1019 = CARTESIAN_POINT('',(-3.022549227862,-14.13974164703,
    22.426536383223));
#1020 = CARTESIAN_POINT('',(-3.05452068404,-14.49016226618,
    22.807417857127));
#1021 = CARTESIAN_POINT('',(-3.081304081408,-14.86910313379,
    23.281372937984));
#1022 = CARTESIAN_POINT('',(-3.116346613417,-15.22005811069,
    23.899340619031));
#1023 = CARTESIAN_POINT('',(-3.147237064381,-15.59490342355,
    24.608449059516));
#1024 = CARTESIAN_POINT('',(-3.215447091158,-15.82059481108,
    25.588083382871));
#1025 = CARTESIAN_POINT('',(-3.334106714856,-15.82155104733,
    26.530406021214));
#1026 = CARTESIAN_POINT('',(-3.48210691596,-15.68905666556,
    27.400529928425));
#1027 = CARTESIAN_POINT('',(-3.816078951017,-15.243527013,28.90722569671
    ));
#1028 = CARTESIAN_POINT('',(-4.185106223953,-14.61686474025,
    29.936754618436));
#1029 = CARTESIAN_POINT('',(-4.368445748873,-14.30189734508,
    30.328224247764));
#1030 = CARTESIAN_POINT('',(-4.544021508957,-14.01601809888,
    30.625411495134));
#1031 = CARTESIAN_POINT('',(-4.711325182277,-13.76302911703,
    30.856395528961));
#1032 = CARTESIAN_POINT('',(-4.871465271877,-13.53903910158,
    31.039455590974));
#1033 = CARTESIAN_POINT('',(-5.024945348099,-13.34243745396,
    31.185833609167));
#1034 = CARTESIAN_POINT('',(-5.172366290161,-13.17104455123,
    31.304249857098));
#1035 = CARTESIAN_POINT('',(-5.314975168069,-13.01974533198,
    31.401973179036));
#1036 = CARTESIAN_POINT('',(-5.591475343739,-12.75375743974,
    31.564078880034));
#1037 = CARTESIAN_POINT('',(-5.853090049274,-12.55048629491,
    31.673806269533));
#1038 = CARTESIAN_POINT('',(-5.980769069586,-12.46208982912,
    31.718970800997));
#1039 = CARTESIAN_POINT('',(-6.105801374214,-12.38492638655,
    31.756774573802));
#1040 = CARTESIAN_POINT('',(-6.228576791686,-12.31735470045,
    31.788815939488));
#1041 = CARTESIAN_POINT('',(-6.349410726613,-12.25803566547,
    31.816207349724));
#1042 = CARTESIAN_POINT('',(-6.468559258303,-12.20587620712,
    31.839766705863));
#1043 = CARTESIAN_POINT('',(-6.586231973642,-12.15997967628,
    31.860145904848));
#1044 = CARTESIAN_POINT('',(-6.702602534251,-12.11960276839,
    31.87789658145));
#1045 = CARTESIAN_POINT('',(-7.278674752592,-11.94218376442,
    31.955778908495));
#1046 = CARTESIAN_POINT('',(-7.828955289061,-11.87359848309,
    31.986734019077));
#1047 = CARTESIAN_POINT('',(-8.26056729514,-11.85425704522,
    32.002382110195));
#1048 = CARTESIAN_POINT('',(-8.685835756564,-11.86014241023,
    32.010789027625));
#1049 = CARTESIAN_POINT('',(-9.106276636293,-11.88433918369,
    32.014768112815));
#1050 = CARTESIAN_POINT('',(-9.522924464455,-11.9220308818,
    32.01656750233));
#1051 = CARTESIAN_POINT('',(-9.936220612458,-11.97090769327,
    32.016323297834));
#1052 = CARTESIAN_POINT('',(-10.34642660644,-12.02945291261,
    32.014117873056));
#1053 = CARTESIAN_POINT('',(-10.75389363253,-12.09581736746,
    32.011173177043));
#1054 = CARTESIAN_POINT('',(-11.96823687793,-12.31653830063,
    31.999450472718));
#1055 = CARTESIAN_POINT('',(-13.15916212209,-12.59568554362,
    31.981633111263));
#1056 = CARTESIAN_POINT('',(-13.9432211862,-12.80264911444,
    31.968500366542));
#1057 = CARTESIAN_POINT('',(-14.71711414173,-13.02885095206,
    31.954722826618));
#1058 = CARTESIAN_POINT('',(-15.48022566286,-13.27417481233,
    31.940592094099));
#1059 = CARTESIAN_POINT('',(-16.23183807125,-13.53899010081,
    31.926342158799));
#1060 = CARTESIAN_POINT('',(-16.97121783057,-13.82379120494,
    31.912224341029));
#1061 = CARTESIAN_POINT('',(-17.69761273508,-14.12922743405,
    31.898477060238));
#1062 = CARTESIAN_POINT('',(-18.41022195625,-14.45624959574,
    31.8852708043));
#1063 = CARTESIAN_POINT('',(-19.10820110999,-14.80609923622,
    31.872708674616));
#1064 = CARTESIAN_POINT('',(-19.79076450869,-15.17986657284,
    31.860962882344));
#1065 = CARTESIAN_POINT('',(-20.60667287141,-15.63673507315,
    31.846453063472));
#1066 = CARTESIAN_POINT('',(-21.40289125897,-16.12759520672,
    31.83328806466));
#1067 = CARTESIAN_POINT('',(-22.18098718614,-16.65016039748,
    31.821435802494));
#1068 = CARTESIAN_POINT('',(-22.94292960349,-17.20171264414,
    31.810819560684));
#1069 = CARTESIAN_POINT('',(-23.6901415617,-17.77995829652,
    31.801429679375));
#1070 = CARTESIAN_POINT('',(-24.42419352385,-18.38242581071,
    31.793252821721));
#1071 = CARTESIAN_POINT('',(-25.14729094692,-19.00604872506,
    31.786221550478));
#1072 = CARTESIAN_POINT('',(-25.86193990851,-19.64747997218,
    31.780259211492));
#1073 = CARTESIAN_POINT('',(-26.57040471015,-20.30358651461,
    31.775367385355));
#1074 = CARTESIAN_POINT('',(-27.45215075136,-21.1371985775,
    31.770627444386));
#1075 = CARTESIAN_POINT('',(-28.3443719208,-21.97228799705,
    31.766919444441));
#1076 = CARTESIAN_POINT('',(-28.52336332842,-22.13923319061,
    31.766219681259));
#1077 = CARTESIAN_POINT('',(-28.7031239242,-22.30589000191,
    31.765542296936));
#1078 = CARTESIAN_POINT('',(-28.88391224621,-22.47201010267,
    31.76486504787));
#1079 = CARTESIAN_POINT('',(-29.06600800335,-22.63732626098,
    31.764169764825));
#1080 = CARTESIAN_POINT('',(-29.24973869198,-22.80152853599,
    31.76343884152));
#1081 = CARTESIAN_POINT('',(-29.43554818196,-22.96420293417,
    31.762641351782));
#1082 = CARTESIAN_POINT('',(-29.62410727205,-23.12473252762,
    31.761708795257));
#1083 = CARTESIAN_POINT('',(-29.91264568619,-23.36087528725,
    31.759896309914));
#1084 = CARTESIAN_POINT('',(-30.2133882202,-23.58673401271,
    31.756883079802));
#1085 = CARTESIAN_POINT('',(-30.31517576441,-23.660710876,
    31.755726969674));
#1086 = CARTESIAN_POINT('',(-30.41878984301,-23.73312001166,
    31.754354975425));
#1087 = CARTESIAN_POINT('',(-30.52457059182,-23.80365510167,
    31.752691074087));
#1088 = CARTESIAN_POINT('',(-30.63290454495,-23.87196832375,
    31.75065863576));
#1089 = CARTESIAN_POINT('',(-30.74425901013,-23.93763960795,
    31.748168826451));
#1090 = CARTESIAN_POINT('',(-30.85925805591,-24.00010868602,
    31.745086181857));
#1091 = CARTESIAN_POINT('',(-30.97880011006,-24.0585699326,
    31.741171351986));
#1092 = CARTESIAN_POINT('',(-31.16692569973,-24.1384600323,
    31.733415849045));
#1093 = CARTESIAN_POINT('',(-31.37269442587,-24.20268602352,
    31.721237500149));
#1094 = CARTESIAN_POINT('',(-31.4434859792,-24.22213787122,
    31.716608300939));
#1095 = CARTESIAN_POINT('',(-31.51679032029,-24.23935469908,
    31.7112755794));
#1096 = CARTESIAN_POINT('',(-31.59297498145,-24.25400758145,
    31.705077640155));
#1097 = CARTESIAN_POINT('',(-31.67247147217,-24.26571037792,
    31.697828584044));
#1098 = CARTESIAN_POINT('',(-31.75580224525,-24.27399562493,
    31.689298217847));
#1099 = CARTESIAN_POINT('',(-31.84362737581,-24.27827281228,
    31.679168155008));
#1100 = CARTESIAN_POINT('',(-31.93681095163,-24.27776904398,
    31.666964107226));
#1101 = CARTESIAN_POINT('',(-32.13620340076,-24.26513512403,
    31.636964626836));
#1102 = CARTESIAN_POINT('',(-32.36784698056,-24.22370385421,
    31.591444564144));
#1103 = CARTESIAN_POINT('',(-32.49320386145,-24.19447230764,
    31.5637932896));
#1104 = CARTESIAN_POINT('',(-32.63055110199,-24.15452966233,
    31.529255136714));
#1105 = CARTESIAN_POINT('',(-32.78161596688,-24.10233163411,
    31.48643081849));
#1106 = CARTESIAN_POINT('',(-32.95032846362,-24.03436492812,
    31.431831180158));
#1107 = CARTESIAN_POINT('',(-33.14189651667,-23.94597473055,
    31.359842389889));
#1108 = CARTESIAN_POINT('',(-33.36157207679,-23.8324681778,
    31.263382842592));
#1109 = CARTESIAN_POINT('',(-33.6179954987,-23.68612528679,
    31.130182322634));
#1110 = CARTESIAN_POINT('',(-34.08096731394,-23.39662171841,
    30.833317815719));
#1111 = CARTESIAN_POINT('',(-34.66442360423,-22.99957261645,
    30.267225478025));
#1112 = CARTESIAN_POINT('',(-34.87233721288,-22.85524224883,
    30.042056023501));
#1113 = CARTESIAN_POINT('',(-35.09349904563,-22.69910034617,
    29.770667728735));
#1114 = CARTESIAN_POINT('',(-35.32406616331,-22.53459183409,
    29.445265603083));
#1115 = CARTESIAN_POINT('',(-35.55990424427,-22.36542574051,
    29.053859502939));
#1116 = CARTESIAN_POINT('',(-35.79144455031,-22.20017474284,
    28.582646964694));
#1117 = CARTESIAN_POINT('',(-35.99813641843,-22.057229179,
    28.027714027921));
#1118 = CARTESIAN_POINT('',(-36.15537296049,-21.958591816,
    27.406053569584));
#1119 = CARTESIAN_POINT('',(-36.35035559716,-21.86829021369,
    26.100652249806));
#1120 = CARTESIAN_POINT('',(-36.30734878544,-21.9909459483,
    24.799424214769));
#1121 = CARTESIAN_POINT('',(-36.22663711734,-22.10522898353,
    24.181985997797));
#1122 = CARTESIAN_POINT('',(-36.0980405239,-22.26230919748,
    23.631405492309));
#1123 = CARTESIAN_POINT('',(-35.94460755965,-22.44155374733,
    23.160957187219));
#1124 = CARTESIAN_POINT('',(-35.78476566818,-22.62647853926,
    22.765562759424));
#1125 = CARTESIAN_POINT('',(-35.62701344419,-22.80948852665,
    22.432908774805));
#1126 = CARTESIAN_POINT('',(-35.47539611458,-22.98697192411,
    22.152354421174));
#1127 = CARTESIAN_POINT('',(-35.33388102783,-23.15538448896,
    21.916175264768));
#1128 = CARTESIAN_POINT('',(-34.94071452605,-23.63246920286,
    21.314604899273));
#1129 = CARTESIAN_POINT('',(-34.64419520403,-24.02288744955,
    20.978442817879));
#1130 = CARTESIAN_POINT('',(-34.49059424326,-24.24367801696,
    20.821137017308));
#1131 = CARTESIAN_POINT('',(-34.36884266945,-24.43594070928,
    20.703469877648));
#1132 = CARTESIAN_POINT('',(-34.27180346718,-24.60606945643,
    20.612805747816));
#1133 = CARTESIAN_POINT('',(-34.19502250707,-24.75805418566,
    20.541669413207));
#1134 = CARTESIAN_POINT('',(-34.13407023134,-24.89586176091,
    20.484239311748));
#1135 = CARTESIAN_POINT('',(-34.08555849988,-25.02252582688,
    20.436775523151));
#1136 = CARTESIAN_POINT('',(-34.04791594876,-25.13945312088,
    20.397537217774));
#1137 = CARTESIAN_POINT('',(-33.96118410091,-25.46676482335,
    20.298108299884));
#1138 = CARTESIAN_POINT('',(-33.94116638066,-25.73429362388,
    20.242829990614));
#1139 = CARTESIAN_POINT('',(-33.94636797248,-25.89601522934,
    20.215532511942));
#1140 = CARTESIAN_POINT('',(-33.9647629347,-26.04589554706,
    20.19447316979));
#1141 = CARTESIAN_POINT('',(-33.99315521765,-26.18679302678,
    20.177970492783));
#1142 = CARTESIAN_POINT('',(-34.02923747007,-26.32077085607,
    20.164633471466));
#1143 = CARTESIAN_POINT('',(-34.07133885659,-26.44932248284,
    20.153478045459));
#1144 = CARTESIAN_POINT('',(-34.11835623811,-26.57343306872,
    20.144081466958));
#1145 = CARTESIAN_POINT('',(-34.16951080391,-26.69379746458,
    20.136238254145));
#1146 = CARTESIAN_POINT('',(-34.33312062052,-27.04567372627,
    20.115928786792));
#1147 = CARTESIAN_POINT('',(-34.52269564246,-27.37388366139,
    20.10387347695));
#1148 = CARTESIAN_POINT('',(-34.65651393251,-27.58582936387,
    20.097856510768));
#1149 = CARTESIAN_POINT('',(-34.7956765909,-27.792768624,20.093149881902
    ));
#1150 = CARTESIAN_POINT('',(-34.9390387943,-27.99570954791,
    20.089435486166));
#1151 = CARTESIAN_POINT('',(-35.08582423837,-28.19533048037,
    20.0865050194));
#1152 = CARTESIAN_POINT('',(-35.2353989594,-28.39218241976,
    20.084165742719));
#1153 = CARTESIAN_POINT('',(-35.38725566926,-28.58670302401,
    20.082255202995));
#1154 = CARTESIAN_POINT('',(-35.54106806307,-28.77916799601,
    20.080686432633));
#1155 = CARTESIAN_POINT('',(-36.3191005467,-29.73185619302,
    20.074480035098));
#1156 = CARTESIAN_POINT('',(-37.13637999978,-30.64097115008,
    20.074689460002));
#1157 = CARTESIAN_POINT('',(-37.80345890052,-31.34995150048,
    20.075881531286));
#1158 = CARTESIAN_POINT('',(-38.48471010939,-32.03876513088,
    20.078281281864));
#1159 = CARTESIAN_POINT('',(-39.17966288781,-32.70680863183,
    20.081430060862));
#1160 = CARTESIAN_POINT('',(-39.88821548284,-33.35316437118,
    20.084916491651));
#1161 = CARTESIAN_POINT('',(-40.61191506982,-33.97546382008,
    20.088794704153));
#1162 = CARTESIAN_POINT('',(-41.35227674303,-34.57140281508,
    20.093066910217));
#1163 = CARTESIAN_POINT('',(-42.10988548717,-35.13955633145,
    20.097419196891));
#1164 = CARTESIAN_POINT('',(-43.6632439066,-36.21533296141,
    20.106391097478));
#1165 = CARTESIAN_POINT('',(-45.2986104385,-37.16172369503,
    20.11551734444));
#1166 = CARTESIAN_POINT('',(-46.13831273741,-37.60041573347,
    20.120050632662));
#1167 = CARTESIAN_POINT('',(-47.00163898328,-38.00241318164,
    20.124492379709));
#1168 = CARTESIAN_POINT('',(-47.8902852333,-38.36549115565,
    20.128784821619));
#1169 = CARTESIAN_POINT('',(-48.8060273181,-38.68738015858,
    20.132872278743));
#1170 = CARTESIAN_POINT('',(-49.75069897519,-38.96575028659,
    20.136700018923));
#1171 = CARTESIAN_POINT('',(-50.72616359181,-39.19819760386,
    20.140213645962));
#1172 = CARTESIAN_POINT('',(-51.73428366496,-39.38223966076,
    20.14335881791));
#1173 = CARTESIAN_POINT('',(-52.77689208427,-39.51532712675,
    20.146081099603));
#1174 = CARTESIAN_POINT('',(-53.85576934545,-39.59487851205,
    20.148325753996));
#1175 = CARTESIAN_POINT('',(-54.77784826373,-39.65761090958,
    20.150597597141));
#1176 = CARTESIAN_POINT('',(-55.72744258732,-39.68064492878,
    20.152524857991));
#1177 = CARTESIAN_POINT('',(-56.69694065606,-39.66499990466,
    20.154132477214));
#1178 = CARTESIAN_POINT('',(-57.67884984259,-39.61181003383,
    20.155444670513));
#1179 = CARTESIAN_POINT('',(-58.66576295729,-39.52228354784,
    20.156484705871));
#1180 = CARTESIAN_POINT('',(-59.65033016269,-39.39767625014,
    20.157274895283));
#1181 = CARTESIAN_POINT('',(-60.62523639698,-39.23927941905,
    20.157836800883));
#1182 = CARTESIAN_POINT('',(-61.58318430711,-39.04842207365,
    20.158191655582));
#1183 = CARTESIAN_POINT('',(-62.51688269098,-38.82648760588,
    20.158360998092));
#1184 = CARTESIAN_POINT('',(-64.32119820724,-38.32340194612,
    20.158374046806));
#1185 = CARTESIAN_POINT('',(-65.9701850767,-37.70828079528,
    20.157835476101));
#1186 = CARTESIAN_POINT('',(-66.74853079637,-37.37426685242,
    20.157452919451));
#1187 = CARTESIAN_POINT('',(-67.47360377279,-37.01589325176,
    20.156983132737));
#1188 = CARTESIAN_POINT('',(-68.13777610491,-36.63417934309,
    20.156453953925));
#1189 = CARTESIAN_POINT('',(-68.73424627225,-36.23293962519,
    20.155894778012));
#1190 = CARTESIAN_POINT('',(-69.25622432221,-35.81406583401,
    20.155334882991));
#1191 = CARTESIAN_POINT('',(-69.69652193024,-35.38027530601,
    20.154805084273));
#1192 = CARTESIAN_POINT('',(-70.05066835398,-34.93964685075,
    20.154335112445));
#1193 = CARTESIAN_POINT('',(-70.32070525647,-34.49218911809,
    20.15394072561));
#1194 = CARTESIAN_POINT('',(-70.50390859865,-34.03177826724,
    20.153642087051));
#1195 = CARTESIAN_POINT('',(-70.614796069,-33.75585151399,
    20.153382717656));
#1196 = CARTESIAN_POINT('',(-70.69432650357,-33.47383394301,
    20.1531651815));
#1197 = CARTESIAN_POINT('',(-70.74272562158,-33.18362645725,
    20.152984577184));
#1198 = CARTESIAN_POINT('',(-70.7596137937,-32.88267315844,
    20.15283662804));
#1199 = CARTESIAN_POINT('',(-70.74307169064,-32.56851367886,
    20.152718669255));
#1200 = CARTESIAN_POINT('',(-70.69071653689,-32.24013616624,
    20.152628504191));
#1201 = CARTESIAN_POINT('',(-70.60068874181,-31.89788511395,
    20.152563420189));
#1202 = CARTESIAN_POINT('',(-70.47188140801,-31.5424078781,
    20.152520019934));
#1203 = CARTESIAN_POINT('',(-70.30363079561,-31.17407421616,
    20.152494561037));
#1204 = CARTESIAN_POINT('',(-69.88721770958,-30.41287479214,
    20.152471846887));
#1205 = CARTESIAN_POINT('',(-69.30982740223,-29.60415402353,
    20.152489532607));
#1206 = CARTESIAN_POINT('',(-68.9805900137,-29.18832016204,
    20.152504481969));
#1207 = CARTESIAN_POINT('',(-68.61067110136,-28.76130894591,
    20.152521444112));
#1208 = CARTESIAN_POINT('',(-68.19999587895,-28.32330607232,
    20.152536303083));
#1209 = CARTESIAN_POINT('',(-67.74850068013,-27.87440068559,
    20.152544960964));
#1210 = CARTESIAN_POINT('',(-67.25610964857,-27.41460698395,
    20.152543350593));
#1211 = CARTESIAN_POINT('',(-66.72273081852,-26.9438877348,
    20.152527431566));
#1212 = CARTESIAN_POINT('',(-66.14826090372,-26.46217387096,
    20.152493179531));
#1213 = CARTESIAN_POINT('',(-65.53258811205,-25.96937434211,
    20.152436579671));
#1214 = CARTESIAN_POINT('',(-64.87558230395,-25.4653703942,
    20.152353634482));
#1215 = CARTESIAN_POINT('',(25.,60.427689745765,58.802670486357));
#1216 = CARTESIAN_POINT('',(24.259136917851,58.778859464979,
    58.043385965233));
#1217 = CARTESIAN_POINT('',(23.582912298522,57.184759410375,
    57.19259603447));
#1218 = CARTESIAN_POINT('',(22.966815197647,55.646787991695,
    56.262208081076));
#1219 = CARTESIAN_POINT('',(22.404577476146,54.164179486103,
    55.265152294822));
#1220 = CARTESIAN_POINT('',(21.888224577732,52.736029555008,
    54.21199067841));
#1221 = CARTESIAN_POINT('',(21.408264770971,51.358594880133,
    53.113404559334));
#1222 = CARTESIAN_POINT('',(20.953321404435,50.027621721744,
    51.978509564688));
#1223 = CARTESIAN_POINT('',(20.509496114753,48.741499454219,
    50.812651704758));
#1224 = CARTESIAN_POINT('',(20.058738262078,47.499641358534,
    49.619821124002));
#1225 = CARTESIAN_POINT('',(19.572487138632,46.301666137476,
    48.404081224559));
#1226 = CARTESIAN_POINT('',(18.991848710753,45.176689779498,
    47.141450242134));
#1227 = CARTESIAN_POINT('',(18.583337419948,44.851626419642,
    46.68962948475));
#1228 = CARTESIAN_POINT('',(18.141949088655,44.552240132838,
    46.216749845091));
#1229 = CARTESIAN_POINT('',(17.66530698653,44.284137802382,
    45.716973994425));
#1230 = CARTESIAN_POINT('',(17.152637228849,44.055981263702,
    45.181045411233));
#1231 = CARTESIAN_POINT('',(16.607125833303,43.874277362317,
    44.601512748768));
#1232 = CARTESIAN_POINT('',(16.035590485078,43.7502993444,
    43.965485623267));
#1233 = CARTESIAN_POINT('',(15.457265228406,43.695457883924,
    43.258659988715));
#1234 = CARTESIAN_POINT('',(14.908642095172,43.708981735487,
    42.477789940529));
#1235 = CARTESIAN_POINT('',(14.42945663786,43.772491311365,
    41.637712594167));
#1236 = CARTESIAN_POINT('',(13.642632283628,43.947415530054,
    39.889194644126));
#1237 = CARTESIAN_POINT('',(13.215011334299,44.127045521129,
    38.095310403204));
#1238 = CARTESIAN_POINT('',(13.094754411637,44.195192756651,
    37.209964166397));
#1239 = CARTESIAN_POINT('',(13.056992686478,44.219956114386,
    36.359418402926));
#1240 = CARTESIAN_POINT('',(13.077759203574,44.192127253863,
    35.555138998295));
#1241 = CARTESIAN_POINT('',(13.135690484834,44.112447643579,
    34.798124594335));
#1242 = CARTESIAN_POINT('',(13.217780075508,43.985733252616,
    34.084483459931));
#1243 = CARTESIAN_POINT('',(13.315569454293,43.816977886606,
    33.40979805732));
#1244 = CARTESIAN_POINT('',(13.421707958814,43.610625230753,
    32.770167359869));
#1245 = CARTESIAN_POINT('',(13.754746593955,42.892685978709,
    30.943200318806));
#1246 = CARTESIAN_POINT('',(14.107315095411,41.911205174092,
    29.360886842343));
#1247 = CARTESIAN_POINT('',(14.330525375492,41.169964172227,
    28.38617033673));
#1248 = CARTESIAN_POINT('',(14.543302877859,40.360459282514,
    27.473507194082));
#1249 = CARTESIAN_POINT('',(14.74991364634,39.492631404007,
    26.613854724662));
#1250 = CARTESIAN_POINT('',(14.952963965606,38.571358798848,
    25.803881741134));
#1251 = CARTESIAN_POINT('',(15.154503190587,37.599370471161,
    25.043015195998));
#1252 = CARTESIAN_POINT('',(15.357230785722,36.578716482214,
    24.332031471909));
#1253 = CARTESIAN_POINT('',(15.563669231334,35.510944242171,
    23.673142254432));
#1254 = CARTESIAN_POINT('',(15.774547930408,34.396982265187,
    23.070328421049));
#1255 = CARTESIAN_POINT('',(15.991026719719,33.238585316475,
    22.527478884739));
#1256 = CARTESIAN_POINT('',(16.541648164084,31.862985244628,
    21.57855493913));
#1257 = CARTESIAN_POINT('',(17.189531543846,30.480079052212,
    20.697975236672));
#1258 = CARTESIAN_POINT('',(17.945590495779,29.090762996168,
    19.883138646934));
#1259 = CARTESIAN_POINT('',(18.841864316815,27.692113801141,
    19.130145522017));
#1260 = CARTESIAN_POINT('',(19.845831752561,26.263385330064,
    18.509863297095));
#1261 = CARTESIAN_POINT('',(21.060487272882,24.810641774547,
    17.947917916265));
#1262 = CARTESIAN_POINT('',(22.34809738012,23.248924660069,
    17.794612194204));
#1263 = CARTESIAN_POINT('',(23.442553957218,21.627043088977,
    17.833541084209));
#1264 = CARTESIAN_POINT('',(24.351781106665,19.947808940353,
    18.030244587981));
#1265 = CARTESIAN_POINT('',(25.041815789617,18.226379257627,
    18.314442381363));
#1266 = CARTESIAN_POINT('',(25.517586735802,16.472800642257,
    18.644729013598));
#1267 = CARTESIAN_POINT('',(25.63151351603,13.905388635904,18.7959840198
    ));
#1268 = CARTESIAN_POINT('',(25.591816582224,11.324703422897,
    19.048085274304));
#1269 = CARTESIAN_POINT('',(25.383066907702,8.746818792537,
    19.385409443871));
#1270 = CARTESIAN_POINT('',(24.984926380798,6.191493510917,
    19.78915624653));
#1271 = CARTESIAN_POINT('',(24.376534884258,3.681940961833,
    20.232169467398));
#1272 = CARTESIAN_POINT('',(23.546270076661,1.24263631349,
    20.687426434096));
#1273 = CARTESIAN_POINT('',(22.489564813854,-1.103166643965,
    21.134652707343));
#1274 = CARTESIAN_POINT('',(21.199352622835,-3.332324594728,
    21.560320117452));
#1275 = CARTESIAN_POINT('',(19.662120131806,-5.415228324007,
    21.953199717414));
#1276 = CARTESIAN_POINT('',(17.867476860904,-7.308127707244,
    22.300666723077));
#1277 = CARTESIAN_POINT('',(15.820607295691,-8.959188372878,
    22.590092075607));
#1278 = CARTESIAN_POINT('',(15.01419514252,-9.573356900166,
    22.649802857264));
#1279 = CARTESIAN_POINT('',(14.190536502029,-10.14472916378,
    22.704831155614));
#1280 = CARTESIAN_POINT('',(13.353223486314,-10.6750925369,
    22.755487679414));
#1281 = CARTESIAN_POINT('',(12.505474586975,-11.16682862503,
    22.80222228397));
#1282 = CARTESIAN_POINT('',(11.650076371839,-11.62269713872,
    22.845555531395));
#1283 = CARTESIAN_POINT('',(10.789361266113,-12.04566555034,
    22.886048451084));
#1284 = CARTESIAN_POINT('',(9.92522141743,-12.43878453412,
    22.924310500619));
#1285 = CARTESIAN_POINT('',(9.059158645537,-12.80510919047,
    22.961045726835));
#1286 = CARTESIAN_POINT('',(8.192370475771,-13.14766605353,
    22.997137127332));
#1287 = CARTESIAN_POINT('',(6.892623147796,-13.63036579744,
    23.052085254607));
#1288 = CARTESIAN_POINT('',(5.595758802881,-14.07323272543,
    23.111955187089));
#1289 = CARTESIAN_POINT('',(5.163911014806,-14.21680975085,
    23.132652947664));
#1290 = CARTESIAN_POINT('',(4.732619330901,-14.35673458289,
    23.154359370232));
#1291 = CARTESIAN_POINT('',(4.30199664605,-14.49340818934,23.17738506291
    ));
#1292 = CARTESIAN_POINT('',(3.872155177499,-14.62724135172,
    23.202081550713));
#1293 = CARTESIAN_POINT('',(3.44320953819,-14.75866316637,
    23.228867218388));
#1294 = CARTESIAN_POINT('',(3.015280679224,-14.88813611079,
    23.258281341364));
#1295 = CARTESIAN_POINT('',(2.588500700861,-15.01617767468,
    23.291066205233));
#1296 = CARTESIAN_POINT('',(1.737536364258,-15.27059943744,
    23.365488421534));
#1297 = CARTESIAN_POINT('',(0.892452497501,-15.52457313965,
    23.463643683911));
#1298 = CARTESIAN_POINT('',(0.471613174775,-15.65242245935,
    23.519991195751));
#1299 = CARTESIAN_POINT('',(5.229418940382E-02,-15.78038133052,
    23.586956319137));
#1300 = CARTESIAN_POINT('',(-0.36422302197,-15.91390799958,
    23.663749444242));
#1301 = CARTESIAN_POINT('',(-0.779171671387,-16.04794084785,
    23.760012659749));
#1302 = CARTESIAN_POINT('',(-1.191332670819,-16.18780934743,
    23.878078790412));
#1303 = CARTESIAN_POINT('',(-1.599319213975,-16.3398451041,
    24.025129421387));
#1304 = CARTESIAN_POINT('',(-2.005535730704,-16.49481958437,
    24.229170786671));
#1305 = CARTESIAN_POINT('',(-2.50490407667,-16.720121315,24.570653484323
    ));
#1306 = CARTESIAN_POINT('',(-3.005280889214,-16.94623363133,
    25.238050272514));
#1307 = CARTESIAN_POINT('',(-3.105518982274,-16.99107291651,
    25.386802398682));
#1308 = CARTESIAN_POINT('',(-3.206074260152,-17.03498750188,
    25.553329541563));
#1309 = CARTESIAN_POINT('',(-3.307210204057,-17.07701357858,
    25.741171290942));
#1310 = CARTESIAN_POINT('',(-3.409316614998,-17.11567492702,
    25.954653835708));
#1311 = CARTESIAN_POINT('',(-3.512952913108,-17.14879536664,
    26.198946644038));
#1312 = CARTESIAN_POINT('',(-3.618989052621,-17.17291908434,
    26.480809758218));
#1313 = CARTESIAN_POINT('',(-3.728901592536,-17.18205312196,
    26.809468625022));
#1314 = CARTESIAN_POINT('',(-3.961635195433,-17.14885743514,
    27.582745596942));
#1315 = CARTESIAN_POINT('',(-4.237793401537,-16.93703064149,
    28.623132504219));
#1316 = CARTESIAN_POINT('',(-4.39142638537,-16.76615458116,
    29.217650725179));
#1317 = CARTESIAN_POINT('',(-4.564055087426,-16.5159821152,
    29.90112195791));
#1318 = CARTESIAN_POINT('',(-4.775325444385,-16.09800110664,
    30.643128502925));
#1319 = CARTESIAN_POINT('',(-5.005751464186,-15.59985411152,
    31.467802159658));
#1320 = CARTESIAN_POINT('',(-5.321183663086,-14.726066415,
    32.296494222867));
#1321 = CARTESIAN_POINT('',(-5.656202086485,-13.75061767894,
    32.855556769903));
#1322 = CARTESIAN_POINT('',(-5.990696228477,-12.76704425831,
    33.22349176057));
#1323 = CARTESIAN_POINT('',(-6.625929546741,-10.93074426349,
    33.616581573665));
#1324 = CARTESIAN_POINT('',(-7.168328586478,-9.479263731028,
    33.515241214427));
#1325 = CARTESIAN_POINT('',(-7.409796467827,-8.881223368569,
    33.386354218109));
#1326 = CARTESIAN_POINT('',(-7.624702083,-8.399835266558,33.23092554433)
  );
#1327 = CARTESIAN_POINT('',(-7.819412123928,-8.008178398457,
    33.070523058609));
#1328 = CARTESIAN_POINT('',(-7.998880983379,-7.684744251288,
    32.912203530414));
#1329 = CARTESIAN_POINT('',(-8.166055330498,-7.416795214786,
    32.761164260674));
#1330 = CARTESIAN_POINT('',(-8.323338763394,-7.193868997027,
    32.620415703542));
#1331 = CARTESIAN_POINT('',(-8.473154355593,-7.005181056017,
    32.488849187175));
#1332 = CARTESIAN_POINT('',(-8.760264823254,-6.685651567633,
    32.245136814423));
#1333 = CARTESIAN_POINT('',(-9.027154351096,-6.46032178655,
    32.037596702085));
#1334 = CARTESIAN_POINT('',(-9.156681290375,-6.366138288878,
    31.942294622609));
#1335 = CARTESIAN_POINT('',(-9.28311465456,-6.286742269061,
    31.854706395896));
#1336 = CARTESIAN_POINT('',(-9.40705168212,-6.219440386156,
    31.774019406655));
#1337 = CARTESIAN_POINT('',(-9.528932593814,-6.162235449226,
    31.699451329132));
#1338 = CARTESIAN_POINT('',(-9.649094429765,-6.113591614118,
    31.630307144736));
#1339 = CARTESIAN_POINT('',(-9.767808730228,-6.072269201037,
    31.566004396393));
#1340 = CARTESIAN_POINT('',(-9.885303060047,-6.037229132971,
    31.506066679645));
#1341 = CARTESIAN_POINT('',(-10.4676196439,-5.889118442691,
    31.22616013379));
#1342 = CARTESIAN_POINT('',(-11.0276499565,-5.86030417912,
    31.034891801821));
#1343 = CARTESIAN_POINT('',(-11.47075386737,-5.870530834374,
    30.913945902456));
#1344 = CARTESIAN_POINT('',(-11.91060227481,-5.905750614654,
    30.814741369126));
#1345 = CARTESIAN_POINT('',(-12.34865872744,-5.958822955376,
    30.731245233127));
#1346 = CARTESIAN_POINT('',(-12.78598174862,-6.024516451553,
    30.659377075027));
#1347 = CARTESIAN_POINT('',(-13.22279504597,-6.101378251681,
    30.596497700145));
#1348 = CARTESIAN_POINT('',(-13.65920732412,-6.188513951008,
    30.54080531132));
#1349 = CARTESIAN_POINT('',(-14.09564609381,-6.283638048683,
    30.490840529543));
#1350 = CARTESIAN_POINT('',(-15.40478619857,-6.592988880063,
    30.355143169082));
#1351 = CARTESIAN_POINT('',(-16.71384381923,-6.968981499919,
    30.254868208151));
#1352 = CARTESIAN_POINT('',(-17.58662656062,-7.24582318287,
    30.197573195236));
#1353 = CARTESIAN_POINT('',(-18.45889675933,-7.54855464607,
    30.146946487654));
#1354 = CARTESIAN_POINT('',(-19.3297227484,-7.878256225583,
    30.101575753123));
#1355 = CARTESIAN_POINT('',(-20.19798901079,-8.236456135505,
    30.060559997172));
#1356 = CARTESIAN_POINT('',(-21.06241254402,-8.624803754579,
    30.023159453307));
#1357 = CARTESIAN_POINT('',(-21.92148217568,-9.045079340073,
    29.988806861801));
#1358 = CARTESIAN_POINT('',(-22.77338502858,-9.49928069614,
    29.957228649965));
#1359 = CARTESIAN_POINT('',(-23.61598433502,-9.989527323014,
    29.928424526775));
#1360 = CARTESIAN_POINT('',(-24.44691279914,-10.51752257423,
    29.90225400469));
#1361 = CARTESIAN_POINT('',(-25.44272245486,-11.15729889728,
    29.88001864177));
#1362 = CARTESIAN_POINT('',(-26.39982756131,-11.82771224406,
    29.858910118933));
#1363 = CARTESIAN_POINT('',(-27.32014246765,-12.5236737483,
    29.838782293353));
#1364 = CARTESIAN_POINT('',(-28.20638035917,-13.24027272887,
    29.818814690793));
#1365 = CARTESIAN_POINT('',(-29.06133283144,-13.97335438432,
    29.798976076618));
#1366 = CARTESIAN_POINT('',(-29.88803236696,-14.71917096831,
    29.779014322968));
#1367 = CARTESIAN_POINT('',(-30.68984976518,-15.47406216102,
    29.757745583944));
#1368 = CARTESIAN_POINT('',(-31.47022050385,-16.23450631164,
    29.733573021705));
#1369 = CARTESIAN_POINT('',(-32.23233592945,-16.9972701846,
    29.705322557438));
#1370 = CARTESIAN_POINT('',(-33.16663739499,-17.94914595701,
    29.661969800847));
#1371 = CARTESIAN_POINT('',(-34.08920880546,-18.88833034821,
    29.589547991976));
#1372 = CARTESIAN_POINT('',(-34.27335652979,-19.07556073777,
    29.573750487559));
#1373 = CARTESIAN_POINT('',(-34.45728215623,-19.26204823827,
    29.556342396749));
#1374 = CARTESIAN_POINT('',(-34.64114996707,-19.44763842757,
    29.536972216634));
#1375 = CARTESIAN_POINT('',(-34.82513996319,-19.63216246228,
    29.515260690486));
#1376 = CARTESIAN_POINT('',(-35.00946164948,-19.81542473367,
    29.490760414403));
#1377 = CARTESIAN_POINT('',(-35.19438570935,-19.99717457873,
    29.462848745243));
#1378 = CARTESIAN_POINT('',(-35.38029356858,-20.17706204681,
    29.430554009869));
#1379 = CARTESIAN_POINT('',(-35.66147048814,-20.44333555862,
    29.373195518594));
#1380 = CARTESIAN_POINT('',(-35.94797221062,-20.70259627309,
    29.296932169512));
#1381 = CARTESIAN_POINT('',(-36.04416660433,-20.7881448003,
    29.269139238347));
#1382 = CARTESIAN_POINT('',(-36.14118422101,-20.87270485509,
    29.238527557314));
#1383 = CARTESIAN_POINT('',(-36.2391784063,-20.95613828992,
    29.204565840932));
#1384 = CARTESIAN_POINT('',(-36.33833089361,-21.03828157866,
    29.166655828018));
#1385 = CARTESIAN_POINT('',(-36.43886398182,-21.11893496751,
    29.124075721523));
#1386 = CARTESIAN_POINT('',(-36.54106044479,-21.1978447692,
    29.075849693492));
#1387 = CARTESIAN_POINT('',(-36.6452911732,-21.27467880063,
    29.020543455142));
#1388 = CARTESIAN_POINT('',(-36.80543023565,-21.3861530454,
    28.923707110521));
#1389 = CARTESIAN_POINT('',(-36.97274595186,-21.49063393741,
    28.798719745888));
#1390 = CARTESIAN_POINT('',(-37.02940362149,-21.52460493362,
    28.753534357495));
#1391 = CARTESIAN_POINT('',(-37.08703431546,-21.55764212454,
    28.704297190429));
#1392 = CARTESIAN_POINT('',(-37.14573837984,-21.58965604406,
    28.650380604607));
#1393 = CARTESIAN_POINT('',(-37.20563673272,-21.62053890608,
    28.591050064829));
#1394 = CARTESIAN_POINT('',(-37.26687165281,-21.65016394155,
    28.525412932534));
#1395 = CARTESIAN_POINT('',(-37.32960086994,-21.67839076366,
    28.452324149555));
#1396 = CARTESIAN_POINT('',(-37.39398495803,-21.70507676155,
    28.370248813812));
#1397 = CARTESIAN_POINT('',(-37.52635110233,-21.75511228288,
    28.183914480171));
#1398 = CARTESIAN_POINT('',(-37.66631978103,-21.79811979593,
    27.941615642607));
#1399 = CARTESIAN_POINT('',(-37.7383163911,-21.81776873296,
    27.803733160282));
#1400 = CARTESIAN_POINT('',(-37.81226451909,-21.83562086518,
    27.644352139498));
#1401 = CARTESIAN_POINT('',(-37.88812522644,-21.85171370844,
    27.460123209056));
#1402 = CARTESIAN_POINT('',(-37.9655660764,-21.86635087819,
    27.243234808876));
#1403 = CARTESIAN_POINT('',(-38.04335705213,-21.88064166212,
    26.982719187061));
#1404 = CARTESIAN_POINT('',(-38.11912539471,-21.89671883703,
    26.66663240104));
#1405 = CARTESIAN_POINT('',(-38.18847320376,-21.91853376167,
    26.274938659243));
#1406 = CARTESIAN_POINT('',(-38.26388389964,-21.97689322763,
    25.514565310266));
#1407 = CARTESIAN_POINT('',(-38.1996646094,-22.16031164556,
    24.413758878439));
#1408 = CARTESIAN_POINT('',(-38.15754086145,-22.2400053892,
    24.004859282748));
#1409 = CARTESIAN_POINT('',(-38.08681658608,-22.34531176689,
    23.548190685739));
#1410 = CARTESIAN_POINT('',(-37.97888209649,-22.48393446065,
    23.044420919534));
#1411 = CARTESIAN_POINT('',(-37.82160134342,-22.66673415804,
    22.492026322906));
#1412 = CARTESIAN_POINT('',(-37.59800662033,-22.90888972226,
    21.896157194381));
#1413 = CARTESIAN_POINT('',(-37.29217070602,-23.22463295793,
    21.283880673349));
#1414 = CARTESIAN_POINT('',(-36.9023083895,-23.61552924579,
    20.701093087455));
#1415 = CARTESIAN_POINT('',(-35.9986176286,-24.50813498555,
    19.668442571697));
#1416 = CARTESIAN_POINT('',(-34.94994398477,-25.5302138101,
    18.980056190594));
#1417 = CARTESIAN_POINT('',(-34.4151635201,-26.05052528415,
    18.741503993204));
#1418 = CARTESIAN_POINT('',(-33.90385374285,-26.54976598542,
    18.613291247524));
#1419 = CARTESIAN_POINT('',(-33.44096484525,-27.00563509551,
    18.570588257569));
#1420 = CARTESIAN_POINT('',(-33.03393339816,-27.41150359967,
    18.58378150312));
#1421 = CARTESIAN_POINT('',(-32.67823889752,-27.77143199371,
    18.633009800183));
#1422 = CARTESIAN_POINT('',(-32.36791877457,-28.09076489032,
    18.705845675678));
#1423 = CARTESIAN_POINT('',(-32.09928711062,-28.3728084031,
    18.791787887025));
#1424 = CARTESIAN_POINT('',(-31.39826957778,-29.12514653099,
    19.071119935011));
#1425 = CARTESIAN_POINT('',(-30.96920515204,-29.63432156586,
    19.376838224432));
#1426 = CARTESIAN_POINT('',(-30.76394380599,-29.90158977312,
    19.558935971732));
#1427 = CARTESIAN_POINT('',(-30.61018477035,-30.12287044889,
    19.719975090059));
#1428 = CARTESIAN_POINT('',(-30.49340570061,-30.31115404626,
    19.862340000449));
#1429 = CARTESIAN_POINT('',(-30.40487078763,-30.47425453302,
    19.987774386608));
#1430 = CARTESIAN_POINT('',(-30.3371779488,-30.61879180981,
    20.099015575941));
#1431 = CARTESIAN_POINT('',(-30.2852338667,-30.74932037711,
    20.198601027513));
#1432 = CARTESIAN_POINT('',(-30.24667144075,-30.86795681246,
    20.287703879694));
#1433 = CARTESIAN_POINT('',(-30.16203844301,-31.19631783346,
    20.528794592245));
#1434 = CARTESIAN_POINT('',(-30.15463301311,-31.45628009996,
    20.701619184372));
#1435 = CARTESIAN_POINT('',(-30.16907337209,-31.61255071418,
    20.796175592909));
#1436 = CARTESIAN_POINT('',(-30.19691178521,-31.75712666757,
    20.875697760577));
#1437 = CARTESIAN_POINT('',(-30.23481724699,-31.89298325977,
    20.943731890943));
#1438 = CARTESIAN_POINT('',(-30.28024424839,-32.02239393326,
    21.00272917062));
#1439 = CARTESIAN_POINT('',(-30.3313684826,-32.14698744332,
    21.054480249033));
#1440 = CARTESIAN_POINT('',(-30.3871670288,-32.26767596234,
    21.100310065679));
#1441 = CARTESIAN_POINT('',(-30.4469923655,-32.38503608477,
    21.141213155523));
#1442 = CARTESIAN_POINT('',(-30.63599397972,-32.72940929021,
    21.251511592068));
#1443 = CARTESIAN_POINT('',(-30.84967920504,-33.05412254339,
    21.330163246131));
#1444 = CARTESIAN_POINT('',(-30.99924774916,-33.26529346271,
    21.373434791022));
#1445 = CARTESIAN_POINT('',(-31.15407411602,-33.47280131688,
    21.410138030727));
#1446 = CARTESIAN_POINT('',(-31.31320653929,-33.67748154416,
    21.441753413611));
#1447 = CARTESIAN_POINT('',(-31.47601105384,-33.87988573123,
    21.469300626269));
#1448 = CARTESIAN_POINT('',(-31.64195538523,-34.08047470941,
    21.493604644644));
#1449 = CARTESIAN_POINT('',(-31.81061090741,-34.27961673889,
    21.515327381236));
#1450 = CARTESIAN_POINT('',(-31.98172250791,-34.47752499788,
    21.534917849887));
#1451 = CARTESIAN_POINT('',(-32.84909097843,-35.461242989,
    21.623497445352));
#1452 = CARTESIAN_POINT('',(-33.77107044122,-36.41943937586,
    21.673022948781));
#1453 = CARTESIAN_POINT('',(-34.53494435815,-37.17644387338,
    21.704974632465));
#1454 = CARTESIAN_POINT('',(-35.32713914302,-37.92109400819,
    21.730255274759));
#1455 = CARTESIAN_POINT('',(-36.14840600012,-38.65163968081,
    21.751444192572));
#1456 = CARTESIAN_POINT('',(-36.99981428356,-39.36587557339,
    21.770614561755));
#1457 = CARTESIAN_POINT('',(-37.88381573293,-40.06007807377,
    21.787763573124));
#1458 = CARTESIAN_POINT('',(-38.80267519524,-40.7302603346,
    21.80291517253));
#1459 = CARTESIAN_POINT('',(-39.75753525385,-41.37284796934,
    21.817261994316));
#1460 = CARTESIAN_POINT('',(-41.74269803502,-42.59324234867,
    21.843733906921));
#1461 = CARTESIAN_POINT('',(-43.881698908,-43.66573659402,
    21.866672928399));
#1462 = CARTESIAN_POINT('',(-44.99044618938,-44.16036520522,
    21.877383388073));
#1463 = CARTESIAN_POINT('',(-46.13875979679,-44.6085418535,
    21.887391292177));
#1464 = CARTESIAN_POINT('',(-47.32617925652,-45.00541840634,
    21.896710859602));
#1465 = CARTESIAN_POINT('',(-48.55142047403,-45.34640497948,
    21.905332160457));
#1466 = CARTESIAN_POINT('',(-49.81253350023,-45.62746547263,
    21.913233298695));
#1467 = CARTESIAN_POINT('',(-51.10719471391,-45.84536067846,
    21.920387976553));
#1468 = CARTESIAN_POINT('',(-52.43306640507,-45.9977639352,
    21.926769767309));
#1469 = CARTESIAN_POINT('',(-53.78815674242,-46.08317428924,
    21.932354423378));
#1470 = CARTESIAN_POINT('',(-55.17111311014,-46.10055213785,
    21.937121546324));
#1471 = CARTESIAN_POINT('',(-56.35289518381,-46.11176330434,
    21.935805158648));
#1472 = CARTESIAN_POINT('',(-57.53846223714,-46.07632396981,
    21.933762682315));
#1473 = CARTESIAN_POINT('',(-58.72674290158,-45.99716311029,
    21.931073529144));
#1474 = CARTESIAN_POINT('',(-59.91535264743,-45.87593313014,
    21.927829287641));
#1475 = CARTESIAN_POINT('',(-61.10100765503,-45.71350331938,
    21.924133232578));
#1476 = CARTESIAN_POINT('',(-62.27987432291,-45.51025342712,
    21.92009789818));
#1477 = CARTESIAN_POINT('',(-63.44785440957,-45.26616735016,
    21.915840715031));
#1478 = CARTESIAN_POINT('',(-64.60080581318,-44.98072693782,
    21.911477710551));
#1479 = CARTESIAN_POINT('',(-65.73469898471,-44.65260591193,
    21.907115273208));
#1480 = CARTESIAN_POINT('',(-67.95671897199,-43.90572189384,
    21.898564687412));
#1481 = CARTESIAN_POINT('',(-70.07283561715,-42.95891270511,
    21.890581309953));
#1482 = CARTESIAN_POINT('',(-71.10105601229,-42.43150171956,
    21.886790164305));
#1483 = CARTESIAN_POINT('',(-72.09458371364,-41.83875109276,
    21.883236098672));
#1484 = CARTESIAN_POINT('',(-73.05311025157,-41.18328792578,
    21.879934968008));
#1485 = CARTESIAN_POINT('',(-73.97045025367,-40.43124017054,
    21.876875526701));
#1486 = CARTESIAN_POINT('',(-74.83712468249,-39.57262535084,
    21.874053797298));
#1487 = CARTESIAN_POINT('',(-75.64991270855,-38.58772423037,
    21.871445706016));
#1488 = CARTESIAN_POINT('',(-76.38020308924,-37.38539899299,
    21.869024908058));
#1489 = CARTESIAN_POINT('',(-76.90494217869,-35.96494244042,
    21.866953993248));
#1490 = CARTESIAN_POINT('',(-77.150762045,-34.41001744305,21.86536149163
    ));
#1491 = CARTESIAN_POINT('',(-77.29893680217,-33.477287828,21.86544414221
    ));
#1492 = CARTESIAN_POINT('',(-77.34559606933,-32.5125189078,
    21.865620733833));
#1493 = CARTESIAN_POINT('',(-77.28192137622,-31.53866636705,
    21.865905345922));
#1494 = CARTESIAN_POINT('',(-77.10592764768,-30.58536807836,
    21.866304864273));
#1495 = CARTESIAN_POINT('',(-76.83503361738,-29.68354273207,
    21.866805362669));
#1496 = CARTESIAN_POINT('',(-76.49478373854,-28.84674260587,
    21.867384181987));
#1497 = CARTESIAN_POINT('',(-76.10636477232,-28.07071820281,
    21.868022673438));
#1498 = CARTESIAN_POINT('',(-75.68204099186,-27.34621990596,
    21.86871033818));
#1499 = CARTESIAN_POINT('',(-75.22808991906,-26.66675331294,
    21.869441610744));
#1500 = CARTESIAN_POINT('',(-74.27042150171,-25.37888773039,
    21.870981986813));
#1501 = CARTESIAN_POINT('',(-73.21966599705,-24.20394859951,
    21.872669240936));
#1502 = CARTESIAN_POINT('',(-72.67278132406,-23.63715947474,
    21.873547245368));
#1503 = CARTESIAN_POINT('',(-72.10399355715,-23.08462668574,
    21.874458819873));
#1504 = CARTESIAN_POINT('',(-71.51192297893,-22.54120084717,
    21.875403703518));
#1505 = CARTESIAN_POINT('',(-70.89489610871,-22.00291978362,
    21.876381646899));
#1506 = CARTESIAN_POINT('',(-70.2512719597,-21.46677589468,
    21.877392210178));
#1507 = CARTESIAN_POINT('',(-69.57952895173,-20.93042843172,
    21.878434772832));
#1508 = CARTESIAN_POINT('',(-68.87823665436,-20.39195072267,
    21.879508634389));
#1509 = CARTESIAN_POINT('',(-68.1460365401,-19.84970238194,
    21.880613085008));
#1510 = CARTESIAN_POINT('',(-67.38175592268,-19.30241654179,
    21.881747325101));
#1511 = CARTESIAN_POINT('',(20.008608897157,64.044153476917,
    55.759495520784));
#1512 = CARTESIAN_POINT('',(19.315955462676,62.445811690991,
    54.981137697402));
#1513 = CARTESIAN_POINT('',(18.690976487592,60.902950400826,
    54.109079464209));
#1514 = CARTESIAN_POINT('',(18.130450486113,59.416930108448,
    53.15369919391));
#1515 = CARTESIAN_POINT('',(17.629340957372,57.987872264694,
    52.12564109487));
#1516 = CARTESIAN_POINT('',(17.183264813836,56.615180917414,
    51.03402184107));
#1517 = CARTESIAN_POINT('',(16.785679214576,55.297118371941,
    49.886841779363));
#1518 = CARTESIAN_POINT('',(16.429573654682,54.032372999063,
    48.689870277593));
#1519 = CARTESIAN_POINT('',(16.109897454982,52.821813998384,
    47.445547693268));
#1520 = CARTESIAN_POINT('',(15.821047456664,51.668922698445,
    46.153285341961));
#1521 = CARTESIAN_POINT('',(15.55348675967,50.58272286213,
    44.806949742362));
#1522 = CARTESIAN_POINT('',(15.314962745416,49.597403454746,
    43.374288295688));
#1523 = CARTESIAN_POINT('',(15.196753600922,49.383979494074,
    42.770129497898));
#1524 = CARTESIAN_POINT('',(15.09054630416,49.198540852941,
    42.138840847012));
#1525 = CARTESIAN_POINT('',(15.001395061849,49.043826437084,
    41.477180719802));
#1526 = CARTESIAN_POINT('',(14.938120114382,48.922774799256,
    40.781354182519));
#1527 = CARTESIAN_POINT('',(14.909016172752,48.835710964105,
    40.050285893031));
#1528 = CARTESIAN_POINT('',(14.928718464356,48.782711953317,
    39.282565417002));
#1529 = CARTESIAN_POINT('',(15.017113805075,48.757856958107,
    38.482499622309));
#1530 = CARTESIAN_POINT('',(15.188869859696,48.74292839162,
    37.667520257608));
#1531 = CARTESIAN_POINT('',(15.442229272894,48.712462334407,
    36.863850416181));
#1532 = CARTESIAN_POINT('',(16.074124029358,48.587240004921,
    35.315812253674));
#1533 = CARTESIAN_POINT('',(16.873264467685,48.294967592198,
    33.931128601137));
#1534 = CARTESIAN_POINT('',(17.293688545869,48.097562875868,
    33.290712327917));
#1535 = CARTESIAN_POINT('',(17.709083183569,47.846906030718,
    32.70586036174));
#1536 = CARTESIAN_POINT('',(18.100862004382,47.551270632828,
    32.168966214663));
#1537 = CARTESIAN_POINT('',(18.461461956075,47.220886067876,
    31.669602858838));
#1538 = CARTESIAN_POINT('',(18.790778182201,46.86328083371,
    31.199682964637));
#1539 = CARTESIAN_POINT('',(19.090711178502,46.483871526518,
    30.753256607694));
#1540 = CARTESIAN_POINT('',(19.363048227097,46.087384958178,
    30.325169654939));
#1541 = CARTESIAN_POINT('',(20.107918680542,44.855491039038,
    29.085841966952));
#1542 = CARTESIAN_POINT('',(20.662421961815,43.516693058093,
    27.958190969443));
#1543 = CARTESIAN_POINT('',(20.971883806287,42.59449099356,
    27.235710437455));
#1544 = CARTESIAN_POINT('',(21.242792505764,41.646377565703,
    26.537818874663));
#1545 = CARTESIAN_POINT('',(21.489220507861,40.672025774863,
    25.865098477761));
#1546 = CARTESIAN_POINT('',(21.719476394616,39.670340958752,
    25.219746582386));
#1547 = CARTESIAN_POINT('',(21.939372974834,38.639886893653,
    24.604976417425));
#1548 = CARTESIAN_POINT('',(22.154002788776,37.578842615901,
    24.025094770128));
#1549 = CARTESIAN_POINT('',(22.367336436663,36.48554689612,
    23.485117993787));
#1550 = CARTESIAN_POINT('',(22.581217684266,35.359321556997,
    22.990037954604));
#1551 = CARTESIAN_POINT('',(22.797587839094,34.199899087951,
    22.545099678039));
#1552 = CARTESIAN_POINT('',(23.368416839954,32.672800358583,
    22.055506781127));
#1553 = CARTESIAN_POINT('',(24.000318386326,31.125016725776,
    21.714094570832));
#1554 = CARTESIAN_POINT('',(24.684085754736,29.558106005578,
    21.528847900353));
#1555 = CARTESIAN_POINT('',(25.419359443549,27.968184799461,
    21.520765354144));
#1556 = CARTESIAN_POINT('',(26.130773217068,26.355655703718,
    21.693520085547));
#1557 = CARTESIAN_POINT('',(26.896061939305,24.705462628489,
    22.090745003374));
#1558 = CARTESIAN_POINT('',(27.40523635779,23.01771088975,
    22.746650698692));
#1559 = CARTESIAN_POINT('',(27.709455553865,21.333813901131,23.401376256
    ));
#1560 = CARTESIAN_POINT('',(27.826649579541,19.648090084408,
    24.050739675634));
#1561 = CARTESIAN_POINT('',(27.785401822356,17.964503644472,
    24.649676683866));
#1562 = CARTESIAN_POINT('',(27.607116213943,16.282194804433,
    25.190815241715));
#1563 = CARTESIAN_POINT('',(27.365227993783,13.791087832059,
    25.457869229261));
#1564 = CARTESIAN_POINT('',(26.948447624055,11.312018507571,
    25.80878918545));
#1565 = CARTESIAN_POINT('',(26.355138979588,8.863417330671,
    26.219552421997));
#1566 = CARTESIAN_POINT('',(25.583937563267,6.464403208158,
    26.664068799317));
#1567 = CARTESIAN_POINT('',(24.637884587149,4.132179007556,
    27.115088744026));
#1568 = CARTESIAN_POINT('',(23.521534135538,1.882947217853,
    27.553057269563));
#1569 = CARTESIAN_POINT('',(22.235295886017,-0.267024580749,
    27.967671532353));
#1570 = CARTESIAN_POINT('',(20.771526508121,-2.299075790822,
    28.352549159954));
#1571 = CARTESIAN_POINT('',(19.115878942023,-4.187138734529,
    28.700156126783));
#1572 = CARTESIAN_POINT('',(17.255160266714,-5.892475652774,
    29.00197632764));
#1573 = CARTESIAN_POINT('',(15.189435813352,-7.368636759263,
    29.247830209214));
#1574 = CARTESIAN_POINT('',(14.41158371074,-7.956192200597,
    29.303890622401));
#1575 = CARTESIAN_POINT('',(13.615987778525,-8.502392634124,
    29.35531173508));
#1576 = CARTESIAN_POINT('',(12.805812833764,-9.008902334807,
    29.402366864858));
#1577 = CARTESIAN_POINT('',(11.983886755947,-9.477816370761,
    29.445430433806));
#1578 = CARTESIAN_POINT('',(11.152661488422,-9.91151443694,
    29.484930956116));
#1579 = CARTESIAN_POINT('',(10.31419775327,-10.31252468639,
    29.521328813673));
#1580 = CARTESIAN_POINT('',(9.470173479732,-10.68339755872,
    29.555118819529));
#1581 = CARTESIAN_POINT('',(8.621915946074,-11.02658960625,
    29.58685756929));
#1582 = CARTESIAN_POINT('',(7.770457634997,-11.34435731733,
    29.617215580418));
#1583 = CARTESIAN_POINT('',(6.489694886245,-11.78581274725,
    29.661973538944));
#1584 = CARTESIAN_POINT('',(5.205156165568,-12.17802406832,
    29.708159254291));
#1585 = CARTESIAN_POINT('',(4.776643781341,-12.30349454581,
    29.723852058283));
#1586 = CARTESIAN_POINT('',(4.347868315471,-12.42385270892,
    29.740022534554));
#1587 = CARTESIAN_POINT('',(3.918888629452,-12.53922121187,
    29.756877816721));
#1588 = CARTESIAN_POINT('',(3.489754687527,-12.64969331176,
    29.774652624172));
#1589 = CARTESIAN_POINT('',(3.060505352088,-12.75531843401,
    29.793624533789));
#1590 = CARTESIAN_POINT('',(2.631162004093,-12.85607103972,
    29.814143964518));
#1591 = CARTESIAN_POINT('',(2.201717988649,-12.95180279467,
    29.836678874774));
#1592 = CARTESIAN_POINT('',(1.342529782545,-13.13255328547,
    29.887069470624));
#1593 = CARTESIAN_POINT('',(0.48229686722,-13.28946089491,
    29.951685540964));
#1594 = CARTESIAN_POINT('',(5.185384903359E-02,-13.36155860787,
    29.988567936408));
#1595 = CARTESIAN_POINT('',(-0.379424669299,-13.42490449294,
    30.030532506124));
#1596 = CARTESIAN_POINT('',(-0.810936459588,-13.48217054181,
    30.081052985209));
#1597 = CARTESIAN_POINT('',(-1.244498639575,-13.52510376154,
    30.139820040821));
#1598 = CARTESIAN_POINT('',(-1.680008454469,-13.55419625503,
    30.211343638262));
#1599 = CARTESIAN_POINT('',(-2.118056133804,-13.56699836813,
    30.302594559655));
#1600 = CARTESIAN_POINT('',(-2.56366650071,-13.54122893271,
    30.41688108088));
#1601 = CARTESIAN_POINT('',(-3.130390150503,-13.46075522537,
    30.613799034585));
#1602 = CARTESIAN_POINT('',(-3.74647822698,-13.15774651531,
    30.928588204808));
#1603 = CARTESIAN_POINT('',(-3.872053895664,-13.08657167878,
    30.996763773864));
#1604 = CARTESIAN_POINT('',(-4.000422485368,-13.00292515771,
    31.07066528798));
#1605 = CARTESIAN_POINT('',(-4.132214145295,-12.9040486292,
    31.150870924766));
#1606 = CARTESIAN_POINT('',(-4.26822114952,-12.78646211042,
    31.237874322314));
#1607 = CARTESIAN_POINT('',(-4.409420589435,-12.64585730646,
    31.331970651662));
#1608 = CARTESIAN_POINT('',(-4.557135148365,-12.47637833086,
    31.433109836655));
#1609 = CARTESIAN_POINT('',(-4.713263527414,-12.26956963142,
    31.540310326415));
#1610 = CARTESIAN_POINT('',(-5.047459329855,-11.75826774089,
    31.759476999635));
#1611 = CARTESIAN_POINT('',(-5.436631163879,-11.00016996331,
    31.946603371787));
#1612 = CARTESIAN_POINT('',(-5.647637559803,-10.546916764,
    32.020327742205));
#1613 = CARTESIAN_POINT('',(-5.878431264251,-10.00429788163,
    32.069198984786));
#1614 = CARTESIAN_POINT('',(-6.130634899146,-9.360917276654,
    32.018942248896));
#1615 = CARTESIAN_POINT('',(-6.401707851585,-8.632140750458,
    31.940943375158));
#1616 = CARTESIAN_POINT('',(-6.700695994545,-7.764330662288,
    31.595479013388));
#1617 = CARTESIAN_POINT('',(-6.964277378703,-7.043266323262,
    31.080446957911));
#1618 = CARTESIAN_POINT('',(-7.198130073948,-6.449426894693,
    30.490960525153));
#1619 = CARTESIAN_POINT('',(-7.601990845813,-5.542695313957,
    29.282518916568));
#1620 = CARTESIAN_POINT('',(-7.8996123674,-5.112384015733,28.17183707257
    ));
#1621 = CARTESIAN_POINT('',(-8.026794439572,-4.996852726823,
    27.679762858248));
#1622 = CARTESIAN_POINT('',(-8.141366628164,-4.941749235111,
    27.261587890492));
#1623 = CARTESIAN_POINT('',(-8.248719360058,-4.92262136128,
    26.905779975021));
#1624 = CARTESIAN_POINT('',(-8.351542734679,-4.92686276817,
    26.599474069223));
#1625 = CARTESIAN_POINT('',(-8.451591477648,-4.946315372677,
    26.335415877629));
#1626 = CARTESIAN_POINT('',(-8.55010636679,-4.975135718441,
    26.107195031137));
#1627 = CARTESIAN_POINT('',(-8.647696930482,-5.01016856058,
    25.906692435604));
#1628 = CARTESIAN_POINT('',(-8.841970875556,-5.088087684146,
    25.55389005957));
#1629 = CARTESIAN_POINT('',(-9.03556956039,-5.175742711792,
    25.281143312745));
#1630 = CARTESIAN_POINT('',(-9.132477302457,-5.220559242546,
    25.160947542315));
#1631 = CARTESIAN_POINT('',(-9.229641823226,-5.265540428912,
    25.054012726156));
#1632 = CARTESIAN_POINT('',(-9.32712912925,-5.310264723824,
    24.958117394638));
#1633 = CARTESIAN_POINT('',(-9.424959188508,-5.354542498522,
    24.871549215834));
#1634 = CARTESIAN_POINT('',(-9.52313213507,-5.398292034203,
    24.792957389368));
#1635 = CARTESIAN_POINT('',(-9.62164434456,-5.441462401217,
    24.721243475396));
#1636 = CARTESIAN_POINT('',(-9.720494380345,-5.484003225887,
    24.655490658806));
#1637 = CARTESIAN_POINT('',(-10.21641653117,-5.693393820776,
    24.352694607663));
#1638 = CARTESIAN_POINT('',(-10.72020505474,-5.887406496908,
    24.164437905987));
#1639 = CARTESIAN_POINT('',(-11.1273927851,-6.034080880431,
    24.047321635251));
#1640 = CARTESIAN_POINT('',(-11.53759471648,-6.176386836443,
    23.953916556685));
#1641 = CARTESIAN_POINT('',(-11.95026662832,-6.315985059724,
    23.876800901097));
#1642 = CARTESIAN_POINT('',(-12.36503500133,-6.453902023485,
    23.810616081411));
#1643 = CARTESIAN_POINT('',(-12.78147901225,-6.591556398834,
    23.753221239409));
#1644 = CARTESIAN_POINT('',(-13.19926945386,-6.730002186029,
    23.703171688206));
#1645 = CARTESIAN_POINT('',(-13.61823204403,-6.869558616567,
    23.658145865569));
#1646 = CARTESIAN_POINT('',(-14.87782780023,-7.29407063386,
    23.536579706262));
#1647 = CARTESIAN_POINT('',(-16.14377457805,-7.740517113567,
    23.447656710352));
#1648 = CARTESIAN_POINT('',(-16.98892395088,-8.052148290036,
    23.396840994915));
#1649 = CARTESIAN_POINT('',(-17.83387176356,-8.38097198262,
    23.351827306075));
#1650 = CARTESIAN_POINT('',(-18.67730995014,-8.72972104819,
    23.311400581449));
#1651 = CARTESIAN_POINT('',(-19.51789174912,-9.100986301623,
    23.274795664965));
#1652 = CARTESIAN_POINT('',(-20.35415776382,-9.497326532337,
    23.241353762622));
#1653 = CARTESIAN_POINT('',(-21.18449221706,-9.921246016567,
    23.210561326834));
#1654 = CARTESIAN_POINT('',(-22.00709648954,-10.37511443221,
    23.182198055496));
#1655 = CARTESIAN_POINT('',(-22.81996703169,-10.86110408266,
    23.156320692072));
#1656 = CARTESIAN_POINT('',(-23.62086473851,-11.38121933631,
    23.132809312835));
#1657 = CARTESIAN_POINT('',(-24.58567432542,-12.00265723822,
    23.112017009458));
#1658 = CARTESIAN_POINT('',(-25.51385203575,-12.65561659311,
    23.092422611703));
#1659 = CARTESIAN_POINT('',(-26.4072508797,-13.33544989221,
    23.073882245551));
#1660 = CARTESIAN_POINT('',(-27.26793529105,-14.03807775391,
    23.055779329217));
#1661 = CARTESIAN_POINT('',(-28.09857575926,-14.75957634924,
    23.038035721582));
#1662 = CARTESIAN_POINT('',(-28.90188016732,-15.49651203169,
    23.020407491373));
#1663 = CARTESIAN_POINT('',(-29.68018095815,-16.24611314539,
    23.001990002437));
#1664 = CARTESIAN_POINT('',(-30.43555957433,-17.00599502566,
    22.981570992091));
#1665 = CARTESIAN_POINT('',(-31.1701519396,-17.7737802474,
    22.958184299572));
#1666 = CARTESIAN_POINT('',(-32.0643883553,-18.74103270919,
    22.922867529398));
#1667 = CARTESIAN_POINT('',(-32.92499201958,-19.72010088516,
    22.865941821061));
#1668 = CARTESIAN_POINT('',(-33.09574851934,-19.91639576642,
    22.853575394702));
#1669 = CARTESIAN_POINT('',(-33.26506009755,-20.11323559752,
    22.840017948107));
#1670 = CARTESIAN_POINT('',(-33.43282474966,-20.31070289255,
    22.825021057722));
#1671 = CARTESIAN_POINT('',(-33.59893135948,-20.50888800523,
    22.808310933147));
#1672 = CARTESIAN_POINT('',(-33.76324365851,-20.70790346432,
    22.789560939177));
#1673 = CARTESIAN_POINT('',(-33.9255559404,-20.90792361393,
    22.768323318609));
#1674 = CARTESIAN_POINT('',(-34.08552053032,-21.10924956015,
    22.743920115933));
#1675 = CARTESIAN_POINT('',(-34.32106024899,-21.41397435392,
    22.700979894736));
#1676 = CARTESIAN_POINT('',(-34.54782430568,-21.72471701371,
    22.644871797588));
#1677 = CARTESIAN_POINT('',(-34.6223354312,-21.82905636851,
    22.624516040892));
#1678 = CARTESIAN_POINT('',(-34.69558625113,-21.93431704448,
    22.602228401567));
#1679 = CARTESIAN_POINT('',(-34.76735808715,-22.04069345622,
    22.577677180712));
#1680 = CARTESIAN_POINT('',(-34.83740764158,-22.14840205251,
    22.550479903265));
#1681 = CARTESIAN_POINT('',(-34.90544196439,-22.25770373611,
    22.520171522681));
#1682 = CARTESIAN_POINT('',(-34.97105774078,-22.36895823101,
    22.486138732657));
#1683 = CARTESIAN_POINT('',(-35.03364489891,-22.48271039694,
    22.447520385767));
#1684 = CARTESIAN_POINT('',(-35.12155935797,-22.6583575384,
    22.38085083581));
#1685 = CARTESIAN_POINT('',(-35.19724956841,-22.84446221331,
    22.297038163527));
#1686 = CARTESIAN_POINT('',(-35.22094802339,-22.90781411964,
    22.266971048615));
#1687 = CARTESIAN_POINT('',(-35.24287147507,-22.97270078853,
    22.234502408412));
#1688 = CARTESIAN_POINT('',(-35.26272985219,-23.03938176839,
    22.19931240318));
#1689 = CARTESIAN_POINT('',(-35.28018488904,-23.10815976736,
    22.161023388102));
#1690 = CARTESIAN_POINT('',(-35.29482376417,-23.17940425331,
    22.119180716949));
#1691 = CARTESIAN_POINT('',(-35.30610788785,-23.25359729323,
    22.073224282982));
#1692 = CARTESIAN_POINT('',(-35.3132968396,-23.33140163372,
    22.022450796599));
#1693 = CARTESIAN_POINT('',(-35.31739806972,-23.49610040828,
    21.909482803762));
#1694 = CARTESIAN_POINT('',(-35.29505926175,-23.68424859606,
    21.769113275061));
#1695 = CARTESIAN_POINT('',(-35.27589366339,-23.78542583312,
    21.690985620339));
#1696 = CARTESIAN_POINT('',(-35.24623046956,-23.895945169,
    21.603254667718));
#1697 = CARTESIAN_POINT('',(-35.20431301876,-24.01737892995,
    21.50475008287));
#1698 = CARTESIAN_POINT('',(-35.14595673774,-24.15347260197,
    21.392968050276));
#1699 = CARTESIAN_POINT('',(-35.06501052129,-24.30973129412,
    21.265108031168));
#1700 = CARTESIAN_POINT('',(-34.95440253713,-24.49248337637,
    21.119088335769));
#1701 = CARTESIAN_POINT('',(-34.80211887965,-24.71247953693,
    20.95180789522));
#1702 = CARTESIAN_POINT('',(-34.47340426611,-25.13213911294,
    20.665360135303));
#1703 = CARTESIAN_POINT('',(-33.91707993503,-25.75529796765,
    20.386970355112));
#1704 = CARTESIAN_POINT('',(-33.70231597137,-25.98923389917,
    20.298452092743));
#1705 = CARTESIAN_POINT('',(-33.45236157834,-26.25463202869,
    20.219505540055));
#1706 = CARTESIAN_POINT('',(-33.16445448473,-26.55395752969,
    20.158438040226));
#1707 = CARTESIAN_POINT('',(-32.8334184101,-26.89183349821,
    20.126070796456));
#1708 = CARTESIAN_POINT('',(-32.45580468895,-27.27133224387,
    20.140157530549));
#1709 = CARTESIAN_POINT('',(-32.03994483109,-27.68498184166,
    20.225377853101));
#1710 = CARTESIAN_POINT('',(-31.60907618732,-28.11198037727,
    20.399950111717));
#1711 = CARTESIAN_POINT('',(-30.77172412177,-28.94401980867,
    20.91315512855));
#1712 = CARTESIAN_POINT('',(-30.06113307259,-29.66243340831,
    21.686306152701));
#1713 = CARTESIAN_POINT('',(-29.75703387089,-29.97579863163,
    22.120753408229));
#1714 = CARTESIAN_POINT('',(-29.51882646657,-30.23020144077,
    22.572995107091));
#1715 = CARTESIAN_POINT('',(-29.34260391514,-30.42916561017,
    23.010707651559));
#1716 = CARTESIAN_POINT('',(-29.21564409902,-30.58408942395,
    23.416250151486));
#1717 = CARTESIAN_POINT('',(-29.12598039537,-30.70568301018,
    23.786698727352));
#1718 = CARTESIAN_POINT('',(-29.06499321071,-30.80165839778,
    24.123159950164));
#1719 = CARTESIAN_POINT('',(-29.02588745438,-30.87809615595,
    24.425301798186));
#1720 = CARTESIAN_POINT('',(-28.95765464016,-31.06360428427,
    25.241261280251));
#1721 = CARTESIAN_POINT('',(-29.00142169183,-31.14922119101,
    25.812062611817));
#1722 = CARTESIAN_POINT('',(-29.04849969753,-31.19040710536,
    26.10913849604));
#1723 = CARTESIAN_POINT('',(-29.1032445551,-31.22483587396,
    26.350422756959));
#1724 = CARTESIAN_POINT('',(-29.16165235185,-31.25607897951,
    26.55038033523));
#1725 = CARTESIAN_POINT('',(-29.22147566373,-31.2861405566,
    26.717824167454));
#1726 = CARTESIAN_POINT('',(-29.28146571783,-31.31613172675,
    26.860675851681));
#1727 = CARTESIAN_POINT('',(-29.34110358586,-31.34651227473,
    26.984622007114));
#1728 = CARTESIAN_POINT('',(-29.40014509132,-31.37749854186,
    27.092303468409));
#1729 = CARTESIAN_POINT('',(-29.57491939524,-31.47276795424,
    27.376956545713));
#1730 = CARTESIAN_POINT('',(-29.74229524985,-31.57526437859,
    27.565112072545));
#1731 = CARTESIAN_POINT('',(-29.85023228166,-31.64711327483,
    27.665155727387));
#1732 = CARTESIAN_POINT('',(-29.9552923927,-31.72178358354,
    27.74743850387));
#1733 = CARTESIAN_POINT('',(-30.05811992905,-31.79869355866,
    27.816362362354));
#1734 = CARTESIAN_POINT('',(-30.1590731639,-31.87751825828,
    27.875198714709));
#1735 = CARTESIAN_POINT('',(-30.25842715392,-31.9580078821,
    27.926305265835));
#1736 = CARTESIAN_POINT('',(-30.35650407535,-32.03987116068,
    27.971121119863));
#1737 = CARTESIAN_POINT('',(-30.45358977875,-32.122849683,
    28.010614631694));
#1738 = CARTESIAN_POINT('',(-30.74219011192,-32.37483926481,
    28.116385433357));
#1739 = CARTESIAN_POINT('',(-31.02434074922,-32.63460883453,
    28.189717575735));
#1740 = CARTESIAN_POINT('',(-31.21074988044,-32.81017542892,
    28.229597131573));
#1741 = CARTESIAN_POINT('',(-31.39616649152,-32.98748643959,
    28.263167262304));
#1742 = CARTESIAN_POINT('',(-31.58103571752,-33.16612735781,
    28.291880860538));
#1743 = CARTESIAN_POINT('',(-31.76567798836,-33.34579566759,
    28.316727526868));
#1744 = CARTESIAN_POINT('',(-31.95034940972,-33.52624657319,
    28.338531916377));
#1745 = CARTESIAN_POINT('',(-32.13525892951,-33.70727759911,
    28.357963297736));
#1746 = CARTESIAN_POINT('',(-32.32056763053,-33.88872924787,
    28.375452120204));
#1747 = CARTESIAN_POINT('',(-33.2497069146,-34.79747749361,
    28.454238438792));
#1748 = CARTESIAN_POINT('',(-34.19478578029,-35.71064008294,
    28.497473787683));
#1749 = CARTESIAN_POINT('',(-34.96822038383,-36.4365926045,
    28.525619468895));
#1750 = CARTESIAN_POINT('',(-35.76161917966,-37.15464324943,
    28.547840975029));
#1751 = CARTESIAN_POINT('',(-36.57798107742,-37.8610228124,
    28.566511946393));
#1752 = CARTESIAN_POINT('',(-37.42018008302,-38.55192707181,
    28.583570442317));
#1753 = CARTESIAN_POINT('',(-38.29050182666,-39.22383788152,
    28.59889633973));
#1754 = CARTESIAN_POINT('',(-39.19112063779,-39.87297077869,
    28.612441959707));
#1755 = CARTESIAN_POINT('',(-40.12427996513,-40.49497859762,
    28.625372354932));
#1756 = CARTESIAN_POINT('',(-42.05857683606,-41.67628500106,
    28.649298198336));
#1757 = CARTESIAN_POINT('',(-44.13317663942,-42.71430919581,
    28.670177684866));
#1758 = CARTESIAN_POINT('',(-45.20659114975,-43.19306520813,
    28.679955686083));
#1759 = CARTESIAN_POINT('',(-46.31671231196,-43.62701826424,
    28.689113155929));
#1760 = CARTESIAN_POINT('',(-47.46344265248,-44.01164385198,
    28.697654928926));
#1761 = CARTESIAN_POINT('',(-48.64597304959,-44.34266019745,
    28.705565228553));
#1762 = CARTESIAN_POINT('',(-49.86292563832,-44.616270792,
    28.712818150495));
#1763 = CARTESIAN_POINT('',(-51.11260622527,-44.8293645271,
    28.719384077502));
#1764 = CARTESIAN_POINT('',(-52.39331069933,-44.97960890479,
    28.725233239159));
#1765 = CARTESIAN_POINT('',(-53.70362991108,-45.06537178319,
    28.730337630064));
#1766 = CARTESIAN_POINT('',(-55.04269750533,-45.08540712378,
    28.734672499735));
#1767 = CARTESIAN_POINT('',(-56.18659449549,-45.10496810943,
    28.733887368301));
#1768 = CARTESIAN_POINT('',(-57.33773292502,-45.07948164733,
    28.732437256324));
#1769 = CARTESIAN_POINT('',(-58.4941486962,-45.011502935,28.730391955684
    ));
#1770 = CARTESIAN_POINT('',(-59.65275123358,-44.90249293454,
    28.727831325072));
#1771 = CARTESIAN_POINT('',(-60.80967459762,-44.75323777549,
    28.724845136473));
#1772 = CARTESIAN_POINT('',(-61.96057370873,-44.56410044399,
    28.721531221651));
#1773 = CARTESIAN_POINT('',(-63.10086568292,-44.33510475762,
    28.71799191864));
#1774 = CARTESIAN_POINT('',(-64.2259162777,-44.06585162671,
    28.714328818234));
#1775 = CARTESIAN_POINT('',(-65.33117144945,-43.75526760132,
    28.710635810489));
#1776 = CARTESIAN_POINT('',(-67.49329659322,-43.04710380782,
    28.703345051945));
#1777 = CARTESIAN_POINT('',(-69.54177721368,-42.14955899035,
    28.696448119606));
#1778 = CARTESIAN_POINT('',(-70.53358876728,-41.65012525289,
    28.693152350522));
#1779 = CARTESIAN_POINT('',(-71.48761824784,-41.09056916505,
    28.690045076639));
#1780 = CARTESIAN_POINT('',(-72.40250308697,-40.47321431415,
    28.687144432302));
#1781 = CARTESIAN_POINT('',(-73.27154563255,-39.76958733751,
    28.684446203566));
#1782 = CARTESIAN_POINT('',(-74.08550979496,-38.97146548858,
    28.681951869504));
#1783 = CARTESIAN_POINT('',(-74.84035909543,-38.06233046965,
    28.679645954109));
#1784 = CARTESIAN_POINT('',(-75.50986018823,-36.96551085477,
    28.677512323852));
#1785 = CARTESIAN_POINT('',(-75.98881200853,-35.68178288799,
    28.675693766565));
#1786 = CARTESIAN_POINT('',(-76.21489760088,-34.28278321928,
    28.674302534545));
#1787 = CARTESIAN_POINT('',(-76.35010735759,-33.44323657279,
    28.674344441599));
#1788 = CARTESIAN_POINT('',(-76.39353481097,-32.57617820704,
    28.674472760307));
#1789 = CARTESIAN_POINT('',(-76.33792106956,-31.70108166565,
    28.67469851248));
#1790 = CARTESIAN_POINT('',(-76.18185510629,-30.84300380457,
    28.67502657632));
#1791 = CARTESIAN_POINT('',(-75.94035201179,-30.02788858049,
    28.675444251395));
#1792 = CARTESIAN_POINT('',(-75.63512429775,-29.26690808768,
    28.675931669293));
#1793 = CARTESIAN_POINT('',(-75.28401811107,-28.55622072267,
    28.676472554316));
#1794 = CARTESIAN_POINT('',(-74.89728165733,-27.88784597444,
    28.67705756798));
#1795 = CARTESIAN_POINT('',(-74.48012700596,-27.25619470526,
    28.677681501719));
#1796 = CARTESIAN_POINT('',(-73.59275050427,-26.05011109929,
    28.678998326185));
#1797 = CARTESIAN_POINT('',(-72.60426709383,-24.93356607666,
    28.680443608445));
#1798 = CARTESIAN_POINT('',(-72.08613284239,-24.39124122805,
    28.681195879432));
#1799 = CARTESIAN_POINT('',(-71.54367366766,-23.85940247084,
    28.681976573474));
#1800 = CARTESIAN_POINT('',(-70.97563812432,-23.33367661172,
    28.682784925125));
#1801 = CARTESIAN_POINT('',(-70.38053827443,-22.81069782658,
    28.68362015982));
#1802 = CARTESIAN_POINT('',(-69.75692329948,-22.28790757807,
    28.684481326048));
#1803 = CARTESIAN_POINT('',(-69.10345009747,-21.76331036221,
    28.685367307017));
#1804 = CARTESIAN_POINT('',(-68.41885681664,-21.23526018507,
    28.686276908463));
#1805 = CARTESIAN_POINT('',(-67.70194527397,-20.70235267219,
    28.687208919452));
#1806 = CARTESIAN_POINT('',(-66.9516782097,-20.16349771217,
    28.688162042864));
#1807 = CARTESIAN_POINT('',(20.635304839059,67.135493600633,
    51.151014453492));
#1808 = CARTESIAN_POINT('',(20.055190418863,65.749268733311,
    50.530247227609));
#1809 = CARTESIAN_POINT('',(19.535037224764,64.402657499419,
    49.823777679342));
#1810 = CARTESIAN_POINT('',(19.072691078268,63.093565811366,
    49.037596029742));
#1811 = CARTESIAN_POINT('',(18.665639276617,61.82032923098,
    48.177209829068));
#1812 = CARTESIAN_POINT('',(18.313133593782,60.580752909225,
    47.248446686548));
#1813 = CARTESIAN_POINT('',(18.013598006614,59.373628581033,
    46.256074614883));
#1814 = CARTESIAN_POINT('',(17.76636545527,58.198477431773,
    45.204005474981));
#1815 = CARTESIAN_POINT('',(17.574245784708,57.054879632276,
    44.095875755678));
#1816 = CARTESIAN_POINT('',(17.44246894046,55.943983614576,
    42.933621218779));
#1817 = CARTESIAN_POINT('',(17.380173521319,54.87164073449,
    41.714277787438));
#1818 = CARTESIAN_POINT('',(17.432820909373,53.845083835545,
    40.431650449874));
#1819 = CARTESIAN_POINT('',(17.566085119041,53.563676094514,
    39.910346403117));
#1820 = CARTESIAN_POINT('',(17.735530244743,53.289773456562,
    39.377684926907));
#1821 = CARTESIAN_POINT('',(17.947216927882,53.021704584974,
    38.835224881901));
#1822 = CARTESIAN_POINT('',(18.209378310646,52.755836743705,
    38.286431941004));
#1823 = CARTESIAN_POINT('',(18.527019280543,52.487758549615,
    37.735887756507));
#1824 = CARTESIAN_POINT('',(18.908149944733,52.209509154494,
    37.191683859567));
#1825 = CARTESIAN_POINT('',(19.356691289465,51.907786851531,
    36.667899658375));
#1826 = CARTESIAN_POINT('',(19.859933899448,51.567054509871,
    36.182359845259));
#1827 = CARTESIAN_POINT('',(20.3885377645,51.177749987842,
    35.747933262586));
#1828 = CARTESIAN_POINT('',(21.440327418067,50.309063576585,
    34.979012360572));
#1829 = CARTESIAN_POINT('',(22.397262045985,49.289697325666,
    34.386459289027));
#1830 = CARTESIAN_POINT('',(22.831044781574,48.749858021684,
    34.128244167821));
#1831 = CARTESIAN_POINT('',(23.205220513845,48.19316547548,
    33.895360128624));
#1832 = CARTESIAN_POINT('',(23.520273085638,47.633146709829,
    33.67345103478));
#1833 = CARTESIAN_POINT('',(23.784505311926,47.078082227939,
    33.453012893685));
#1834 = CARTESIAN_POINT('',(24.006898673135,46.531041922235,
    33.230006929454));
#1835 = CARTESIAN_POINT('',(24.195008368146,45.993124603524,
    33.002631045425));
#1836 = CARTESIAN_POINT('',(24.35551599713,45.465210540674,
    32.769417883004));
#1837 = CARTESIAN_POINT('',(24.770769246184,43.909006709355,
    32.053640624397));
#1838 = CARTESIAN_POINT('',(25.02682815765,42.428795778996,
    31.293799125048));
#1839 = CARTESIAN_POINT('',(25.162296010303,41.46907506973,
    30.772338041944));
#1840 = CARTESIAN_POINT('',(25.280314122764,40.525514476476,
    30.247025010141));
#1841 = CARTESIAN_POINT('',(25.39003924091,39.589708687569,
    29.72718846861));
#1842 = CARTESIAN_POINT('',(25.496748409407,38.65612083758,
    29.219575803482));
#1843 = CARTESIAN_POINT('',(25.603925655173,37.720418115648,
    28.729894290619));
#1844 = CARTESIAN_POINT('',(25.713970622404,36.7784059844,
    28.263863959446));
#1845 = CARTESIAN_POINT('',(25.828425625912,35.826381031898,
    27.826821771964));
#1846 = CARTESIAN_POINT('',(25.948226875913,34.861932194197,
    27.422846283369));
#1847 = CARTESIAN_POINT('',(26.07409492428,33.882429809523,
    27.056301722911));
#1848 = CARTESIAN_POINT('',(26.303445993282,32.494002413236,
    26.824484633789));
#1849 = CARTESIAN_POINT('',(26.531562718905,31.063329183571,
    26.735259968616));
#1850 = CARTESIAN_POINT('',(26.735628375219,29.593582290064,
    26.793310733088));
#1851 = CARTESIAN_POINT('',(26.885791876576,28.085846424893,
    27.015607625523));
#1852 = CARTESIAN_POINT('',(26.931752733552,26.557415640225,
    27.351695117892));
#1853 = CARTESIAN_POINT('',(26.862338197367,24.993320817479,
    27.887611089874));
#1854 = CARTESIAN_POINT('',(26.495645866098,23.455492419599,
    28.404226012649));
#1855 = CARTESIAN_POINT('',(26.055335293994,21.948454139999,
    28.821495297413));
#1856 = CARTESIAN_POINT('',(25.544409603233,20.467708322515,
    29.155737984428));
#1857 = CARTESIAN_POINT('',(25.004474570031,19.008560448627,
    29.412568898342));
#1858 = CARTESIAN_POINT('',(24.443665354608,17.565670844115,
    29.610373729597));
#1859 = CARTESIAN_POINT('',(24.044698502929,15.395408985412,
    29.671817235871));
#1860 = CARTESIAN_POINT('',(23.487036125937,13.228625086874,
    29.788921026859));
#1861 = CARTESIAN_POINT('',(22.779960113032,11.089807877918,
    29.943410835228));
#1862 = CARTESIAN_POINT('',(21.936422240821,9.001471577743,
    30.11742579994));
#1863 = CARTESIAN_POINT('',(20.973591813392,6.982039515027,
    30.297933550467));
#1864 = CARTESIAN_POINT('',(19.903502134911,5.048178020853,
    30.478536835329));
#1865 = CARTESIAN_POINT('',(18.729629559802,3.217464315344,
    30.656210619921));
#1866 = CARTESIAN_POINT('',(17.450156029059,1.509645421859,
    30.826641207412));
#1867 = CARTESIAN_POINT('',(16.061909024289,-5.357542050103E-02,
    30.98290025985));
#1868 = CARTESIAN_POINT('',(14.560541775664,-1.449302813879,
    31.11817661476));
#1869 = CARTESIAN_POINT('',(12.942411323184,-2.653550011796,
    31.22420750521));
#1870 = CARTESIAN_POINT('',(12.348953238089,-3.147809771706,
    31.267335489993));
#1871 = CARTESIAN_POINT('',(11.735262185205,-3.612229005111,
    31.306602815882));
#1872 = CARTESIAN_POINT('',(11.102402629977,-4.048209341073,
    31.342138325304));
#1873 = CARTESIAN_POINT('',(10.451405634827,-4.45711363451,
    31.374061981618));
#1874 = CARTESIAN_POINT('',(9.783275521853,-4.840289264998,
    31.402491611557));
#1875 = CARTESIAN_POINT('',(9.098992042017,-5.199068166355,
    31.427544614207));
#1876 = CARTESIAN_POINT('',(8.399508050979,-5.534743587176,
    31.449334636518));
#1877 = CARTESIAN_POINT('',(7.68574269139,-5.848523582103,
    31.467963215363));
#1878 = CARTESIAN_POINT('',(6.958570081824,-6.141461234052,
    31.48350638612));
#1879 = CARTESIAN_POINT('',(5.848920227402,-6.550811793789,
    31.50224119364));
#1880 = CARTESIAN_POINT('',(4.712581330285,-6.91607011729,31.51402670792
    ));
#1881 = CARTESIAN_POINT('',(4.330929270786,-7.032986364471,
    31.517182121261));
#1882 = CARTESIAN_POINT('',(3.946485878809,-7.145075683401,
    31.519548257992));
#1883 = CARTESIAN_POINT('',(3.559324761269,-7.252314479716,
    31.521102457734));
#1884 = CARTESIAN_POINT('',(3.169512218729,-7.354646591272,
    31.521817573773));
#1885 = CARTESIAN_POINT('',(2.777103168761,-7.451964722117,
    31.52165718857));
#1886 = CARTESIAN_POINT('',(2.382132810829,-7.544072684479,
    31.520564055809));
#1887 = CARTESIAN_POINT('',(1.984604033277,-7.630628449132,
    31.518441769121));
#1888 = CARTESIAN_POINT('',(1.184337090402,-7.791507558453,
    31.511817545588));
#1889 = CARTESIAN_POINT('',(0.373185186447,-7.924396513194,
    31.499406765666));
#1890 = CARTESIAN_POINT('',(-3.523066547013E-02,-7.982965878507,
    31.491723754151));
#1891 = CARTESIAN_POINT('',(-0.446702943568,-8.032241124665,
    31.480679875368));
#1892 = CARTESIAN_POINT('',(-0.861499924903,-8.070891933424,
    31.469878188019));
#1893 = CARTESIAN_POINT('',(-1.280247263362,-8.095390034677,
    31.452319970003));
#1894 = CARTESIAN_POINT('',(-1.703606404597,-8.102588955253,
    31.430331243486));
#1895 = CARTESIAN_POINT('',(-2.132962036768,-8.086069140729,
    31.404999693396));
#1896 = CARTESIAN_POINT('',(-2.570925875588,-8.032948906753,
    31.359650043255));
#1897 = CARTESIAN_POINT('',(-3.133567415047,-7.901429013073,
    31.289427761405));
#1898 = CARTESIAN_POINT('',(-3.739538020494,-7.573938429267,
    31.093953452287));
#1899 = CARTESIAN_POINT('',(-3.862713479117,-7.499432599434,
    31.048724941676));
#1900 = CARTESIAN_POINT('',(-3.988140971462,-7.41463980502,
    30.996057856127));
#1901 = CARTESIAN_POINT('',(-4.116185726519,-7.317824263006,
    30.933983157557));
#1902 = CARTESIAN_POINT('',(-4.247266421489,-7.206977409099,
    30.859907903671));
#1903 = CARTESIAN_POINT('',(-4.381844750744,-7.079855768829,
    30.770475994693));
#1904 = CARTESIAN_POINT('',(-4.520467488607,-6.933757285764,
    30.660917324154));
#1905 = CARTESIAN_POINT('',(-4.663760975483,-6.765480575954,
    30.52392348628));
#1906 = CARTESIAN_POINT('',(-4.960551119997,-6.379462841233,
    30.172993473252));
#1907 = CARTESIAN_POINT('',(-5.275134868707,-5.902486723827,
    29.607222107877));
#1908 = CARTESIAN_POINT('',(-5.435929403668,-5.644523071223,
    29.255005762913));
#1909 = CARTESIAN_POINT('',(-5.600762641617,-5.363850331354,
    28.818846363034));
#1910 = CARTESIAN_POINT('',(-5.75731573289,-5.112392079715,
    28.255062501881));
#1911 = CARTESIAN_POINT('',(-5.916989805383,-4.842308748491,
    27.609204737993));
#1912 = CARTESIAN_POINT('',(-6.041651637276,-4.713291304309,
    26.726638555519));
#1913 = CARTESIAN_POINT('',(-6.121668825608,-4.783677529898,
    25.884301155094));
#1914 = CARTESIAN_POINT('',(-6.176065932651,-4.971000560692,
    25.110476605334));
#1915 = CARTESIAN_POINT('',(-6.252648284873,-5.499847850915,
    23.776696974743));
#1916 = CARTESIAN_POINT('',(-6.301263850865,-6.176276613738,
    22.874044657598));
#1917 = CARTESIAN_POINT('',(-6.327451191254,-6.512333007487,
    22.532715834684));
#1918 = CARTESIAN_POINT('',(-6.361186974777,-6.819682882723,
    22.274551590342));
#1919 = CARTESIAN_POINT('',(-6.402731750329,-7.095769302726,
    22.074387919142));
#1920 = CARTESIAN_POINT('',(-6.450972239744,-7.344609510326,
    21.916041268527));
#1921 = CARTESIAN_POINT('',(-6.505381004437,-7.567978007988,
    21.789534487942));
#1922 = CARTESIAN_POINT('',(-6.565360894609,-7.768082440471,
    21.687157406368));
#1923 = CARTESIAN_POINT('',(-6.629749150812,-7.94970645734,
    21.602585702453));
#1924 = CARTESIAN_POINT('',(-6.766473989563,-8.279433220145,
    21.461989264734));
#1925 = CARTESIAN_POINT('',(-6.916714826248,-8.551933158538,
    21.366056602347));
#1926 = CARTESIAN_POINT('',(-6.994659812422,-8.676159068758,
    21.326303882167));
#1927 = CARTESIAN_POINT('',(-7.074981232743,-8.79022513124,
    21.292741807218));
#1928 = CARTESIAN_POINT('',(-7.157317646301,-8.895648208594,
    21.263996203667));
#1929 = CARTESIAN_POINT('',(-7.241377138579,-8.993661224871,
    21.239116932402));
#1930 = CARTESIAN_POINT('',(-7.326922593864,-9.085268898144,
    21.217408949687));
#1931 = CARTESIAN_POINT('',(-7.413759406477,-9.171295795986,
    21.198319185662));
#1932 = CARTESIAN_POINT('',(-7.501725630788,-9.25242671344,
    21.181379240743));
#1933 = CARTESIAN_POINT('',(-7.946520327119,-9.636490015383,
    21.105502536316));
#1934 = CARTESIAN_POINT('',(-8.413222391568,-9.924988765933,
    21.067548471945));
#1935 = CARTESIAN_POINT('',(-8.793203897823,-10.12603316893,
    21.043893836734));
#1936 = CARTESIAN_POINT('',(-9.177540921579,-10.30690929077,
    21.025631745969));
#1937 = CARTESIAN_POINT('',(-9.564633209082,-10.47421140208,
    21.010503826103));
#1938 = CARTESIAN_POINT('',(-9.953312963375,-10.63264432426,
    20.99669064705));
#1939 = CARTESIAN_POINT('',(-10.34295471427,-10.78461392241,
    20.984178820311));
#1940 = CARTESIAN_POINT('',(-10.73309351322,-10.93181671906,
    20.972978224067));
#1941 = CARTESIAN_POINT('',(-11.1231769803,-11.07627935699,
    20.962092543593));
#1942 = CARTESIAN_POINT('',(-12.29242998859,-11.50408152409,
    20.93114403487));
#1943 = CARTESIAN_POINT('',(-13.45591892426,-11.92402639445,
    20.903553712696));
#1944 = CARTESIAN_POINT('',(-14.22669572611,-12.20781551113,
    20.885803356842));
#1945 = CARTESIAN_POINT('',(-14.99098179622,-12.49962090214,
    20.868491843278));
#1946 = CARTESIAN_POINT('',(-15.74747614926,-12.80227296272,
    20.851651234651));
#1947 = CARTESIAN_POINT('',(-16.49497250816,-13.11816473013,
    20.835349491589));
#1948 = CARTESIAN_POINT('',(-17.23228320611,-13.44957652065,
    20.819634854054));
#1949 = CARTESIAN_POINT('',(-17.95824336341,-13.79864947324,
    20.804561957714));
#1950 = CARTESIAN_POINT('',(-18.67173916281,-14.16725492241,
    20.790236523257));
#1951 = CARTESIAN_POINT('',(-19.37170404659,-14.55700652136,
    20.776815457712));
#1952 = CARTESIAN_POINT('',(-20.0570266589,-14.96966203742,
    20.764399205848));
#1953 = CARTESIAN_POINT('',(-20.88463686439,-15.45877002969,
    20.74955945334));
#1954 = CARTESIAN_POINT('',(-21.6894621858,-15.98212431881,
    20.736102053317));
#1955 = CARTESIAN_POINT('',(-22.47309026947,-16.53719195991,
    20.723960669712));
#1956 = CARTESIAN_POINT('',(-23.23673510499,-17.12181221933,
    20.713127092732));
#1957 = CARTESIAN_POINT('',(-23.98208582059,-17.73343188511,
    20.703512123917));
#1958 = CARTESIAN_POINT('',(-24.71069581853,-18.36964177544,
    20.695036035872));
#1959 = CARTESIAN_POINT('',(-25.42355365275,-19.02855045536,
    20.687692795643));
#1960 = CARTESIAN_POINT('',(-26.12138316945,-19.70850793677,
    20.681496125992));
#1961 = CARTESIAN_POINT('',(-26.80512654845,-20.40766890633,
    20.676379365077));
#1962 = CARTESIAN_POINT('',(-27.64243086585,-21.30416001101,
    20.671261371557));
#1963 = CARTESIAN_POINT('',(-28.44905479464,-22.23526370737,
    20.668725913215));
#1964 = CARTESIAN_POINT('',(-28.60908445293,-22.4229139166,
    20.668324353293));
#1965 = CARTESIAN_POINT('',(-28.76766782461,-22.61211299827,
    20.668052224201));
#1966 = CARTESIAN_POINT('',(-28.92462125127,-22.80300940398,
    20.667937391892));
#1967 = CARTESIAN_POINT('',(-29.07974211663,-22.99576852382,
    20.668004945521));
#1968 = CARTESIAN_POINT('',(-29.23278518132,-23.19059385264,
    20.668281411905));
#1969 = CARTESIAN_POINT('',(-29.38340171126,-23.3877814326,
    20.66880992823));
#1970 = CARTESIAN_POINT('',(-29.53104139928,-23.58780757272,
    20.66967637286));
#1971 = CARTESIAN_POINT('',(-29.74670492086,-23.89327098069,
    20.671731495155));
#1972 = CARTESIAN_POINT('',(-29.9505322696,-24.20964517629,20.675580369)
  );
#1973 = CARTESIAN_POINT('',(-30.01700166425,-24.31645481426,
    20.677086111194));
#1974 = CARTESIAN_POINT('',(-30.08174969341,-24.42483610985,
    20.678883227937));
#1975 = CARTESIAN_POINT('',(-30.14448046826,-24.53505169969,
    20.681053050859));
#1976 = CARTESIAN_POINT('',(-30.20485672328,-24.64740123238,
    20.683679339106));
#1977 = CARTESIAN_POINT('',(-30.26246941207,-24.76224855901,
    20.686860022192));
#1978 = CARTESIAN_POINT('',(-30.3167706969,-24.88008165381,
    20.690740999518));
#1979 = CARTESIAN_POINT('',(-30.36697033258,-25.0016052652,
    20.695571996538));
#1980 = CARTESIAN_POINT('',(-30.43435799989,-25.19099681287,
    20.70489071812));
#1981 = CARTESIAN_POINT('',(-30.48598023876,-25.39452869036,
    20.718922417395));
#1982 = CARTESIAN_POINT('',(-30.501222879,-25.46413408527,
    20.724202966837));
#1983 = CARTESIAN_POINT('',(-30.51422722486,-25.53574525241,
    20.73021876252));
#1984 = CARTESIAN_POINT('',(-30.52466978325,-25.60965121101,
    20.737128949053));
#1985 = CARTESIAN_POINT('',(-30.53217053418,-25.6861915303,
    20.745116863188));
#1986 = CARTESIAN_POINT('',(-30.53626932756,-25.76577742967,
    20.754409051969));
#1987 = CARTESIAN_POINT('',(-30.5363852329,-25.84892811169,
    20.765316331201));
#1988 = CARTESIAN_POINT('',(-30.53175884117,-25.93632232816,
    20.778296884686));
#1989 = CARTESIAN_POINT('',(-30.51099619787,-26.12140802979,
    20.809785922996));
#1990 = CARTESIAN_POINT('',(-30.46178323663,-26.33194218826,
    20.856452341111));
#1991 = CARTESIAN_POINT('',(-30.42877429832,-26.44472428143,
    20.884541672631));
#1992 = CARTESIAN_POINT('',(-30.38521836183,-26.5669381734,
    20.919267134971));
#1993 = CARTESIAN_POINT('',(-30.32960686805,-26.69993205089,
    20.961947158532));
#1994 = CARTESIAN_POINT('',(-30.25851339326,-26.84676835562,
    21.015854018095));
#1995 = CARTESIAN_POINT('',(-30.16741946584,-27.01148490724,
    21.086207285522));
#1996 = CARTESIAN_POINT('',(-30.05180047858,-27.1981238125,
    21.179537665077));
#1997 = CARTESIAN_POINT('',(-29.90422620526,-27.41332272345,
    21.30714217788));
#1998 = CARTESIAN_POINT('',(-29.61517036044,-27.79660844569,
    21.588327907722));
#1999 = CARTESIAN_POINT('',(-29.22470811331,-28.27041004711,
    22.114590733316));
#2000 = CARTESIAN_POINT('',(-29.08339822711,-28.43829640215,
    22.323094094064));
#2001 = CARTESIAN_POINT('',(-28.93131324459,-28.61578731044,
    22.573367331693));
#2002 = CARTESIAN_POINT('',(-28.77205752469,-28.79965206146,
    22.872207817671));
#2003 = CARTESIAN_POINT('',(-28.6095900921,-28.98633959432,
    23.230143416365));
#2004 = CARTESIAN_POINT('',(-28.45275890211,-29.16792356357,
    23.659097756653));
#2005 = CARTESIAN_POINT('',(-28.31998552838,-29.32791944433,
    24.161726825955));
#2006 = CARTESIAN_POINT('',(-28.23283798191,-29.44704256019,
    24.721871490453));
#2007 = CARTESIAN_POINT('',(-28.16654206823,-29.58860949414,
    25.892684632965));
#2008 = CARTESIAN_POINT('',(-28.31246235184,-29.54029182257,
    27.05010359703));
#2009 = CARTESIAN_POINT('',(-28.43749310883,-29.46956427349,
    27.596812087325));
#2010 = CARTESIAN_POINT('',(-28.60373247553,-29.36200978765,
    28.081933554568));
#2011 = CARTESIAN_POINT('',(-28.79031926056,-29.23630206839,
    28.494563376216));
#2012 = CARTESIAN_POINT('',(-28.98092917026,-29.10704313635,
    28.839980927349));
#2013 = CARTESIAN_POINT('',(-29.16825876843,-28.980759302,
    29.129516097313));
#2014 = CARTESIAN_POINT('',(-29.3489396821,-28.86045736746,
    29.372825634787));
#2015 = CARTESIAN_POINT('',(-29.51960716326,-28.74914280374,
    29.576961525432));
#2016 = CARTESIAN_POINT('',(-30.00120388328,-28.44247128536,
    30.09522688473));
#2017 = CARTESIAN_POINT('',(-30.39059730618,-28.21846312121,
    30.380670714264));
#2018 = CARTESIAN_POINT('',(-30.60936655138,-28.10569410103,
    30.51317137107));
#2019 = CARTESIAN_POINT('',(-30.79883312083,-28.01916761038,
    30.611611259222));
#2020 = CARTESIAN_POINT('',(-30.96564995299,-27.95292347538,
    30.686972004267));
#2021 = CARTESIAN_POINT('',(-31.11396007412,-27.90325028948,
    30.745740861678));
#2022 = CARTESIAN_POINT('',(-31.24784725248,-27.86649062999,
    30.792930919003));
#2023 = CARTESIAN_POINT('',(-31.37041920905,-27.83986161579,
    30.831740643641));
#2024 = CARTESIAN_POINT('',(-31.48311778728,-27.82207204897,
    30.863659046969));
#2025 = CARTESIAN_POINT('',(-31.79745975262,-27.78996864297,
    30.944180202588));
#2026 = CARTESIAN_POINT('',(-32.05138085594,-27.81195411011,
    30.988067819647));
#2027 = CARTESIAN_POINT('',(-32.20394685641,-27.84157171592,
    31.009574013511));
#2028 = CARTESIAN_POINT('',(-32.34465456466,-27.88180122717,
    31.026068649461));
#2029 = CARTESIAN_POINT('',(-32.47639896835,-27.93004969241,
    31.03892145888));
#2030 = CARTESIAN_POINT('',(-32.60127569211,-27.98443944971,
    31.049279191601));
#2031 = CARTESIAN_POINT('',(-32.72080333786,-28.04360930075,
    31.057951449633));
#2032 = CARTESIAN_POINT('',(-32.83598139312,-28.10666280928,
    31.065270187329));
#2033 = CARTESIAN_POINT('',(-32.94751510668,-28.17296690346,
    31.071386729118));
#2034 = CARTESIAN_POINT('',(-33.27325422229,-28.37977121076,
    31.08732122421));
#2035 = CARTESIAN_POINT('',(-33.57648199882,-28.60658717373,
    31.097080187202));
#2036 = CARTESIAN_POINT('',(-33.77237488891,-28.76332335071,
    31.102142721746));
#2037 = CARTESIAN_POINT('',(-33.9639364837,-28.92384386437,
    31.106307275797));
#2038 = CARTESIAN_POINT('',(-34.15224189348,-29.08717045082,
    31.109808547478));
#2039 = CARTESIAN_POINT('',(-34.33803497894,-29.25262124283,
    31.112798269822));
#2040 = CARTESIAN_POINT('',(-34.52193225175,-29.41962830095,
    31.115420079151));
#2041 = CARTESIAN_POINT('',(-34.70443651752,-29.58772541716,
    31.117795746605));
#2042 = CARTESIAN_POINT('',(-34.885887408,-29.75659239625,
    31.119987064756));
#2043 = CARTESIAN_POINT('',(-35.78883011752,-30.60384050994,
    31.130040146774));
#2044 = CARTESIAN_POINT('',(-36.6764184667,-31.45969487396,
    31.136865058751));
#2045 = CARTESIAN_POINT('',(-37.39029348926,-32.13664473809,
    31.142364437854));
#2046 = CARTESIAN_POINT('',(-38.11012607686,-32.80288596055,
    31.147616329075));
#2047 = CARTESIAN_POINT('',(-38.83931915615,-33.45431920535,
    31.152850219993));
#2048 = CARTESIAN_POINT('',(-39.58094398628,-34.08713279885,
    31.158268593479));
#2049 = CARTESIAN_POINT('',(-40.33659078011,-34.69882679485,
    31.16372566547));
#2050 = CARTESIAN_POINT('',(-41.1078830966,-35.2868524181,31.16912029356
    ));
#2051 = CARTESIAN_POINT('',(-41.89728960687,-35.8478804542,
    31.174594671379));
#2052 = CARTESIAN_POINT('',(-43.51506976849,-36.9111966561,
    31.185429492609));
#2053 = CARTESIAN_POINT('',(-45.2177435652,-37.84612610694,
    31.195949095484));
#2054 = CARTESIAN_POINT('',(-46.09196760461,-38.27883515167,
    31.201087876805));
#2055 = CARTESIAN_POINT('',(-46.99067889504,-38.67416499037,
    31.206059466385));
#2056 = CARTESIAN_POINT('',(-47.91541993555,-39.0295219143,
    31.210815442862));
#2057 = CARTESIAN_POINT('',(-48.86768679263,-39.34234391221,
    31.215306246166));
#2058 = CARTESIAN_POINT('',(-49.84894375422,-39.61010611257,
    31.219481826584));
#2059 = CARTESIAN_POINT('',(-50.86063976307,-39.83032581181,
    31.223291965276));
#2060 = CARTESIAN_POINT('',(-51.90422493999,-40.00056311924,
    31.226686399628));
#2061 = CARTESIAN_POINT('',(-52.9811655,-40.11841324312,31.229614886812)
  );
#2062 = CARTESIAN_POINT('',(-54.09295537107,-40.18148644773,
    31.232027338977));
#2063 = CARTESIAN_POINT('',(-55.04252448694,-40.2400524026,
    31.233931414879));
#2064 = CARTESIAN_POINT('',(-56.01708891034,-40.25909299353,
    31.235458943924));
#2065 = CARTESIAN_POINT('',(-57.00982398907,-40.23968275548,
    31.236638049316));
#2066 = CARTESIAN_POINT('',(-58.01383817242,-40.18283193596,
    31.237497143352));
#2067 = CARTESIAN_POINT('',(-59.02219066754,-40.08950822171,
    31.2380651361));
#2068 = CARTESIAN_POINT('',(-60.0279061,-39.96065156357,31.238371511354)
  );
#2069 = CARTESIAN_POINT('',(-61.02398618109,-39.79718210329,
    31.238446269953));
#2070 = CARTESIAN_POINT('',(-62.00341837851,-39.60000119763,
    31.238319740364));
#2071 = CARTESIAN_POINT('',(-62.95918159405,-39.36998554442,
    31.238022256623));
#2072 = CARTESIAN_POINT('',(-64.80931609632,-38.84596326927,
    31.2371451505));
#2073 = CARTESIAN_POINT('',(-66.50853402379,-38.19708767017,
    31.235819159832));
#2074 = CARTESIAN_POINT('',(-67.31339513668,-37.84223916517,
    31.235072920522));
#2075 = CARTESIAN_POINT('',(-68.06636536106,-37.45751891991,
    31.234271812293));
#2076 = CARTESIAN_POINT('',(-68.76061264073,-37.04401000553,
    31.233443224767));
#2077 = CARTESIAN_POINT('',(-69.38874873183,-36.60138495941,
    31.232613953549));
#2078 = CARTESIAN_POINT('',(-69.94346855233,-36.13032110708,
    31.231810690692));
#2079 = CARTESIAN_POINT('',(-70.41763814023,-35.63104958085,
    31.231059353026));
#2080 = CARTESIAN_POINT('',(-70.80246622367,-35.1011358018,
    31.230386870294));
#2081 = CARTESIAN_POINT('',(-71.08614143647,-34.54264107081,
    31.229827039716));
#2082 = CARTESIAN_POINT('',(-71.25961263737,-33.96059982112,
    31.229410771009));
#2083 = CARTESIAN_POINT('',(-71.36283177397,-33.61108907835,
    31.229201727398));
#2084 = CARTESIAN_POINT('',(-71.4264935291,-33.25388644371,
    31.22904014391));
#2085 = CARTESIAN_POINT('',(-71.45023704813,-32.88981165106,
    31.228922682693));
#2086 = CARTESIAN_POINT('',(-71.43403729622,-32.51989463976,
    31.228845663332));
#2087 = CARTESIAN_POINT('',(-71.37866609751,-32.14504553957,
    31.228804585333));
#2088 = CARTESIAN_POINT('',(-71.28507041153,-31.76539965708,
    31.228794786133));
#2089 = CARTESIAN_POINT('',(-71.15386311221,-31.38041040221,
    31.228811940824));
#2090 = CARTESIAN_POINT('',(-70.98525157382,-30.98940795363,
    31.228852092382));
#2091 = CARTESIAN_POINT('',(-70.77922520032,-30.59188720582,
    31.228911445818));
#2092 = CARTESIAN_POINT('',(-70.29214420664,-29.78258318384,
    31.229061086909));
#2093 = CARTESIAN_POINT('',(-69.65417998121,-28.94276938234,
    31.229257942328));
#2094 = CARTESIAN_POINT('',(-69.29727438433,-28.51472741615,
    31.229364506896));
#2095 = CARTESIAN_POINT('',(-68.90216510563,-28.07810767788,
    31.229475585804));
#2096 = CARTESIAN_POINT('',(-68.46854339778,-27.63252792117,
    31.229587560482));
#2097 = CARTESIAN_POINT('',(-67.99609910918,-27.17765670772,
    31.229696796303));
#2098 = CARTESIAN_POINT('',(-67.48453182745,-26.71320110131,
    31.229799637081));
#2099 = CARTESIAN_POINT('',(-66.93355184537,-26.23889425387,
    31.229892408413));
#2100 = CARTESIAN_POINT('',(-66.34287677348,-25.75448542792,
    31.229971424068));
#2101 = CARTESIAN_POINT('',(-65.71222962392,-25.25973500142,
    31.230032989777));
#2102 = CARTESIAN_POINT('',(-65.04134418954,-24.75441699946,
    31.230073398659));
#2103 = CARTESIAN_POINT('',(25.,66.290205865467,50.550503917067));
#2104 = CARTESIAN_POINT('',(24.455235014768,65.002604098114,
    50.047843879357));
#2105 = CARTESIAN_POINT('',(23.962984566151,63.743651631238,
    49.466447980777));
#2106 = CARTESIAN_POINT('',(23.520770266088,62.509026658896,
    48.81065012655));
#2107 = CARTESIAN_POINT('',(23.126752911727,61.295194585222,
    48.08441217418));
#2108 = CARTESIAN_POINT('',(22.779714014781,60.098671236291,
    47.292557416667));
#2109 = CARTESIAN_POINT('',(22.478986964398,58.91700512601,
    46.439865742337));
#2110 = CARTESIAN_POINT('',(22.224590795146,57.74793043576,
    45.531686567882));
#2111 = CARTESIAN_POINT('',(22.017461822527,56.588219905722,
    44.574740520185));
#2112 = CARTESIAN_POINT('',(21.860046765597,55.434273826856,
    43.576241426527));
#2113 = CARTESIAN_POINT('',(21.758615414086,54.282417767251,
    42.54337646654));
#2114 = CARTESIAN_POINT('',(21.730471401162,53.118247563791,
    41.493534338068));
#2115 = CARTESIAN_POINT('',(21.79805484663,52.703947172797,
    41.147091001024));
#2116 = CARTESIAN_POINT('',(21.882060025818,52.281937960885,
    40.804408904532));
#2117 = CARTESIAN_POINT('',(21.983317155726,51.849938815923,
    40.468127472968));
#2118 = CARTESIAN_POINT('',(22.102073413198,51.404557377375,
    40.142129872957));
#2119 = CARTESIAN_POINT('',(22.237135547971,50.943185168889,
    39.829642633025));
#2120 = CARTESIAN_POINT('',(22.385989279272,50.461479921092,
    39.53587074873));
#2121 = CARTESIAN_POINT('',(22.541603836273,49.955049374422,
    39.266533439692));
#2122 = CARTESIAN_POINT('',(22.690670800461,49.423932481497,
    39.023327491564));
#2123 = CARTESIAN_POINT('',(22.818701912366,48.874573285034,
    38.801371934065));
#2124 = CARTESIAN_POINT('',(23.020739523501,47.757826415599,
    38.382787422085));
#2125 = CARTESIAN_POINT('',(23.108730437541,46.637195731518,
    37.983687855131));
#2126 = CARTESIAN_POINT('',(23.122814837287,46.083977496651,
    37.781181812939));
#2127 = CARTESIAN_POINT('',(23.110976365071,45.545514085166,
    37.56779484648));
#2128 = CARTESIAN_POINT('',(23.081898750729,45.024913469607,
    37.339872281061));
#2129 = CARTESIAN_POINT('',(23.043318700927,44.521664347945,
    37.097566935114));
#2130 = CARTESIAN_POINT('',(22.999933028706,44.033773305647,
    36.842810515691));
#2131 = CARTESIAN_POINT('',(22.954784221769,43.559182239554,
    36.57772599373));
#2132 = CARTESIAN_POINT('',(22.91051178071,43.096033154575,
    36.304248457571));
#2133 = CARTESIAN_POINT('',(22.784012432589,41.735127052008,
    35.465000790736));
#2134 = CARTESIAN_POINT('',(22.68501164366,40.44562902502,
    34.585273223507));
#2135 = CARTESIAN_POINT('',(22.638420605695,39.604779211247,
    33.995320259974));
#2136 = CARTESIAN_POINT('',(22.610454242372,38.77402582166,
    33.412614033841));
#2137 = CARTESIAN_POINT('',(22.599286157167,37.947820098622,
    32.844572472519));
#2138 = CARTESIAN_POINT('',(22.603693696191,37.122454834709,
    32.296535926304));
#2139 = CARTESIAN_POINT('',(22.622656790534,36.29500462195,
    31.772841463381));
#2140 = CARTESIAN_POINT('',(22.654918891882,35.462791019957,
    31.27733529243));
#2141 = CARTESIAN_POINT('',(22.699287830453,34.623318429306,
    30.813341526151));
#2142 = CARTESIAN_POINT('',(22.755223674039,33.774316375937,
    30.383540728066));
#2143 = CARTESIAN_POINT('',(22.822029918773,32.913213834358,
    29.990646914084));
#2144 = CARTESIAN_POINT('',(22.812194990684,31.735461101831,
    29.5633316392));
#2145 = CARTESIAN_POINT('',(22.789080915663,30.511972516398,
    29.211695156996));
#2146 = CARTESIAN_POINT('',(22.736919239703,29.246451101279,
    28.929874340064));
#2147 = CARTESIAN_POINT('',(22.632256982803,27.943989246684,
    28.712478400847));
#2148 = CARTESIAN_POINT('',(22.475125270487,26.616162465307,
    28.526919788156));
#2149 = CARTESIAN_POINT('',(22.216260953427,25.264793927718,
    28.393443003892));
#2150 = CARTESIAN_POINT('',(21.893966444436,23.924816588075,
    28.177814991221));
#2151 = CARTESIAN_POINT('',(21.593240830941,22.582505020052,
    27.951944475456));
#2152 = CARTESIAN_POINT('',(21.299403111611,21.240865433287,
    27.721557093426));
#2153 = CARTESIAN_POINT('',(21.013008865441,19.898413444651,
    27.505408239118));
#2154 = CARTESIAN_POINT('',(20.720466667343,18.555523610536,
    27.311749979725));
#2155 = CARTESIAN_POINT('',(20.50078406665,16.534487737622,
    27.147058550655));
#2156 = CARTESIAN_POINT('',(20.149844130625,14.491279611675,
    27.033048472134));
#2157 = CARTESIAN_POINT('',(19.67313492108,12.452479905625,
    26.961857916897));
#2158 = CARTESIAN_POINT('',(19.077930195061,10.443328870356,
    26.926780682848));
#2159 = CARTESIAN_POINT('',(18.371693590794,8.48781012868,
    26.924150065006));
#2160 = CARTESIAN_POINT('',(17.558528476268,6.609448325252,
    26.950250781861));
#2161 = CARTESIAN_POINT('',(16.639971869043,4.832212384914,
    26.998912860735));
#2162 = CARTESIAN_POINT('',(15.618469925539,3.180111417904,
    27.061512351957));
#2163 = CARTESIAN_POINT('',(14.498813881992,1.674802543156,
    27.128588956339));
#2164 = CARTESIAN_POINT('',(13.28465901285,0.332799078867,
    27.191190114866));
#2165 = CARTESIAN_POINT('',(11.973995149447,-0.832326327288,
    27.240364823458));
#2166 = CARTESIAN_POINT('',(11.478417618431,-1.286700334165,
    27.277933293136));
#2167 = CARTESIAN_POINT('',(10.961374424828,-1.717617100104,
    27.312115769632));
#2168 = CARTESIAN_POINT('',(10.422895927172,-2.126404142765,
    27.342976301533));
#2169 = CARTESIAN_POINT('',(9.863148389681,-2.514172825924,
    27.370528322416));
#2170 = CARTESIAN_POINT('',(9.282455190129,-2.881896976433,
    27.39475954605));
#2171 = CARTESIAN_POINT('',(8.681304902246,-3.230474847143,
    27.415642966078));
#2172 = CARTESIAN_POINT('',(8.060346251953,-3.560774425942,
    27.433133960263));
#2173 = CARTESIAN_POINT('',(7.420369948349,-3.873662090697,
    27.447153499204));
#2174 = CARTESIAN_POINT('',(6.762277388458,-4.170014610343,
    27.457557459608));
#2175 = CARTESIAN_POINT('',(5.749415660678,-4.591064432655,
    27.467359333276));
#2176 = CARTESIAN_POINT('',(4.70016646728,-4.978846430128,
    27.467505711722));
#2177 = CARTESIAN_POINT('',(4.34649716078,-5.10451944218,27.466433146718
    ));
#2178 = CARTESIAN_POINT('',(3.989033289644,-5.226709022585,
    27.464164037076));
#2179 = CARTESIAN_POINT('',(3.627900913105,-5.345516528058,
    27.460607531846));
#2180 = CARTESIAN_POINT('',(3.26322633685,-5.461039745581,
    27.455657896417));
#2181 = CARTESIAN_POINT('',(2.895134995175,-5.57336980002,
    27.449185075754));
#2182 = CARTESIAN_POINT('',(2.523750016796,-5.682585673772,
    27.441015040436));
#2183 = CARTESIAN_POINT('',(2.149190474934,-5.788746338355,
    27.430899915464));
#2184 = CARTESIAN_POINT('',(1.393948167276,-5.995014657639,
    27.406055868266));
#2185 = CARTESIAN_POINT('',(0.626877202667,-6.189120127185,
    27.369880032301));
#2186 = CARTESIAN_POINT('',(0.240467111077,-6.283024888012,
    27.348495101413));
#2187 = CARTESIAN_POINT('',(-0.148584162213,-6.374302760936,
    27.32261754362));
#2188 = CARTESIAN_POINT('',(-0.540575618768,-6.461215501532,
    27.292556715743));
#2189 = CARTESIAN_POINT('',(-0.934891548693,-6.545851499721,
    27.254827411162));
#2190 = CARTESIAN_POINT('',(-1.331808274049,-6.626519353119,
    27.208603191224));
#2191 = CARTESIAN_POINT('',(-1.731663124925,-6.701163130125,
    27.151293865268));
#2192 = CARTESIAN_POINT('',(-2.13341435725,-6.77338694908,27.07273421059
    ));
#2193 = CARTESIAN_POINT('',(-2.640016515454,-6.850798354616,
    26.942473051826));
#2194 = CARTESIAN_POINT('',(-3.147686650964,-6.926576519641,
    26.692916638727));
#2195 = CARTESIAN_POINT('',(-3.249216265392,-6.941821862053,
    26.637420465146));
#2196 = CARTESIAN_POINT('',(-3.350682672583,-6.957357756773,
    26.575429545726));
#2197 = CARTESIAN_POINT('',(-3.451987419093,-6.97353865498,
    26.505656689303));
#2198 = CARTESIAN_POINT('',(-3.55298610222,-6.990905398906,
    26.426528576773));
#2199 = CARTESIAN_POINT('',(-3.653472619809,-7.010253443772,
    26.336165143545));
#2200 = CARTESIAN_POINT('',(-3.753127911899,-7.032843715222,
    26.23210774862));
#2201 = CARTESIAN_POINT('',(-3.851412264154,-7.06086003345,
    26.111000952322));
#2202 = CARTESIAN_POINT('',(-4.043358455996,-7.135567508114,
    25.826552914797));
#2203 = CARTESIAN_POINT('',(-4.219644372456,-7.275177528153,
    25.444836366039));
#2204 = CARTESIAN_POINT('',(-4.30216083633,-7.368598004156,
    25.226915961385));
#2205 = CARTESIAN_POINT('',(-4.377796215228,-7.490851752957,
    24.976612701981));
#2206 = CARTESIAN_POINT('',(-4.439401626049,-7.674139207789,
    24.704991468329));
#2207 = CARTESIAN_POINT('',(-4.494062548866,-7.886583973561,
    24.403274587693));
#2208 = CARTESIAN_POINT('',(-4.517823038209,-8.235669777664,
    24.100071121897));
#2209 = CARTESIAN_POINT('',(-4.534477198723,-8.621739511727,
    23.894921716648));
#2210 = CARTESIAN_POINT('',(-4.551337679402,-9.010772892582,
    23.759271380894));
#2211 = CARTESIAN_POINT('',(-4.597363116221,-9.741267958209,
    23.612610403795));
#2212 = CARTESIAN_POINT('',(-4.677198870226,-10.3318476931,
    23.645705995407));
#2213 = CARTESIAN_POINT('',(-4.727939502196,-10.58070617048,
    23.690682258532));
#2214 = CARTESIAN_POINT('',(-4.788347408556,-10.78715573575,
    23.74529033901));
#2215 = CARTESIAN_POINT('',(-4.856104073601,-10.96099286037,
    23.801685203182));
#2216 = CARTESIAN_POINT('',(-4.929404709905,-11.1100451968,
    23.857300274618));
#2217 = CARTESIAN_POINT('',(-5.007174845902,-11.23894995385,
    23.910245364449));
#2218 = CARTESIAN_POINT('',(-5.088537553818,-11.35151668605,
    23.959425756277));
#2219 = CARTESIAN_POINT('',(-5.172608821648,-11.4516721674,
    24.005245078835));
#2220 = CARTESIAN_POINT('',(-5.345284803416,-11.63103510809,
    24.089777943332));
#2221 = CARTESIAN_POINT('',(-5.52526376223,-11.77633563143,
    24.161071508826));
#2222 = CARTESIAN_POINT('',(-5.61666263796,-11.84231784672,
    24.193618002894));
#2223 = CARTESIAN_POINT('',(-5.709168475296,-11.90297955159,
    24.223338869098));
#2224 = CARTESIAN_POINT('',(-5.802561415519,-11.95930432,24.250530044659
    ));
#2225 = CARTESIAN_POINT('',(-5.896678715607,-12.01202249916,
    24.275476448904));
#2226 = CARTESIAN_POINT('',(-5.991395164809,-12.0616966199,
    24.298431242874));
#2227 = CARTESIAN_POINT('',(-6.086609378176,-12.10878148233,
    24.319606643033));
#2228 = CARTESIAN_POINT('',(-6.182235966936,-12.15365891668,
    24.33917628884));
#2229 = CARTESIAN_POINT('',(-6.662074061452,-12.36860042977,
    24.429740666761));
#2230 = CARTESIAN_POINT('',(-7.149103471477,-12.54228549305,
    24.487630898746));
#2231 = CARTESIAN_POINT('',(-7.539763816141,-12.67074407406,
    24.522023805371));
#2232 = CARTESIAN_POINT('',(-7.930688263065,-12.79197406908,
    24.548276191343));
#2233 = CARTESIAN_POINT('',(-8.321177316701,-12.90882009117,
    24.568604701892));
#2234 = CARTESIAN_POINT('',(-8.710678810735,-13.02343229054,
    24.584515736276));
#2235 = CARTESIAN_POINT('',(-9.098944245716,-13.13658635656,
    24.596991443649));
#2236 = CARTESIAN_POINT('',(-9.485766954906,-13.24885484184,
    24.606709367195));
#2237 = CARTESIAN_POINT('',(-9.870824304823,-13.36131631461,
    24.614222494382));
#2238 = CARTESIAN_POINT('',(-11.02029190552,-13.70001647183,
    24.631299995499));
#2239 = CARTESIAN_POINT('',(-12.15097975245,-14.04681438237,
    24.634798643534));
#2240 = CARTESIAN_POINT('',(-12.89504650801,-14.28484048604,
    24.633524123434));
#2241 = CARTESIAN_POINT('',(-13.62826580888,-14.53177731191,
    24.629869751246));
#2242 = CARTESIAN_POINT('',(-14.34963955118,-14.78920956464,
    24.624526337218));
#2243 = CARTESIAN_POINT('',(-15.05823650703,-15.05855903179,
    24.617998690796));
#2244 = CARTESIAN_POINT('',(-15.75318637196,-15.341203427,
    24.610732974298));
#2245 = CARTESIAN_POINT('',(-16.43370183899,-15.63847285632,
    24.603112600101));
#2246 = CARTESIAN_POINT('',(-17.09910534726,-15.9516182925,
    24.595414151033));
#2247 = CARTESIAN_POINT('',(-17.74883715205,-16.28184644093,
    24.587814802826));
#2248 = CARTESIAN_POINT('',(-18.38242136405,-16.63051538168,
    24.58054272815));
#2249 = CARTESIAN_POINT('',(-19.14492863137,-17.04766995897,
    24.56844981807));
#2250 = CARTESIAN_POINT('',(-19.892058392,-17.50015085104,
    24.557803494749));
#2251 = CARTESIAN_POINT('',(-20.62527346729,-17.9864573655,
    24.548586299456));
#2252 = CARTESIAN_POINT('',(-21.34574609946,-18.50502399456,
    24.541026063665));
#2253 = CARTESIAN_POINT('',(-22.05462000867,-19.05401027676,
    24.53506353041));
#2254 = CARTESIAN_POINT('',(-22.75295129176,-19.6314276831,
    24.530719793385));
#2255 = CARTESIAN_POINT('',(-23.44167298168,-20.23525588285,
    24.528354861616));
#2256 = CARTESIAN_POINT('',(-24.12169458443,-20.86342410405,
    24.528478971317));
#2257 = CARTESIAN_POINT('',(-24.79401440955,-21.51375666274,
    24.531448578718));
#2258 = CARTESIAN_POINT('',(-25.62585765647,-22.35181720264,
    24.539699457297));
#2259 = CARTESIAN_POINT('',(-26.44630546411,-23.21997017359,
    24.560431968695));
#2260 = CARTESIAN_POINT('',(-26.60993560788,-23.39478804437,
    24.565131334273));
#2261 = CARTESIAN_POINT('',(-26.77308752324,-23.57079043622,
    24.570490655843));
#2262 = CARTESIAN_POINT('',(-26.93573518902,-23.747981149,
    24.576636690285));
#2263 = CARTESIAN_POINT('',(-27.09784686641,-23.92636922852,
    24.583706290024));
#2264 = CARTESIAN_POINT('',(-27.25938008439,-24.10597345631,
    24.591861096226));
#2265 = CARTESIAN_POINT('',(-27.42027011808,-24.28683264035,
    24.601326493901));
#2266 = CARTESIAN_POINT('',(-27.58041195969,-24.46902170459,
    24.612454828811));
#2267 = CARTESIAN_POINT('',(-27.81924769368,-24.74449951673,
    24.632491915048));
#2268 = CARTESIAN_POINT('',(-28.05542008365,-25.02376056192,
    24.659555049653));
#2269 = CARTESIAN_POINT('',(-28.13381533727,-25.11729504102,
    24.669455305793));
#2270 = CARTESIAN_POINT('',(-28.21183886072,-25.21131291006,
    24.68039720933));
#2271 = CARTESIAN_POINT('',(-28.2894390912,-25.30585787419,
    24.692573879106));
#2272 = CARTESIAN_POINT('',(-28.36655413971,-25.40098287011,
    24.70620279661));
#2273 = CARTESIAN_POINT('',(-28.44310736149,-25.49675401244,
    24.721546379867));
#2274 = CARTESIAN_POINT('',(-28.51900011376,-25.59325703428,
    24.738959451476));
#2275 = CARTESIAN_POINT('',(-28.59410170101,-25.69060622184,
    24.758963600596));
#2276 = CARTESIAN_POINT('',(-28.70530391098,-25.83813065389,
    24.794040858289));
#2277 = CARTESIAN_POINT('',(-28.81379937981,-25.98837445097,
    24.839392682375));
#2278 = CARTESIAN_POINT('',(-28.84963217361,-26.03878576055,
    24.855795256244));
#2279 = CARTESIAN_POINT('',(-28.88510139095,-26.08955460936,
    24.873675481152));
#2280 = CARTESIAN_POINT('',(-28.92017105774,-26.14071272266,
    24.893261645925));
#2281 = CARTESIAN_POINT('',(-28.95479771682,-26.1922984897,
    24.914820922836));
#2282 = CARTESIAN_POINT('',(-28.98893014098,-26.24435720477,
    24.938677994746));
#2283 = CARTESIAN_POINT('',(-29.02251148264,-26.29693911578,
    24.96524936296));
#2284 = CARTESIAN_POINT('',(-29.05548385965,-26.35009527952,
    24.995093335734));
#2285 = CARTESIAN_POINT('',(-29.12010689551,-26.45764716966,
    25.062858059252));
#2286 = CARTESIAN_POINT('',(-29.18194070221,-26.56780406587,
    25.150994780613));
#2287 = CARTESIAN_POINT('',(-29.21212021705,-26.62356852858,
    25.201153511999));
#2288 = CARTESIAN_POINT('',(-29.24158496956,-26.67999708456,
    25.259136053466));
#2289 = CARTESIAN_POINT('',(-29.27034965088,-26.73707526902,
    25.326160732172));
#2290 = CARTESIAN_POINT('',(-29.2985357131,-26.79469182252,
    25.40506901063));
#2291 = CARTESIAN_POINT('',(-29.32659110588,-26.85244241989,
    25.499850426144));
#2292 = CARTESIAN_POINT('',(-29.35537945494,-26.90955043846,
    25.614849608465));
#2293 = CARTESIAN_POINT('',(-29.38650103764,-26.96457774067,
    25.75735462309));
#2294 = CARTESIAN_POINT('',(-29.44358816714,-27.03780151015,
    26.033985918681));
#2295 = CARTESIAN_POINT('',(-29.55146344357,-27.06554542546,
    26.434458765624));
#2296 = CARTESIAN_POINT('',(-29.59495762466,-27.06804531294,
    26.583215175589));
#2297 = CARTESIAN_POINT('',(-29.64885516971,-27.06122951187,
    26.749348588954));
#2298 = CARTESIAN_POINT('',(-29.71628794552,-27.04229568123,
    26.932616077508));
#2299 = CARTESIAN_POINT('',(-29.80167054437,-27.00729310913,
    27.133571875703));
#2300 = CARTESIAN_POINT('',(-29.91117508926,-26.95070033371,
    27.350342543957));
#2301 = CARTESIAN_POINT('',(-30.05059522329,-26.86734038856,
    27.573082322308));
#2302 = CARTESIAN_POINT('',(-30.22058038851,-26.7566437592,
    27.785096273839));
#2303 = CARTESIAN_POINT('',(-30.60564424471,-26.49494260979,
    28.160774141082));
#2304 = CARTESIAN_POINT('',(-31.04344725507,-26.18614630442,
    28.411228287621));
#2305 = CARTESIAN_POINT('',(-31.26614802698,-26.02837557989,
    28.498028974951));
#2306 = CARTESIAN_POINT('',(-31.48031168633,-25.87826948353,
    28.544694194986));
#2307 = CARTESIAN_POINT('',(-31.67686258745,-25.74393990653,
    28.560255826248));
#2308 = CARTESIAN_POINT('',(-31.85309572001,-25.62779807165,
    28.555485878484));
#2309 = CARTESIAN_POINT('',(-32.01065549757,-25.52836685848,
    28.537608918225));
#2310 = CARTESIAN_POINT('',(-32.15171088934,-25.44370204483,
    28.51114547606));
#2311 = CARTESIAN_POINT('',(-32.27760272582,-25.37260091915,
    28.479915410136));
#2312 = CARTESIAN_POINT('',(-32.61713118626,-25.19341319095,
    28.378405085796));
#2313 = CARTESIAN_POINT('',(-32.85774381259,-25.10267097471,
    28.267304270948));
#2314 = CARTESIAN_POINT('',(-32.9887717352,-25.06842911702,
    28.201139114959));
#2315 = CARTESIAN_POINT('',(-33.10107012607,-25.05091114008,
    28.142637440246));
#2316 = CARTESIAN_POINT('',(-33.19992206123,-25.04539090708,
    28.090931888851));
#2317 = CARTESIAN_POINT('',(-33.2885057461,-25.04902524413,
    28.045388173054));
#2318 = CARTESIAN_POINT('',(-33.36951423887,-25.05940532308,
    28.00501056409));
#2319 = CARTESIAN_POINT('',(-33.44480077702,-25.07487361163,
    27.968876035931));
#2320 = CARTESIAN_POINT('',(-33.51522692806,-25.09465937967,
    27.936557838537));
#2321 = CARTESIAN_POINT('',(-33.71523256795,-25.16401004126,
    27.849149774498));
#2322 = CARTESIAN_POINT('',(-33.88722101837,-25.25815134621,
    27.786602685824));
#2323 = CARTESIAN_POINT('',(-33.99486879179,-25.32706330612,
    27.752432494311));
#2324 = CARTESIAN_POINT('',(-34.09768456292,-25.40017631176,
    27.723743649757));
#2325 = CARTESIAN_POINT('',(-34.19688421268,-25.47640154196,
    27.699246071445));
#2326 = CARTESIAN_POINT('',(-34.29339789523,-25.5549054784,
    27.678047994535));
#2327 = CARTESIAN_POINT('',(-34.38789342505,-25.63508910969,
    27.6594979267));
#2328 = CARTESIAN_POINT('',(-34.48074711,-25.71661408379,27.643113779061
    ));
#2329 = CARTESIAN_POINT('',(-34.57219870518,-25.7992641162,
    27.628533648447));
#2330 = CARTESIAN_POINT('',(-34.8432891776,-26.04974110907,
    27.589343036256));
#2331 = CARTESIAN_POINT('',(-35.10604082913,-26.30648072713,
    27.56176869959));
#2332 = CARTESIAN_POINT('',(-35.27893982982,-26.47912266202,
    27.546764250459));
#2333 = CARTESIAN_POINT('',(-35.45027816427,-26.65259730755,
    27.53419335101));
#2334 = CARTESIAN_POINT('',(-35.62043577748,-26.82654839877,
    27.52351638005));
#2335 = CARTESIAN_POINT('',(-35.78967701344,-27.0007229227,
    27.514361319913));
#2336 = CARTESIAN_POINT('',(-35.95822922563,-27.1749008788,
    27.506426979585));
#2337 = CARTESIAN_POINT('',(-36.12628206528,-27.34889593969,
    27.499471482863));
#2338 = CARTESIAN_POINT('',(-36.29396206736,-27.52257818948,
    27.493330396131));
#2339 = CARTESIAN_POINT('',(-37.13083751156,-28.38903783045,
    27.466222765921));
#2340 = CARTESIAN_POINT('',(-37.96254910551,-29.24312247933,
    27.454235783744));
#2341 = CARTESIAN_POINT('',(-38.62992304132,-29.91265173146,
    27.447950443076));
#2342 = CARTESIAN_POINT('',(-39.30072220116,-30.5661098787,
    27.444535820419));
#2343 = CARTESIAN_POINT('',(-39.97683250404,-31.20078174165,
    27.442983062429));
#2344 = CARTESIAN_POINT('',(-40.66002414096,-31.81411772802,
    27.442467426162));
#2345 = CARTESIAN_POINT('',(-41.3515644558,-32.40412052992,
    27.442919314834));
#2346 = CARTESIAN_POINT('',(-42.05278877522,-32.96888859205,
    27.444259399414));
#2347 = CARTESIAN_POINT('',(-42.76544065285,-33.50637032523,
    27.445983236739));
#2348 = CARTESIAN_POINT('',(-44.21666602226,-34.52354655511,
    27.450279860451));
#2349 = CARTESIAN_POINT('',(-45.72729723054,-35.4184118118,
    27.455660684696));
#2350 = CARTESIAN_POINT('',(-46.49933707548,-35.83360399306,
    27.458506360452));
#2351 = CARTESIAN_POINT('',(-47.2901441209,-36.21496212686,
    27.461416130786));
#2352 = CARTESIAN_POINT('',(-48.1020450375,-36.56089795317,
    27.46431420488));
#2353 = CARTESIAN_POINT('',(-48.93766609069,-36.86972927326,
    27.467133576132));
#2354 = CARTESIAN_POINT('',(-49.79987575258,-37.13957244783,
    27.469811590643));
#2355 = CARTESIAN_POINT('',(-50.69167841968,-37.36825396512,
    27.472287195675));
#2356 = CARTESIAN_POINT('',(-51.6160836134,-37.55326837214,
    27.474499385381));
#2357 = CARTESIAN_POINT('',(-52.57597504058,-37.69180986183,
    27.476386361258));
#2358 = CARTESIAN_POINT('',(-53.5740038915,-37.78090480938,
    27.477884924656));
#2359 = CARTESIAN_POINT('',(-54.42658919614,-37.85834626896,
    27.481125578066));
#2360 = CARTESIAN_POINT('',(-55.31303403869,-37.89860109713,
    27.484129769882));
#2361 = CARTESIAN_POINT('',(-56.22404452654,-37.90207231543,
    27.486906013357));
#2362 = CARTESIAN_POINT('',(-57.15080443376,-37.86962730236,
    27.489458392437));
#2363 = CARTESIAN_POINT('',(-58.08482465378,-37.80241829681,
    27.491786740148));
#2364 = CARTESIAN_POINT('',(-59.01781606519,-37.70177560964,
    27.493887521364));
#2365 = CARTESIAN_POINT('',(-59.94158580991,-37.56917354432,
    27.495755419891));
#2366 = CARTESIAN_POINT('',(-60.84795698449,-37.40626902565,
    27.497385629941));
#2367 = CARTESIAN_POINT('',(-61.72871174381,-37.21501293737,
    27.498776851926));
#2368 = CARTESIAN_POINT('',(-63.42240389189,-36.78065539892,
    27.501093133331));
#2369 = CARTESIAN_POINT('',(-64.94695423611,-36.25526172956,
    27.502547160266));
#2370 = CARTESIAN_POINT('',(-65.65848332261,-35.97273845036,
    27.503074642446));
#2371 = CARTESIAN_POINT('',(-66.31134865387,-35.67597967817,
    27.503426702464));
#2372 = CARTESIAN_POINT('',(-66.89597883046,-35.36549824242,
    27.503634972592));
#2373 = CARTESIAN_POINT('',(-67.40494019492,-35.05508365402,
    27.503740942999));
#2374 = CARTESIAN_POINT('',(-67.83199717097,-34.74983551605,
    27.503783460066));
#2375 = CARTESIAN_POINT('',(-68.16863773924,-34.45839520925,
    27.503808680245));
#2376 = CARTESIAN_POINT('',(-68.41558572376,-34.21538284908,
    27.503863586105));
#2377 = CARTESIAN_POINT('',(-68.60791867225,-34.02252412706,
    27.503926434632));
#2378 = CARTESIAN_POINT('',(-68.76264079639,-33.85085485454,
    27.503987872169));
#2379 = CARTESIAN_POINT('',(-68.85522568661,-33.74777130711,
    27.503647103771));
#2380 = CARTESIAN_POINT('',(-68.9346724708,-33.64636156399,
    27.503334304819));
#2381 = CARTESIAN_POINT('',(-69.00389273319,-33.53801331915,
    27.503039175476));
#2382 = CARTESIAN_POINT('',(-69.06331238895,-33.4116835995,
    27.502754032616));
#2383 = CARTESIAN_POINT('',(-69.10629915612,-33.25586353043,
    27.502478763539));
#2384 = CARTESIAN_POINT('',(-69.12326499663,-33.065361325,27.50221643218
    ));
#2385 = CARTESIAN_POINT('',(-69.10620699655,-32.8414606483,
    27.501968643688));
#2386 = CARTESIAN_POINT('',(-69.05036782542,-32.58726397488,
    27.501734038658));
#2387 = CARTESIAN_POINT('',(-68.95316785244,-32.30487156129,
    27.501509463141));
#2388 = CARTESIAN_POINT('',(-68.67200257434,-31.6900808319,
    27.501073428055));
#2389 = CARTESIAN_POINT('',(-68.21377742773,-30.98485466382,
    27.500646106407));
#2390 = CARTESIAN_POINT('',(-67.93946175482,-30.61211738004,
    27.500430297507));
#2391 = CARTESIAN_POINT('',(-67.61979092932,-30.22133058209,
    27.500207455783));
#2392 = CARTESIAN_POINT('',(-67.25497066554,-29.81410527237,
    27.499972497758));
#2393 = CARTESIAN_POINT('',(-66.84531353511,-29.3916206017,
    27.499720335744));
#2394 = CARTESIAN_POINT('',(-66.39112028992,-28.9547084915,
    27.499445951344));
#2395 = CARTESIAN_POINT('',(-65.89264824732,-28.50395829343,
    27.499144391867));
#2396 = CARTESIAN_POINT('',(-65.35012156863,-28.03980873775,
    27.498810733718));
#2397 = CARTESIAN_POINT('',(-64.7637382603,-27.56259441692,
    27.498440056701));
#2398 = CARTESIAN_POINT('',(-64.13362872838,-27.07251405521,
    27.498027473269));
#2399 = DEFINITIONAL_REPRESENTATION('',(#2400),#2451);
#2400 = B_SPLINE_CURVE_WITH_KNOTS('',7,(#2401,#2402,#2403,#2404,#2405,
    #2406,#2407,#2408,#2409,#2410,#2411,#2412,#2413,#2414,#2415,#2416,
    #2417,#2418,#2419,#2420,#2421,#2422,#2423,#2424,#2425,#2426,#2427,
    #2428,#2429,#2430,#2431,#2432,#2433,#2434,#2435,#2436,#2437,#2438,
    #2439,#2440,#2441,#2442,#2443,#2444,#2445,#2446,#2447,#2448,#2449,
    #2450),.UNSPECIFIED.,.F.,.F.,(8,6,6,6,6,6,6,6,8),(0.,0.251984547468,
    0.373667450729,0.452619713572,0.623325630197,0.762386384413,
    0.815455067125,0.8890444891,1.),.UNSPECIFIED.);
#2401 = CARTESIAN_POINT('',(3.602106811369,62.532732251675));
#2402 = CARTESIAN_POINT('',(3.511055212398,62.555987262465));
#2403 = CARTESIAN_POINT('',(3.420119021703,62.590262927328));
#2404 = CARTESIAN_POINT('',(3.329560659962,62.635164645759));
#2405 = CARTESIAN_POINT('',(3.239482174877,62.690031827934));
#2406 = CARTESIAN_POINT('',(3.149964136051,62.754097335049));
#2407 = CARTESIAN_POINT('',(3.061070983333,62.826465036906));
#2408 = CARTESIAN_POINT('',(2.93030565027,62.944575541897));
#2409 = CARTESIAN_POINT('',(2.887874333559,62.984748077457));
#2410 = CARTESIAN_POINT('',(2.845595177785,63.026526291439));
#2411 = CARTESIAN_POINT('',(2.803466370956,63.069803754312));
#2412 = CARTESIAN_POINT('',(2.761484097448,63.114472944294));
#2413 = CARTESIAN_POINT('',(2.719642758944,63.160425812236));
#2414 = CARTESIAN_POINT('',(2.650873821624,63.238133041805));
#2415 = CARTESIAN_POINT('',(2.623868717009,63.269206722996));
#2416 = CARTESIAN_POINT('',(2.596917802297,63.30074597645));
#2417 = CARTESIAN_POINT('',(2.57001875653,63.332721339371));
#2418 = CARTESIAN_POINT('',(2.54316901701,63.365103299784));
#2419 = CARTESIAN_POINT('',(2.516365779303,63.397862296532));
#2420 = CARTESIAN_POINT('',(2.431747577947,63.502549469939));
#2421 = CARTESIAN_POINT('',(2.374095299101,63.575750735321));
#2422 = CARTESIAN_POINT('',(2.3166135905,63.650278659457));
#2423 = CARTESIAN_POINT('',(2.259267199929,63.725832533175));
#2424 = CARTESIAN_POINT('',(2.202018837775,63.802104509177));
#2425 = CARTESIAN_POINT('',(2.144826821649,63.878779317132));
#2426 = CARTESIAN_POINT('',(2.041059308308,64.018059996292));
#2427 = CARTESIAN_POINT('',(1.994483608124,64.080635642118));
#2428 = CARTESIAN_POINT('',(1.947889139286,64.143086546088));
#2429 = CARTESIAN_POINT('',(1.901250954278,64.205228486705));
#2430 = CARTESIAN_POINT('',(1.85454441438,64.266867328538));
#2431 = CARTESIAN_POINT('',(1.807743964809,64.327798959632));
#2432 = CARTESIAN_POINT('',(1.742915408048,64.410710484981));
#2433 = CARTESIAN_POINT('',(1.724991406048,64.433477287111));
#2434 = CARTESIAN_POINT('',(1.70704848986,64.4560975821));
#2435 = CARTESIAN_POINT('',(1.689085273722,64.478559008774));
#2436 = CARTESIAN_POINT('',(1.671100400109,64.500848897991));
#2437 = CARTESIAN_POINT('',(1.653092539732,64.522954272648));
#2438 = CARTESIAN_POINT('',(1.610055524361,64.57524070203));
#2439 = CARTESIAN_POINT('',(1.585004007814,64.605239185589));
#2440 = CARTESIAN_POINT('',(1.559902349938,64.634821805834));
#2441 = CARTESIAN_POINT('',(1.534747306771,64.663951855914));
#2442 = CARTESIAN_POINT('',(1.509535882357,64.692591414644));
#2443 = CARTESIAN_POINT('',(1.484265328735,64.720701346505));
#2444 = CARTESIAN_POINT('',(1.420738182489,64.789765065663));
#2445 = CARTESIAN_POINT('',(1.38240336115,64.829992808057));
#2446 = CARTESIAN_POINT('',(1.34392024255,64.86878699344));
#2447 = CARTESIAN_POINT('',(1.305282911147,64.906002501387));
#2448 = CARTESIAN_POINT('',(1.266488223277,64.941489496905));
#2449 = CARTESIAN_POINT('',(1.22753605521,64.975096300916));
#2450 = CARTESIAN_POINT('',(1.188429551194,65.006672260732));
#2451 = ( GEOMETRIC_REPRESENTATION_CONTEXT(2) 
PARAMETRIC_REPRESENTATION_CONTEXT() REPRESENTATION_CONTEXT('2D SPACE',''
  ) );
#2452 = ORIENTED_EDGE('',*,*,#2453,.T.);
#2453 = EDGE_CURVE('',#217,#144,#2454,.T.);
#2454 = SURFACE_CURVE('',#2455,(#2459,#2466),.PCURVE_S1.);
#2455 = LINE('',#2456,#2457);
#2456 = CARTESIAN_POINT('',(12.,10.,24.));
#2457 = VECTOR('',#2458,1.);
#2458 = DIRECTION('',(1.,0.,0.));
#2459 = PCURVE('',#44,#2460);
#2460 = DEFINITIONAL_REPRESENTATION('',(#2461),#2465);
#2461 = LINE('',#2462,#2463);
#2462 = CARTESIAN_POINT('',(5.,0.));
#2463 = VECTOR('',#2464,1.);
#2464 = DIRECTION('',(0.,1.));
#2465 = ( GEOMETRIC_REPRESENTATION_CONTEXT(2) 
PARAMETRIC_REPRESENTATION_CONTEXT() REPRESENTATION_CONTEXT('2D SPACE',''
  ) );
#2466 = PCURVE('',#2467,#2472);
#2467 = PLANE('',#2468);
#2468 = AXIS2_PLACEMENT_3D('',#2469,#2470,#2471);
#2469 = CARTESIAN_POINT('',(12.,10.,24.));
#2470 = DIRECTION('',(0.,0.,1.));
#2471 = DIRECTION('',(1.,0.,0.));
#2472 = DEFINITIONAL_REPRESENTATION('',(#2473),#2477);
#2473 = LINE('',#2474,#2475);
#2474 = CARTESIAN_POINT('',(0.,0.));
#2475 = VECTOR('',#2476,1.);
#2476 = DIRECTION('',(1.,0.));
#2477 = ( GEOMETRIC_REPRESENTATION_CONTEXT(2) 
PARAMETRIC_REPRESENTATION_CONTEXT() REPRESENTATION_CONTEXT('2D SPACE',''
  ) );
#2478 = ADVANCED_FACE('',(#2479,#2629),#126,.T.);
#2479 = FACE_BOUND('',#2480,.T.);
#2480 = EDGE_LOOP('',(#2481,#2504,#2505,#2506));
#2481 = ORIENTED_EDGE('',*,*,#2482,.F.);
#2482 = EDGE_CURVE('',#85,#2483,#2485,.T.);
#2483 = VERTEX_POINT('',#2484);
#2484 = CARTESIAN_POINT('',(19.816237038476,26.,24.));
#2485 = SURFACE_CURVE('',#2486,(#2490,#2497),.PCURVE_S1.);
#2486 = LINE('',#2487,#2488);
#2487 = CARTESIAN_POINT('',(12.,26.,24.));
#2488 = VECTOR('',#2489,1.);
#2489 = DIRECTION('',(1.,0.,0.));
#2490 = PCURVE('',#126,#2491);
#2491 = DEFINITIONAL_REPRESENTATION('',(#2492),#2496);
#2492 = LINE('',#2493,#2494);
#2493 = CARTESIAN_POINT('',(0.,16.));
#2494 = VECTOR('',#2495,1.);
#2495 = DIRECTION('',(1.,0.));
#2496 = ( GEOMETRIC_REPRESENTATION_CONTEXT(2) 
PARAMETRIC_REPRESENTATION_CONTEXT() REPRESENTATION_CONTEXT('2D SPACE',''
  ) );
#2497 = PCURVE('',#100,#2498);
#2498 = DEFINITIONAL_REPRESENTATION('',(#2499),#2503);
#2499 = LINE('',#2500,#2501);
#2500 = CARTESIAN_POINT('',(5.,0.));
#2501 = VECTOR('',#2502,1.);
#2502 = DIRECTION('',(0.,1.));
#2503 = ( GEOMETRIC_REPRESENTATION_CONTEXT(2) 
PARAMETRIC_REPRESENTATION_CONTEXT() REPRESENTATION_CONTEXT('2D SPACE',''
  ) );
#2504 = ORIENTED_EDGE('',*,*,#112,.F.);
#2505 = ORIENTED_EDGE('',*,*,#193,.T.);
#2506 = ORIENTED_EDGE('',*,*,#2507,.F.);
#2507 = EDGE_CURVE('',#2483,#194,#2508,.T.);
#2508 = SURFACE_CURVE('',#2509,(#2547,#2588),.PCURVE_S1.);
#2509 = B_SPLINE_CURVE_WITH_KNOTS('',8,(#2510,#2511,#2512,#2513,#2514,
    #2515,#2516,#2517,#2518,#2519,#2520,#2521,#2522,#2523,#2524,#2525,
    #2526,#2527,#2528,#2529,#2530,#2531,#2532,#2533,#2534,#2535,#2536,
    #2537,#2538,#2539,#2540,#2541,#2542,#2543,#2544,#2545,#2546),
  .UNSPECIFIED.,.F.,.F.,(9,7,7,7,7,9),(0.,0.266712239776,0.365841782643,
    0.777786659458,0.799821084353,1.),.UNSPECIFIED.);
#2510 = CARTESIAN_POINT('',(19.816237038476,26.,24.));
#2511 = CARTESIAN_POINT('',(19.787562927445,25.688430546543,24.));
#2512 = CARTESIAN_POINT('',(19.764752388684,25.377606614138,24.));
#2513 = CARTESIAN_POINT('',(19.746590725011,25.06740587116,24.));
#2514 = CARTESIAN_POINT('',(19.732195131495,24.757679382011,24.));
#2515 = CARTESIAN_POINT('',(19.720837808802,24.448259375309,24.));
#2516 = CARTESIAN_POINT('',(19.711883098708,24.138970351745,24.));
#2517 = CARTESIAN_POINT('',(19.704773750931,23.829639373425,24.));
#2518 = CARTESIAN_POINT('',(19.696856019008,23.405054687415,24.));
#2519 = CARTESIAN_POINT('',(19.694895309383,23.289981773046,24.));
#2520 = CARTESIAN_POINT('',(19.69309343697,23.174875105411,24.));
#2521 = CARTESIAN_POINT('',(19.691425399067,23.059727675205,24.));
#2522 = CARTESIAN_POINT('',(19.689867054869,22.944532991832,24.));
#2523 = CARTESIAN_POINT('',(19.688395125468,22.829285083402,24.));
#2524 = CARTESIAN_POINT('',(19.686987193858,22.713978496736,24.));
#2525 = CARTESIAN_POINT('',(19.679947249552,22.119173396347,24.));
#2526 = CARTESIAN_POINT('',(19.675004664552,21.638644941541,24.));
#2527 = CARTESIAN_POINT('',(19.669238708264,21.156666909831,24.));
#2528 = CARTESIAN_POINT('',(19.661317061163,20.67306599569,24.));
#2529 = CARTESIAN_POINT('',(19.650087789217,20.187847776449,24.));
#2530 = CARTESIAN_POINT('',(19.634579566699,19.701157641459,24.));
#2531 = CARTESIAN_POINT('',(19.613963582578,19.213156958244,24.));
#2532 = CARTESIAN_POINT('',(19.58608480453,18.697917425327,24.));
#2533 = CARTESIAN_POINT('',(19.581985150145,18.627423507808,24.));
#2534 = CARTESIAN_POINT('',(19.576101481912,18.530432393771,24.));
#2535 = CARTESIAN_POINT('',(19.569132205713,18.420534959083,24.));
#2536 = CARTESIAN_POINT('',(19.561573981575,18.307076483932,24.));
#2537 = CARTESIAN_POINT('',(19.553721723673,18.195156652826,24.));
#2538 = CARTESIAN_POINT('',(19.545668600327,18.085629554595,24.));
#2539 = CARTESIAN_POINT('',(19.461333574246,16.970995367538,24.));
#2540 = CARTESIAN_POINT('',(19.359338150723,15.965021806888,24.));
#2541 = CARTESIAN_POINT('',(19.229913161474,14.959015886229,24.));
#2542 = CARTESIAN_POINT('',(19.072366715276,13.954956127053,24.));
#2543 = CARTESIAN_POINT('',(18.886332495654,12.9548906418,24.));
#2544 = CARTESIAN_POINT('',(18.671587388251,11.960918428139,24.));
#2545 = CARTESIAN_POINT('',(18.427951862601,10.975203830862,24.));
#2546 = CARTESIAN_POINT('',(18.155149099276,10.,24.));
#2547 = PCURVE('',#126,#2548);
#2548 = DEFINITIONAL_REPRESENTATION('',(#2549),#2587);
#2549 = B_SPLINE_CURVE_WITH_KNOTS('',8,(#2550,#2551,#2552,#2553,#2554,
    #2555,#2556,#2557,#2558,#2559,#2560,#2561,#2562,#2563,#2564,#2565,
    #2566,#2567,#2568,#2569,#2570,#2571,#2572,#2573,#2574,#2575,#2576,
    #2577,#2578,#2579,#2580,#2581,#2582,#2583,#2584,#2585,#2586),
  .UNSPECIFIED.,.F.,.F.,(9,7,7,7,7,9),(0.,0.266712239776,0.365841782643,
    0.777786659458,0.799821084353,1.),.UNSPECIFIED.);
#2550 = CARTESIAN_POINT('',(7.816237038476,16.));
#2551 = CARTESIAN_POINT('',(7.787562927445,15.688430546543));
#2552 = CARTESIAN_POINT('',(7.764752388684,15.377606614138));
#2553 = CARTESIAN_POINT('',(7.746590725011,15.06740587116));
#2554 = CARTESIAN_POINT('',(7.732195131495,14.757679382011));
#2555 = CARTESIAN_POINT('',(7.720837808802,14.448259375309));
#2556 = CARTESIAN_POINT('',(7.711883098708,14.138970351745));
#2557 = CARTESIAN_POINT('',(7.704773750931,13.829639373425));
#2558 = CARTESIAN_POINT('',(7.696856019008,13.405054687415));
#2559 = CARTESIAN_POINT('',(7.694895309383,13.289981773046));
#2560 = CARTESIAN_POINT('',(7.69309343697,13.174875105411));
#2561 = CARTESIAN_POINT('',(7.691425399067,13.059727675205));
#2562 = CARTESIAN_POINT('',(7.689867054869,12.944532991832));
#2563 = CARTESIAN_POINT('',(7.688395125468,12.829285083402));
#2564 = CARTESIAN_POINT('',(7.686987193858,12.713978496736));
#2565 = CARTESIAN_POINT('',(7.679947249552,12.119173396347));
#2566 = CARTESIAN_POINT('',(7.675004664552,11.638644941541));
#2567 = CARTESIAN_POINT('',(7.669238708264,11.156666909831));
#2568 = CARTESIAN_POINT('',(7.661317061163,10.67306599569));
#2569 = CARTESIAN_POINT('',(7.650087789217,10.187847776449));
#2570 = CARTESIAN_POINT('',(7.634579566699,9.701157641459));
#2571 = CARTESIAN_POINT('',(7.613963582578,9.213156958244));
#2572 = CARTESIAN_POINT('',(7.58608480453,8.697917425327));
#2573 = CARTESIAN_POINT('',(7.581985150145,8.627423507808));
#2574 = CARTESIAN_POINT('',(7.576101481912,8.530432393771));
#2575 = CARTESIAN_POINT('',(7.569132205713,8.420534959083));
#2576 = CARTESIAN_POINT('',(7.561573981575,8.307076483932));
#2577 = CARTESIAN_POINT('',(7.553721723673,8.195156652826));
#2578 = CARTESIAN_POINT('',(7.545668600327,8.085629554595));
#2579 = CARTESIAN_POINT('',(7.461333574246,6.970995367538));
#2580 = CARTESIAN_POINT('',(7.359338150723,5.965021806888));
#2581 = CARTESIAN_POINT('',(7.229913161474,4.959015886229));
#2582 = CARTESIAN_POINT('',(7.072366715276,3.954956127053));
#2583 = CARTESIAN_POINT('',(6.886332495654,2.9548906418));
#2584 = CARTESIAN_POINT('',(6.671587388251,1.960918428139));
#2585 = CARTESIAN_POINT('',(6.427951862601,0.975203830862));
#2586 = CARTESIAN_POINT('',(6.155149099276,0.));
#2587 = ( GEOMETRIC_REPRESENTATION_CONTEXT(2) 
PARAMETRIC_REPRESENTATION_CONTEXT() REPRESENTATION_CONTEXT('2D SPACE',''
  ) );
#2588 = PCURVE('',#326,#2589);
#2589 = DEFINITIONAL_REPRESENTATION('',(#2590),#2628);
#2590 = B_SPLINE_CURVE_WITH_KNOTS('',8,(#2591,#2592,#2593,#2594,#2595,
    #2596,#2597,#2598,#2599,#2600,#2601,#2602,#2603,#2604,#2605,#2606,
    #2607,#2608,#2609,#2610,#2611,#2612,#2613,#2614,#2615,#2616,#2617,
    #2618,#2619,#2620,#2621,#2622,#2623,#2624,#2625,#2626,#2627),
  .UNSPECIFIED.,.F.,.F.,(9,7,7,7,7,9),(0.,0.266712239776,0.365841782643,
    0.777786659458,0.799821084353,1.),.UNSPECIFIED.);
#2591 = CARTESIAN_POINT('',(2.514953192302,48.151841060063));
#2592 = CARTESIAN_POINT('',(2.451347150049,48.485621893726));
#2593 = CARTESIAN_POINT('',(2.389511510241,48.820906524292));
#2594 = CARTESIAN_POINT('',(2.329236847879,49.157357812504));
#2595 = CARTESIAN_POINT('',(2.270442583919,49.494687008693));
#2596 = CARTESIAN_POINT('',(2.213114164408,49.832641201985));
#2597 = CARTESIAN_POINT('',(2.157273394531,50.171005543736));
#2598 = CARTESIAN_POINT('',(2.102963479027,50.509609560867));
#2599 = CARTESIAN_POINT('',(2.030630867803,50.974218706727));
#2600 = CARTESIAN_POINT('',(2.011249558921,51.100123630751));
#2601 = CARTESIAN_POINT('',(1.992089101287,51.226034062274));
#2602 = CARTESIAN_POINT('',(1.973152151836,51.351942954236));
#2603 = CARTESIAN_POINT('',(1.954441316927,51.477843797046));
#2604 = CARTESIAN_POINT('',(1.935959152343,51.603730618573));
#2605 = CARTESIAN_POINT('',(1.917708163291,51.729597984155));
#2606 = CARTESIAN_POINT('',(1.8248174773,52.378396946516));
#2607 = CARTESIAN_POINT('',(1.753978056107,52.900927402813));
#2608 = CARTESIAN_POINT('',(1.687338312287,53.422685304113));
#2609 = CARTESIAN_POINT('',(1.625006572389,53.943465680844));
#2610 = CARTESIAN_POINT('',(1.566980830049,54.463194087911));
#2611 = CARTESIAN_POINT('',(1.513119379744,54.981886707336));
#2612 = CARTESIAN_POINT('',(1.463314617714,55.499553568592));
#2613 = CARTESIAN_POINT('',(1.41489863529,56.043871879096));
#2614 = CARTESIAN_POINT('',(1.410859623581,56.117080884672));
#2615 = CARTESIAN_POINT('',(1.406038527673,56.217422545098));
#2616 = CARTESIAN_POINT('',(1.40100984161,56.330865551511));
#2617 = CARTESIAN_POINT('',(1.396123849955,56.447786971099));
#2618 = CARTESIAN_POINT('',(1.391506627793,56.562972247096));
#2619 = CARTESIAN_POINT('',(1.387060040728,56.675615198789));
#2620 = CARTESIAN_POINT('',(1.340687027336,57.822288378929));
#2621 = CARTESIAN_POINT('',(1.304559468372,58.851732678252));
#2622 = CARTESIAN_POINT('',(1.273623159933,59.878480840295));
#2623 = CARTESIAN_POINT('',(1.247590626356,60.903523173284));
#2624 = CARTESIAN_POINT('',(1.226246423989,61.927877618182));
#2625 = CARTESIAN_POINT('',(1.209400389571,62.952541578617));
#2626 = CARTESIAN_POINT('',(1.196864780632,63.978488862293));
#2627 = CARTESIAN_POINT('',(1.188429551194,65.006672260732));
#2628 = ( GEOMETRIC_REPRESENTATION_CONTEXT(2) 
PARAMETRIC_REPRESENTATION_CONTEXT() REPRESENTATION_CONTEXT('2D SPACE',''
  ) );
#2629 = FACE_BOUND('',#2630,.T.);
#2630 = EDGE_LOOP('',(#2631));
#2631 = ORIENTED_EDGE('',*,*,#2632,.T.);
#2632 = EDGE_CURVE('',#2633,#2633,#2635,.T.);
#2633 = VERTEX_POINT('',#2634);
#2634 = CARTESIAN_POINT('',(17.7,18.,24.));
#2635 = SURFACE_CURVE('',#2636,(#2641,#2652),.PCURVE_S1.);
#2636 = CIRCLE('',#2637,1.7);
#2637 = AXIS2_PLACEMENT_3D('',#2638,#2639,#2640);
#2638 = CARTESIAN_POINT('',(16.,18.,24.));
#2639 = DIRECTION('',(0.,0.,-1.));
#2640 = DIRECTION('',(1.,0.,0.));
#2641 = PCURVE('',#126,#2642);
#2642 = DEFINITIONAL_REPRESENTATION('',(#2643),#2651);
#2643 = ( BOUNDED_CURVE() B_SPLINE_CURVE(2,(#2644,#2645,#2646,#2647,
#2648,#2649,#2650),.UNSPECIFIED.,.T.,.F.) B_SPLINE_CURVE_WITH_KNOTS((1,2
    ,2,2,2,1),(-2.094395102393,0.,2.094395102393,4.188790204786,
6.28318530718,8.377580409573),.UNSPECIFIED.) CURVE() 
GEOMETRIC_REPRESENTATION_ITEM() RATIONAL_B_SPLINE_CURVE((1.,0.5,1.,0.5,
1.,0.5,1.)) REPRESENTATION_ITEM('') );
#2644 = CARTESIAN_POINT('',(5.7,8.));
#2645 = CARTESIAN_POINT('',(5.7,5.055513627133));
#2646 = CARTESIAN_POINT('',(3.15,6.527756813566));
#2647 = CARTESIAN_POINT('',(0.6,8.));
#2648 = CARTESIAN_POINT('',(3.15,9.472243186434));
#2649 = CARTESIAN_POINT('',(5.7,10.944486372867));
#2650 = CARTESIAN_POINT('',(5.7,8.));
#2651 = ( GEOMETRIC_REPRESENTATION_CONTEXT(2) 
PARAMETRIC_REPRESENTATION_CONTEXT() REPRESENTATION_CONTEXT('2D SPACE',''
  ) );
#2652 = PCURVE('',#2653,#2658);
#2653 = CYLINDRICAL_SURFACE('',#2654,1.7);
#2654 = AXIS2_PLACEMENT_3D('',#2655,#2656,#2657);
#2655 = CARTESIAN_POINT('',(16.,18.,18.));
#2656 = DIRECTION('',(-0.,-0.,-1.));
#2657 = DIRECTION('',(1.,0.,0.));
#2658 = DEFINITIONAL_REPRESENTATION('',(#2659),#2663);
#2659 = LINE('',#2660,#2661);
#2660 = CARTESIAN_POINT('',(-6.28318530718,-6.));
#2661 = VECTOR('',#2662,1.);
#2662 = DIRECTION('',(1.,-0.));
#2663 = ( GEOMETRIC_REPRESENTATION_CONTEXT(2) 
PARAMETRIC_REPRESENTATION_CONTEXT() REPRESENTATION_CONTEXT('2D SPACE',''
  ) );
#2664 = ADVANCED_FACE('',(#2665),#100,.T.);
#2665 = FACE_BOUND('',#2666,.T.);
#2666 = EDGE_LOOP('',(#2667,#2692,#2713,#2714,#2715,#2840));
#2667 = ORIENTED_EDGE('',*,*,#2668,.F.);
#2668 = EDGE_CURVE('',#2669,#2671,#2673,.T.);
#2669 = VERTEX_POINT('',#2670);
#2670 = CARTESIAN_POINT('',(32.,26.,19.));
#2671 = VERTEX_POINT('',#2672);
#2672 = CARTESIAN_POINT('',(32.,26.,24.));
#2673 = SURFACE_CURVE('',#2674,(#2678,#2685),.PCURVE_S1.);
#2674 = LINE('',#2675,#2676);
#2675 = CARTESIAN_POINT('',(32.,26.,19.));
#2676 = VECTOR('',#2677,1.);
#2677 = DIRECTION('',(0.,0.,1.));
#2678 = PCURVE('',#100,#2679);
#2679 = DEFINITIONAL_REPRESENTATION('',(#2680),#2684);
#2680 = LINE('',#2681,#2682);
#2681 = CARTESIAN_POINT('',(0.,20.));
#2682 = VECTOR('',#2683,1.);
#2683 = DIRECTION('',(1.,0.));
#2684 = ( GEOMETRIC_REPRESENTATION_CONTEXT(2) 
PARAMETRIC_REPRESENTATION_CONTEXT() REPRESENTATION_CONTEXT('2D SPACE',''
  ) );
#2685 = PCURVE('',#159,#2686);
#2686 = DEFINITIONAL_REPRESENTATION('',(#2687),#2691);
#2687 = LINE('',#2688,#2689);
#2688 = CARTESIAN_POINT('',(0.,-16.));
#2689 = VECTOR('',#2690,1.);
#2690 = DIRECTION('',(1.,0.));
#2691 = ( GEOMETRIC_REPRESENTATION_CONTEXT(2) 
PARAMETRIC_REPRESENTATION_CONTEXT() REPRESENTATION_CONTEXT('2D SPACE',''
  ) );
#2692 = ORIENTED_EDGE('',*,*,#2693,.F.);
#2693 = EDGE_CURVE('',#57,#2669,#2694,.T.);
#2694 = SURFACE_CURVE('',#2695,(#2699,#2706),.PCURVE_S1.);
#2695 = LINE('',#2696,#2697);
#2696 = CARTESIAN_POINT('',(12.,26.,19.));
#2697 = VECTOR('',#2698,1.);
#2698 = DIRECTION('',(1.,0.,0.));
#2699 = PCURVE('',#100,#2700);
#2700 = DEFINITIONAL_REPRESENTATION('',(#2701),#2705);
#2701 = LINE('',#2702,#2703);
#2702 = CARTESIAN_POINT('',(0.,0.));
#2703 = VECTOR('',#2704,1.);
#2704 = DIRECTION('',(0.,1.));
#2705 = ( GEOMETRIC_REPRESENTATION_CONTEXT(2) 
PARAMETRIC_REPRESENTATION_CONTEXT() REPRESENTATION_CONTEXT('2D SPACE',''
  ) );
#2706 = PCURVE('',#72,#2707);
#2707 = DEFINITIONAL_REPRESENTATION('',(#2708),#2712);
#2708 = LINE('',#2709,#2710);
#2709 = CARTESIAN_POINT('',(0.,16.));
#2710 = VECTOR('',#2711,1.);
#2711 = DIRECTION('',(1.,0.));
#2712 = ( GEOMETRIC_REPRESENTATION_CONTEXT(2) 
PARAMETRIC_REPRESENTATION_CONTEXT() REPRESENTATION_CONTEXT('2D SPACE',''
  ) );
#2713 = ORIENTED_EDGE('',*,*,#84,.T.);
#2714 = ORIENTED_EDGE('',*,*,#2482,.T.);
#2715 = ORIENTED_EDGE('',*,*,#2716,.F.);
#2716 = EDGE_CURVE('',#2717,#2483,#2719,.T.);
#2717 = VERTEX_POINT('',#2718);
#2718 = CARTESIAN_POINT('',(23.742734722833,26.,24.));
#2719 = SURFACE_CURVE('',#2720,(#2758,#2799),.PCURVE_S1.);
#2720 = B_SPLINE_CURVE_WITH_KNOTS('',6,(#2721,#2722,#2723,#2724,#2725,
    #2726,#2727,#2728,#2729,#2730,#2731,#2732,#2733,#2734,#2735,#2736,
    #2737,#2738,#2739,#2740,#2741,#2742,#2743,#2744,#2745,#2746,#2747,
    #2748,#2749,#2750,#2751,#2752,#2753,#2754,#2755,#2756,#2757),
  .UNSPECIFIED.,.F.,.F.,(7,5,5,5,5,5,5,7),(0.,0.100626444293,
    0.166392115262,0.317092649731,0.524893062252,0.613045337382,
    0.746722021846,1.),.UNSPECIFIED.);
#2721 = CARTESIAN_POINT('',(23.742734722833,26.,24.));
#2722 = CARTESIAN_POINT('',(23.69175849323,26.,23.946696647432));
#2723 = CARTESIAN_POINT('',(23.63904306802,26.,23.895055468888));
#2724 = CARTESIAN_POINT('',(23.584658236869,26.,23.845146151195));
#2725 = CARTESIAN_POINT('',(23.528676992249,26.,23.797034337988));
#2726 = CARTESIAN_POINT('',(23.471175529441,26.,23.750781629712));
#2727 = CARTESIAN_POINT('',(23.373710780484,26.,23.677469206291));
#2728 = CARTESIAN_POINT('',(23.334572825143,26.,23.649311487477));
#2729 = CARTESIAN_POINT('',(23.294841509228,26.,23.621988473094));
#2730 = CARTESIAN_POINT('',(23.254539446343,26.,23.595515418238));
#2731 = CARTESIAN_POINT('',(23.213689734976,26.,23.569906787197));
#2732 = CARTESIAN_POINT('',(23.077508893713,26.,23.488506799609));
#2733 = CARTESIAN_POINT('',(22.979949302515,26.,23.436447789148));
#2734 = CARTESIAN_POINT('',(22.879922168264,26.,23.389164256728));
#2735 = CARTESIAN_POINT('',(22.777722329495,26.,23.346797935873));
#2736 = CARTESIAN_POINT('',(22.673654479914,26.,23.309467258959));
#2737 = CARTESIAN_POINT('',(22.422392330559,26.,23.232867031167));
#2738 = CARTESIAN_POINT('',(22.273793164903,26.,23.198220976809));
#2739 = CARTESIAN_POINT('',(22.123062755134,26.,23.173578723843));
#2740 = CARTESIAN_POINT('',(21.971044463415,26.,23.159100618875));
#2741 = CARTESIAN_POINT('',(21.818595521553,26.,23.154856520149));
#2742 = CARTESIAN_POINT('',(21.602099155248,26.,23.163356201989));
#2743 = CARTESIAN_POINT('',(21.537691902144,26.,23.167725635006));
#2744 = CARTESIAN_POINT('',(21.473428786387,26.,23.173931101287));
#2745 = CARTESIAN_POINT('',(21.409375562697,26.,23.181967894236));
#2746 = CARTESIAN_POINT('',(21.345597816977,26.,23.191828290706));
#2747 = CARTESIAN_POINT('',(21.185963473304,26.,23.221203223824));
#2748 = CARTESIAN_POINT('',(21.090549237703,26.,23.24307372834));
#2749 = CARTESIAN_POINT('',(20.996147103116,26.,23.269075568976));
#2750 = CARTESIAN_POINT('',(20.90298228153,26.,23.299155242817));
#2751 = CARTESIAN_POINT('',(20.811276353311,26.,23.33324323961));
#2752 = CARTESIAN_POINT('',(20.550668643151,26.,23.443273325852));
#2753 = CARTESIAN_POINT('',(20.386095846371,26.,23.529380559424));
#2754 = CARTESIAN_POINT('',(20.229031745346,26.,23.62898767754));
#2755 = CARTESIAN_POINT('',(20.080865741856,26.,23.741304640477));
#2756 = CARTESIAN_POINT('',(19.942885019523,26.,23.86536742688));
#2757 = CARTESIAN_POINT('',(19.816237038476,26.,24.));
#2758 = PCURVE('',#100,#2759);
#2759 = DEFINITIONAL_REPRESENTATION('',(#2760),#2798);
#2760 = B_SPLINE_CURVE_WITH_KNOTS('',6,(#2761,#2762,#2763,#2764,#2765,
    #2766,#2767,#2768,#2769,#2770,#2771,#2772,#2773,#2774,#2775,#2776,
    #2777,#2778,#2779,#2780,#2781,#2782,#2783,#2784,#2785,#2786,#2787,
    #2788,#2789,#2790,#2791,#2792,#2793,#2794,#2795,#2796,#2797),
  .UNSPECIFIED.,.F.,.F.,(7,5,5,5,5,5,5,7),(0.,0.100626444293,
    0.166392115262,0.317092649731,0.524893062252,0.613045337382,
    0.746722021846,1.),.UNSPECIFIED.);
#2761 = CARTESIAN_POINT('',(5.,11.742734722833));
#2762 = CARTESIAN_POINT('',(4.946696647432,11.69175849323));
#2763 = CARTESIAN_POINT('',(4.895055468888,11.63904306802));
#2764 = CARTESIAN_POINT('',(4.845146151195,11.584658236869));
#2765 = CARTESIAN_POINT('',(4.797034337988,11.528676992249));
#2766 = CARTESIAN_POINT('',(4.750781629712,11.471175529441));
#2767 = CARTESIAN_POINT('',(4.677469206291,11.373710780484));
#2768 = CARTESIAN_POINT('',(4.649311487477,11.334572825143));
#2769 = CARTESIAN_POINT('',(4.621988473094,11.294841509228));
#2770 = CARTESIAN_POINT('',(4.595515418238,11.254539446343));
#2771 = CARTESIAN_POINT('',(4.569906787197,11.213689734976));
#2772 = CARTESIAN_POINT('',(4.488506799609,11.077508893713));
#2773 = CARTESIAN_POINT('',(4.436447789148,10.979949302515));
#2774 = CARTESIAN_POINT('',(4.389164256728,10.879922168264));
#2775 = CARTESIAN_POINT('',(4.346797935873,10.777722329495));
#2776 = CARTESIAN_POINT('',(4.309467258959,10.673654479914));
#2777 = CARTESIAN_POINT('',(4.232867031167,10.422392330559));
#2778 = CARTESIAN_POINT('',(4.198220976809,10.273793164903));
#2779 = CARTESIAN_POINT('',(4.173578723843,10.123062755134));
#2780 = CARTESIAN_POINT('',(4.159100618875,9.971044463415));
#2781 = CARTESIAN_POINT('',(4.154856520149,9.818595521553));
#2782 = CARTESIAN_POINT('',(4.163356201989,9.602099155248));
#2783 = CARTESIAN_POINT('',(4.167725635006,9.537691902144));
#2784 = CARTESIAN_POINT('',(4.173931101287,9.473428786387));
#2785 = CARTESIAN_POINT('',(4.181967894236,9.409375562697));
#2786 = CARTESIAN_POINT('',(4.191828290706,9.345597816977));
#2787 = CARTESIAN_POINT('',(4.221203223824,9.185963473304));
#2788 = CARTESIAN_POINT('',(4.24307372834,9.090549237703));
#2789 = CARTESIAN_POINT('',(4.269075568976,8.996147103116));
#2790 = CARTESIAN_POINT('',(4.299155242817,8.90298228153));
#2791 = CARTESIAN_POINT('',(4.33324323961,8.811276353311));
#2792 = CARTESIAN_POINT('',(4.443273325852,8.550668643151));
#2793 = CARTESIAN_POINT('',(4.529380559424,8.386095846371));
#2794 = CARTESIAN_POINT('',(4.62898767754,8.229031745346));
#2795 = CARTESIAN_POINT('',(4.741304640477,8.080865741856));
#2796 = CARTESIAN_POINT('',(4.86536742688,7.942885019523));
#2797 = CARTESIAN_POINT('',(5.,7.816237038476));
#2798 = ( GEOMETRIC_REPRESENTATION_CONTEXT(2) 
PARAMETRIC_REPRESENTATION_CONTEXT() REPRESENTATION_CONTEXT('2D SPACE',''
  ) );
#2799 = PCURVE('',#326,#2800);
#2800 = DEFINITIONAL_REPRESENTATION('',(#2801),#2839);
#2801 = B_SPLINE_CURVE_WITH_KNOTS('',6,(#2802,#2803,#2804,#2805,#2806,
    #2807,#2808,#2809,#2810,#2811,#2812,#2813,#2814,#2815,#2816,#2817,
    #2818,#2819,#2820,#2821,#2822,#2823,#2824,#2825,#2826,#2827,#2828,
    #2829,#2830,#2831,#2832,#2833,#2834,#2835,#2836,#2837,#2838),
  .UNSPECIFIED.,.F.,.F.,(7,5,5,5,5,5,5,7),(0.,0.100626444293,
    0.166392115262,0.317092649731,0.524893062252,0.613045337382,
    0.746722021846,1.),.UNSPECIFIED.);
#2802 = CARTESIAN_POINT('',(4.153114524296,48.084202751794));
#2803 = CARTESIAN_POINT('',(4.125908140194,48.082642029655));
#2804 = CARTESIAN_POINT('',(4.098698109118,48.081177202092));
#2805 = CARTESIAN_POINT('',(4.071483996442,48.079810065957));
#2806 = CARTESIAN_POINT('',(4.044265332595,48.078542333173));
#2807 = CARTESIAN_POINT('',(4.017041613057,48.077375630733));
#2808 = CARTESIAN_POINT('',(3.972016239251,48.075616025216));
#2809 = CARTESIAN_POINT('',(3.95421778333,48.074964362293));
#2810 = CARTESIAN_POINT('',(3.936416778366,48.074356942364));
#2811 = CARTESIAN_POINT('',(3.918613067008,48.073794179242));
#2812 = CARTESIAN_POINT('',(3.900806486787,48.07327647012));
#2813 = CARTESIAN_POINT('',(3.842186539886,48.071721989232));
#2814 = CARTESIAN_POINT('',(3.801360195076,48.070878334843));
#2815 = CARTESIAN_POINT('',(3.760515806251,48.070277854971));
#2816 = CARTESIAN_POINT('',(3.71965129154,48.069924621758));
#2817 = CARTESIAN_POINT('',(3.678764516643,48.069822156925));
#2818 = CARTESIAN_POINT('',(3.58144096158,48.070182024096));
#2819 = CARTESIAN_POINT('',(3.524980753501,48.070873059601));
#2820 = CARTESIAN_POINT('',(3.468469506323,48.072054119377));
#2821 = CARTESIAN_POINT('',(3.41190007767,48.073730630502));
#2822 = CARTESIAN_POINT('',(3.355265778175,48.075904999044));
#2823 = CARTESIAN_POINT('',(3.274511337346,48.0797087156));
#2824 = CARTESIAN_POINT('',(3.25044565995,48.080931019033));
#2825 = CARTESIAN_POINT('',(3.226367439975,48.082242552391));
#2826 = CARTESIAN_POINT('',(3.202276384735,48.083643076246));
#2827 = CARTESIAN_POINT('',(3.178172239289,48.085132212703));
#2828 = CARTESIAN_POINT('',(3.117482376595,48.089101207136));
#2829 = CARTESIAN_POINT('',(3.080879295222,48.091695527627));
#2830 = CARTESIAN_POINT('',(3.044244812186,48.094490644496));
#2831 = CARTESIAN_POINT('',(3.007578477807,48.097483874757));
#2832 = CARTESIAN_POINT('',(2.970880122851,48.100671614819));
#2833 = CARTESIAN_POINT('',(2.864556816795,48.110449136624));
#2834 = CARTESIAN_POINT('',(2.794844145642,48.117531360298));
#2835 = CARTESIAN_POINT('',(2.725022967263,48.125263993202));
#2836 = CARTESIAN_POINT('',(2.655094177714,48.133602562822));
#2837 = CARTESIAN_POINT('',(2.585062289855,48.142487632321));
#2838 = CARTESIAN_POINT('',(2.514953192302,48.151841060063));
#2839 = ( GEOMETRIC_REPRESENTATION_CONTEXT(2) 
PARAMETRIC_REPRESENTATION_CONTEXT() REPRESENTATION_CONTEXT('2D SPACE',''
  ) );
#2840 = ORIENTED_EDGE('',*,*,#2841,.T.);
#2841 = EDGE_CURVE('',#2717,#2671,#2842,.T.);
#2842 = SURFACE_CURVE('',#2843,(#2847,#2854),.PCURVE_S1.);
#2843 = LINE('',#2844,#2845);
#2844 = CARTESIAN_POINT('',(12.,26.,24.));
#2845 = VECTOR('',#2846,1.);
#2846 = DIRECTION('',(1.,0.,0.));
#2847 = PCURVE('',#100,#2848);
#2848 = DEFINITIONAL_REPRESENTATION('',(#2849),#2853);
#2849 = LINE('',#2850,#2851);
#2850 = CARTESIAN_POINT('',(5.,0.));
#2851 = VECTOR('',#2852,1.);
#2852 = DIRECTION('',(0.,1.));
#2853 = ( GEOMETRIC_REPRESENTATION_CONTEXT(2) 
PARAMETRIC_REPRESENTATION_CONTEXT() REPRESENTATION_CONTEXT('2D SPACE',''
  ) );
#2854 = PCURVE('',#2467,#2855);
#2855 = DEFINITIONAL_REPRESENTATION('',(#2856),#2860);
#2856 = LINE('',#2857,#2858);
#2857 = CARTESIAN_POINT('',(0.,16.));
#2858 = VECTOR('',#2859,1.);
#2859 = DIRECTION('',(1.,0.));
#2860 = ( GEOMETRIC_REPRESENTATION_CONTEXT(2) 
PARAMETRIC_REPRESENTATION_CONTEXT() REPRESENTATION_CONTEXT('2D SPACE',''
  ) );
#2861 = ADVANCED_FACE('',(#2862,#2888,#2918),#72,.F.);
#2862 = FACE_BOUND('',#2863,.F.);
#2863 = EDGE_LOOP('',(#2864,#2865,#2866,#2887));
#2864 = ORIENTED_EDGE('',*,*,#56,.F.);
#2865 = ORIENTED_EDGE('',*,*,#171,.T.);
#2866 = ORIENTED_EDGE('',*,*,#2867,.T.);
#2867 = EDGE_CURVE('',#142,#2669,#2868,.T.);
#2868 = SURFACE_CURVE('',#2869,(#2873,#2880),.PCURVE_S1.);
#2869 = LINE('',#2870,#2871);
#2870 = CARTESIAN_POINT('',(32.,10.,19.));
#2871 = VECTOR('',#2872,1.);
#2872 = DIRECTION('',(0.,1.,0.));
#2873 = PCURVE('',#72,#2874);
#2874 = DEFINITIONAL_REPRESENTATION('',(#2875),#2879);
#2875 = LINE('',#2876,#2877);
#2876 = CARTESIAN_POINT('',(20.,0.));
#2877 = VECTOR('',#2878,1.);
#2878 = DIRECTION('',(0.,1.));
#2879 = ( GEOMETRIC_REPRESENTATION_CONTEXT(2) 
PARAMETRIC_REPRESENTATION_CONTEXT() REPRESENTATION_CONTEXT('2D SPACE',''
  ) );
#2880 = PCURVE('',#159,#2881);
#2881 = DEFINITIONAL_REPRESENTATION('',(#2882),#2886);
#2882 = LINE('',#2883,#2884);
#2883 = CARTESIAN_POINT('',(0.,0.));
#2884 = VECTOR('',#2885,1.);
#2885 = DIRECTION('',(0.,-1.));
#2886 = ( GEOMETRIC_REPRESENTATION_CONTEXT(2) 
PARAMETRIC_REPRESENTATION_CONTEXT() REPRESENTATION_CONTEXT('2D SPACE',''
  ) );
#2887 = ORIENTED_EDGE('',*,*,#2693,.F.);
#2888 = FACE_BOUND('',#2889,.F.);
#2889 = EDGE_LOOP('',(#2890));
#2890 = ORIENTED_EDGE('',*,*,#2891,.T.);
#2891 = EDGE_CURVE('',#2892,#2892,#2894,.T.);
#2892 = VERTEX_POINT('',#2893);
#2893 = CARTESIAN_POINT('',(17.7,18.,19.));
#2894 = SURFACE_CURVE('',#2895,(#2900,#2911),.PCURVE_S1.);
#2895 = CIRCLE('',#2896,1.7);
#2896 = AXIS2_PLACEMENT_3D('',#2897,#2898,#2899);
#2897 = CARTESIAN_POINT('',(16.,18.,19.));
#2898 = DIRECTION('',(0.,0.,-1.));
#2899 = DIRECTION('',(1.,0.,0.));
#2900 = PCURVE('',#72,#2901);
#2901 = DEFINITIONAL_REPRESENTATION('',(#2902),#2910);
#2902 = ( BOUNDED_CURVE() B_SPLINE_CURVE(2,(#2903,#2904,#2905,#2906,
#2907,#2908,#2909),.UNSPECIFIED.,.T.,.F.) B_SPLINE_CURVE_WITH_KNOTS((1,2
    ,2,2,2,1),(-2.094395102393,0.,2.094395102393,4.188790204786,
6.28318530718,8.377580409573),.UNSPECIFIED.) CURVE() 
GEOMETRIC_REPRESENTATION_ITEM() RATIONAL_B_SPLINE_CURVE((1.,0.5,1.,0.5,
1.,0.5,1.)) REPRESENTATION_ITEM('') );
#2903 = CARTESIAN_POINT('',(5.7,8.));
#2904 = CARTESIAN_POINT('',(5.7,5.055513627133));
#2905 = CARTESIAN_POINT('',(3.15,6.527756813566));
#2906 = CARTESIAN_POINT('',(0.6,8.));
#2907 = CARTESIAN_POINT('',(3.15,9.472243186434));
#2908 = CARTESIAN_POINT('',(5.7,10.944486372867));
#2909 = CARTESIAN_POINT('',(5.7,8.));
#2910 = ( GEOMETRIC_REPRESENTATION_CONTEXT(2) 
PARAMETRIC_REPRESENTATION_CONTEXT() REPRESENTATION_CONTEXT('2D SPACE',''
  ) );
#2911 = PCURVE('',#2653,#2912);
#2912 = DEFINITIONAL_REPRESENTATION('',(#2913),#2917);
#2913 = LINE('',#2914,#2915);
#2914 = CARTESIAN_POINT('',(-6.28318530718,-1.));
#2915 = VECTOR('',#2916,1.);
#2916 = DIRECTION('',(1.,-0.));
#2917 = ( GEOMETRIC_REPRESENTATION_CONTEXT(2) 
PARAMETRIC_REPRESENTATION_CONTEXT() REPRESENTATION_CONTEXT('2D SPACE',''
  ) );
#2918 = FACE_BOUND('',#2919,.F.);
#2919 = EDGE_LOOP('',(#2920));
#2920 = ORIENTED_EDGE('',*,*,#2921,.T.);
#2921 = EDGE_CURVE('',#2922,#2922,#2924,.T.);
#2922 = VERTEX_POINT('',#2923);
#2923 = CARTESIAN_POINT('',(29.7,18.,19.));
#2924 = SURFACE_CURVE('',#2925,(#2930,#2941),.PCURVE_S1.);
#2925 = CIRCLE('',#2926,1.7);
#2926 = AXIS2_PLACEMENT_3D('',#2927,#2928,#2929);
#2927 = CARTESIAN_POINT('',(28.,18.,19.));
#2928 = DIRECTION('',(0.,0.,-1.));
#2929 = DIRECTION('',(1.,0.,0.));
#2930 = PCURVE('',#72,#2931);
#2931 = DEFINITIONAL_REPRESENTATION('',(#2932),#2940);
#2932 = ( BOUNDED_CURVE() B_SPLINE_CURVE(2,(#2933,#2934,#2935,#2936,
#2937,#2938,#2939),.UNSPECIFIED.,.T.,.F.) B_SPLINE_CURVE_WITH_KNOTS((1,2
    ,2,2,2,1),(-2.094395102393,0.,2.094395102393,4.188790204786,
6.28318530718,8.377580409573),.UNSPECIFIED.) CURVE() 
GEOMETRIC_REPRESENTATION_ITEM() RATIONAL_B_SPLINE_CURVE((1.,0.5,1.,0.5,
1.,0.5,1.)) REPRESENTATION_ITEM('') );
#2933 = CARTESIAN_POINT('',(17.7,8.));
#2934 = CARTESIAN_POINT('',(17.7,5.055513627133));
#2935 = CARTESIAN_POINT('',(15.15,6.527756813566));
#2936 = CARTESIAN_POINT('',(12.6,8.));
#2937 = CARTESIAN_POINT('',(15.15,9.472243186434));
#2938 = CARTESIAN_POINT('',(17.7,10.944486372867));
#2939 = CARTESIAN_POINT('',(17.7,8.));
#2940 = ( GEOMETRIC_REPRESENTATION_CONTEXT(2) 
PARAMETRIC_REPRESENTATION_CONTEXT() REPRESENTATION_CONTEXT('2D SPACE',''
  ) );
#2941 = PCURVE('',#2942,#2947);
#2942 = CYLINDRICAL_SURFACE('',#2943,1.7);
#2943 = AXIS2_PLACEMENT_3D('',#2944,#2945,#2946);
#2944 = CARTESIAN_POINT('',(28.,18.,18.));
#2945 = DIRECTION('',(-0.,-0.,-1.));
#2946 = DIRECTION('',(1.,0.,0.));
#2947 = DEFINITIONAL_REPRESENTATION('',(#2948),#2952);
#2948 = LINE('',#2949,#2950);
#2949 = CARTESIAN_POINT('',(-6.28318530718,-1.));
#2950 = VECTOR('',#2951,1.);
#2951 = DIRECTION('',(1.,-0.));
#2952 = ( GEOMETRIC_REPRESENTATION_CONTEXT(2) 
PARAMETRIC_REPRESENTATION_CONTEXT() REPRESENTATION_CONTEXT('2D SPACE',''
  ) );
#2953 = ADVANCED_FACE('',(#2954),#159,.T.);
#2954 = FACE_BOUND('',#2955,.T.);
#2955 = EDGE_LOOP('',(#2956,#2957,#2958,#2959));
#2956 = ORIENTED_EDGE('',*,*,#141,.F.);
#2957 = ORIENTED_EDGE('',*,*,#2867,.T.);
#2958 = ORIENTED_EDGE('',*,*,#2668,.T.);
#2959 = ORIENTED_EDGE('',*,*,#2960,.F.);
#2960 = EDGE_CURVE('',#144,#2671,#2961,.T.);
#2961 = SURFACE_CURVE('',#2962,(#2966,#2973),.PCURVE_S1.);
#2962 = LINE('',#2963,#2964);
#2963 = CARTESIAN_POINT('',(32.,10.,24.));
#2964 = VECTOR('',#2965,1.);
#2965 = DIRECTION('',(0.,1.,0.));
#2966 = PCURVE('',#159,#2967);
#2967 = DEFINITIONAL_REPRESENTATION('',(#2968),#2972);
#2968 = LINE('',#2969,#2970);
#2969 = CARTESIAN_POINT('',(5.,0.));
#2970 = VECTOR('',#2971,1.);
#2971 = DIRECTION('',(0.,-1.));
#2972 = ( GEOMETRIC_REPRESENTATION_CONTEXT(2) 
PARAMETRIC_REPRESENTATION_CONTEXT() REPRESENTATION_CONTEXT('2D SPACE',''
  ) );
#2973 = PCURVE('',#2467,#2974);
#2974 = DEFINITIONAL_REPRESENTATION('',(#2975),#2979);
#2975 = LINE('',#2976,#2977);
#2976 = CARTESIAN_POINT('',(20.,0.));
#2977 = VECTOR('',#2978,1.);
#2978 = DIRECTION('',(0.,1.));
#2979 = ( GEOMETRIC_REPRESENTATION_CONTEXT(2) 
PARAMETRIC_REPRESENTATION_CONTEXT() REPRESENTATION_CONTEXT('2D SPACE',''
  ) );
#2980 = ADVANCED_FACE('',(#2981,#3130),#2467,.T.);
#2981 = FACE_BOUND('',#2982,.T.);
#2982 = EDGE_LOOP('',(#2983,#2984,#3128,#3129));
#2983 = ORIENTED_EDGE('',*,*,#2841,.F.);
#2984 = ORIENTED_EDGE('',*,*,#2985,.F.);
#2985 = EDGE_CURVE('',#217,#2717,#2986,.T.);
#2986 = SURFACE_CURVE('',#2987,(#3032,#3080),.PCURVE_S1.);
#2987 = B_SPLINE_CURVE_WITH_KNOTS('',8,(#2988,#2989,#2990,#2991,#2992,
    #2993,#2994,#2995,#2996,#2997,#2998,#2999,#3000,#3001,#3002,#3003,
    #3004,#3005,#3006,#3007,#3008,#3009,#3010,#3011,#3012,#3013,#3014,
    #3015,#3016,#3017,#3018,#3019,#3020,#3021,#3022,#3023,#3024,#3025,
    #3026,#3027,#3028,#3029,#3030,#3031),.UNSPECIFIED.,.F.,.F.,(9,7,7,7,
    7,7,9),(0.,0.134102410251,0.22260470398,0.327528587714,
    0.476567296969,0.687704602832,1.),.UNSPECIFIED.);
#2988 = CARTESIAN_POINT('',(23.159250930376,10.,24.));
#2989 = CARTESIAN_POINT('',(23.264577964727,10.38251753833,24.));
#2990 = CARTESIAN_POINT('',(23.365036215862,10.766514093028,24.));
#2991 = CARTESIAN_POINT('',(23.460639963978,11.151878709504,24.));
#2992 = CARTESIAN_POINT('',(23.55139966839,11.538503179289,24.));
#2993 = CARTESIAN_POINT('',(23.637321180436,11.926282119794,24.));
#2994 = CARTESIAN_POINT('',(23.718404956378,12.315113054065,24.));
#2995 = CARTESIAN_POINT('',(23.794645270317,12.704896490545,24.));
#2996 = CARTESIAN_POINT('',(23.913140150886,13.353342650703,24.));
#2997 = CARTESIAN_POINT('',(23.958130884265,13.611495403674,24.));
#2998 = CARTESIAN_POINT('',(24.000996892977,13.869956548724,24.));
#2999 = CARTESIAN_POINT('',(24.04173257112,14.128688965336,24.));
#3000 = CARTESIAN_POINT('',(24.080331277019,14.3876561515,24.));
#3001 = CARTESIAN_POINT('',(24.116785169108,14.646822249716,24.));
#3002 = CARTESIAN_POINT('',(24.151085041812,14.906152072992,24.));
#3003 = CARTESIAN_POINT('',(24.221317948651,15.473212785817,24.));
#3004 = CARTESIAN_POINT('',(24.250865065598,15.735990287788,24.));
#3005 = CARTESIAN_POINT('',(24.278672514872,15.999551049315,24.));
#3006 = CARTESIAN_POINT('',(24.307300368473,16.286729404558,24.));
#3007 = CARTESIAN_POINT('',(24.334944334871,16.599861095823,24.));
#3008 = CARTESIAN_POINT('',(24.35851657292,16.918125726118,24.));
#3009 = CARTESIAN_POINT('',(24.376312725819,17.195612146908,24.));
#3010 = CARTESIAN_POINT('',(24.401350841741,17.60745007094,24.));
#3011 = CARTESIAN_POINT('',(24.414065050714,17.849119193862,24.));
#3012 = CARTESIAN_POINT('',(24.424813464266,18.090755389648,24.));
#3013 = CARTESIAN_POINT('',(24.433608283619,18.332345347916,24.));
#3014 = CARTESIAN_POINT('',(24.440459588455,18.573876123435,24.));
#3015 = CARTESIAN_POINT('',(24.445374703165,18.815335082312,24.));
#3016 = CARTESIAN_POINT('',(24.448357563108,19.056709848172,24.));
#3017 = CARTESIAN_POINT('',(24.450896308238,19.639797913954,24.));
#3018 = CARTESIAN_POINT('',(24.448506464015,19.981411798464,24.));
#3019 = CARTESIAN_POINT('',(24.442238778167,20.322797166156,24.));
#3020 = CARTESIAN_POINT('',(24.432077038179,20.663918775247,24.));
#3021 = CARTESIAN_POINT('',(24.417986463852,21.004737626336,24.));
#3022 = CARTESIAN_POINT('',(24.399909602503,21.345209936893,24.));
#3023 = CARTESIAN_POINT('',(24.377760244529,21.685286341791,24.));
#3024 = CARTESIAN_POINT('',(24.312448364181,22.527254176731,24.));
#3025 = CARTESIAN_POINT('',(24.264309755389,23.028509120429,24.));
#3026 = CARTESIAN_POINT('',(24.206602776278,23.528598559159,24.));
#3027 = CARTESIAN_POINT('',(24.138732195673,24.027322641248,24.));
#3028 = CARTESIAN_POINT('',(24.059912335139,24.524363621752,24.));
#3029 = CARTESIAN_POINT('',(23.96893409475,25.019257229328,24.));
#3030 = CARTESIAN_POINT('',(23.864221875596,25.511418685812,24.));
#3031 = CARTESIAN_POINT('',(23.742734722833,26.,24.));
#3032 = PCURVE('',#2467,#3033);
#3033 = DEFINITIONAL_REPRESENTATION('',(#3034),#3079);
#3034 = B_SPLINE_CURVE_WITH_KNOTS('',8,(#3035,#3036,#3037,#3038,#3039,
    #3040,#3041,#3042,#3043,#3044,#3045,#3046,#3047,#3048,#3049,#3050,
    #3051,#3052,#3053,#3054,#3055,#3056,#3057,#3058,#3059,#3060,#3061,
    #3062,#3063,#3064,#3065,#3066,#3067,#3068,#3069,#3070,#3071,#3072,
    #3073,#3074,#3075,#3076,#3077,#3078),.UNSPECIFIED.,.F.,.F.,(9,7,7,7,
    7,7,9),(0.,0.134102410251,0.22260470398,0.327528587714,
    0.476567296969,0.687704602832,1.),.UNSPECIFIED.);
#3035 = CARTESIAN_POINT('',(11.159250930376,0.));
#3036 = CARTESIAN_POINT('',(11.264577964727,0.38251753833));
#3037 = CARTESIAN_POINT('',(11.365036215862,0.766514093028));
#3038 = CARTESIAN_POINT('',(11.460639963978,1.151878709504));
#3039 = CARTESIAN_POINT('',(11.55139966839,1.538503179289));
#3040 = CARTESIAN_POINT('',(11.637321180436,1.926282119794));
#3041 = CARTESIAN_POINT('',(11.718404956378,2.315113054065));
#3042 = CARTESIAN_POINT('',(11.794645270317,2.704896490545));
#3043 = CARTESIAN_POINT('',(11.913140150886,3.353342650703));
#3044 = CARTESIAN_POINT('',(11.958130884265,3.611495403674));
#3045 = CARTESIAN_POINT('',(12.000996892977,3.869956548724));
#3046 = CARTESIAN_POINT('',(12.04173257112,4.128688965336));
#3047 = CARTESIAN_POINT('',(12.080331277019,4.3876561515));
#3048 = CARTESIAN_POINT('',(12.116785169108,4.646822249716));
#3049 = CARTESIAN_POINT('',(12.151085041812,4.906152072992));
#3050 = CARTESIAN_POINT('',(12.221317948651,5.473212785817));
#3051 = CARTESIAN_POINT('',(12.250865065598,5.735990287788));
#3052 = CARTESIAN_POINT('',(12.278672514872,5.999551049315));
#3053 = CARTESIAN_POINT('',(12.307300368473,6.286729404558));
#3054 = CARTESIAN_POINT('',(12.334944334871,6.599861095823));
#3055 = CARTESIAN_POINT('',(12.35851657292,6.918125726118));
#3056 = CARTESIAN_POINT('',(12.376312725819,7.195612146908));
#3057 = CARTESIAN_POINT('',(12.401350841741,7.60745007094));
#3058 = CARTESIAN_POINT('',(12.414065050714,7.849119193862));
#3059 = CARTESIAN_POINT('',(12.424813464266,8.090755389648));
#3060 = CARTESIAN_POINT('',(12.433608283619,8.332345347916));
#3061 = CARTESIAN_POINT('',(12.440459588455,8.573876123435));
#3062 = CARTESIAN_POINT('',(12.445374703165,8.815335082312));
#3063 = CARTESIAN_POINT('',(12.448357563108,9.056709848172));
#3064 = CARTESIAN_POINT('',(12.450896308238,9.639797913954));
#3065 = CARTESIAN_POINT('',(12.448506464015,9.981411798464));
#3066 = CARTESIAN_POINT('',(12.442238778167,10.322797166156));
#3067 = CARTESIAN_POINT('',(12.432077038179,10.663918775247));
#3068 = CARTESIAN_POINT('',(12.417986463852,11.004737626336));
#3069 = CARTESIAN_POINT('',(12.399909602503,11.345209936893));
#3070 = CARTESIAN_POINT('',(12.377760244529,11.685286341791));
#3071 = CARTESIAN_POINT('',(12.312448364181,12.527254176731));
#3072 = CARTESIAN_POINT('',(12.264309755389,13.028509120429));
#3073 = CARTESIAN_POINT('',(12.206602776278,13.528598559159));
#3074 = CARTESIAN_POINT('',(12.138732195673,14.027322641248));
#3075 = CARTESIAN_POINT('',(12.059912335139,14.524363621752));
#3076 = CARTESIAN_POINT('',(11.96893409475,15.019257229328));
#3077 = CARTESIAN_POINT('',(11.864221875596,15.511418685812));
#3078 = CARTESIAN_POINT('',(11.742734722833,16.));
#3079 = ( GEOMETRIC_REPRESENTATION_CONTEXT(2) 
PARAMETRIC_REPRESENTATION_CONTEXT() REPRESENTATION_CONTEXT('2D SPACE',''
  ) );
#3080 = PCURVE('',#326,#3081);
#3081 = DEFINITIONAL_REPRESENTATION('',(#3082),#3127);
#3082 = B_SPLINE_CURVE_WITH_KNOTS('',8,(#3083,#3084,#3085,#3086,#3087,
    #3088,#3089,#3090,#3091,#3092,#3093,#3094,#3095,#3096,#3097,#3098,
    #3099,#3100,#3101,#3102,#3103,#3104,#3105,#3106,#3107,#3108,#3109,
    #3110,#3111,#3112,#3113,#3114,#3115,#3116,#3117,#3118,#3119,#3120,
    #3121,#3122,#3123,#3124,#3125,#3126),.UNSPECIFIED.,.F.,.F.,(9,7,7,7,
    7,7,9),(0.,0.134102410251,0.22260470398,0.327528587714,
    0.476567296969,0.687704602832,1.),.UNSPECIFIED.);
#3083 = CARTESIAN_POINT('',(3.602106811369,62.532732251675));
#3084 = CARTESIAN_POINT('',(3.61688450086,62.18187365429));
#3085 = CARTESIAN_POINT('',(3.63125208053,61.831149891216));
#3086 = CARTESIAN_POINT('',(3.645182549543,61.480528106644));
#3087 = CARTESIAN_POINT('',(3.658647824447,61.12997606374));
#3088 = CARTESIAN_POINT('',(3.671618735146,60.779462040001));
#3089 = CARTESIAN_POINT('',(3.684065020878,60.428954722605));
#3090 = CARTESIAN_POINT('',(3.695955326185,60.078423103764));
#3091 = CARTESIAN_POINT('',(3.714715985126,59.496462983941));
#3092 = CARTESIAN_POINT('',(3.721917707402,59.265089606223));
#3093 = CARTESIAN_POINT('',(3.728852834379,59.033716250263));
#3094 = CARTESIAN_POINT('',(3.735511695021,58.80234292359));
#3095 = CARTESIAN_POINT('',(3.741884470254,58.57096963536));
#3096 = CARTESIAN_POINT('',(3.747961186644,58.339596397794));
#3097 = CARTESIAN_POINT('',(3.753731710056,58.108223227627));
#3098 = CARTESIAN_POINT('',(3.765651763085,57.602545820169));
#3099 = CARTESIAN_POINT('',(3.773728862258,57.368416228626));
#3100 = CARTESIAN_POINT('',(3.768996634047,57.133445177989));
#3101 = CARTESIAN_POINT('',(3.782955516975,56.877769806146));
#3102 = CARTESIAN_POINT('',(3.792479293777,56.598955954448));
#3103 = CARTESIAN_POINT('',(3.781350460379,56.315251741285));
#3104 = CARTESIAN_POINT('',(3.792736200668,56.068147044963));
#3105 = CARTESIAN_POINT('',(3.813858237307,55.701254771135));
#3106 = CARTESIAN_POINT('',(3.826327927079,55.485790896808));
#3107 = CARTESIAN_POINT('',(3.838863044545,55.270180984011));
#3108 = CARTESIAN_POINT('',(3.85145253117,55.054431026354));
#3109 = CARTESIAN_POINT('',(3.864082867926,54.838546911598));
#3110 = CARTESIAN_POINT('',(3.876737941803,54.62253432694));
#3111 = CARTESIAN_POINT('',(3.889398912315,54.406398664315));
#3112 = CARTESIAN_POINT('',(3.919957989307,53.883786718585));
#3113 = CARTESIAN_POINT('',(3.937839845631,53.577193593149));
#3114 = CARTESIAN_POINT('',(3.955627238936,53.270377592131));
#3115 = CARTESIAN_POINT('',(3.973244233327,52.963351414716));
#3116 = CARTESIAN_POINT('',(3.990598330061,52.656126926233));
#3117 = CARTESIAN_POINT('',(4.007578603339,52.348714088975));
#3118 = CARTESIAN_POINT('',(4.02405500687,52.041120314141));
#3119 = CARTESIAN_POINT('',(4.06328406492,51.278124292004));
#3120 = CARTESIAN_POINT('',(4.085256743057,50.822603508566));
#3121 = CARTESIAN_POINT('',(4.105322318013,50.36671176253));
#3122 = CARTESIAN_POINT('',(4.122904200656,49.910441534414));
#3123 = CARTESIAN_POINT('',(4.13734419568,49.453853293487));
#3124 = CARTESIAN_POINT('',(4.147849230445,48.997094448185));
#3125 = CARTESIAN_POINT('',(4.153546162874,48.540413051156));
#3126 = CARTESIAN_POINT('',(4.153114524296,48.084202751794));
#3127 = ( GEOMETRIC_REPRESENTATION_CONTEXT(2) 
PARAMETRIC_REPRESENTATION_CONTEXT() REPRESENTATION_CONTEXT('2D SPACE',''
  ) );
#3128 = ORIENTED_EDGE('',*,*,#2453,.T.);
#3129 = ORIENTED_EDGE('',*,*,#2960,.T.);
#3130 = FACE_BOUND('',#3131,.T.);
#3131 = EDGE_LOOP('',(#3132));
#3132 = ORIENTED_EDGE('',*,*,#3133,.T.);
#3133 = EDGE_CURVE('',#3134,#3134,#3136,.T.);
#3134 = VERTEX_POINT('',#3135);
#3135 = CARTESIAN_POINT('',(29.7,18.,24.));
#3136 = SURFACE_CURVE('',#3137,(#3142,#3153),.PCURVE_S1.);
#3137 = CIRCLE('',#3138,1.7);
#3138 = AXIS2_PLACEMENT_3D('',#3139,#3140,#3141);
#3139 = CARTESIAN_POINT('',(28.,18.,24.));
#3140 = DIRECTION('',(0.,0.,-1.));
#3141 = DIRECTION('',(1.,0.,0.));
#3142 = PCURVE('',#2467,#3143);
#3143 = DEFINITIONAL_REPRESENTATION('',(#3144),#3152);
#3144 = ( BOUNDED_CURVE() B_SPLINE_CURVE(2,(#3145,#3146,#3147,#3148,
#3149,#3150,#3151),.UNSPECIFIED.,.T.,.F.) B_SPLINE_CURVE_WITH_KNOTS((1,2
    ,2,2,2,1),(-2.094395102393,0.,2.094395102393,4.188790204786,
6.28318530718,8.377580409573),.UNSPECIFIED.) CURVE() 
GEOMETRIC_REPRESENTATION_ITEM() RATIONAL_B_SPLINE_CURVE((1.,0.5,1.,0.5,
1.,0.5,1.)) REPRESENTATION_ITEM('') );
#3145 = CARTESIAN_POINT('',(17.7,8.));
#3146 = CARTESIAN_POINT('',(17.7,5.055513627133));
#3147 = CARTESIAN_POINT('',(15.15,6.527756813566));
#3148 = CARTESIAN_POINT('',(12.6,8.));
#3149 = CARTESIAN_POINT('',(15.15,9.472243186434));
#3150 = CARTESIAN_POINT('',(17.7,10.944486372867));
#3151 = CARTESIAN_POINT('',(17.7,8.));
#3152 = ( GEOMETRIC_REPRESENTATION_CONTEXT(2) 
PARAMETRIC_REPRESENTATION_CONTEXT() REPRESENTATION_CONTEXT('2D SPACE',''
  ) );
#3153 = PCURVE('',#2942,#3154);
#3154 = DEFINITIONAL_REPRESENTATION('',(#3155),#3159);
#3155 = LINE('',#3156,#3157);
#3156 = CARTESIAN_POINT('',(-6.28318530718,-6.));
#3157 = VECTOR('',#3158,1.);
#3158 = DIRECTION('',(1.,-0.));
#3159 = ( GEOMETRIC_REPRESENTATION_CONTEXT(2) 
PARAMETRIC_REPRESENTATION_CONTEXT() REPRESENTATION_CONTEXT('2D SPACE',''
  ) );
#3160 = ADVANCED_FACE('',(#3161),#326,.F.);
#3161 = FACE_BOUND('',#3162,.F.);
#3162 = EDGE_LOOP('',(#3163,#3164,#3165,#3166));
#3163 = ORIENTED_EDGE('',*,*,#2985,.F.);
#3164 = ORIENTED_EDGE('',*,*,#216,.T.);
#3165 = ORIENTED_EDGE('',*,*,#2507,.F.);
#3166 = ORIENTED_EDGE('',*,*,#2716,.F.);
#3167 = ADVANCED_FACE('',(#3168),#2653,.F.);
#3168 = FACE_BOUND('',#3169,.T.);
#3169 = EDGE_LOOP('',(#3170,#3171,#3192,#3193));
#3170 = ORIENTED_EDGE('',*,*,#2891,.T.);
#3171 = ORIENTED_EDGE('',*,*,#3172,.T.);
#3172 = EDGE_CURVE('',#2892,#2633,#3173,.T.);
#3173 = SEAM_CURVE('',#3174,(#3178,#3185),.PCURVE_S1.);
#3174 = LINE('',#3175,#3176);
#3175 = CARTESIAN_POINT('',(17.7,18.,18.));
#3176 = VECTOR('',#3177,1.);
#3177 = DIRECTION('',(0.,0.,1.));
#3178 = PCURVE('',#2653,#3179);
#3179 = DEFINITIONAL_REPRESENTATION('',(#3180),#3184);
#3180 = LINE('',#3181,#3182);
#3181 = CARTESIAN_POINT('',(-6.28318530718,0.));
#3182 = VECTOR('',#3183,1.);
#3183 = DIRECTION('',(-0.,-1.));
#3184 = ( GEOMETRIC_REPRESENTATION_CONTEXT(2) 
PARAMETRIC_REPRESENTATION_CONTEXT() REPRESENTATION_CONTEXT('2D SPACE',''
  ) );
#3185 = PCURVE('',#2653,#3186);
#3186 = DEFINITIONAL_REPRESENTATION('',(#3187),#3191);
#3187 = LINE('',#3188,#3189);
#3188 = CARTESIAN_POINT('',(-0.,0.));
#3189 = VECTOR('',#3190,1.);
#3190 = DIRECTION('',(-0.,-1.));
#3191 = ( GEOMETRIC_REPRESENTATION_CONTEXT(2) 
PARAMETRIC_REPRESENTATION_CONTEXT() REPRESENTATION_CONTEXT('2D SPACE',''
  ) );
#3192 = ORIENTED_EDGE('',*,*,#2632,.F.);
#3193 = ORIENTED_EDGE('',*,*,#3172,.F.);
#3194 = ADVANCED_FACE('',(#3195),#2942,.F.);
#3195 = FACE_BOUND('',#3196,.T.);
#3196 = EDGE_LOOP('',(#3197,#3198,#3219,#3220));
#3197 = ORIENTED_EDGE('',*,*,#2921,.T.);
#3198 = ORIENTED_EDGE('',*,*,#3199,.T.);
#3199 = EDGE_CURVE('',#2922,#3134,#3200,.T.);
#3200 = SEAM_CURVE('',#3201,(#3205,#3212),.PCURVE_S1.);
#3201 = LINE('',#3202,#3203);
#3202 = CARTESIAN_POINT('',(29.7,18.,18.));
#3203 = VECTOR('',#3204,1.);
#3204 = DIRECTION('',(0.,0.,1.));
#3205 = PCURVE('',#2942,#3206);
#3206 = DEFINITIONAL_REPRESENTATION('',(#3207),#3211);
#3207 = LINE('',#3208,#3209);
#3208 = CARTESIAN_POINT('',(-6.28318530718,0.));
#3209 = VECTOR('',#3210,1.);
#3210 = DIRECTION('',(-0.,-1.));
#3211 = ( GEOMETRIC_REPRESENTATION_CONTEXT(2) 
PARAMETRIC_REPRESENTATION_CONTEXT() REPRESENTATION_CONTEXT('2D SPACE',''
  ) );
#3212 = PCURVE('',#2942,#3213);
#3213 = DEFINITIONAL_REPRESENTATION('',(#3214),#3218);
#3214 = LINE('',#3215,#3216);
#3215 = CARTESIAN_POINT('',(-0.,0.));
#3216 = VECTOR('',#3217,1.);
#3217 = DIRECTION('',(-0.,-1.));
#3218 = ( GEOMETRIC_REPRESENTATION_CONTEXT(2) 
PARAMETRIC_REPRESENTATION_CONTEXT() REPRESENTATION_CONTEXT('2D SPACE',''
  ) );
#3219 = ORIENTED_EDGE('',*,*,#3133,.F.);
#3220 = ORIENTED_EDGE('',*,*,#3199,.F.);
#3221 = ( GEOMETRIC_REPRESENTATION_CONTEXT(3) 
GLOBAL_UNCERTAINTY_ASSIGNED_CONTEXT((#3225)) 
GLOBAL_UNIT_ASSIGNED_CONTEXT((#3222,#3223,#3224)) REPRESENTATION_CONTEXT
('Context #1','3D Context with UNIT and UNCERTAINTY') );
#3222 = ( LENGTH_UNIT() NAMED_UNIT(*) SI_UNIT(.MILLI.,.METRE.) );
#3223 = ( NAMED_UNIT(*) PLANE_ANGLE_UNIT() SI_UNIT($,.RADIAN.) );
#3224 = ( NAMED_UNIT(*) SI_UNIT($,.STERADIAN.) SOLID_ANGLE_UNIT() );
#3225 = UNCERTAINTY_MEASURE_WITH_UNIT(LENGTH_MEASURE(1.E-03),#3222,
  'distance_accuracy_value','confusion accuracy');
#3226 = PRODUCT_RELATED_PRODUCT_CATEGORY('part',$,(#7));
ENDSEC;
END-ISO-10303-21;
