ISO-10303-21;
HEADER;
FILE_DESCRIPTION(('Open CASCADE Model'),'2;1');
FILE_NAME('Open CASCADE Shape Model','2026-09-07T13:22:18',('Author'),(
    'Open CASCADE'),'Open CASCADE STEP processor 7.9','Open CASCADE 7.9'
  ,'Unknown');
FILE_SCHEMA(('AUTOMOTIVE_DESIGN { 1 0 10303 214 1 1 1 1 }'));
ENDSEC;
DATA;
#1 = APPLICATION_PROTOCOL_DEFINITION('international standard',
  'automotive_design',2000,#2);
#2 = APPLICATION_CONTEXT(
  'core data for automotive mechanical design processes');
#3 = SHAPE_DEFINITION_REPRESENTATION(#4,#10);
#4 = PRODUCT_DEFINITION_SHAPE('','',#5);
#5 = PRODUCT_DEFINITION('design','',#6,#9);
#6 = PRODUCT_DEFINITION_FORMATION('','',#7);
#7 = PRODUCT('Open CASCADE STEP translator 7.9 16',
  'Open CASCADE STEP translator 7.9 16','',(#8));
#8 = PRODUCT_CONTEXT('',#2,'mechanical');
#9 = PRODUCT_DEFINITION_CONTEXT('part definition',#2,'design');
#10 = ADVANCED_BREP_SHAPE_REPRESENTATION('',(#11,#15),#3614);
#11 = AXIS2_PLACEMENT_3D('',#12,#13,#14);
#12 = CARTESIAN_POINT('',(0.,0.,0.));
#13 = DIRECTION('',(0.,0.,1.));
#14 = DIRECTION('',(1.,0.,-0.));
#15 = MANIFOLD_SOLID_BREP('',#16);
#16 = CLOSED_SHELL('',(#17,#137,#2805,#2924,#3226,#3385,#3412,#3553,
    #3560,#3587));
#17 = ADVANCED_FACE('',(#18),#32,.F.);
#18 = FACE_BOUND('',#19,.F.);
#19 = EDGE_LOOP('',(#20,#55,#83,#111));
#20 = ORIENTED_EDGE('',*,*,#21,.F.);
#21 = EDGE_CURVE('',#22,#24,#26,.T.);
#22 = VERTEX_POINT('',#23);
#23 = CARTESIAN_POINT('',(122.,-33.,24.));
#24 = VERTEX_POINT('',#25);
#25 = CARTESIAN_POINT('',(122.,-33.,29.));
#26 = SURFACE_CURVE('',#27,(#31,#43),.PCURVE_S1.);
#27 = LINE('',#28,#29);
#28 = CARTESIAN_POINT('',(122.,-33.,24.));
#29 = VECTOR('',#30,1.);
#30 = DIRECTION('',(0.,0.,1.));
#31 = PCURVE('',#32,#37);
#32 = PLANE('',#33);
#33 = AXIS2_PLACEMENT_3D('',#34,#35,#36);
#34 = CARTESIAN_POINT('',(122.,-33.,24.));
#35 = DIRECTION('',(1.,0.,0.));
#36 = DIRECTION('',(0.,0.,1.));
#37 = DEFINITIONAL_REPRESENTATION('',(#38),#42);
#38 = LINE('',#39,#40);
#39 = CARTESIAN_POINT('',(0.,0.));
#40 = VECTOR('',#41,1.);
#41 = DIRECTION('',(1.,0.));
#42 = ( GEOMETRIC_REPRESENTATION_CONTEXT(2) 
PARAMETRIC_REPRESENTATION_CONTEXT() REPRESENTATION_CONTEXT('2D SPACE',''
  ) );
#43 = PCURVE('',#44,#49);
#44 = PLANE('',#45);
#45 = AXIS2_PLACEMENT_3D('',#46,#47,#48);
#46 = CARTESIAN_POINT('',(122.,-33.,24.));
#47 = DIRECTION('',(0.,1.,0.));
#48 = DIRECTION('',(0.,0.,1.));
#49 = DEFINITIONAL_REPRESENTATION('',(#50),#54);
#50 = LINE('',#51,#52);
#51 = CARTESIAN_POINT('',(0.,0.));
#52 = VECTOR('',#53,1.);
#53 = DIRECTION('',(1.,0.));
#54 = ( GEOMETRIC_REPRESENTATION_CONTEXT(2) 
PARAMETRIC_REPRESENTATION_CONTEXT() REPRESENTATION_CONTEXT('2D SPACE',''
  ) );
#55 = ORIENTED_EDGE('',*,*,#56,.T.);
#56 = EDGE_CURVE('',#22,#57,#59,.T.);
#57 = VERTEX_POINT('',#58);
#58 = CARTESIAN_POINT('',(122.,-23.,24.));
#59 = SURFACE_CURVE('',#60,(#64,#71),.PCURVE_S1.);
#60 = LINE('',#61,#62);
#61 = CARTESIAN_POINT('',(122.,-33.,24.));
#62 = VECTOR('',#63,1.);
#63 = DIRECTION('',(0.,1.,0.));
#64 = PCURVE('',#32,#65);
#65 = DEFINITIONAL_REPRESENTATION('',(#66),#70);
#66 = LINE('',#67,#68);
#67 = CARTESIAN_POINT('',(0.,0.));
#68 = VECTOR('',#69,1.);
#69 = DIRECTION('',(0.,-1.));
#70 = ( GEOMETRIC_REPRESENTATION_CONTEXT(2) 
PARAMETRIC_REPRESENTATION_CONTEXT() REPRESENTATION_CONTEXT('2D SPACE',''
  ) );
#71 = PCURVE('',#72,#77);
#72 = PLANE('',#73);
#73 = AXIS2_PLACEMENT_3D('',#74,#75,#76);
#74 = CARTESIAN_POINT('',(122.,-33.,24.));
#75 = DIRECTION('',(0.,0.,1.));
#76 = DIRECTION('',(1.,0.,0.));
#77 = DEFINITIONAL_REPRESENTATION('',(#78),#82);
#78 = LINE('',#79,#80);
#79 = CARTESIAN_POINT('',(0.,0.));
#80 = VECTOR('',#81,1.);
#81 = DIRECTION('',(0.,1.));
#82 = ( GEOMETRIC_REPRESENTATION_CONTEXT(2) 
PARAMETRIC_REPRESENTATION_CONTEXT() REPRESENTATION_CONTEXT('2D SPACE',''
  ) );
#83 = ORIENTED_EDGE('',*,*,#84,.T.);
#84 = EDGE_CURVE('',#57,#85,#87,.T.);
#85 = VERTEX_POINT('',#86);
#86 = CARTESIAN_POINT('',(122.,-23.,29.));
#87 = SURFACE_CURVE('',#88,(#92,#99),.PCURVE_S1.);
#88 = LINE('',#89,#90);
#89 = CARTESIAN_POINT('',(122.,-23.,24.));
#90 = VECTOR('',#91,1.);
#91 = DIRECTION('',(0.,0.,1.));
#92 = PCURVE('',#32,#93);
#93 = DEFINITIONAL_REPRESENTATION('',(#94),#98);
#94 = LINE('',#95,#96);
#95 = CARTESIAN_POINT('',(0.,-10.));
#96 = VECTOR('',#97,1.);
#97 = DIRECTION('',(1.,0.));
#98 = ( GEOMETRIC_REPRESENTATION_CONTEXT(2) 
PARAMETRIC_REPRESENTATION_CONTEXT() REPRESENTATION_CONTEXT('2D SPACE',''
  ) );
#99 = PCURVE('',#100,#105);
#100 = PLANE('',#101);
#101 = AXIS2_PLACEMENT_3D('',#102,#103,#104);
#102 = CARTESIAN_POINT('',(122.,-23.,24.));
#103 = DIRECTION('',(0.,1.,0.));
#104 = DIRECTION('',(0.,0.,1.));
#105 = DEFINITIONAL_REPRESENTATION('',(#106),#110);
#106 = LINE('',#107,#108);
#107 = CARTESIAN_POINT('',(0.,0.));
#108 = VECTOR('',#109,1.);
#109 = DIRECTION('',(1.,0.));
#110 = ( GEOMETRIC_REPRESENTATION_CONTEXT(2) 
PARAMETRIC_REPRESENTATION_CONTEXT() REPRESENTATION_CONTEXT('2D SPACE',''
  ) );
#111 = ORIENTED_EDGE('',*,*,#112,.F.);
#112 = EDGE_CURVE('',#24,#85,#113,.T.);
#113 = SURFACE_CURVE('',#114,(#118,#125),.PCURVE_S1.);
#114 = LINE('',#115,#116);
#115 = CARTESIAN_POINT('',(122.,-33.,29.));
#116 = VECTOR('',#117,1.);
#117 = DIRECTION('',(0.,1.,0.));
#118 = PCURVE('',#32,#119);
#119 = DEFINITIONAL_REPRESENTATION('',(#120),#124);
#120 = LINE('',#121,#122);
#121 = CARTESIAN_POINT('',(5.,0.));
#122 = VECTOR('',#123,1.);
#123 = DIRECTION('',(0.,-1.));
#124 = ( GEOMETRIC_REPRESENTATION_CONTEXT(2) 
PARAMETRIC_REPRESENTATION_CONTEXT() REPRESENTATION_CONTEXT('2D SPACE',''
  ) );
#125 = PCURVE('',#126,#131);
#126 = PLANE('',#127);
#127 = AXIS2_PLACEMENT_3D('',#128,#129,#130);
#128 = CARTESIAN_POINT('',(122.,-33.,29.));
#129 = DIRECTION('',(0.,0.,1.));
#130 = DIRECTION('',(1.,0.,0.));
#131 = DEFINITIONAL_REPRESENTATION('',(#132),#136);
#132 = LINE('',#133,#134);
#133 = CARTESIAN_POINT('',(0.,0.));
#134 = VECTOR('',#135,1.);
#135 = DIRECTION('',(0.,1.));
#136 = ( GEOMETRIC_REPRESENTATION_CONTEXT(2) 
PARAMETRIC_REPRESENTATION_CONTEXT() REPRESENTATION_CONTEXT('2D SPACE',''
  ) );
#137 = ADVANCED_FACE('',(#138),#44,.F.);
#138 = FACE_BOUND('',#139,.F.);
#139 = EDGE_LOOP('',(#140,#163,#164,#187,#215,#243));
#140 = ORIENTED_EDGE('',*,*,#141,.F.);
#141 = EDGE_CURVE('',#22,#142,#144,.T.);
#142 = VERTEX_POINT('',#143);
#143 = CARTESIAN_POINT('',(126.35491254148,-33.,24.));
#144 = SURFACE_CURVE('',#145,(#149,#156),.PCURVE_S1.);
#145 = LINE('',#146,#147);
#146 = CARTESIAN_POINT('',(122.,-33.,24.));
#147 = VECTOR('',#148,1.);
#148 = DIRECTION('',(1.,0.,0.));
#149 = PCURVE('',#44,#150);
#150 = DEFINITIONAL_REPRESENTATION('',(#151),#155);
#151 = LINE('',#152,#153);
#152 = CARTESIAN_POINT('',(0.,0.));
#153 = VECTOR('',#154,1.);
#154 = DIRECTION('',(0.,1.));
#155 = ( GEOMETRIC_REPRESENTATION_CONTEXT(2) 
PARAMETRIC_REPRESENTATION_CONTEXT() REPRESENTATION_CONTEXT('2D SPACE',''
  ) );
#156 = PCURVE('',#72,#157);
#157 = DEFINITIONAL_REPRESENTATION('',(#158),#162);
#158 = LINE('',#159,#160);
#159 = CARTESIAN_POINT('',(0.,0.));
#160 = VECTOR('',#161,1.);
#161 = DIRECTION('',(1.,0.));
#162 = ( GEOMETRIC_REPRESENTATION_CONTEXT(2) 
PARAMETRIC_REPRESENTATION_CONTEXT() REPRESENTATION_CONTEXT('2D SPACE',''
  ) );
#163 = ORIENTED_EDGE('',*,*,#21,.T.);
#164 = ORIENTED_EDGE('',*,*,#165,.T.);
#165 = EDGE_CURVE('',#24,#166,#168,.T.);
#166 = VERTEX_POINT('',#167);
#167 = CARTESIAN_POINT('',(142.,-33.,29.));
#168 = SURFACE_CURVE('',#169,(#173,#180),.PCURVE_S1.);
#169 = LINE('',#170,#171);
#170 = CARTESIAN_POINT('',(122.,-33.,29.));
#171 = VECTOR('',#172,1.);
#172 = DIRECTION('',(1.,0.,0.));
#173 = PCURVE('',#44,#174);
#174 = DEFINITIONAL_REPRESENTATION('',(#175),#179);
#175 = LINE('',#176,#177);
#176 = CARTESIAN_POINT('',(5.,0.));
#177 = VECTOR('',#178,1.);
#178 = DIRECTION('',(0.,1.));
#179 = ( GEOMETRIC_REPRESENTATION_CONTEXT(2) 
PARAMETRIC_REPRESENTATION_CONTEXT() REPRESENTATION_CONTEXT('2D SPACE',''
  ) );
#180 = PCURVE('',#126,#181);
#181 = DEFINITIONAL_REPRESENTATION('',(#182),#186);
#182 = LINE('',#183,#184);
#183 = CARTESIAN_POINT('',(0.,0.));
#184 = VECTOR('',#185,1.);
#185 = DIRECTION('',(1.,0.));
#186 = ( GEOMETRIC_REPRESENTATION_CONTEXT(2) 
PARAMETRIC_REPRESENTATION_CONTEXT() REPRESENTATION_CONTEXT('2D SPACE',''
  ) );
#187 = ORIENTED_EDGE('',*,*,#188,.F.);
#188 = EDGE_CURVE('',#189,#166,#191,.T.);
#189 = VERTEX_POINT('',#190);
#190 = CARTESIAN_POINT('',(142.,-33.,24.));
#191 = SURFACE_CURVE('',#192,(#196,#203),.PCURVE_S1.);
#192 = LINE('',#193,#194);
#193 = CARTESIAN_POINT('',(142.,-33.,24.));
#194 = VECTOR('',#195,1.);
#195 = DIRECTION('',(0.,0.,1.));
#196 = PCURVE('',#44,#197);
#197 = DEFINITIONAL_REPRESENTATION('',(#198),#202);
#198 = LINE('',#199,#200);
#199 = CARTESIAN_POINT('',(0.,20.));
#200 = VECTOR('',#201,1.);
#201 = DIRECTION('',(1.,0.));
#202 = ( GEOMETRIC_REPRESENTATION_CONTEXT(2) 
PARAMETRIC_REPRESENTATION_CONTEXT() REPRESENTATION_CONTEXT('2D SPACE',''
  ) );
#203 = PCURVE('',#204,#209);
#204 = PLANE('',#205);
#205 = AXIS2_PLACEMENT_3D('',#206,#207,#208);
#206 = CARTESIAN_POINT('',(142.,-33.,24.));
#207 = DIRECTION('',(1.,0.,0.));
#208 = DIRECTION('',(0.,0.,1.));
#209 = DEFINITIONAL_REPRESENTATION('',(#210),#214);
#210 = LINE('',#211,#212);
#211 = CARTESIAN_POINT('',(0.,0.));
#212 = VECTOR('',#213,1.);
#213 = DIRECTION('',(1.,0.));
#214 = ( GEOMETRIC_REPRESENTATION_CONTEXT(2) 
PARAMETRIC_REPRESENTATION_CONTEXT() REPRESENTATION_CONTEXT('2D SPACE',''
  ) );
#215 = ORIENTED_EDGE('',*,*,#216,.F.);
#216 = EDGE_CURVE('',#217,#189,#219,.T.);
#217 = VERTEX_POINT('',#218);
#218 = CARTESIAN_POINT('',(131.66412576641,-33.,24.));
#219 = SURFACE_CURVE('',#220,(#224,#231),.PCURVE_S1.);
#220 = LINE('',#221,#222);
#221 = CARTESIAN_POINT('',(122.,-33.,24.));
#222 = VECTOR('',#223,1.);
#223 = DIRECTION('',(1.,0.,0.));
#224 = PCURVE('',#44,#225);
#225 = DEFINITIONAL_REPRESENTATION('',(#226),#230);
#226 = LINE('',#227,#228);
#227 = CARTESIAN_POINT('',(0.,0.));
#228 = VECTOR('',#229,1.);
#229 = DIRECTION('',(0.,1.));
#230 = ( GEOMETRIC_REPRESENTATION_CONTEXT(2) 
PARAMETRIC_REPRESENTATION_CONTEXT() REPRESENTATION_CONTEXT('2D SPACE',''
  ) );
#231 = PCURVE('',#232,#237);
#232 = PLANE('',#233);
#233 = AXIS2_PLACEMENT_3D('',#234,#235,#236);
#234 = CARTESIAN_POINT('',(122.,-33.,24.));
#235 = DIRECTION('',(0.,0.,1.));
#236 = DIRECTION('',(1.,0.,0.));
#237 = DEFINITIONAL_REPRESENTATION('',(#238),#242);
#238 = LINE('',#239,#240);
#239 = CARTESIAN_POINT('',(0.,0.));
#240 = VECTOR('',#241,1.);
#241 = DIRECTION('',(1.,0.));
#242 = ( GEOMETRIC_REPRESENTATION_CONTEXT(2) 
PARAMETRIC_REPRESENTATION_CONTEXT() REPRESENTATION_CONTEXT('2D SPACE',''
  ) );
#243 = ORIENTED_EDGE('',*,*,#244,.F.);
#244 = EDGE_CURVE('',#142,#217,#245,.T.);
#245 = SURFACE_CURVE('',#246,(#375,#507),.PCURVE_S1.);
#246 = B_SPLINE_CURVE_WITH_KNOTS('',7,(#247,#248,#249,#250,#251,#252,
    #253,#254,#255,#256,#257,#258,#259,#260,#261,#262,#263,#264,#265,
    #266,#267,#268,#269,#270,#271,#272,#273,#274,#275,#276,#277,#278,
    #279,#280,#281,#282,#283,#284,#285,#286,#287,#288,#289,#290,#291,
    #292,#293,#294,#295,#296,#297,#298,#299,#300,#301,#302,#303,#304,
    #305,#306,#307,#308,#309,#310,#311,#312,#313,#314,#315,#316,#317,
    #318,#319,#320,#321,#322,#323,#324,#325,#326,#327,#328,#329,#330,
    #331,#332,#333,#334,#335,#336,#337,#338,#339,#340,#341,#342,#343,
    #344,#345,#346,#347,#348,#349,#350,#351,#352,#353,#354,#355,#356,
    #357,#358,#359,#360,#361,#362,#363,#364,#365,#366,#367,#368,#369,
    #370,#371,#372,#373,#374),.UNSPECIFIED.,.F.,.F.,(8,6,6,6,6,6,6,6,6,6
    ,6,6,6,6,6,6,6,6,6,6,6,8),(0.,8.557992499822E-02,0.162893524777,
    0.21601925075,0.237522320557,0.253053982196,0.278118859822,
    0.297008889059,0.326321260814,0.378256510743,0.441115269719,
    0.53055604776,0.646360925088,0.747206138537,0.812306301697,
    0.873481291421,0.899446833542,0.914643677189,0.945754229054,
    0.970931044161,1.,1.009427507281),.UNSPECIFIED.);
#247 = CARTESIAN_POINT('',(126.35491254148,-33.,24.));
#248 = CARTESIAN_POINT('',(126.19995043959,-33.,24.085258862013));
#249 = CARTESIAN_POINT('',(126.04724194509,-33.,24.175091429649));
#250 = CARTESIAN_POINT('',(125.8968256422,-33.,24.269570407042));
#251 = CARTESIAN_POINT('',(125.74881277909,-33.,24.3688433194));
#252 = CARTESIAN_POINT('',(125.60338210831,-33.,24.473123766433));
#253 = CARTESIAN_POINT('',(125.46080343079,-33.,24.582738742561));
#254 = CARTESIAN_POINT('',(125.19563281656,-33.,24.802569592945));
#255 = CARTESIAN_POINT('',(125.07254344222,-33.,24.91161901217));
#256 = CARTESIAN_POINT('',(124.95241829333,-33.,25.025862629917));
#257 = CARTESIAN_POINT('',(124.83568290946,-33.,25.145823473074));
#258 = CARTESIAN_POINT('',(124.72308244017,-33.,25.272181028734));
#259 = CARTESIAN_POINT('',(124.61562532299,-33.,25.405700714326));
#260 = CARTESIAN_POINT('',(124.44599614447,-33.,25.645662964582));
#261 = CARTESIAN_POINT('',(124.38034616949,-33.,25.747265107038));
#262 = CARTESIAN_POINT('',(124.31852257968,-33.,25.853433415856));
#263 = CARTESIAN_POINT('',(124.26137229314,-33.,25.964724729192));
#264 = CARTESIAN_POINT('',(124.21024134067,-33.,26.081574413592));
#265 = CARTESIAN_POINT('',(124.16694071384,-33.,26.204267462003));
#266 = CARTESIAN_POINT('',(124.12067680778,-33.,26.38528279999));
#267 = CARTESIAN_POINT('',(124.10905819443,-33.,26.438398079601));
#268 = CARTESIAN_POINT('',(124.09932379265,-33.,26.492451070037));
#269 = CARTESIAN_POINT('',(124.09166532385,-33.,26.547381207272));
#270 = CARTESIAN_POINT('',(124.08628435476,-33.,26.603084594054));
#271 = CARTESIAN_POINT('',(124.08337192938,-33.,26.659406930032));
#272 = CARTESIAN_POINT('',(124.08286409942,-33.,26.757106387111));
#273 = CARTESIAN_POINT('',(124.08401673921,-33.,26.798292467729));
#274 = CARTESIAN_POINT('',(124.08659124814,-33.,26.839599377522));
#275 = CARTESIAN_POINT('',(124.09063016831,-33.,26.880927528457));
#276 = CARTESIAN_POINT('',(124.09615792114,-33.,26.922169936988));
#277 = CARTESIAN_POINT('',(124.1031763998,-33.,26.963212458324));
#278 = CARTESIAN_POINT('',(124.12535223754,-33.,27.069650168871));
#279 = CARTESIAN_POINT('',(124.14286843596,-33.,27.13456634791));
#280 = CARTESIAN_POINT('',(124.16410502495,-33.,27.198142038869));
#281 = CARTESIAN_POINT('',(124.18880483232,-33.,27.259992216747));
#282 = CARTESIAN_POINT('',(124.21662353435,-33.,27.319853325571));
#283 = CARTESIAN_POINT('',(124.24718055518,-33.,27.3775568495));
#284 = CARTESIAN_POINT('',(124.304900779,-33.,27.474802852367));
#285 = CARTESIAN_POINT('',(124.33105722879,-33.,27.51533655942));
#286 = CARTESIAN_POINT('',(124.35841920414,-33.,27.554598267629));
#287 = CARTESIAN_POINT('',(124.38685020524,-33.,27.592596561912));
#288 = CARTESIAN_POINT('',(124.41622637112,-33.,27.629357341732));
#289 = CARTESIAN_POINT('',(124.44644049608,-33.,27.664919217255));
#290 = CARTESIAN_POINT('',(124.52545645961,-33.,27.752723718237));
#291 = CARTESIAN_POINT('',(124.57529897724,-33.,27.803326231899));
#292 = CARTESIAN_POINT('',(124.62661610477,-33.,27.851326340321));
#293 = CARTESIAN_POINT('',(124.67914665315,-33.,27.896901871381));
#294 = CARTESIAN_POINT('',(124.73268421576,-33.,27.940221096596));
#295 = CARTESIAN_POINT('',(124.7870756457,-33.,27.981445240718));
#296 = CARTESIAN_POINT('',(124.9399227003,-33.,28.090336934288));
#297 = CARTESIAN_POINT('',(125.0399086112,-33.,28.153800566476));
#298 = CARTESIAN_POINT('',(125.14158465892,-33.,28.211987968198));
#299 = CARTESIAN_POINT('',(125.24453281883,-33.,28.265471304254));
#300 = CARTESIAN_POINT('',(125.3484524695,-33.,28.314727885344));
#301 = CARTESIAN_POINT('',(125.45316021531,-33.,28.360144387674));
#302 = CARTESIAN_POINT('',(125.68617045614,-33.,28.452770477188));
#303 = CARTESIAN_POINT('',(125.81472327345,-33.,28.498316419343));
#304 = CARTESIAN_POINT('',(125.94401381005,-33.,28.539245513475));
#305 = CARTESIAN_POINT('',(126.07387375538,-33.,28.57594246718));
#306 = CARTESIAN_POINT('',(126.20417953536,-33.,28.608698815329));
#307 = CARTESIAN_POINT('',(126.33484742088,-33.,28.637751503308));
#308 = CARTESIAN_POINT('',(126.65221364989,-33.,28.699605678377));
#309 = CARTESIAN_POINT('',(126.83919096331,-33.,28.72878890875));
#310 = CARTESIAN_POINT('',(127.02660328392,-33.,28.751351047865));
#311 = CARTESIAN_POINT('',(127.21431373746,-33.,28.767597636076));
#312 = CARTESIAN_POINT('',(127.40220925506,-33.,28.777708575469));
#313 = CARTESIAN_POINT('',(127.59019907631,-33.,28.78177763062));
#314 = CARTESIAN_POINT('',(128.02164949636,-33.,28.777243787589));
#315 = CARTESIAN_POINT('',(128.26506017017,-33.,28.764553465002));
#316 = CARTESIAN_POINT('',(128.50830145429,-33.,28.741738821705));
#317 = CARTESIAN_POINT('',(128.75114220971,-33.,28.708556564749));
#318 = CARTESIAN_POINT('',(128.99326675098,-33.,28.664581507149));
#319 = CARTESIAN_POINT('',(129.23425835402,-33.,28.609202428091));
#320 = CARTESIAN_POINT('',(129.68195676167,-33.,28.482626623541));
#321 = CARTESIAN_POINT('',(129.88898043187,-33.,28.414422938535));
#322 = CARTESIAN_POINT('',(130.0943192851,-33.,28.336355098337));
#323 = CARTESIAN_POINT('',(130.29742888518,-33.,28.247726432906));
#324 = CARTESIAN_POINT('',(130.49751512144,-33.,28.147724756693));
#325 = CARTESIAN_POINT('',(130.69351945168,-33.,28.035447373388));
#326 = CARTESIAN_POINT('',(131.00700603334,-33.,27.828631815548));
#327 = CARTESIAN_POINT('',(131.12764832377,-33.,27.741942857402));
#328 = CARTESIAN_POINT('',(131.24557869097,-33.,27.649400194211));
#329 = CARTESIAN_POINT('',(131.36029249626,-33.,27.550707715828));
#330 = CARTESIAN_POINT('',(131.47115822237,-33.,27.445588791755));
#331 = CARTESIAN_POINT('',(131.57741347278,-33.,27.333792231359));
#332 = CARTESIAN_POINT('',(131.77281856056,-33.,27.103538726127));
#333 = CARTESIAN_POINT('',(131.86257453039,-33.,26.98593561494));
#334 = CARTESIAN_POINT('',(131.94668659445,-33.,26.862080990111));
#335 = CARTESIAN_POINT('',(132.02421407115,-33.,26.73189995761));
#336 = CARTESIAN_POINT('',(132.09404344999,-33.,26.595480149888));
#337 = CARTESIAN_POINT('',(132.15494194894,-33.,26.45311734711));
#338 = CARTESIAN_POINT('',(132.22714599103,-33.,26.242653125767));
#339 = CARTESIAN_POINT('',(132.24681775233,-33.,26.178980741942));
#340 = CARTESIAN_POINT('',(132.26454750872,-33.,26.114399300404));
#341 = CARTESIAN_POINT('',(132.28023480744,-33.,26.048971966294));
#342 = CARTESIAN_POINT('',(132.29378085,-33.,25.982775438642));
#343 = CARTESIAN_POINT('',(132.3050917015,-33.,25.915900950137));
#344 = CARTESIAN_POINT('',(132.31934295634,-33.,25.808981355727));
#345 = CARTESIAN_POINT('',(132.32380952309,-33.,25.769311765241));
#346 = CARTESIAN_POINT('',(132.3274636778,-33.,25.729468104788));
#347 = CARTESIAN_POINT('',(132.33028937512,-33.,25.689473596833));
#348 = CARTESIAN_POINT('',(132.33227204688,-33.,25.649353076956));
#349 = CARTESIAN_POINT('',(132.33339860208,-33.,25.609132993846));
#350 = CARTESIAN_POINT('',(132.3341872859,-33.,25.486357608082));
#351 = CARTESIAN_POINT('',(132.33108104292,-33.,25.403564332938));
#352 = CARTESIAN_POINT('',(132.32424111913,-33.,25.320716338838));
#353 = CARTESIAN_POINT('',(132.31360606183,-33.,25.238078587894));
#354 = CARTESIAN_POINT('',(132.29915647037,-33.,25.155924648829));
#355 = CARTESIAN_POINT('',(132.28092092206,-33.,25.074535096437));
#356 = CARTESIAN_POINT('',(132.24122731915,-33.,24.929179873238));
#357 = CARTESIAN_POINT('',(132.22104514925,-33.,24.864843666311));
#358 = CARTESIAN_POINT('',(132.19847802427,-33.,24.80133669237));
#359 = CARTESIAN_POINT('',(132.17358735491,-33.,24.738795680039));
#360 = CARTESIAN_POINT('',(132.14645152122,-33.,24.677345102073));
#361 = CARTESIAN_POINT('',(132.11716406696,-33.,24.617097592965));
#362 = CARTESIAN_POINT('',(132.04965600964,-33.,24.49009897361));
#363 = CARTESIAN_POINT('',(132.01075131123,-33.,24.423776793911));
#364 = CARTESIAN_POINT('',(131.96928037318,-33.,24.359339881104));
#365 = CARTESIAN_POINT('',(131.92541956345,-33.,24.296905114371));
#366 = CARTESIAN_POINT('',(131.87935315226,-33.,24.236558507729));
#367 = CARTESIAN_POINT('',(131.83126742077,-33.,24.178359519311));
#368 = CARTESIAN_POINT('',(131.76515409012,-33.,24.104179111712));
#369 = CARTESIAN_POINT('',(131.74876840338,-33.,24.086240639197));
#370 = CARTESIAN_POINT('',(131.73219381055,-33.,24.068531188819));
#371 = CARTESIAN_POINT('',(131.71543633737,-33.,24.051051762774));
#372 = CARTESIAN_POINT('',(131.69850193448,-33.,24.033803119752));
#373 = CARTESIAN_POINT('',(131.68139647738,-33.,24.016785774935));
#374 = CARTESIAN_POINT('',(131.66412576641,-33.,24.));
#375 = PCURVE('',#44,#376);
#376 = DEFINITIONAL_REPRESENTATION('',(#377),#506);
#377 = B_SPLINE_CURVE_WITH_KNOTS('',7,(#378,#379,#380,#381,#382,#383,
    #384,#385,#386,#387,#388,#389,#390,#391,#392,#393,#394,#395,#396,
    #397,#398,#399,#400,#401,#402,#403,#404,#405,#406,#407,#408,#409,
    #410,#411,#412,#413,#414,#415,#416,#417,#418,#419,#420,#421,#422,
    #423,#424,#425,#426,#427,#428,#429,#430,#431,#432,#433,#434,#435,
    #436,#437,#438,#439,#440,#441,#442,#443,#444,#445,#446,#447,#448,
    #449,#450,#451,#452,#453,#454,#455,#456,#457,#458,#459,#460,#461,
    #462,#463,#464,#465,#466,#467,#468,#469,#470,#471,#472,#473,#474,
    #475,#476,#477,#478,#479,#480,#481,#482,#483,#484,#485,#486,#487,
    #488,#489,#490,#491,#492,#493,#494,#495,#496,#497,#498,#499,#500,
    #501,#502,#503,#504,#505),.UNSPECIFIED.,.F.,.F.,(8,6,6,6,6,6,6,6,6,6
    ,6,6,6,6,6,6,6,6,6,6,6,8),(0.,8.557992499822E-02,0.162893524777,
    0.21601925075,0.237522320557,0.253053982196,0.278118859822,
    0.297008889059,0.326321260814,0.378256510743,0.441115269719,
    0.53055604776,0.646360925088,0.747206138537,0.812306301697,
    0.873481291421,0.899446833542,0.914643677189,0.945754229054,
    0.970931044161,1.,1.009427507281),.UNSPECIFIED.);
#378 = CARTESIAN_POINT('',(0.,4.354912541484));
#379 = CARTESIAN_POINT('',(8.525886201256E-02,4.199950439592));
#380 = CARTESIAN_POINT('',(0.175091429649,4.047241945093));
#381 = CARTESIAN_POINT('',(0.269570407042,3.896825642202));
#382 = CARTESIAN_POINT('',(0.3688433194,3.748812779094));
#383 = CARTESIAN_POINT('',(0.473123766433,3.603382108313));
#384 = CARTESIAN_POINT('',(0.582738742561,3.460803430796));
#385 = CARTESIAN_POINT('',(0.802569592945,3.195632816568));
#386 = CARTESIAN_POINT('',(0.91161901217,3.072543442227));
#387 = CARTESIAN_POINT('',(1.025862629917,2.952418293337));
#388 = CARTESIAN_POINT('',(1.145823473074,2.835682909465));
#389 = CARTESIAN_POINT('',(1.272181028734,2.723082440171));
#390 = CARTESIAN_POINT('',(1.405700714326,2.615625322991));
#391 = CARTESIAN_POINT('',(1.645662964582,2.445996144478));
#392 = CARTESIAN_POINT('',(1.747265107038,2.380346169494));
#393 = CARTESIAN_POINT('',(1.853433415856,2.318522579683));
#394 = CARTESIAN_POINT('',(1.964724729192,2.261372293143));
#395 = CARTESIAN_POINT('',(2.081574413592,2.21024134067));
#396 = CARTESIAN_POINT('',(2.204267462003,2.166940713843));
#397 = CARTESIAN_POINT('',(2.38528279999,2.120676807786));
#398 = CARTESIAN_POINT('',(2.438398079601,2.109058194435));
#399 = CARTESIAN_POINT('',(2.492451070037,2.099323792658));
#400 = CARTESIAN_POINT('',(2.547381207272,2.091665323859));
#401 = CARTESIAN_POINT('',(2.603084594054,2.086284354768));
#402 = CARTESIAN_POINT('',(2.659406930032,2.08337192938));
#403 = CARTESIAN_POINT('',(2.757106387111,2.082864099429));
#404 = CARTESIAN_POINT('',(2.798292467729,2.084016739215));
#405 = CARTESIAN_POINT('',(2.839599377522,2.086591248147));
#406 = CARTESIAN_POINT('',(2.880927528457,2.090630168313));
#407 = CARTESIAN_POINT('',(2.922169936988,2.096157921142));
#408 = CARTESIAN_POINT('',(2.963212458324,2.103176399809));
#409 = CARTESIAN_POINT('',(3.069650168871,2.125352237546));
#410 = CARTESIAN_POINT('',(3.13456634791,2.142868435969));
#411 = CARTESIAN_POINT('',(3.198142038869,2.164105024952));
#412 = CARTESIAN_POINT('',(3.259992216747,2.188804832324));
#413 = CARTESIAN_POINT('',(3.319853325571,2.216623534354));
#414 = CARTESIAN_POINT('',(3.3775568495,2.247180555185));
#415 = CARTESIAN_POINT('',(3.474802852367,2.304900779002));
#416 = CARTESIAN_POINT('',(3.51533655942,2.331057228791));
#417 = CARTESIAN_POINT('',(3.554598267629,2.358419204143));
#418 = CARTESIAN_POINT('',(3.592596561912,2.386850205241));
#419 = CARTESIAN_POINT('',(3.629357341732,2.41622637112));
#420 = CARTESIAN_POINT('',(3.664919217255,2.446440496089));
#421 = CARTESIAN_POINT('',(3.752723718237,2.525456459611));
#422 = CARTESIAN_POINT('',(3.803326231899,2.575298977248));
#423 = CARTESIAN_POINT('',(3.851326340321,2.626616104777));
#424 = CARTESIAN_POINT('',(3.896901871381,2.67914665315));
#425 = CARTESIAN_POINT('',(3.940221096596,2.732684215768));
#426 = CARTESIAN_POINT('',(3.981445240718,2.787075645704));
#427 = CARTESIAN_POINT('',(4.090336934288,2.939922700302));
#428 = CARTESIAN_POINT('',(4.153800566476,3.039908611206));
#429 = CARTESIAN_POINT('',(4.211987968198,3.141584658924));
#430 = CARTESIAN_POINT('',(4.265471304254,3.244532818833));
#431 = CARTESIAN_POINT('',(4.314727885344,3.348452469504));
#432 = CARTESIAN_POINT('',(4.360144387674,3.45316021531));
#433 = CARTESIAN_POINT('',(4.452770477188,3.686170456145));
#434 = CARTESIAN_POINT('',(4.498316419343,3.814723273451));
#435 = CARTESIAN_POINT('',(4.539245513475,3.944013810055));
#436 = CARTESIAN_POINT('',(4.57594246718,4.073873755384));
#437 = CARTESIAN_POINT('',(4.608698815329,4.204179535369));
#438 = CARTESIAN_POINT('',(4.637751503308,4.334847420885));
#439 = CARTESIAN_POINT('',(4.699605678377,4.652213649899));
#440 = CARTESIAN_POINT('',(4.72878890875,4.839190963312));
#441 = CARTESIAN_POINT('',(4.751351047865,5.026603283925));
#442 = CARTESIAN_POINT('',(4.767597636076,5.214313737468));
#443 = CARTESIAN_POINT('',(4.777708575469,5.402209255064));
#444 = CARTESIAN_POINT('',(4.78177763062,5.590199076319));
#445 = CARTESIAN_POINT('',(4.777243787589,6.02164949636));
#446 = CARTESIAN_POINT('',(4.764553465002,6.265060170178));
#447 = CARTESIAN_POINT('',(4.741738821705,6.508301454294));
#448 = CARTESIAN_POINT('',(4.708556564749,6.751142209713));
#449 = CARTESIAN_POINT('',(4.664581507149,6.993266750981));
#450 = CARTESIAN_POINT('',(4.609202428091,7.234258354024));
#451 = CARTESIAN_POINT('',(4.482626623541,7.681956761673));
#452 = CARTESIAN_POINT('',(4.414422938535,7.888980431879));
#453 = CARTESIAN_POINT('',(4.336355098337,8.094319285107));
#454 = CARTESIAN_POINT('',(4.247726432906,8.297428885184));
#455 = CARTESIAN_POINT('',(4.147724756693,8.497515121448));
#456 = CARTESIAN_POINT('',(4.035447373388,8.693519451683));
#457 = CARTESIAN_POINT('',(3.828631815548,9.007006033345));
#458 = CARTESIAN_POINT('',(3.741942857402,9.127648323771));
#459 = CARTESIAN_POINT('',(3.649400194211,9.245578690978));
#460 = CARTESIAN_POINT('',(3.550707715828,9.360292496264));
#461 = CARTESIAN_POINT('',(3.445588791755,9.471158222377));
#462 = CARTESIAN_POINT('',(3.333792231359,9.577413472789));
#463 = CARTESIAN_POINT('',(3.103538726127,9.772818560569));
#464 = CARTESIAN_POINT('',(2.98593561494,9.862574530395));
#465 = CARTESIAN_POINT('',(2.862080990111,9.946686594459));
#466 = CARTESIAN_POINT('',(2.73189995761,10.024214071155));
#467 = CARTESIAN_POINT('',(2.595480149888,10.09404344999));
#468 = CARTESIAN_POINT('',(2.45311734711,10.154941948947));
#469 = CARTESIAN_POINT('',(2.242653125767,10.227145991034));
#470 = CARTESIAN_POINT('',(2.178980741942,10.246817752338));
#471 = CARTESIAN_POINT('',(2.114399300404,10.264547508721));
#472 = CARTESIAN_POINT('',(2.048971966294,10.280234807443));
#473 = CARTESIAN_POINT('',(1.982775438642,10.29378085));
#474 = CARTESIAN_POINT('',(1.915900950137,10.305091701509));
#475 = CARTESIAN_POINT('',(1.808981355727,10.319342956342));
#476 = CARTESIAN_POINT('',(1.769311765241,10.323809523091));
#477 = CARTESIAN_POINT('',(1.729468104788,10.327463677804));
#478 = CARTESIAN_POINT('',(1.689473596833,10.330289375125));
#479 = CARTESIAN_POINT('',(1.649353076956,10.332272046881));
#480 = CARTESIAN_POINT('',(1.609132993846,10.333398602085));
#481 = CARTESIAN_POINT('',(1.486357608082,10.334187285906));
#482 = CARTESIAN_POINT('',(1.403564332938,10.331081042923));
#483 = CARTESIAN_POINT('',(1.320716338838,10.324241119135));
#484 = CARTESIAN_POINT('',(1.238078587894,10.313606061836));
#485 = CARTESIAN_POINT('',(1.155924648829,10.299156470372));
#486 = CARTESIAN_POINT('',(1.074535096437,10.280920922063));
#487 = CARTESIAN_POINT('',(0.929179873238,10.24122731915));
#488 = CARTESIAN_POINT('',(0.864843666311,10.221045149258));
#489 = CARTESIAN_POINT('',(0.80133669237,10.198478024272));
#490 = CARTESIAN_POINT('',(0.738795680039,10.173587354917));
#491 = CARTESIAN_POINT('',(0.677345102073,10.146451521227));
#492 = CARTESIAN_POINT('',(0.617097592965,10.11716406696));
#493 = CARTESIAN_POINT('',(0.49009897361,10.049656009648));
#494 = CARTESIAN_POINT('',(0.423776793911,10.01075131123));
#495 = CARTESIAN_POINT('',(0.359339881104,9.969280373182));
#496 = CARTESIAN_POINT('',(0.296905114371,9.925419563458));
#497 = CARTESIAN_POINT('',(0.236558507729,9.879353152263));
#498 = CARTESIAN_POINT('',(0.178359519311,9.831267420778));
#499 = CARTESIAN_POINT('',(0.104179111712,9.765154090124));
#500 = CARTESIAN_POINT('',(8.624063919671E-02,9.748768403387));
#501 = CARTESIAN_POINT('',(6.853118881892E-02,9.732193810554));
#502 = CARTESIAN_POINT('',(5.105176277416E-02,9.715436337379));
#503 = CARTESIAN_POINT('',(3.380311975182E-02,9.698501934489));
#504 = CARTESIAN_POINT('',(1.67857749349E-02,9.68139647738));
#505 = CARTESIAN_POINT('',(0.,9.664125766418));
#506 = ( GEOMETRIC_REPRESENTATION_CONTEXT(2) 
PARAMETRIC_REPRESENTATION_CONTEXT() REPRESENTATION_CONTEXT('2D SPACE',''
  ) );
#507 = PCURVE('',#508,#2623);
#508 = ( BOUNDED_SURFACE() B_SPLINE_SURFACE(6,11,(
    (#509,#510,#511,#512,#513,#514,#515,#516,#517,#518,#519,#520,#521
      ,#522,#523,#524,#525,#526,#527,#528,#529,#530,#531,#532,#533,#534
      ,#535,#536,#537,#538,#539,#540,#541,#542,#543,#544,#545,#546,#547
      ,#548,#549,#550,#551,#552,#553,#554,#555,#556,#557,#558,#559,#560
      ,#561,#562,#563,#564,#565,#566,#567,#568,#569,#570,#571,#572,#573
      ,#574,#575,#576,#577,#578,#579,#580,#581,#582,#583,#584,#585,#586
      ,#587,#588,#589,#590,#591,#592,#593,#594,#595,#596,#597,#598,#599
      ,#600,#601,#602,#603,#604,#605,#606,#607,#608,#609,#610,#611,#612
      ,#613,#614,#615,#616,#617,#618,#619,#620,#621,#622,#623,#624,#625
      ,#626,#627,#628,#629,#630,#631,#632,#633,#634,#635,#636,#637,#638
      ,#639,#640,#641,#642,#643,#644,#645,#646,#647,#648,#649,#650,#651
      ,#652,#653,#654,#655,#656,#657,#658,#659,#660,#661,#662,#663,#664
      ,#665,#666,#667,#668,#669,#670,#671,#672,#673,#674,#675,#676,#677
      ,#678,#679,#680,#681,#682,#683,#684,#685,#686,#687,#688,#689,#690
      ,#691,#692,#693,#694,#695,#696,#697,#698,#699,#700,#701,#702,#703
      ,#704,#705,#706,#707,#708,#709,#710,#711,#712,#713,#714,#715,#716
      ,#717,#718,#719,#720,#721,#722,#723,#724,#725,#726,#727,#728,#729
      ,#730,#731,#732,#733,#734,#735,#736,#737,#738,#739,#740,#741,#742
      ,#743,#744,#745,#746,#747,#748,#749,#750,#751,#752,#753,#754,#755
      ,#756,#757,#758,#759,#760,#761,#762,#763,#764,#765,#766,#767,#768
      ,#769,#770,#771,#772,#773,#774,#775,#776,#777,#778,#779,#780,#781
      ,#782,#783,#784,#785,#786,#787,#788,#789,#790,#791,#792,#793,#794
      ,#795,#796,#797,#798,#799,#800,#801,#802,#803,#804,#805,#806,#807
      ,#808,#809,#810)
    ,(#811,#812,#813,#814,#815,#816,#817,#818,#819,#820,#821,#822,#823
      ,#824,#825,#826,#827,#828,#829,#830,#831,#832,#833,#834,#835,#836
      ,#837,#838,#839,#840,#841,#842,#843,#844,#845,#846,#847,#848,#849
      ,#850,#851,#852,#853,#854,#855,#856,#857,#858,#859,#860,#861,#862
      ,#863,#864,#865,#866,#867,#868,#869,#870,#871,#872,#873,#874,#875
      ,#876,#877,#878,#879,#880,#881,#882,#883,#884,#885,#886,#887,#888
      ,#889,#890,#891,#892,#893,#894,#895,#896,#897,#898,#899,#900,#901
      ,#902,#903,#904,#905,#906,#907,#908,#909,#910,#911,#912,#913,#914
      ,#915,#916,#917,#918,#919,#920,#921,#922,#923,#924,#925,#926,#927
      ,#928,#929,#930,#931,#932,#933,#934,#935,#936,#937,#938,#939,#940
      ,#941,#942,#943,#944,#945,#946,#947,#948,#949,#950,#951,#952,#953
      ,#954,#955,#956,#957,#958,#959,#960,#961,#962,#963,#964,#965,#966
      ,#967,#968,#969,#970,#971,#972,#973,#974,#975,#976,#977,#978,#979
      ,#980,#981,#982,#983,#984,#985,#986,#987,#988,#989,#990,#991,#992
      ,#993,#994,#995,#996,#997,#998,#999,#1000,#1001,#1002,#1003,#1004
      ,#1005,#1006,#1007,#1008,#1009,#1010,#1011,#1012,#1013,#1014,#1015
      ,#1016,#1017,#1018,#1019,#1020,#1021,#1022,#1023,#1024,#1025,#1026
      ,#1027,#1028,#1029,#1030,#1031,#1032,#1033,#1034,#1035,#1036,#1037
      ,#1038,#1039,#1040,#1041,#1042,#1043,#1044,#1045,#1046,#1047,#1048
      ,#1049,#1050,#1051,#1052,#1053,#1054,#1055,#1056,#1057,#1058,#1059
      ,#1060,#1061,#1062,#1063,#1064,#1065,#1066,#1067,#1068,#1069,#1070
      ,#1071,#1072,#1073,#1074,#1075,#1076,#1077,#1078,#1079,#1080,#1081
      ,#1082,#1083,#1084,#1085,#1086,#1087,#1088,#1089,#1090,#1091,#1092
      ,#1093,#1094,#1095,#1096,#1097,#1098,#1099,#1100,#1101,#1102,#1103
      ,#1104,#1105,#1106,#1107,#1108,#1109,#1110,#1111,#1112)
    ,(#1113,#1114,#1115,#1116,#1117,#1118,#1119,#1120,#1121,#1122,#1123
      ,#1124,#1125,#1126,#1127,#1128,#1129,#1130,#1131,#1132,#1133,#1134
      ,#1135,#1136,#1137,#1138,#1139,#1140,#1141,#1142,#1143,#1144,#1145
      ,#1146,#1147,#1148,#1149,#1150,#1151,#1152,#1153,#1154,#1155,#1156
      ,#1157,#1158,#1159,#1160,#1161,#1162,#1163,#1164,#1165,#1166,#1167
      ,#1168,#1169,#1170,#1171,#1172,#1173,#1174,#1175,#1176,#1177,#1178
      ,#1179,#1180,#1181,#1182,#1183,#1184,#1185,#1186,#1187,#1188,#1189
      ,#1190,#1191,#1192,#1193,#1194,#1195,#1196,#1197,#1198,#1199,#1200
      ,#1201,#1202,#1203,#1204,#1205,#1206,#1207,#1208,#1209,#1210,#1211
      ,#1212,#1213,#1214,#1215,#1216,#1217,#1218,#1219,#1220,#1221,#1222
      ,#1223,#1224,#1225,#1226,#1227,#1228,#1229,#1230,#1231,#1232,#1233
      ,#1234,#1235,#1236,#1237,#1238,#1239,#1240,#1241,#1242,#1243,#1244
      ,#1245,#1246,#1247,#1248,#1249,#1250,#1251,#1252,#1253,#1254,#1255
      ,#1256,#1257,#1258,#1259,#1260,#1261,#1262,#1263,#1264,#1265,#1266
      ,#1267,#1268,#1269,#1270,#1271,#1272,#1273,#1274,#1275,#1276,#1277
      ,#1278,#1279,#1280,#1281,#1282,#1283,#1284,#1285,#1286,#1287,#1288
      ,#1289,#1290,#1291,#1292,#1293,#1294,#1295,#1296,#1297,#1298,#1299
      ,#1300,#1301,#1302,#1303,#1304,#1305,#1306,#1307,#1308,#1309,#1310
      ,#1311,#1312,#1313,#1314,#1315,#1316,#1317,#1318,#1319,#1320,#1321
      ,#1322,#1323,#1324,#1325,#1326,#1327,#1328,#1329,#1330,#1331,#1332
      ,#1333,#1334,#1335,#1336,#1337,#1338,#1339,#1340,#1341,#1342,#1343
      ,#1344,#1345,#1346,#1347,#1348,#1349,#1350,#1351,#1352,#1353,#1354
      ,#1355,#1356,#1357,#1358,#1359,#1360,#1361,#1362,#1363,#1364,#1365
      ,#1366,#1367,#1368,#1369,#1370,#1371,#1372,#1373,#1374,#1375,#1376
      ,#1377,#1378,#1379,#1380,#1381,#1382,#1383,#1384,#1385,#1386,#1387
      ,#1388,#1389,#1390,#1391,#1392,#1393,#1394,#1395,#1396,#1397,#1398
      ,#1399,#1400,#1401,#1402,#1403,#1404,#1405,#1406,#1407,#1408,#1409
      ,#1410,#1411,#1412,#1413,#1414)
    ,(#1415,#1416,#1417,#1418,#1419,#1420,#1421,#1422,#1423,#1424,#1425
      ,#1426,#1427,#1428,#1429,#1430,#1431,#1432,#1433,#1434,#1435,#1436
      ,#1437,#1438,#1439,#1440,#1441,#1442,#1443,#1444,#1445,#1446,#1447
      ,#1448,#1449,#1450,#1451,#1452,#1453,#1454,#1455,#1456,#1457,#1458
      ,#1459,#1460,#1461,#1462,#1463,#1464,#1465,#1466,#1467,#1468,#1469
      ,#1470,#1471,#1472,#1473,#1474,#1475,#1476,#1477,#1478,#1479,#1480
      ,#1481,#1482,#1483,#1484,#1485,#1486,#1487,#1488,#1489,#1490,#1491
      ,#1492,#1493,#1494,#1495,#1496,#1497,#1498,#1499,#1500,#1501,#1502
      ,#1503,#1504,#1505,#1506,#1507,#1508,#1509,#1510,#1511,#1512,#1513
      ,#1514,#1515,#1516,#1517,#1518,#1519,#1520,#1521,#1522,#1523,#1524
      ,#1525,#1526,#1527,#1528,#1529,#1530,#1531,#1532,#1533,#1534,#1535
      ,#1536,#1537,#1538,#1539,#1540,#1541,#1542,#1543,#1544,#1545,#1546
      ,#1547,#1548,#1549,#1550,#1551,#1552,#1553,#1554,#1555,#1556,#1557
      ,#1558,#1559,#1560,#1561,#1562,#1563,#1564,#1565,#1566,#1567,#1568
      ,#1569,#1570,#1571,#1572,#1573,#1574,#1575,#1576,#1577,#1578,#1579
      ,#1580,#1581,#1582,#1583,#1584,#1585,#1586,#1587,#1588,#1589,#1590
      ,#1591,#1592,#1593,#1594,#1595,#1596,#1597,#1598,#1599,#1600,#1601
      ,#1602,#1603,#1604,#1605,#1606,#1607,#1608,#1609,#1610,#1611,#1612
      ,#1613,#1614,#1615,#1616,#1617,#1618,#1619,#1620,#1621,#1622,#1623
      ,#1624,#1625,#1626,#1627,#1628,#1629,#1630,#1631,#1632,#1633,#1634
      ,#1635,#1636,#1637,#1638,#1639,#1640,#1641,#1642,#1643,#1644,#1645
      ,#1646,#1647,#1648,#1649,#1650,#1651,#1652,#1653,#1654,#1655,#1656
      ,#1657,#1658,#1659,#1660,#1661,#1662,#1663,#1664,#1665,#1666,#1667
      ,#1668,#1669,#1670,#1671,#1672,#1673,#1674,#1675,#1676,#1677,#1678
      ,#1679,#1680,#1681,#1682,#1683,#1684,#1685,#1686,#1687,#1688,#1689
      ,#1690,#1691,#1692,#1693,#1694,#1695,#1696,#1697,#1698,#1699,#1700
      ,#1701,#1702,#1703,#1704,#1705,#1706,#1707,#1708,#1709,#1710,#1711
      ,#1712,#1713,#1714,#1715,#1716)
    ,(#1717,#1718,#1719,#1720,#1721,#1722,#1723,#1724,#1725,#1726,#1727
      ,#1728,#1729,#1730,#1731,#1732,#1733,#1734,#1735,#1736,#1737,#1738
      ,#1739,#1740,#1741,#1742,#1743,#1744,#1745,#1746,#1747,#1748,#1749
      ,#1750,#1751,#1752,#1753,#1754,#1755,#1756,#1757,#1758,#1759,#1760
      ,#1761,#1762,#1763,#1764,#1765,#1766,#1767,#1768,#1769,#1770,#1771
      ,#1772,#1773,#1774,#1775,#1776,#1777,#1778,#1779,#1780,#1781,#1782
      ,#1783,#1784,#1785,#1786,#1787,#1788,#1789,#1790,#1791,#1792,#1793
      ,#1794,#1795,#1796,#1797,#1798,#1799,#1800,#1801,#1802,#1803,#1804
      ,#1805,#1806,#1807,#1808,#1809,#1810,#1811,#1812,#1813,#1814,#1815
      ,#1816,#1817,#1818,#1819,#1820,#1821,#1822,#1823,#1824,#1825,#1826
      ,#1827,#1828,#1829,#1830,#1831,#1832,#1833,#1834,#1835,#1836,#1837
      ,#1838,#1839,#1840,#1841,#1842,#1843,#1844,#1845,#1846,#1847,#1848
      ,#1849,#1850,#1851,#1852,#1853,#1854,#1855,#1856,#1857,#1858,#1859
      ,#1860,#1861,#1862,#1863,#1864,#1865,#1866,#1867,#1868,#1869,#1870
      ,#1871,#1872,#1873,#1874,#1875,#1876,#1877,#1878,#1879,#1880,#1881
      ,#1882,#1883,#1884,#1885,#1886,#1887,#1888,#1889,#1890,#1891,#1892
      ,#1893,#1894,#1895,#1896,#1897,#1898,#1899,#1900,#1901,#1902,#1903
      ,#1904,#1905,#1906,#1907,#1908,#1909,#1910,#1911,#1912,#1913,#1914
      ,#1915,#1916,#1917,#1918,#1919,#1920,#1921,#1922,#1923,#1924,#1925
      ,#1926,#1927,#1928,#1929,#1930,#1931,#1932,#1933,#1934,#1935,#1936
      ,#1937,#1938,#1939,#1940,#1941,#1942,#1943,#1944,#1945,#1946,#1947
      ,#1948,#1949,#1950,#1951,#1952,#1953,#1954,#1955,#1956,#1957,#1958
      ,#1959,#1960,#1961,#1962,#1963,#1964,#1965,#1966,#1967,#1968,#1969
      ,#1970,#1971,#1972,#1973,#1974,#1975,#1976,#1977,#1978,#1979,#1980
      ,#1981,#1982,#1983,#1984,#1985,#1986,#1987,#1988,#1989,#1990,#1991
      ,#1992,#1993,#1994,#1995,#1996,#1997,#1998,#1999,#2000,#2001,#2002
      ,#2003,#2004,#2005,#2006,#2007,#2008,#2009,#2010,#2011,#2012,#2013
      ,#2014,#2015,#2016,#2017,#2018)
    ,(#2019,#2020,#2021,#2022,#2023,#2024,#2025,#2026,#2027,#2028,#2029
      ,#2030,#2031,#2032,#2033,#2034,#2035,#2036,#2037,#2038,#2039,#2040
      ,#2041,#2042,#2043,#2044,#2045,#2046,#2047,#2048,#2049,#2050,#2051
      ,#2052,#2053,#2054,#2055,#2056,#2057,#2058,#2059,#2060,#2061,#2062
      ,#2063,#2064,#2065,#2066,#2067,#2068,#2069,#2070,#2071,#2072,#2073
      ,#2074,#2075,#2076,#2077,#2078,#2079,#2080,#2081,#2082,#2083,#2084
      ,#2085,#2086,#2087,#2088,#2089,#2090,#2091,#2092,#2093,#2094,#2095
      ,#2096,#2097,#2098,#2099,#2100,#2101,#2102,#2103,#2104,#2105,#2106
      ,#2107,#2108,#2109,#2110,#2111,#2112,#2113,#2114,#2115,#2116,#2117
      ,#2118,#2119,#2120,#2121,#2122,#2123,#2124,#2125,#2126,#2127,#2128
      ,#2129,#2130,#2131,#2132,#2133,#2134,#2135,#2136,#2137,#2138,#2139
      ,#2140,#2141,#2142,#2143,#2144,#2145,#2146,#2147,#2148,#2149,#2150
      ,#2151,#2152,#2153,#2154,#2155,#2156,#2157,#2158,#2159,#2160,#2161
      ,#2162,#2163,#2164,#2165,#2166,#2167,#2168,#2169,#2170,#2171,#2172
      ,#2173,#2174,#2175,#2176,#2177,#2178,#2179,#2180,#2181,#2182,#2183
      ,#2184,#2185,#2186,#2187,#2188,#2189,#2190,#2191,#2192,#2193,#2194
      ,#2195,#2196,#2197,#2198,#2199,#2200,#2201,#2202,#2203,#2204,#2205
      ,#2206,#2207,#2208,#2209,#2210,#2211,#2212,#2213,#2214,#2215,#2216
      ,#2217,#2218,#2219,#2220,#2221,#2222,#2223,#2224,#2225,#2226,#2227
      ,#2228,#2229,#2230,#2231,#2232,#2233,#2234,#2235,#2236,#2237,#2238
      ,#2239,#2240,#2241,#2242,#2243,#2244,#2245,#2246,#2247,#2248,#2249
      ,#2250,#2251,#2252,#2253,#2254,#2255,#2256,#2257,#2258,#2259,#2260
      ,#2261,#2262,#2263,#2264,#2265,#2266,#2267,#2268,#2269,#2270,#2271
      ,#2272,#2273,#2274,#2275,#2276,#2277,#2278,#2279,#2280,#2281,#2282
      ,#2283,#2284,#2285,#2286,#2287,#2288,#2289,#2290,#2291,#2292,#2293
      ,#2294,#2295,#2296,#2297,#2298,#2299,#2300,#2301,#2302,#2303,#2304
      ,#2305,#2306,#2307,#2308,#2309,#2310,#2311,#2312,#2313,#2314,#2315
      ,#2316,#2317,#2318,#2319,#2320)
    ,(#2321,#2322,#2323,#2324,#2325,#2326,#2327,#2328,#2329,#2330,#2331
      ,#2332,#2333,#2334,#2335,#2336,#2337,#2338,#2339,#2340,#2341,#2342
      ,#2343,#2344,#2345,#2346,#2347,#2348,#2349,#2350,#2351,#2352,#2353
      ,#2354,#2355,#2356,#2357,#2358,#2359,#2360,#2361,#2362,#2363,#2364
      ,#2365,#2366,#2367,#2368,#2369,#2370,#2371,#2372,#2373,#2374,#2375
      ,#2376,#2377,#2378,#2379,#2380,#2381,#2382,#2383,#2384,#2385,#2386
      ,#2387,#2388,#2389,#2390,#2391,#2392,#2393,#2394,#2395,#2396,#2397
      ,#2398,#2399,#2400,#2401,#2402,#2403,#2404,#2405,#2406,#2407,#2408
      ,#2409,#2410,#2411,#2412,#2413,#2414,#2415,#2416,#2417,#2418,#2419
      ,#2420,#2421,#2422,#2423,#2424,#2425,#2426,#2427,#2428,#2429,#2430
      ,#2431,#2432,#2433,#2434,#2435,#2436,#2437,#2438,#2439,#2440,#2441
      ,#2442,#2443,#2444,#2445,#2446,#2447,#2448,#2449,#2450,#2451,#2452
      ,#2453,#2454,#2455,#2456,#2457,#2458,#2459,#2460,#2461,#2462,#2463
      ,#2464,#2465,#2466,#2467,#2468,#2469,#2470,#2471,#2472,#2473,#2474
      ,#2475,#2476,#2477,#2478,#2479,#2480,#2481,#2482,#2483,#2484,#2485
      ,#2486,#2487,#2488,#2489,#2490,#2491,#2492,#2493,#2494,#2495,#2496
      ,#2497,#2498,#2499,#2500,#2501,#2502,#2503,#2504,#2505,#2506,#2507
      ,#2508,#2509,#2510,#2511,#2512,#2513,#2514,#2515,#2516,#2517,#2518
      ,#2519,#2520,#2521,#2522,#2523,#2524,#2525,#2526,#2527,#2528,#2529
      ,#2530,#2531,#2532,#2533,#2534,#2535,#2536,#2537,#2538,#2539,#2540
      ,#2541,#2542,#2543,#2544,#2545,#2546,#2547,#2548,#2549,#2550,#2551
      ,#2552,#2553,#2554,#2555,#2556,#2557,#2558,#2559,#2560,#2561,#2562
      ,#2563,#2564,#2565,#2566,#2567,#2568,#2569,#2570,#2571,#2572,#2573
      ,#2574,#2575,#2576,#2577,#2578,#2579,#2580,#2581,#2582,#2583,#2584
      ,#2585,#2586,#2587,#2588,#2589,#2590,#2591,#2592,#2593,#2594,#2595
      ,#2596,#2597,#2598,#2599,#2600,#2601,#2602,#2603,#2604,#2605,#2606
      ,#2607,#2608,#2609,#2610,#2611,#2612,#2613,#2614,#2615,#2616,#2617
      ,#2618,#2619,#2620,#2621,#2622
)),.UNSPECIFIED.,.T.,.F.,.F.) B_SPLINE_SURFACE_WITH_KNOTS((1,6,6,1),(12,
    11,11,9,9,9,9,11,9,9,9,11,9,9,9,9,9,9,9,11,9,11,9,11,9,9,9,11,9,11,
    11,12),(-6.28318530718,0.,6.28318530718,12.566370614359),(0.,
    13.190905958273,44.239255350793,62.350025627068,71.405410765205,
    73.66925704974,75.933103334274,80.460795903343,84.835795903343,
    89.210795903343,97.960795903343,115.46079590334,117.7418318522,
    118.88234982663,119.45260881385,120.02286780106,121.16338577549,
    122.30390374992,124.58493969879,133.70908349423,145.96673416636,
    158.2243848385,178.6265906016,199.0287963647,211.14799600824,
    223.26719565178,235.38639529532,247.50559493886,261.64890519495,
    275.79221545104,291.79221545104,299.98003717175),.UNSPECIFIED.) 
GEOMETRIC_REPRESENTATION_ITEM() RATIONAL_B_SPLINE_SURFACE((
    (1.669078461068,1.669078461068,1.669078461068,1.669078461069
      ,1.669078461066,1.669078461071,1.669078461066,1.66907846107
      ,1.669078461067,1.669078461069,1.669078461068,1.669078461068
      ,1.669078461068,1.669078461068,1.669078461068,1.669078461068
      ,1.669078461068,1.669078461068,1.669078461068,1.669078461068
      ,1.669078461068,1.669078461068,1.669078461068,1.669078461068
      ,1.669078461068,1.669078461068,1.669078461068,1.669078461068
      ,1.669078461069,1.669078461068,1.669078461068,1.669078461068
      ,1.669078461068,1.669078461068,1.669078461068,1.669078461069
      ,1.669078461068,1.669078461069,1.669078461068,1.669078461068
      ,1.669078461068,1.669078461068,1.669078461068,1.669078461068
      ,1.669078461069,1.669078461067,1.669078461069,1.669078461068
      ,1.669078461068,1.669078461068,1.669078461068,1.669078461068
      ,1.669078461068,1.669078461068,1.669078461069,1.669078461068
      ,1.669078461069,1.669078461068,1.669078461068,1.669078461068
      ,1.669078461068,1.669078461068,1.669078461068,1.669078461068
      ,1.669078461068,1.669078461068,1.669078461068,1.669078461068
      ,1.669078461068,1.669078461068,1.669078461068,1.669078461069
      ,1.669078461067,1.669078461071,1.669078461065,1.669078461071
      ,1.669078461066,1.669078461069,1.669078461068,1.669078461068
      ,1.669078461068,1.669078461068,1.66907846107,1.669078461066
      ,1.66907846107,1.669078461067,1.669078461069,1.669078461068
      ,1.669078461068,1.669078461068,1.669078461069,1.669078461067
      ,1.66907846107,1.669078461067,1.669078461069,1.669078461068
      ,1.669078461068,1.669078461068,1.669078461068,1.669078461068
      ,1.669078461068,1.669078461069,1.669078461068,1.669078461069
      ,1.669078461068,1.669078461068,1.669078461068,1.669078461068
      ,1.669078461068,1.669078461068,1.669078461069,1.669078461067
      ,1.66907846107,1.669078461067,1.669078461069,1.669078461068
      ,1.669078461068,1.669078461068,1.669078461068,1.669078461069
      ,1.669078461067,1.669078461069,1.669078461067,1.669078461069
      ,1.669078461068,1.669078461068,1.669078461068,1.669078461068
      ,1.669078461068,1.66907846107,1.669078461066,1.66907846107
      ,1.669078461067,1.669078461069,1.669078461068,1.669078461068
      ,1.669078461068,1.669078461068,1.669078461068,1.669078461069
      ,1.669078461068,1.669078461068,1.669078461068,1.669078461068
      ,1.669078461068,1.669078461068,1.669078461069,1.669078461068
      ,1.669078461069,1.669078461068,1.669078461069,1.669078461068
      ,1.669078461068,1.669078461068,1.669078461068,1.669078461069
      ,1.669078461067,1.66907846107,1.669078461067,1.669078461069
      ,1.669078461068,1.669078461068,1.669078461068,1.669078461068
      ,1.669078461068,1.669078461068,1.669078461069,1.669078461068
      ,1.669078461068,1.669078461068,1.669078461068,1.669078461068
      ,1.669078461069,1.669078461068,1.669078461069,1.669078461067
      ,1.669078461069,1.669078461068,1.669078461068,1.669078461068
      ,1.669078461068,1.669078461068,1.669078461068,1.669078461068
      ,1.669078461069,1.669078461067,1.66907846107,1.669078461067
      ,1.669078461069,1.669078461068,1.669078461068,1.669078461068
      ,1.669078461068,1.669078461069,1.669078461067,1.66907846107
      ,1.669078461067,1.669078461069,1.669078461068,1.669078461068
      ,1.669078461068,1.669078461068,1.669078461068,1.669078461068
      ,1.669078461069,1.669078461067,1.669078461069,1.669078461067
      ,1.669078461069,1.669078461068,1.669078461068,1.669078461068
      ,1.669078461068,1.669078461068,1.669078461068,1.669078461069
      ,1.669078461068,1.669078461069,1.669078461068,1.669078461068
      ,1.669078461068,1.669078461068,1.669078461068,1.669078461068
      ,1.669078461069,1.669078461067,1.66907846107,1.669078461067
      ,1.669078461069,1.669078461068,1.669078461068,1.669078461068
      ,1.669078461068,1.669078461068,1.669078461069,1.669078461067
      ,1.669078461069,1.669078461067,1.669078461069,1.669078461068
      ,1.669078461068,1.669078461068,1.669078461068,1.669078461069
      ,1.669078461068,1.669078461069,1.669078461068,1.669078461068
      ,1.669078461068,1.669078461068,1.669078461068,1.669078461068
      ,1.669078461069,1.669078461067,1.669078461069,1.669078461067
      ,1.669078461069,1.669078461068,1.669078461068,1.669078461068
      ,1.669078461068,1.669078461068,1.669078461069,1.669078461067
      ,1.66907846107,1.669078461067,1.669078461069,1.669078461068
      ,1.669078461068,1.669078461068,1.669078461068,1.669078461068
      ,1.669078461068,1.669078461068,1.669078461068,1.669078461068
      ,1.669078461068,1.669078461068,1.669078461068,1.669078461068
      ,1.669078461068,1.669078461068,1.669078461068,1.669078461069
      ,1.669078461068,1.669078461069,1.669078461068,1.669078461069
      ,1.669078461068,1.669078461068,1.669078461068,1.669078461068
      ,1.669078461068,1.669078461068,1.669078461068,1.669078461068
      ,1.669078461069,1.669078461068,1.669078461068,1.669078461068
      ,1.669078461068,1.669078461068)
    ,(1.03672962321,1.03672962321,1.036729623209,1.03672962321
      ,1.036729623208,1.036729623212,1.036729623208,1.036729623211
      ,1.036729623209,1.03672962321,1.03672962321,1.03672962321
      ,1.03672962321,1.03672962321,1.03672962321,1.03672962321
      ,1.03672962321,1.03672962321,1.03672962321,1.03672962321
      ,1.03672962321,1.03672962321,1.03672962321,1.03672962321
      ,1.03672962321,1.03672962321,1.036729623209,1.03672962321
      ,1.03672962321,1.03672962321,1.03672962321,1.03672962321
      ,1.03672962321,1.03672962321,1.03672962321,1.03672962321
      ,1.036729623209,1.03672962321,1.03672962321,1.03672962321
      ,1.03672962321,1.03672962321,1.03672962321,1.036729623209
      ,1.03672962321,1.036729623209,1.03672962321,1.036729623209
      ,1.03672962321,1.03672962321,1.03672962321,1.03672962321
      ,1.03672962321,1.03672962321,1.03672962321,1.03672962321
      ,1.03672962321,1.03672962321,1.03672962321,1.03672962321
      ,1.03672962321,1.03672962321,1.03672962321,1.03672962321
      ,1.03672962321,1.03672962321,1.03672962321,1.03672962321
      ,1.03672962321,1.03672962321,1.03672962321,1.03672962321
      ,1.036729623209,1.036729623211,1.036729623208,1.036729623211
      ,1.036729623209,1.03672962321,1.03672962321,1.03672962321
      ,1.03672962321,1.036729623209,1.03672962321,1.036729623209
      ,1.036729623211,1.036729623209,1.03672962321,1.03672962321
      ,1.03672962321,1.03672962321,1.03672962321,1.036729623209
      ,1.03672962321,1.036729623209,1.03672962321,1.036729623209
      ,1.03672962321,1.03672962321,1.03672962321,1.036729623209
      ,1.03672962321,1.036729623209,1.03672962321,1.036729623209
      ,1.03672962321,1.03672962321,1.03672962321,1.03672962321
      ,1.03672962321,1.036729623209,1.036729623211,1.036729623208
      ,1.036729623211,1.036729623208,1.036729623211,1.036729623209
      ,1.03672962321,1.03672962321,1.03672962321,1.03672962321
      ,1.036729623209,1.03672962321,1.036729623209,1.03672962321
      ,1.036729623209,1.03672962321,1.03672962321,1.03672962321
      ,1.036729623209,1.036729623211,1.036729623208,1.036729623211
      ,1.036729623209,1.03672962321,1.03672962321,1.03672962321
      ,1.03672962321,1.03672962321,1.036729623209,1.03672962321
      ,1.036729623209,1.03672962321,1.03672962321,1.03672962321
      ,1.03672962321,1.036729623209,1.03672962321,1.036729623209
      ,1.036729623211,1.036729623209,1.03672962321,1.036729623209
      ,1.03672962321,1.03672962321,1.03672962321,1.03672962321
      ,1.036729623209,1.036729623211,1.036729623209,1.03672962321
      ,1.036729623209,1.03672962321,1.03672962321,1.03672962321
      ,1.03672962321,1.036729623209,1.03672962321,1.036729623209
      ,1.03672962321,1.03672962321,1.03672962321,1.03672962321
      ,1.03672962321,1.036729623209,1.036729623211,1.036729623208
      ,1.036729623211,1.036729623209,1.03672962321,1.036729623209
      ,1.03672962321,1.03672962321,1.03672962321,1.036729623209
      ,1.03672962321,1.036729623208,1.036729623211,1.036729623208
      ,1.03672962321,1.036729623209,1.03672962321,1.03672962321
      ,1.03672962321,1.03672962321,1.036729623209,1.03672962321
      ,1.036729623209,1.03672962321,1.036729623209,1.03672962321
      ,1.03672962321,1.03672962321,1.03672962321,1.036729623209
      ,1.03672962321,1.036729623209,1.036729623211,1.036729623209
      ,1.03672962321,1.036729623209,1.03672962321,1.03672962321
      ,1.03672962321,1.03672962321,1.03672962321,1.03672962321
      ,1.036729623209,1.03672962321,1.036729623209,1.03672962321
      ,1.03672962321,1.03672962321,1.03672962321,1.036729623209
      ,1.03672962321,1.036729623209,1.036729623211,1.036729623209
      ,1.03672962321,1.036729623209,1.03672962321,1.03672962321
      ,1.03672962321,1.036729623209,1.03672962321,1.036729623209
      ,1.03672962321,1.03672962321,1.03672962321,1.03672962321
      ,1.03672962321,1.03672962321,1.036729623209,1.03672962321
      ,1.036729623209,1.03672962321,1.036729623209,1.03672962321
      ,1.03672962321,1.03672962321,1.03672962321,1.036729623209
      ,1.03672962321,1.036729623209,1.036729623211,1.036729623209
      ,1.03672962321,1.036729623209,1.03672962321,1.03672962321
      ,1.03672962321,1.036729623209,1.03672962321,1.036729623209
      ,1.036729623211,1.036729623209,1.03672962321,1.036729623209
      ,1.03672962321,1.03672962321,1.03672962321,1.03672962321
      ,1.036729623209,1.03672962321,1.036729623209,1.03672962321
      ,1.036729623209,1.03672962321,1.03672962321,1.03672962321
      ,1.03672962321,1.03672962321,1.03672962321,1.03672962321
      ,1.036729623209,1.03672962321,1.036729623209,1.03672962321
      ,1.036729623209,1.03672962321,1.03672962321,1.03672962321
      ,1.03672962321,1.03672962321,1.03672962321,1.036729623209
      ,1.03672962321,1.036729623209,1.03672962321,1.03672962321
      ,1.03672962321,1.03672962321)
    ,(1.038346699848,1.038346699848,1.038346699847,1.038346699848
      ,1.038346699846,1.03834669985,1.038346699845,1.038346699849
      ,1.038346699847,1.038346699848,1.038346699847,1.038346699848
      ,1.038346699848,1.038346699847,1.038346699848,1.038346699848
      ,1.038346699847,1.038346699848,1.038346699847,1.038346699848
      ,1.038346699847,1.038346699848,1.038346699848,1.038346699848
      ,1.038346699847,1.038346699848,1.038346699847,1.038346699848
      ,1.038346699847,1.038346699848,1.038346699847,1.038346699848
      ,1.038346699847,1.038346699848,1.038346699847,1.038346699848
      ,1.038346699848,1.038346699847,1.038346699848,1.038346699847
      ,1.038346699848,1.038346699847,1.038346699848,1.038346699847
      ,1.038346699848,1.038346699847,1.038346699848,1.038346699847
      ,1.038346699848,1.038346699847,1.038346699848,1.038346699848
      ,1.038346699847,1.038346699848,1.038346699847,1.038346699848
      ,1.038346699847,1.038346699848,1.038346699847,1.038346699848
      ,1.038346699847,1.038346699847,1.038346699848,1.038346699847
      ,1.038346699848,1.038346699847,1.038346699848,1.038346699847
      ,1.038346699848,1.038346699848,1.038346699847,1.038346699848
      ,1.038346699847,1.038346699849,1.038346699846,1.038346699849
      ,1.038346699847,1.038346699848,1.038346699847,1.038346699848
      ,1.038346699848,1.038346699847,1.038346699848,1.038346699847
      ,1.038346699848,1.038346699847,1.038346699848,1.038346699847
      ,1.038346699848,1.038346699847,1.038346699848,1.038346699847
      ,1.038346699848,1.038346699847,1.038346699848,1.038346699847
      ,1.038346699848,1.038346699847,1.038346699848,1.038346699847
      ,1.038346699848,1.038346699847,1.038346699848,1.038346699847
      ,1.038346699848,1.038346699847,1.038346699848,1.038346699848
      ,1.038346699848,1.038346699847,1.038346699848,1.038346699847
      ,1.038346699848,1.038346699847,1.038346699848,1.038346699847
      ,1.038346699848,1.038346699848,1.038346699847,1.038346699848
      ,1.038346699847,1.038346699848,1.038346699847,1.038346699848
      ,1.038346699847,1.038346699848,1.038346699847,1.038346699848
      ,1.038346699847,1.038346699848,1.038346699846,1.038346699849
      ,1.038346699847,1.038346699848,1.038346699847,1.038346699848
      ,1.038346699847,1.038346699848,1.038346699847,1.038346699848
      ,1.038346699847,1.038346699848,1.038346699847,1.038346699848
      ,1.038346699848,1.038346699847,1.038346699848,1.038346699847
      ,1.038346699848,1.038346699847,1.038346699848,1.038346699847
      ,1.038346699848,1.038346699848,1.038346699847,1.038346699848
      ,1.038346699847,1.038346699848,1.038346699847,1.038346699848
      ,1.038346699847,1.038346699848,1.038346699848,1.038346699847
      ,1.038346699848,1.038346699847,1.038346699848,1.038346699847
      ,1.038346699848,1.038346699847,1.038346699848,1.038346699847
      ,1.038346699848,1.038346699847,1.038346699848,1.038346699846
      ,1.038346699848,1.038346699847,1.038346699848,1.038346699847
      ,1.038346699848,1.038346699848,1.038346699848,1.038346699847
      ,1.038346699848,1.038346699846,1.038346699849,1.038346699846
      ,1.038346699848,1.038346699847,1.038346699848,1.038346699848
      ,1.038346699847,1.038346699848,1.038346699847,1.038346699848
      ,1.038346699847,1.038346699848,1.038346699847,1.038346699848
      ,1.038346699847,1.038346699848,1.038346699848,1.038346699847
      ,1.038346699848,1.038346699847,1.038346699849,1.038346699846
      ,1.038346699848,1.038346699847,1.038346699848,1.038346699847
      ,1.038346699848,1.038346699848,1.038346699847,1.038346699848
      ,1.038346699847,1.038346699848,1.038346699848,1.038346699848
      ,1.038346699848,1.038346699848,1.038346699848,1.038346699847
      ,1.038346699848,1.038346699846,1.038346699849,1.038346699846
      ,1.038346699849,1.038346699847,1.038346699848,1.038346699847
      ,1.038346699848,1.038346699847,1.038346699848,1.038346699847
      ,1.038346699848,1.038346699847,1.038346699848,1.038346699848
      ,1.038346699847,1.038346699848,1.038346699847,1.038346699848
      ,1.038346699847,1.038346699848,1.038346699847,1.038346699848
      ,1.038346699847,1.038346699847,1.038346699848,1.038346699847
      ,1.038346699848,1.038346699847,1.038346699848,1.038346699847
      ,1.038346699848,1.038346699847,1.038346699848,1.038346699848
      ,1.038346699848,1.038346699847,1.038346699848,1.038346699847
      ,1.038346699848,1.038346699847,1.038346699848,1.038346699847
      ,1.038346699848,1.038346699847,1.038346699848,1.038346699847
      ,1.038346699848,1.038346699847,1.038346699848,1.038346699847
      ,1.038346699848,1.038346699847,1.038346699848,1.038346699848
      ,1.038346699847,1.038346699848,1.038346699847,1.038346699848
      ,1.038346699846,1.038346699849,1.038346699847,1.038346699848
      ,1.038346699847,1.038346699848,1.038346699848,1.038346699848
      ,1.038346699848,1.038346699847,1.038346699848,1.038346699847
      ,1.038346699848,1.038346699847,1.038346699848,1.038346699847
      ,1.038346699848,1.038346699848)
    ,(0.853534330196,0.853534330196,0.853534330196,0.853534330197
      ,0.853534330195,0.853534330198,0.853534330195,0.853534330197
      ,0.853534330195,0.853534330196,0.853534330196,0.853534330196
      ,0.853534330196,0.853534330196,0.853534330196,0.853534330196
      ,0.853534330196,0.853534330196,0.853534330196,0.853534330196
      ,0.853534330196,0.853534330196,0.853534330196,0.853534330196
      ,0.853534330196,0.853534330196,0.853534330196,0.853534330197
      ,0.853534330196,0.853534330196,0.853534330196,0.853534330196
      ,0.853534330196,0.853534330196,0.853534330196,0.853534330196
      ,0.853534330196,0.853534330196,0.853534330196,0.853534330196
      ,0.853534330196,0.853534330196,0.853534330196,0.853534330196
      ,0.853534330197,0.853534330195,0.853534330197,0.853534330196
      ,0.853534330196,0.853534330196,0.853534330196,0.853534330196
      ,0.853534330196,0.853534330196,0.853534330196,0.853534330196
      ,0.853534330196,0.853534330196,0.853534330196,0.853534330196
      ,0.853534330196,0.853534330196,0.853534330196,0.853534330196
      ,0.853534330196,0.853534330196,0.853534330196,0.853534330196
      ,0.853534330196,0.853534330196,0.853534330196,0.853534330196
      ,0.853534330196,0.853534330197,0.853534330195,0.853534330197
      ,0.853534330196,0.853534330196,0.853534330196,0.853534330196
      ,0.853534330196,0.853534330196,0.853534330197,0.853534330195
      ,0.853534330197,0.853534330196,0.853534330196,0.853534330196
      ,0.853534330196,0.853534330196,0.853534330196,0.853534330196
      ,0.853534330197,0.853534330196,0.853534330196,0.853534330196
      ,0.853534330196,0.853534330196,0.853534330196,0.853534330196
      ,0.853534330196,0.853534330196,0.853534330196,0.853534330196
      ,0.853534330196,0.853534330196,0.853534330196,0.853534330196
      ,0.853534330196,0.853534330196,0.853534330197,0.853534330196
      ,0.853534330197,0.853534330196,0.853534330197,0.853534330196
      ,0.853534330196,0.853534330196,0.853534330196,0.853534330196
      ,0.853534330196,0.853534330197,0.853534330195,0.853534330197
      ,0.853534330196,0.853534330196,0.853534330196,0.853534330196
      ,0.853534330196,0.853534330197,0.853534330195,0.853534330197
      ,0.853534330195,0.853534330196,0.853534330196,0.853534330196
      ,0.853534330196,0.853534330196,0.853534330196,0.853534330196
      ,0.853534330196,0.853534330196,0.853534330196,0.853534330196
      ,0.853534330196,0.853534330196,0.853534330196,0.853534330196
      ,0.853534330196,0.853534330196,0.853534330196,0.853534330196
      ,0.853534330196,0.853534330196,0.853534330196,0.853534330196
      ,0.853534330196,0.853534330197,0.853534330196,0.853534330197
      ,0.853534330196,0.853534330196,0.853534330196,0.853534330196
      ,0.853534330196,0.853534330196,0.853534330196,0.853534330196
      ,0.853534330196,0.853534330196,0.853534330196,0.853534330196
      ,0.853534330196,0.853534330196,0.853534330197,0.853534330195
      ,0.853534330197,0.853534330195,0.853534330197,0.853534330196
      ,0.853534330196,0.853534330196,0.853534330196,0.853534330196
      ,0.853534330197,0.853534330195,0.853534330197,0.853534330195
      ,0.853534330197,0.853534330196,0.853534330196,0.853534330196
      ,0.853534330196,0.853534330196,0.853534330196,0.853534330197
      ,0.853534330196,0.853534330197,0.853534330196,0.853534330196
      ,0.853534330196,0.853534330196,0.853534330196,0.853534330196
      ,0.853534330196,0.853534330196,0.853534330196,0.853534330196
      ,0.853534330196,0.853534330196,0.853534330196,0.853534330196
      ,0.853534330196,0.853534330196,0.853534330196,0.853534330196
      ,0.853534330196,0.853534330196,0.853534330196,0.853534330196
      ,0.853534330196,0.853534330196,0.853534330196,0.853534330196
      ,0.853534330197,0.853534330195,0.853534330197,0.853534330195
      ,0.853534330197,0.853534330196,0.853534330196,0.853534330196
      ,0.853534330196,0.853534330196,0.853534330196,0.853534330196
      ,0.853534330196,0.853534330196,0.853534330196,0.853534330196
      ,0.853534330196,0.853534330196,0.853534330196,0.853534330196
      ,0.853534330196,0.853534330196,0.853534330196,0.853534330196
      ,0.853534330196,0.853534330196,0.853534330196,0.853534330196
      ,0.853534330197,0.853534330196,0.853534330197,0.853534330196
      ,0.853534330196,0.853534330196,0.853534330196,0.853534330196
      ,0.853534330196,0.853534330196,0.853534330197,0.853534330195
      ,0.853534330197,0.853534330195,0.853534330197,0.853534330196
      ,0.853534330196,0.853534330196,0.853534330196,0.853534330196
      ,0.853534330196,0.853534330196,0.853534330196,0.853534330196
      ,0.853534330196,0.853534330196,0.853534330196,0.853534330196
      ,0.853534330196,0.853534330196,0.853534330196,0.853534330196
      ,0.853534330196,0.853534330196,0.853534330196,0.853534330196
      ,0.853534330196,0.853534330196,0.853534330196,0.853534330196
      ,0.853534330196,0.853534330196,0.853534330196,0.853534330196
      ,0.853534330196,0.853534330196,0.853534330196,0.853534330196
      ,0.853534330196,0.853534330196)
    ,(1.038346699848,1.038346699848,1.038346699847,1.038346699848
      ,1.038346699846,1.038346699849,1.038346699846,1.038346699849
      ,1.038346699847,1.038346699848,1.038346699847,1.038346699848
      ,1.038346699848,1.038346699848,1.038346699847,1.038346699848
      ,1.038346699847,1.038346699848,1.038346699847,1.038346699848
      ,1.038346699847,1.038346699848,1.038346699848,1.038346699848
      ,1.038346699847,1.038346699848,1.038346699847,1.038346699848
      ,1.038346699847,1.038346699848,1.038346699848,1.038346699848
      ,1.038346699847,1.038346699848,1.038346699847,1.038346699848
      ,1.038346699847,1.038346699848,1.038346699847,1.038346699848
      ,1.038346699847,1.038346699847,1.038346699848,1.038346699847
      ,1.038346699848,1.038346699847,1.038346699848,1.038346699847
      ,1.038346699848,1.038346699847,1.038346699848,1.038346699847
      ,1.038346699848,1.038346699847,1.038346699848,1.038346699847
      ,1.038346699848,1.038346699847,1.038346699848,1.038346699847
      ,1.038346699848,1.038346699847,1.038346699848,1.038346699847
      ,1.038346699848,1.038346699847,1.038346699848,1.038346699847
      ,1.038346699848,1.038346699848,1.038346699847,1.038346699848
      ,1.038346699847,1.038346699849,1.038346699846,1.038346699849
      ,1.038346699847,1.038346699848,1.038346699847,1.038346699847
      ,1.038346699848,1.038346699847,1.038346699848,1.038346699846
      ,1.038346699849,1.038346699847,1.038346699848,1.038346699847
      ,1.038346699848,1.038346699847,1.038346699848,1.038346699847
      ,1.038346699848,1.038346699847,1.038346699848,1.038346699847
      ,1.038346699848,1.038346699847,1.038346699848,1.038346699847
      ,1.038346699848,1.038346699847,1.038346699847,1.038346699848
      ,1.038346699847,1.038346699848,1.038346699848,1.038346699848
      ,1.038346699848,1.038346699847,1.038346699848,1.038346699847
      ,1.038346699849,1.038346699847,1.038346699848,1.038346699847
      ,1.038346699848,1.038346699848,1.038346699847,1.038346699848
      ,1.038346699847,1.038346699848,1.038346699847,1.038346699848
      ,1.038346699847,1.038346699848,1.038346699847,1.038346699848
      ,1.038346699847,1.038346699849,1.038346699846,1.038346699849
      ,1.038346699847,1.038346699848,1.038346699847,1.038346699848
      ,1.038346699847,1.038346699848,1.038346699847,1.038346699848
      ,1.038346699847,1.038346699848,1.038346699847,1.038346699848
      ,1.038346699848,1.038346699847,1.038346699848,1.038346699847
      ,1.038346699848,1.038346699847,1.038346699848,1.038346699847
      ,1.038346699847,1.038346699848,1.038346699847,1.038346699848
      ,1.038346699847,1.038346699849,1.038346699846,1.038346699848
      ,1.038346699847,1.038346699848,1.038346699848,1.038346699847
      ,1.038346699848,1.038346699847,1.038346699848,1.038346699847
      ,1.038346699848,1.038346699847,1.038346699848,1.038346699847
      ,1.038346699848,1.038346699847,1.038346699848,1.038346699846
      ,1.038346699849,1.038346699847,1.038346699848,1.038346699847
      ,1.038346699848,1.038346699848,1.038346699848,1.038346699847
      ,1.038346699848,1.038346699846,1.038346699849,1.038346699846
      ,1.038346699848,1.038346699847,1.038346699848,1.038346699848
      ,1.038346699847,1.038346699848,1.038346699847,1.038346699848
      ,1.038346699847,1.038346699848,1.038346699847,1.038346699848
      ,1.038346699847,1.038346699848,1.038346699848,1.038346699847
      ,1.038346699848,1.038346699847,1.038346699849,1.038346699847
      ,1.038346699848,1.038346699847,1.038346699848,1.038346699847
      ,1.038346699848,1.038346699847,1.038346699848,1.038346699847
      ,1.038346699848,1.038346699847,1.038346699848,1.038346699847
      ,1.038346699848,1.038346699848,1.038346699848,1.038346699847
      ,1.038346699848,1.038346699846,1.038346699849,1.038346699846
      ,1.038346699848,1.038346699847,1.038346699848,1.038346699847
      ,1.038346699848,1.038346699847,1.038346699848,1.038346699847
      ,1.038346699848,1.038346699848,1.038346699847,1.038346699848
      ,1.038346699847,1.038346699848,1.038346699847,1.038346699848
      ,1.038346699847,1.038346699848,1.038346699847,1.038346699848
      ,1.038346699848,1.038346699847,1.038346699848,1.038346699847
      ,1.038346699848,1.038346699847,1.038346699848,1.038346699847
      ,1.038346699848,1.038346699847,1.038346699848,1.038346699848
      ,1.038346699848,1.038346699847,1.038346699848,1.038346699847
      ,1.038346699848,1.038346699847,1.038346699848,1.038346699847
      ,1.038346699848,1.038346699847,1.038346699848,1.038346699847
      ,1.038346699848,1.038346699847,1.038346699848,1.038346699847
      ,1.038346699848,1.038346699847,1.038346699848,1.038346699848
      ,1.038346699847,1.038346699848,1.038346699847,1.038346699848
      ,1.038346699846,1.038346699849,1.038346699847,1.038346699848
      ,1.038346699847,1.038346699848,1.038346699848,1.038346699847
      ,1.038346699848,1.038346699847,1.038346699848,1.038346699847
      ,1.038346699848,1.038346699847,1.038346699848,1.038346699847
      ,1.038346699848,1.038346699848)
    ,(1.03672962321,1.03672962321,1.036729623209,1.03672962321
      ,1.036729623208,1.036729623211,1.036729623208,1.036729623211
      ,1.036729623209,1.03672962321,1.03672962321,1.03672962321
      ,1.03672962321,1.03672962321,1.03672962321,1.036729623209
      ,1.03672962321,1.036729623209,1.03672962321,1.036729623209
      ,1.03672962321,1.03672962321,1.03672962321,1.03672962321
      ,1.036729623209,1.03672962321,1.036729623209,1.03672962321
      ,1.036729623209,1.03672962321,1.03672962321,1.03672962321
      ,1.03672962321,1.03672962321,1.03672962321,1.03672962321
      ,1.036729623209,1.03672962321,1.036729623209,1.03672962321
      ,1.03672962321,1.03672962321,1.03672962321,1.036729623209
      ,1.03672962321,1.036729623209,1.03672962321,1.036729623209
      ,1.03672962321,1.03672962321,1.03672962321,1.03672962321
      ,1.03672962321,1.03672962321,1.03672962321,1.03672962321
      ,1.03672962321,1.03672962321,1.03672962321,1.03672962321
      ,1.03672962321,1.03672962321,1.036729623209,1.03672962321
      ,1.036729623209,1.03672962321,1.03672962321,1.03672962321
      ,1.03672962321,1.03672962321,1.03672962321,1.03672962321
      ,1.036729623209,1.036729623211,1.036729623208,1.036729623211
      ,1.036729623208,1.03672962321,1.03672962321,1.03672962321
      ,1.03672962321,1.036729623209,1.03672962321,1.036729623208
      ,1.036729623211,1.036729623209,1.03672962321,1.03672962321
      ,1.03672962321,1.03672962321,1.03672962321,1.036729623209
      ,1.03672962321,1.036729623209,1.03672962321,1.036729623209
      ,1.03672962321,1.03672962321,1.03672962321,1.03672962321
      ,1.03672962321,1.03672962321,1.03672962321,1.03672962321
      ,1.03672962321,1.03672962321,1.03672962321,1.03672962321
      ,1.03672962321,1.036729623209,1.03672962321,1.036729623208
      ,1.036729623211,1.036729623208,1.036729623211,1.036729623209
      ,1.03672962321,1.03672962321,1.03672962321,1.03672962321
      ,1.036729623209,1.036729623211,1.036729623209,1.03672962321
      ,1.036729623209,1.03672962321,1.036729623209,1.03672962321
      ,1.036729623209,1.036729623211,1.036729623208,1.036729623211
      ,1.036729623209,1.03672962321,1.03672962321,1.03672962321
      ,1.03672962321,1.03672962321,1.03672962321,1.03672962321
      ,1.03672962321,1.03672962321,1.03672962321,1.03672962321
      ,1.03672962321,1.03672962321,1.03672962321,1.036729623209
      ,1.03672962321,1.036729623209,1.03672962321,1.03672962321
      ,1.03672962321,1.03672962321,1.03672962321,1.03672962321
      ,1.036729623209,1.036729623211,1.036729623209,1.03672962321
      ,1.036729623209,1.03672962321,1.03672962321,1.03672962321
      ,1.03672962321,1.036729623209,1.03672962321,1.036729623209
      ,1.03672962321,1.036729623209,1.03672962321,1.036729623209
      ,1.03672962321,1.036729623209,1.036729623211,1.036729623208
      ,1.036729623211,1.036729623208,1.03672962321,1.036729623209
      ,1.03672962321,1.03672962321,1.03672962321,1.036729623209
      ,1.03672962321,1.036729623208,1.036729623211,1.036729623209
      ,1.03672962321,1.036729623209,1.03672962321,1.03672962321
      ,1.03672962321,1.03672962321,1.036729623209,1.036729623211
      ,1.036729623208,1.036729623211,1.036729623209,1.03672962321
      ,1.03672962321,1.03672962321,1.03672962321,1.036729623209
      ,1.03672962321,1.036729623209,1.036729623211,1.036729623209
      ,1.03672962321,1.036729623209,1.03672962321,1.03672962321
      ,1.03672962321,1.03672962321,1.03672962321,1.036729623209
      ,1.03672962321,1.03672962321,1.03672962321,1.03672962321
      ,1.03672962321,1.03672962321,1.03672962321,1.036729623209
      ,1.03672962321,1.036729623209,1.036729623211,1.036729623209
      ,1.03672962321,1.036729623209,1.03672962321,1.03672962321
      ,1.03672962321,1.036729623209,1.03672962321,1.036729623209
      ,1.03672962321,1.03672962321,1.03672962321,1.03672962321
      ,1.03672962321,1.03672962321,1.036729623209,1.03672962321
      ,1.036729623209,1.03672962321,1.036729623209,1.03672962321
      ,1.03672962321,1.03672962321,1.03672962321,1.036729623209
      ,1.03672962321,1.036729623209,1.036729623211,1.036729623209
      ,1.03672962321,1.036729623209,1.03672962321,1.03672962321
      ,1.03672962321,1.036729623209,1.03672962321,1.036729623209
      ,1.03672962321,1.036729623209,1.03672962321,1.036729623209
      ,1.03672962321,1.03672962321,1.03672962321,1.03672962321
      ,1.036729623209,1.03672962321,1.036729623209,1.03672962321
      ,1.036729623209,1.03672962321,1.03672962321,1.03672962321
      ,1.03672962321,1.03672962321,1.03672962321,1.03672962321
      ,1.036729623209,1.03672962321,1.036729623209,1.03672962321
      ,1.03672962321,1.03672962321,1.03672962321,1.03672962321
      ,1.03672962321,1.03672962321,1.03672962321,1.036729623209
      ,1.03672962321,1.036729623209,1.03672962321,1.03672962321
      ,1.03672962321,1.03672962321)
    ,(1.669078461068,1.669078461068,1.669078461068,1.669078461069
      ,1.669078461066,1.669078461071,1.669078461066,1.66907846107
      ,1.669078461067,1.669078461069,1.669078461068,1.669078461068
      ,1.669078461068,1.669078461068,1.669078461068,1.669078461068
      ,1.669078461068,1.669078461068,1.669078461068,1.669078461068
      ,1.669078461068,1.669078461068,1.669078461068,1.669078461068
      ,1.669078461068,1.669078461068,1.669078461068,1.669078461068
      ,1.669078461069,1.669078461068,1.669078461068,1.669078461068
      ,1.669078461068,1.669078461068,1.669078461068,1.669078461069
      ,1.669078461068,1.669078461069,1.669078461068,1.669078461068
      ,1.669078461068,1.669078461068,1.669078461068,1.669078461068
      ,1.669078461069,1.669078461067,1.669078461069,1.669078461068
      ,1.669078461068,1.669078461068,1.669078461068,1.669078461068
      ,1.669078461068,1.669078461068,1.669078461069,1.669078461068
      ,1.669078461069,1.669078461068,1.669078461068,1.669078461068
      ,1.669078461068,1.669078461068,1.669078461068,1.669078461068
      ,1.669078461068,1.669078461068,1.669078461068,1.669078461068
      ,1.669078461068,1.669078461068,1.669078461068,1.669078461069
      ,1.669078461067,1.669078461071,1.669078461065,1.669078461071
      ,1.669078461066,1.669078461069,1.669078461068,1.669078461068
      ,1.669078461068,1.669078461068,1.66907846107,1.669078461066
      ,1.66907846107,1.669078461067,1.669078461069,1.669078461068
      ,1.669078461068,1.669078461068,1.669078461069,1.669078461067
      ,1.66907846107,1.669078461067,1.669078461069,1.669078461068
      ,1.669078461068,1.669078461068,1.669078461068,1.669078461068
      ,1.669078461068,1.669078461069,1.669078461068,1.669078461069
      ,1.669078461068,1.669078461068,1.669078461068,1.669078461068
      ,1.669078461068,1.669078461068,1.669078461069,1.669078461067
      ,1.66907846107,1.669078461067,1.669078461069,1.669078461068
      ,1.669078461068,1.669078461068,1.669078461068,1.669078461069
      ,1.669078461067,1.669078461069,1.669078461067,1.669078461069
      ,1.669078461068,1.669078461068,1.669078461068,1.669078461068
      ,1.669078461068,1.66907846107,1.669078461066,1.66907846107
      ,1.669078461067,1.669078461069,1.669078461068,1.669078461068
      ,1.669078461068,1.669078461068,1.669078461068,1.669078461069
      ,1.669078461068,1.669078461068,1.669078461068,1.669078461068
      ,1.669078461068,1.669078461068,1.669078461069,1.669078461068
      ,1.669078461069,1.669078461068,1.669078461069,1.669078461068
      ,1.669078461068,1.669078461068,1.669078461068,1.669078461069
      ,1.669078461067,1.66907846107,1.669078461067,1.669078461069
      ,1.669078461068,1.669078461068,1.669078461068,1.669078461068
      ,1.669078461068,1.669078461068,1.669078461069,1.669078461068
      ,1.669078461068,1.669078461068,1.669078461068,1.669078461068
      ,1.669078461069,1.669078461068,1.669078461069,1.669078461067
      ,1.669078461069,1.669078461068,1.669078461068,1.669078461068
      ,1.669078461068,1.669078461068,1.669078461068,1.669078461068
      ,1.669078461069,1.669078461067,1.66907846107,1.669078461067
      ,1.669078461069,1.669078461068,1.669078461068,1.669078461068
      ,1.669078461068,1.669078461069,1.669078461067,1.66907846107
      ,1.669078461067,1.669078461069,1.669078461068,1.669078461068
      ,1.669078461068,1.669078461068,1.669078461068,1.669078461068
      ,1.669078461069,1.669078461067,1.669078461069,1.669078461067
      ,1.669078461069,1.669078461068,1.669078461068,1.669078461068
      ,1.669078461068,1.669078461068,1.669078461068,1.669078461069
      ,1.669078461068,1.669078461069,1.669078461068,1.669078461068
      ,1.669078461068,1.669078461068,1.669078461068,1.669078461068
      ,1.669078461069,1.669078461067,1.66907846107,1.669078461067
      ,1.669078461069,1.669078461068,1.669078461068,1.669078461068
      ,1.669078461068,1.669078461068,1.669078461069,1.669078461067
      ,1.669078461069,1.669078461067,1.669078461069,1.669078461068
      ,1.669078461068,1.669078461068,1.669078461068,1.669078461069
      ,1.669078461068,1.669078461069,1.669078461068,1.669078461068
      ,1.669078461068,1.669078461068,1.669078461068,1.669078461068
      ,1.669078461069,1.669078461067,1.669078461069,1.669078461067
      ,1.669078461069,1.669078461068,1.669078461068,1.669078461068
      ,1.669078461068,1.669078461068,1.669078461069,1.669078461067
      ,1.66907846107,1.669078461067,1.669078461069,1.669078461068
      ,1.669078461068,1.669078461068,1.669078461068,1.669078461068
      ,1.669078461068,1.669078461068,1.669078461068,1.669078461068
      ,1.669078461068,1.669078461068,1.669078461068,1.669078461068
      ,1.669078461068,1.669078461068,1.669078461068,1.669078461069
      ,1.669078461068,1.669078461069,1.669078461068,1.669078461069
      ,1.669078461068,1.669078461068,1.669078461068,1.669078461068
      ,1.669078461068,1.669078461068,1.669078461068,1.669078461068
      ,1.669078461069,1.669078461068,1.669078461068,1.669078461068
,1.669078461068,1.669078461068))) REPRESENTATION_ITEM('') SURFACE() );
#509 = CARTESIAN_POINT('',(131.,103.44956382892,37.722113983123));
#510 = CARTESIAN_POINT('',(131.26207021033,102.4718691092,
    36.937580270356));
#511 = CARTESIAN_POINT('',(131.5087428341,101.47880455414,
    36.179396504958));
#512 = CARTESIAN_POINT('',(131.7402751452,100.47081296609,
    35.447121835971));
#513 = CARTESIAN_POINT('',(131.95693356126,99.448339612057,
    34.740298822493));
#514 = CARTESIAN_POINT('',(132.15899292646,98.411829826435,
    34.058454401609));
#515 = CARTESIAN_POINT('',(132.34673579423,97.36172661388,
    33.401100856376));
#516 = CARTESIAN_POINT('',(132.52045171025,96.298468251993,
    32.767736783774));
#517 = CARTESIAN_POINT('',(132.68043649496,95.22248589412,
    32.157848062657));
#518 = CARTESIAN_POINT('',(132.82699152666,94.134201172167,
    31.570908821736));
#519 = CARTESIAN_POINT('',(132.96042302404,93.034023799309,
    31.006382407515));
#520 = CARTESIAN_POINT('',(133.08104132914,91.922349172815,
    30.463722352269));
#521 = CARTESIAN_POINT('',(133.34014929682,89.303764750741,
    29.184921006115));
#522 = CARTESIAN_POINT('',(133.52575498329,86.621870780823,
    28.027600251574));
#523 = CARTESIAN_POINT('',(133.64272408218,83.885328481075,
    26.987101561343));
#524 = CARTESIAN_POINT('',(133.69585974284,81.102431962271,
    26.05871381685));
#525 = CARTESIAN_POINT('',(133.68985482735,78.281201716164,
    25.237747875636));
#526 = CARTESIAN_POINT('',(133.62925926261,75.429465930213,
    24.519601022172));
#527 = CARTESIAN_POINT('',(133.5184624868,72.554929627428,
    23.899811301785));
#528 = CARTESIAN_POINT('',(133.36169099118,69.665231633022,
    23.374101738151));
#529 = CARTESIAN_POINT('',(133.16302095603,66.767989366182,
    22.938414433831));
#530 = CARTESIAN_POINT('',(132.92640598205,63.870831458347,
    22.588934554343));
#531 = CARTESIAN_POINT('',(132.65571991599,60.981418197059,
    22.322104195388));
#532 = CARTESIAN_POINT('',(132.54252141541,59.29333344817,
    22.160732080616));
#533 = CARTESIAN_POINT('',(132.42130458532,57.608190597486,
    22.026481549936));
#534 = CARTESIAN_POINT('',(132.29278956944,55.926075032473,
    21.917448686232));
#535 = CARTESIAN_POINT('',(132.15790185573,54.247032216492,
    21.831789365328));
#536 = CARTESIAN_POINT('',(132.01744370877,52.571107807267,
    21.76758212455));
#537 = CARTESIAN_POINT('',(131.87238426263,50.89831589678,21.72292362679
    ));
#538 = CARTESIAN_POINT('',(131.72407129121,49.228616245112,
    21.695991571992));
#539 = CARTESIAN_POINT('',(131.57417334063,47.561922038552,
    21.684987642865));
#540 = CARTESIAN_POINT('',(131.42466657247,45.89810036191,
    21.688050808044));
#541 = CARTESIAN_POINT('',(131.20569621514,43.40625216846,
    21.711088156961));
#542 = CARTESIAN_POINT('',(131.0111677031,40.918435079477,
    21.759883445765));
#543 = CARTESIAN_POINT('',(130.94984694305,40.089531385084,
    21.779066190092));
#544 = CARTESIAN_POINT('',(130.89382218525,39.260757826624,
    21.800344392386));
#545 = CARTESIAN_POINT('',(130.84376844165,38.432107646114,
    21.825252966547));
#546 = CARTESIAN_POINT('',(130.8022869903,37.603244629814,
    21.853248689515));
#547 = CARTESIAN_POINT('',(130.77352940486,36.773634332477,
    21.883899721317));
#548 = CARTESIAN_POINT('',(130.7616684161,35.942870413825,
    21.920266894422));
#549 = CARTESIAN_POINT('',(130.77363655738,35.110200578913,
    21.965802537115));
#550 = CARTESIAN_POINT('',(130.84053916742,34.064202838959,
    22.036471936435));
#551 = CARTESIAN_POINT('',(131.02066154892,33.007806205775,
    22.186188352499));
#552 = CARTESIAN_POINT('',(131.06169567435,32.796071130687,
    22.219896945361));
#553 = CARTESIAN_POINT('',(131.1082503224,32.583844890501,
    22.258194642209));
#554 = CARTESIAN_POINT('',(131.16086607989,32.371093588064,
    22.30204991627));
#555 = CARTESIAN_POINT('',(131.22009835316,32.157789571459,
    22.352649928597));
#556 = CARTESIAN_POINT('',(131.28645862532,31.943924312141,
    22.411538880724));
#557 = CARTESIAN_POINT('',(131.36028261041,31.729530005999,
    22.480735358837));
#558 = CARTESIAN_POINT('',(131.4414960466,31.51471046726,22.56274331792)
  );
#559 = CARTESIAN_POINT('',(131.61700170211,31.084653304373,
    22.757999389398));
#560 = CARTESIAN_POINT('',(131.81005471882,30.655278995914,
    23.026357545028));
#561 = CARTESIAN_POINT('',(131.90888747917,30.441133524913,
    23.181483358645));
#562 = CARTESIAN_POINT('',(132.00634713471,30.228091312089,
    23.359768342287));
#563 = CARTESIAN_POINT('',(132.09810836645,30.016780178253,
    23.562967619464));
#564 = CARTESIAN_POINT('',(132.17696319823,29.808125134947,
    23.790779704777));
#565 = CARTESIAN_POINT('',(132.234434108,29.603049626671,24.038527543724
    ));
#566 = CARTESIAN_POINT('',(132.26495332116,29.401914869077,
    24.296751264836));
#567 = CARTESIAN_POINT('',(132.26815245478,29.204344246807,
    24.554431870033));
#568 = CARTESIAN_POINT('',(132.20405071792,28.620367286685,
    25.303107826749));
#569 = CARTESIAN_POINT('',(131.95560280123,28.055894412205,
    25.929581166534));
#570 = CARTESIAN_POINT('',(131.74050484516,27.68234366228,26.24994367129
    ));
#571 = CARTESIAN_POINT('',(131.53532030353,27.303713535053,
    26.471057127486));
#572 = CARTESIAN_POINT('',(131.3519783871,26.920899611022,
    26.657333139741));
#573 = CARTESIAN_POINT('',(131.17446564327,26.535373671775,
    26.792529573647));
#574 = CARTESIAN_POINT('',(131.01933322203,26.146192115634,
    26.908562905263));
#575 = CARTESIAN_POINT('',(130.87288021616,25.754999752144,
    27.001585298283));
#576 = CARTESIAN_POINT('',(130.73852602271,25.361694476512,
    27.080571211071));
#577 = CARTESIAN_POINT('',(130.61324548114,24.966767219693,
    27.147965436498));
#578 = CARTESIAN_POINT('',(130.49584332861,24.570475091169,
    27.206345641315));
#579 = CARTESIAN_POINT('',(130.10853203237,24.230602554823,
    27.456814311388));
#580 = CARTESIAN_POINT('',(129.66724014104,23.896320428915,
    27.659239288901));
#581 = CARTESIAN_POINT('',(129.19817833235,23.563121855599,
    27.784064575586));
#582 = CARTESIAN_POINT('',(128.7460473219,23.224369678975,
    27.810564576965));
#583 = CARTESIAN_POINT('',(128.39157630097,22.870489539124,
    27.771159289649));
#584 = CARTESIAN_POINT('',(128.07757981885,22.511333229486,
    27.736862295682));
#585 = CARTESIAN_POINT('',(127.81784501929,22.143953940951,
    27.674263511952));
#586 = CARTESIAN_POINT('',(127.59366271354,21.771997875375,
    27.619391371806));
#587 = CARTESIAN_POINT('',(127.39948144903,21.395882293797,27.5632274499
    ));
#588 = CARTESIAN_POINT('',(127.05836667049,20.637315540434,
    27.45806285236));
#589 = CARTESIAN_POINT('',(126.79322285844,19.868515891362,
    27.368258861014));
#590 = CARTESIAN_POINT('',(126.67498587294,19.482183331983,
    27.327826489373));
#591 = CARTESIAN_POINT('',(126.56787589259,19.094326331262,
    27.291655870267));
#592 = CARTESIAN_POINT('',(126.46966312972,18.705215883453,
    27.259256145864));
#593 = CARTESIAN_POINT('',(126.37876191335,18.315038689363,
    27.230136744643));
#594 = CARTESIAN_POINT('',(126.2940080023,17.923929298781,
    27.203898156224));
#595 = CARTESIAN_POINT('',(126.21452077901,17.531987416663,
    27.180208796252));
#596 = CARTESIAN_POINT('',(126.13962388144,17.139286400195,
    27.158746548348));
#597 = CARTESIAN_POINT('',(125.92714572576,15.959064121332,
    27.100057616246));
#598 = CARTESIAN_POINT('',(125.74766540307,14.772853623343,
    27.056419949744));
#599 = CARTESIAN_POINT('',(125.63947727518,13.979704059906,
    27.032050223941));
#600 = CARTESIAN_POINT('',(125.54121720406,13.184334750655,
    27.011048904322));
#601 = CARTESIAN_POINT('',(125.45218283505,12.386774118607,
    26.992461535852));
#602 = CARTESIAN_POINT('',(125.37204339498,11.587012426467,
    26.975587920247));
#603 = CARTESIAN_POINT('',(125.30063947783,10.785025349435,
    26.959891666355));
#604 = CARTESIAN_POINT('',(125.23794477439,9.98077763782,26.944949079459
    ));
#605 = CARTESIAN_POINT('',(125.18408847661,9.174219622083,
    26.930422244559));
#606 = CARTESIAN_POINT('',(125.04983430898,6.747428694458,
    26.887278985695));
#607 = CARTESIAN_POINT('',(124.99971815763,4.298802372396,
    26.843412957978));
#608 = CARTESIAN_POINT('',(125.00586476394,2.656222984614,
    26.812062405001));
#609 = CARTESIAN_POINT('',(125.05452953834,1.00299962775,26.777523032896
    ));
#610 = CARTESIAN_POINT('',(125.14905387633,-0.661317737225,
    26.73908233115));
#611 = CARTESIAN_POINT('',(125.29291911404,-2.337116913003,
    26.696208768951));
#612 = CARTESIAN_POINT('',(125.48963427672,-4.02471498297,
    26.648467554396));
#613 = CARTESIAN_POINT('',(125.7427038149,-5.724366300589,
    26.595501049948));
#614 = CARTESIAN_POINT('',(126.05562690458,-7.436281760531,
    26.537033947116));
#615 = CARTESIAN_POINT('',(126.43187989012,-9.160654160923,
    26.472863302941));
#616 = CARTESIAN_POINT('',(126.87483344649,-10.897684466,26.402793541247
    ));
#617 = CARTESIAN_POINT('',(126.92683802236,-11.1252172743,
    26.384259785292));
#618 = CARTESIAN_POINT('',(126.97910368584,-11.35256103847,
    26.364453886715));
#619 = CARTESIAN_POINT('',(127.03145375299,-11.57972664802,
    26.343125103361));
#620 = CARTESIAN_POINT('',(127.08368535859,-11.80673521246,
    26.320111271361));
#621 = CARTESIAN_POINT('',(127.13556075509,-12.03361075865,
    26.295057516849));
#622 = CARTESIAN_POINT('',(127.18679768217,-12.2603824882,
    26.267399903712));
#623 = CARTESIAN_POINT('',(127.23705108638,-12.48709277002,
    26.236439612061));
#624 = CARTESIAN_POINT('',(127.28587847149,-12.71380704468,
    26.201333241393));
#625 = CARTESIAN_POINT('',(127.33268115872,-12.94062181521,
    26.160824833252));
#626 = CARTESIAN_POINT('',(127.39858002682,-13.28118944419,
    26.088405394441));
#627 = CARTESIAN_POINT('',(127.45527115205,-13.6226258968,25.98772286075
    ));
#628 = CARTESIAN_POINT('',(127.47295682253,-13.73656419846,
    25.950412397757));
#629 = CARTESIAN_POINT('',(127.48938763682,-13.85060915718,
    25.908565070123));
#630 = CARTESIAN_POINT('',(127.50424688248,-13.9648141734,
    25.861168416583));
#631 = CARTESIAN_POINT('',(127.51724220078,-14.07921233137,
    25.806836855414));
#632 = CARTESIAN_POINT('',(127.52828356218,-14.19375829303,
    25.743655765973));
#633 = CARTESIAN_POINT('',(127.5373017752,-14.30837359348,
    25.668941913437));
#634 = CARTESIAN_POINT('',(127.5440630255,-14.42298162174,
    25.578676279749));
#635 = CARTESIAN_POINT('',(127.55136393671,-14.59436401451,
    25.409957466768));
#636 = CARTESIAN_POINT('',(127.56388559414,-14.76119461936,
    25.164411316234));
#637 = CARTESIAN_POINT('',(127.56923627235,-14.81607213283,
    25.072605679577));
#638 = CARTESIAN_POINT('',(127.57632731932,-14.8699779617,
    24.968799117873));
#639 = CARTESIAN_POINT('',(127.58661012524,-14.92241109991,
    24.850965555373));
#640 = CARTESIAN_POINT('',(127.60200654686,-14.97271677427,
    24.716661561684));
#641 = CARTESIAN_POINT('',(127.62501063379,-15.02004177028,
    24.562610813456));
#642 = CARTESIAN_POINT('',(127.65985928935,-15.06300091291,
    24.385069014312));
#643 = CARTESIAN_POINT('',(127.71401422,-15.09929395108,24.181394281571)
  );
#644 = CARTESIAN_POINT('',(127.88176582186,-15.15248059449,
    23.724430328411));
#645 = CARTESIAN_POINT('',(128.20027708987,-15.1587450783,
    23.205064577781));
#646 = CARTESIAN_POINT('',(128.40530528474,-15.14806872842,
    22.938602218861));
#647 = CARTESIAN_POINT('',(128.66036964343,-15.12296402372,
    22.683450772517));
#648 = CARTESIAN_POINT('',(128.96622114603,-15.08376554362,
    22.455237817214));
#649 = CARTESIAN_POINT('',(129.30020678526,-15.03902952357,
    22.306278099068));
#650 = CARTESIAN_POINT('',(129.60780334906,-15.00395505833,
    22.20959035869));
#651 = CARTESIAN_POINT('',(129.8955746013,-14.97627454909,
    22.155860843362));
#652 = CARTESIAN_POINT('',(130.15220188137,-14.95889132228,
    22.132298254214));
#653 = CARTESIAN_POINT('',(130.83613427426,-14.93440299427,
    22.123157991868));
#654 = CARTESIAN_POINT('',(131.28172073904,-14.98494227363,
    22.236482734462));
#655 = CARTESIAN_POINT('',(131.49223379073,-15.04427540374,
    22.310467055509));
#656 = CARTESIAN_POINT('',(131.6643594689,-15.11463131015,
    22.372817875247));
#657 = CARTESIAN_POINT('',(131.8028054485,-15.19483799274,
    22.429959449934));
#658 = CARTESIAN_POINT('',(131.91895483528,-15.28142793686,
    22.479263748905));
#659 = CARTESIAN_POINT('',(132.0221541834,-15.37161621745,
    22.520372617336));
#660 = CARTESIAN_POINT('',(132.11135624768,-15.46587157673,
    22.557928231439));
#661 = CARTESIAN_POINT('',(132.19240569619,-15.56239197436,
    22.590035361475));
#662 = CARTESIAN_POINT('',(132.3398546441,-15.75958572976,
    22.646832026043));
#663 = CARTESIAN_POINT('',(132.46430643892,-15.9632593202,
    22.690466187837));
#664 = CARTESIAN_POINT('',(132.52216680994,-16.06632219393,
    22.709576035385));
#665 = CARTESIAN_POINT('',(132.57660667875,-16.17034276277,
    22.726435560931));
#666 = CARTESIAN_POINT('',(132.62826817387,-16.27513890064,
    22.741403063337));
#667 = CARTESIAN_POINT('',(132.67759865172,-16.38058355341,
    22.754761766646));
#668 = CARTESIAN_POINT('',(132.72493110173,-16.48658160812,
    22.766739026836));
#669 = CARTESIAN_POINT('',(132.77053683294,-16.5930548162,
    22.777521207759));
#670 = CARTESIAN_POINT('',(132.81465044225,-16.69993477134,
    22.787264226156));
#671 = CARTESIAN_POINT('',(132.94310030773,-17.02162228159,
    22.81377084522));
#672 = CARTESIAN_POINT('',(133.06100411502,-17.34611458246,
    22.833094163552));
#673 = CARTESIAN_POINT('',(133.1360401801,-17.56335363908,
    22.843661238875));
#674 = CARTESIAN_POINT('',(133.20814314601,-17.78130206942,
    22.852486023373));
#675 = CARTESIAN_POINT('',(133.27768691021,-17.99982963513,
    22.859964023896));
#676 = CARTESIAN_POINT('',(133.34491677434,-18.21884128639,
    22.866390539993));
#677 = CARTESIAN_POINT('',(133.41000981698,-18.43826067478,
    22.872000691384));
#678 = CARTESIAN_POINT('',(133.47309117963,-18.65802586437,
    22.876985361203));
#679 = CARTESIAN_POINT('',(133.53423269157,-18.87808987392,
    22.881496074424));
#680 = CARTESIAN_POINT('',(133.8303705074,-19.979733905,22.902274860653)
  );
#681 = CARTESIAN_POINT('',(134.07922321104,-21.08717363565,
    22.91688687329));
#682 = CARTESIAN_POINT('',(134.24896931986,-21.97483966606,
    22.931266316914));
#683 = CARTESIAN_POINT('',(134.38520305084,-22.86383413149,
    22.950744775468));
#684 = CARTESIAN_POINT('',(134.48290719619,-23.75381136635,
    22.977121144976));
#685 = CARTESIAN_POINT('',(134.53675061446,-24.64451677708,
    23.012402550119));
#686 = CARTESIAN_POINT('',(134.5403287442,-25.53583222721,
    23.058594300554));
#687 = CARTESIAN_POINT('',(134.48571607311,-26.42705301054,
    23.117510399858));
#688 = CARTESIAN_POINT('',(134.36407887485,-27.31549617638,
    23.19093279969));
#689 = CARTESIAN_POINT('',(134.16724644708,-28.19540261534,
    23.280726671823));
#690 = CARTESIAN_POINT('',(133.88928900468,-29.05895794931,
    23.387798052862));
#691 = CARTESIAN_POINT('',(133.52434718919,-30.22036142958,
    23.54241099381));
#692 = CARTESIAN_POINT('',(133.02870735779,-31.32019191023,
    23.725511370302));
#693 = CARTESIAN_POINT('',(132.41730972644,-32.35023489127,
    23.932475402561));
#694 = CARTESIAN_POINT('',(131.70845823693,-33.30768486672,
    24.158302843341));
#695 = CARTESIAN_POINT('',(130.91754622845,-34.19774525438,
    24.39932551194));
#696 = CARTESIAN_POINT('',(130.05518515327,-35.02749089817,
    24.653239117484));
#697 = CARTESIAN_POINT('',(129.12871704465,-35.80237698126,
    24.918502245904));
#698 = CARTESIAN_POINT('',(128.14453695487,-36.52663310727,
    25.193809434493));
#699 = CARTESIAN_POINT('',(127.10891806689,-37.20415409836,
    25.477946071196));
#700 = CARTESIAN_POINT('',(124.94532119084,-38.47062535683,
    26.061796799276));
#701 = CARTESIAN_POINT('',(122.6183046806,-39.56717176694,
    26.671870485729));
#702 = CARTESIAN_POINT('',(121.41919291619,-40.07468506844,
    26.982233647077));
#703 = CARTESIAN_POINT('',(120.18959211863,-40.54250809542,
    27.296562109449));
#704 = CARTESIAN_POINT('',(118.93445771494,-40.97083010728,
    27.613228532247));
#705 = CARTESIAN_POINT('',(117.65862481938,-41.35906819898,
    27.929998504141));
#706 = CARTESIAN_POINT('',(116.36688581856,-41.70619998463,
    28.243648485827));
#707 = CARTESIAN_POINT('',(115.06408479137,-42.01120834447,
    28.549707151577));
#708 = CARTESIAN_POINT('',(113.75520675037,-42.27352581779,
    28.842484839011));
#709 = CARTESIAN_POINT('',(112.44543969036,-42.49336622677,
    29.115555815906));
#710 = CARTESIAN_POINT('',(111.14018743097,-42.67183111419,
    29.362858073372));
#711 = CARTESIAN_POINT('',(108.94645775313,-43.01347544297,
    29.454276702331));
#712 = CARTESIAN_POINT('',(106.78149000866,-43.25654217782,
    29.471101919294));
#713 = CARTESIAN_POINT('',(104.64672231438,-43.40382667424,
    29.419832288452));
#714 = CARTESIAN_POINT('',(102.54345317613,-43.45823052413,
    29.306815130725));
#715 = CARTESIAN_POINT('',(100.47312623125,-43.42116427672,
    29.137955510101));
#716 = CARTESIAN_POINT('',(98.436941890456,-43.29399389354,
    28.91936936504));
#717 = CARTESIAN_POINT('',(96.43612177335,-43.07676721462,28.65698619476
    ));
#718 = CARTESIAN_POINT('',(94.472519133092,-42.76601980303,
    28.357377486987));
#719 = CARTESIAN_POINT('',(92.548627173765,-42.35587891537,
    28.031822051655));
#720 = CARTESIAN_POINT('',(88.784147379167,-41.33204117068,
    27.36981516038));
#721 = CARTESIAN_POINT('',(85.185240746304,-39.92276857351,
    26.77622498282));
#722 = CARTESIAN_POINT('',(83.426917494326,-39.12727830597,
    26.51928380534));
#723 = CARTESIAN_POINT('',(81.707628321277,-38.25246808034,
    26.326146189023));
#724 = CARTESIAN_POINT('',(80.021734001713,-37.32337959262,
    26.22303737239));
#725 = CARTESIAN_POINT('',(78.360431366466,-36.3677570813,
    26.210726686646));
#726 = CARTESIAN_POINT('',(76.718734133095,-35.39744876306,
    26.282896578952));
#727 = CARTESIAN_POINT('',(75.095850762423,-34.41309060715,
    26.440923489613));
#728 = CARTESIAN_POINT('',(73.490256949926,-33.41989121432,
    26.685587442591));
#729 = CARTESIAN_POINT('',(71.902598830116,-32.41807600629,
    27.020628180824));
#730 = CARTESIAN_POINT('',(70.333855763936,-31.40912381222,
    27.451055671954));
#731 = CARTESIAN_POINT('',(69.337151486907,-30.92722471144,
    27.696460981391));
#732 = CARTESIAN_POINT('',(68.350928681835,-30.44099693047,
    27.971903419887));
#733 = CARTESIAN_POINT('',(67.374866649562,-29.95080626288,
    28.275758547654));
#734 = CARTESIAN_POINT('',(66.408565299283,-29.45707890791,
    28.606501594822));
#735 = CARTESIAN_POINT('',(65.451572779258,-28.96028606339,
    28.962714335999));
#736 = CARTESIAN_POINT('',(64.503396232964,-28.4609653623,
    29.343117038799));
#737 = CARTESIAN_POINT('',(63.563513142077,-27.95975423633,
    29.746619766419));
#738 = CARTESIAN_POINT('',(62.631400720071,-27.45741029179,
    30.17238731434));
#739 = CARTESIAN_POINT('',(61.706600817508,-26.95479378105,
    30.61991206121));
#740 = CARTESIAN_POINT('',(59.871074787709,-25.95078072818,
    31.558265966834));
#741 = CARTESIAN_POINT('',(58.064077122342,-24.95215467297,
    32.584705315618));
#742 = CARTESIAN_POINT('',(57.167752360269,-24.45497806275,
    33.120304889292));
#743 = CARTESIAN_POINT('',(56.279280543242,-23.96029349226,
    33.679131059561));
#744 = CARTESIAN_POINT('',(55.39949159906,-23.46844703622,
    34.262343382923));
#745 = CARTESIAN_POINT('',(54.530138530129,-22.97904875059,
    34.871631170271));
#746 = CARTESIAN_POINT('',(53.67448127304,-22.48999234391,
    35.508743846296));
#747 = CARTESIAN_POINT('',(52.836940611679,-21.99689185779,
    36.174088869025));
#748 = CARTESIAN_POINT('',(52.021784587747,-21.49337998066,
    36.864984132301));
#749 = CARTESIAN_POINT('',(50.441243599951,-20.45159276616,
    38.284985068709));
#750 = CARTESIAN_POINT('',(48.961002467749,-19.31978705882,
    39.751188737146));
#751 = CARTESIAN_POINT('',(48.246215026015,-18.72621722947,
    40.488340614167));
#752 = CARTESIAN_POINT('',(47.554817488344,-18.10096938524,
    41.220096801036));
#753 = CARTESIAN_POINT('',(46.882516114543,-17.44344025503,
    41.938073662301));
#754 = CARTESIAN_POINT('',(46.22429673701,-16.75568315595,
    42.636472622362));
#755 = CARTESIAN_POINT('',(45.576026541731,-16.04075064994,
    43.312255412728));
#756 = CARTESIAN_POINT('',(44.935072907245,-15.30143791648,
    43.964327329003));
#757 = CARTESIAN_POINT('',(44.299837581295,-14.53993913226,
    44.592303434483));
#758 = CARTESIAN_POINT('',(43.03807719329,-12.9763299814,45.799000283931
    ));
#759 = CARTESIAN_POINT('',(41.79111028663,-11.33712664186,
    46.906606219156));
#760 = CARTESIAN_POINT('',(41.170618014328,-10.50004554688,47.4354276201
    ));
#761 = CARTESIAN_POINT('',(40.552868747919,-9.646460634328,
    47.939089085905));
#762 = CARTESIAN_POINT('',(39.937869343625,-8.777005116556,
    48.417269083581));
#763 = CARTESIAN_POINT('',(39.325752507535,-7.892061685357,
    48.869428177351));
#764 = CARTESIAN_POINT('',(38.716705172131,-6.991842780263,
    49.294804273401));
#765 = CARTESIAN_POINT('',(38.110937188681,-6.076456887111,
    49.692448934687));
#766 = CARTESIAN_POINT('',(37.508673091495,-5.14595850546,
    50.061275853006));
#767 = CARTESIAN_POINT('',(36.910149692385,-4.200379421285,
    50.400092565301));
#768 = CARTESIAN_POINT('',(36.315602261284,-3.239738923292,
    50.707586501435));
#769 = CARTESIAN_POINT('',(35.522706827746,-2.148677184616,
    50.946937154855));
#770 = CARTESIAN_POINT('',(34.739771884981,-1.042865053953,
    51.137898030889));
#771 = CARTESIAN_POINT('',(33.969001650079,7.737648612255E-02,
    51.281926395872));
#772 = CARTESIAN_POINT('',(33.212738620266,1.211851850249,51.38055644678
    ));
#773 = CARTESIAN_POINT('',(32.473789988448,2.360607984443,
    51.435297732896));
#774 = CARTESIAN_POINT('',(31.755550759899,3.523933383706,51.44790008249
    ));
#775 = CARTESIAN_POINT('',(31.061940858248,4.702270551258,
    51.420791637896));
#776 = CARTESIAN_POINT('',(30.397173512651,5.896073457547,
    51.357496601357));
#777 = CARTESIAN_POINT('',(29.765372213944,7.105641557179,
    51.262839295221));
#778 = CARTESIAN_POINT('',(28.574734848538,9.556282286695,
    51.022642982523));
#779 = CARTESIAN_POINT('',(27.539130400042,12.068158061585,
    50.705543322752));
#780 = CARTESIAN_POINT('',(27.062407765477,13.338979443118,
    50.533965921768));
#781 = CARTESIAN_POINT('',(26.628137495778,14.623905750996,
    50.355996859712));
#782 = CARTESIAN_POINT('',(26.236299261247,15.921765932479,
    50.177836279015));
#783 = CARTESIAN_POINT('',(25.885948106983,17.231226005636,
    50.004561547455));
#784 = CARTESIAN_POINT('',(25.575933544844,18.55104043765,
    49.839861587749));
#785 = CARTESIAN_POINT('',(25.305449907615,19.880184382168,
    49.686235559981));
#786 = CARTESIAN_POINT('',(25.074241651922,21.21783176673,
    49.545506997235));
#787 = CARTESIAN_POINT('',(24.882530333541,22.563250175705,
    49.419312579203));
#788 = CARTESIAN_POINT('',(24.730973015228,23.915789428588,
    49.309032812812));
#789 = CARTESIAN_POINT('',(24.467854782421,25.432053714828,
    49.327437897073));
#790 = CARTESIAN_POINT('',(24.256332358871,26.955479422545,
    49.352803595059));
#791 = CARTESIAN_POINT('',(24.095975960843,28.484264158551,
    49.384118768569));
#792 = CARTESIAN_POINT('',(23.986381548127,30.016619504174,
    49.420353600025));
#793 = CARTESIAN_POINT('',(23.927167733152,31.550767123369,
    49.460460223692));
#794 = CARTESIAN_POINT('',(23.917972690399,33.084934870978,
    49.503373356867));
#795 = CARTESIAN_POINT('',(23.9584510654,34.617352900757,49.54801093112)
  );
#796 = CARTESIAN_POINT('',(24.048270884215,36.146249773701,
    49.593274723459));
#797 = CARTESIAN_POINT('',(24.187110462439,37.669848566054,
    49.638050987591));
#798 = CARTESIAN_POINT('',(24.374655314601,39.186362977597,
    49.681211085084));
#799 = CARTESIAN_POINT('',(24.610595063292,40.693993439732,
    49.721612116607));
#800 = CARTESIAN_POINT('',(24.758978401764,41.461011522837,
    49.676307745539));
#801 = CARTESIAN_POINT('',(24.920251065369,42.225692226666,
    49.632036431915));
#802 = CARTESIAN_POINT('',(25.094537602106,42.987890031143,
    49.589030448062));
#803 = CARTESIAN_POINT('',(25.281973523596,43.747456221524,
    49.547514782236));
#804 = CARTESIAN_POINT('',(25.482704184223,44.504238510781,
    49.507708519207));
#805 = CARTESIAN_POINT('',(25.696883659926,45.258080661625,
    49.469826220607));
#806 = CARTESIAN_POINT('',(25.92467362763,46.008822109018,
    49.434079305605));
#807 = CARTESIAN_POINT('',(26.166242243732,46.756297582159,
    49.40067743122));
#808 = CARTESIAN_POINT('',(26.421763023717,47.500336726924,
    49.369829872956));
#809 = CARTESIAN_POINT('',(26.691413720682,48.240763727992,
    49.341746905211));
#810 = CARTESIAN_POINT('',(26.975375204708,48.977396931144,
    49.316641181805));
#811 = CARTESIAN_POINT('',(135.4343013667,104.02341459402,
    38.087291742735));
#812 = CARTESIAN_POINT('',(135.70356766262,103.0044823569,
    37.280178803875));
#813 = CARTESIAN_POINT('',(135.95683681426,101.96974963829,
    36.50055880209));
#814 = CARTESIAN_POINT('',(136.19435559218,100.91977988873,
    35.748049513766));
#815 = CARTESIAN_POINT('',(136.41638714294,99.855141057096,
    35.022238994547));
#816 = CARTESIAN_POINT('',(136.62320959823,98.776401229221,
    34.322687478254));
#817 = CARTESIAN_POINT('',(136.81511468336,97.684124266093,
    33.64892927585));
#818 = CARTESIAN_POINT('',(136.99240632669,96.578865442752,
    33.000474674384));
#819 = CARTESIAN_POINT('',(137.15539926791,95.461167086229,
    32.376811835906));
#820 = CARTESIAN_POINT('',(137.30441766745,94.331554214513,
    31.777408696461));
#821 = CARTESIAN_POINT('',(137.43979371499,93.190530174651,
    31.201714864981));
#822 = CARTESIAN_POINT('',(137.56186623858,92.038572281431,
    30.649163522267));
#823 = CARTESIAN_POINT('',(137.82545868848,89.343676106853,29.3098309006
    ));
#824 = CARTESIAN_POINT('',(138.01302804484,86.588832708763,
    28.094384735806));
#825 = CARTESIAN_POINT('',(138.12982112342,83.783310915371,
    26.997040823133));
#826 = CARTESIAN_POINT('',(138.18095320298,80.935692705153,
    26.011843718993));
#827 = CARTESIAN_POINT('',(138.17134652919,78.054038140708,
    25.132764074752));
#828 = CARTESIAN_POINT('',(138.10567355552,75.146026723407,
    24.353780913957));
#829 = CARTESIAN_POINT('',(137.98830492219,72.21907516821,
    23.668948852277));
#830 = CARTESIAN_POINT('',(137.82326217187,69.280431599568,23.0724502611
    ));
#831 = CARTESIAN_POINT('',(137.61417520342,66.337246167296,
    22.558632373777));
#832 = CARTESIAN_POINT('',(137.36424446266,63.396618083542,
    22.122029335411));
#833 = CARTESIAN_POINT('',(137.07620787076,60.465619079911,
    21.757369195526));
#834 = CARTESIAN_POINT('',(136.9614809799,58.745400559765,
    21.613382828177));
#835 = CARTESIAN_POINT('',(136.83891539274,57.029881067995,
    21.49892384158));
#836 = CARTESIAN_POINT('',(136.70930710535,55.319190416992,
    21.412325339738));
#837 = CARTESIAN_POINT('',(136.57356347458,53.6134316813,21.352332609846
    ));
#838 = CARTESIAN_POINT('',(136.43260547811,51.912672071694,
    21.317418088532));
#839 = CARTESIAN_POINT('',(136.28750101377,50.216952471212,
    21.306364453447));
#840 = CARTESIAN_POINT('',(136.13957320615,48.526293924998,
    21.318683252064));
#841 = CARTESIAN_POINT('',(135.99043781305,46.840691195988,
    21.354461623746));
#842 = CARTESIAN_POINT('',(135.84213394346,45.160095317782,
    21.414254817728));
#843 = CARTESIAN_POINT('',(135.62551666274,42.646550685723,
    21.543873621855));
#844 = CARTESIAN_POINT('',(135.43055644217,40.143687381707,
    21.757217015989));
#845 = CARTESIAN_POINT('',(135.36831457821,39.310615655684,
    21.838930377416));
#846 = CARTESIAN_POINT('',(135.31157648745,38.478502716794,
    21.933305888416));
#847 = CARTESIAN_POINT('',(135.25810089224,37.64776122323,
    22.042871948392));
#848 = CARTESIAN_POINT('',(135.21101165985,36.818149987262,
    22.171358907039));
#849 = CARTESIAN_POINT('',(135.17479574239,35.98935381988,
    22.325215283771));
#850 = CARTESIAN_POINT('',(135.1481764085,35.161941518388,22.5143535333)
  );
#851 = CARTESIAN_POINT('',(135.1319828427,34.336399071897,
    22.753714069979));
#852 = CARTESIAN_POINT('',(135.14262689214,33.30601204235,
    23.155076442519));
#853 = CARTESIAN_POINT('',(135.13701677484,32.290150863258,
    23.825922744679));
#854 = CARTESIAN_POINT('',(135.13471904022,32.087681939988,
    23.972270832562));
#855 = CARTESIAN_POINT('',(135.13038496354,31.886092510056,
    24.13246397361));
#856 = CARTESIAN_POINT('',(135.12294390532,31.685593441642,
    24.308360376224));
#857 = CARTESIAN_POINT('',(135.11097776067,31.486450036211,
    24.502057803976));
#858 = CARTESIAN_POINT('',(135.09243316783,31.289020995615,
    24.715930521118));
#859 = CARTESIAN_POINT('',(135.06429558144,31.093796869751,
    24.95252263934));
#860 = CARTESIAN_POINT('',(135.0223374108,30.901418245444,
    25.214164893423));
#861 = CARTESIAN_POINT('',(134.89976743459,30.523889626455,
    25.790198854642));
#862 = CARTESIAN_POINT('',(134.67368215427,30.164080227508,
    26.467664378912));
#863 = CARTESIAN_POINT('',(134.52825435129,29.989420055889,
    26.830874739069));
#864 = CARTESIAN_POINT('',(134.34309997279,29.820807892256,
    27.214542622735));
#865 = CARTESIAN_POINT('',(134.11099068347,29.658972905519,
    27.613112619683));
#866 = CARTESIAN_POINT('',(133.82522900134,29.504312067746,
    28.01416170193));
#867 = CARTESIAN_POINT('',(133.48509914187,29.356194297719,
    28.39883757386));
#868 = CARTESIAN_POINT('',(133.10071125194,29.212579960509,
    28.748490159687));
#869 = CARTESIAN_POINT('',(132.6899455127,29.070687842677,
    29.051686842716));
#870 = CARTESIAN_POINT('',(131.42440304398,28.643832801156,
    29.813495749967));
#871 = CARTESIAN_POINT('',(130.17708158849,28.198465739639,
    30.14560080969));
#872 = CARTESIAN_POINT('',(129.4571631015,27.880199632003,
    30.188470842667));
#873 = CARTESIAN_POINT('',(128.91131716497,27.536083964226,
    30.150773790325));
#874 = CARTESIAN_POINT('',(128.444693606,27.181650032034,30.115772664501
    ));
#875 = CARTESIAN_POINT('',(128.06817487588,26.813833676697,
    30.040576565147));
#876 = CARTESIAN_POINT('',(127.74535422695,26.439629289434,
    29.984337010274));
#877 = CARTESIAN_POINT('',(127.46888980072,26.058973577831,
    29.920214848934));
#878 = CARTESIAN_POINT('',(127.22727933764,25.673919466636,29.8627560657
    ));
#879 = CARTESIAN_POINT('',(127.01340797534,25.285293432944,
    29.80925683006));
#880 = CARTESIAN_POINT('',(126.82176643971,24.893834832823,
    29.760222223976));
#881 = CARTESIAN_POINT('',(126.04223815068,24.585579366679,
    29.442433568624));
#882 = CARTESIAN_POINT('',(125.28804400849,24.269799330983,
    28.986590645874));
#883 = CARTESIAN_POINT('',(124.63425545516,23.937020164022,
    28.407694354922));
#884 = CARTESIAN_POINT('',(124.1597438382,23.578560763017,
    27.760535274684));
#885 = CARTESIAN_POINT('',(123.89126388051,23.196294684787,
    27.212733408149));
#886 = CARTESIAN_POINT('',(123.65419202206,22.812129125725,26.7377225895
    ));
#887 = CARTESIAN_POINT('',(123.51759818491,22.416628726356,
    26.325797111238));
#888 = CARTESIAN_POINT('',(123.40315617527,22.02013404798,
    25.980770307153));
#889 = CARTESIAN_POINT('',(123.32026472974,21.62077650908,
    25.684348391405));
#890 = CARTESIAN_POINT('',(123.18871904176,20.819667794708,
    25.17663686258));
#891 = CARTESIAN_POINT('',(123.10545730586,20.015330663578,
    24.808653216883));
#892 = CARTESIAN_POINT('',(123.0702088344,19.612839273348,
    24.652278634015));
#893 = CARTESIAN_POINT('',(123.03848676668,19.210197070628,
    24.517823363685));
#894 = CARTESIAN_POINT('',(123.00887913996,18.807435254044,
    24.400957069533));
#895 = CARTESIAN_POINT('',(122.98061581904,18.404538576744,
    24.298433277856));
#896 = CARTESIAN_POINT('',(122.95319612764,18.001483993097,
    24.207803848573));
#897 = CARTESIAN_POINT('',(122.92628977947,17.598244948323,
    24.127164361101));
#898 = CARTESIAN_POINT('',(122.89975457678,17.194782675407,
    24.054963130683));
#899 = CARTESIAN_POINT('',(122.82133387396,15.983572240059,
    23.859793450647));
#900 = CARTESIAN_POINT('',(122.74621117593,14.769580905143,
    23.71991622166));
#901 = CARTESIAN_POINT('',(122.69765394043,13.958701644193,
    23.643140184797));
#902 = CARTESIAN_POINT('',(122.65132336425,13.145990116188,
    23.578137714907));
#903 = CARTESIAN_POINT('',(122.60809476074,12.331207880773,
    23.522000246122));
#904 = CARTESIAN_POINT('',(122.56879461244,11.514156592759,
    23.472690524817));
#905 = CARTESIAN_POINT('',(122.53415068216,10.694670545229,
    23.428617107894));
#906 = CARTESIAN_POINT('',(122.50483839641,9.872607316687,
    23.388520095214));
#907 = CARTESIAN_POINT('',(122.48154761244,9.047840055894,
    23.351482827315));
#908 = CARTESIAN_POINT('',(122.43188642156,6.565084702425,23.24768718602
    ));
#909 = CARTESIAN_POINT('',(122.44844878324,4.056116902139,
    23.160281943966));
#910 = CARTESIAN_POINT('',(122.49406592761,2.371056335434,
    23.104735815785));
#911 = CARTESIAN_POINT('',(122.57904823898,0.673033025801,
    23.049365787355));
#912 = CARTESIAN_POINT('',(122.70796221898,-1.03830987843,
    22.992623463771));
#913 = CARTESIAN_POINT('',(122.8852122546,-2.763156996607,
    22.933401118892));
#914 = CARTESIAN_POINT('',(123.11505298191,-4.501536587232,
    22.870799079175));
#915 = CARTESIAN_POINT('',(123.40157361981,-6.253340773368,
    22.804091367769));
#916 = CARTESIAN_POINT('',(123.74867486413,-8.018356897903,
    22.732761615367));
#917 = CARTESIAN_POINT('',(124.16005892891,-9.796316783375,
    22.656481244624));
#918 = CARTESIAN_POINT('',(124.63925332472,-11.58697067225,
    22.574901934563));
#919 = CARTESIAN_POINT('',(124.71118540857,-11.81731628349,
    22.545236537791));
#920 = CARTESIAN_POINT('',(124.78514906091,-12.04641865466,
    22.51322716276));
#921 = CARTESIAN_POINT('',(124.86138525045,-12.27416648047,
    22.478447240772));
#922 = CARTESIAN_POINT('',(124.93996702127,-12.50049841545,
    22.440509795368));
#923 = CARTESIAN_POINT('',(125.02124124841,-12.72526205973,
    22.398778758708));
#924 = CARTESIAN_POINT('',(125.1058451067,-12.94820789802,
    22.352336411736));
#925 = CARTESIAN_POINT('',(125.19456883322,-13.16903132671,
    22.300023837377));
#926 = CARTESIAN_POINT('',(125.28833637005,-13.38737590753,
    22.240371274799));
#927 = CARTESIAN_POINT('',(125.38857546659,-13.60271098237,
    22.171235264214));
#928 = CARTESIAN_POINT('',(125.55308550867,-13.91963968998,
    22.047821573302));
#929 = CARTESIAN_POINT('',(125.75336087784,-14.22254551928,
    21.879840775474));
#930 = CARTESIAN_POINT('',(125.82488203679,-14.32168619838,
    21.81798979105));
#931 = CARTESIAN_POINT('',(125.90238543349,-14.41860427865,
    21.749454707102));
#932 = CARTESIAN_POINT('',(125.98717644365,-14.51285510313,
    21.672714269921));
#933 = CARTESIAN_POINT('',(126.08118258995,-14.60379843128,
    21.585926563955));
#934 = CARTESIAN_POINT('',(126.18738234501,-14.6904770592,
    21.487086985382));
#935 = CARTESIAN_POINT('',(126.31000626555,-14.77153791818,
    21.373479377264));
#936 = CARTESIAN_POINT('',(126.45525885515,-14.84498752475,
    21.240801549067));
#937 = CARTESIAN_POINT('',(126.72363774531,-14.9385271307,
    21.004427064615));
#938 = CARTESIAN_POINT('',(127.12031373135,-14.99120804833,
    20.702428469278));
#939 = CARTESIAN_POINT('',(127.26967029361,-15.00336433336,
    20.594128737716));
#940 = CARTESIAN_POINT('',(127.43999938713,-15.00894327207,
    20.477189306128));
#941 = CARTESIAN_POINT('',(127.63600681511,-15.00657058796,
    20.352166196681));
#942 = CARTESIAN_POINT('',(127.86354021742,-14.99454852833,
    20.220027957344));
#943 = CARTESIAN_POINT('',(128.13035702255,-14.97062053782,
    20.081928393373));
#944 = CARTESIAN_POINT('',(128.4467177413,-14.93187986055,
    19.941598479163));
#945 = CARTESIAN_POINT('',(128.82436155149,-14.87521760201,
    19.809452569917));
#946 = CARTESIAN_POINT('',(129.71892513928,-14.72247155635,
    19.600352169527));
#947 = CARTESIAN_POINT('',(130.86512272659,-14.50207963995,
    19.592924878123));
#948 = CARTESIAN_POINT('',(131.49513285663,-14.37754842369,
    19.662274408698));
#949 = CARTESIAN_POINT('',(132.15736700313,-14.24687761769,
    19.829703529027));
#950 = CARTESIAN_POINT('',(132.82754911551,-14.11784512288,
    20.111720030272));
#951 = CARTESIAN_POINT('',(133.3990900224,-14.02242619076,
    20.519796984198));
#952 = CARTESIAN_POINT('',(133.86035339774,-13.95982557979,
    20.932811050748));
#953 = CARTESIAN_POINT('',(134.2328643895,-13.92376440999,
    21.353122488642));
#954 = CARTESIAN_POINT('',(134.52572617921,-13.91042742867,
    21.748592604498));
#955 = CARTESIAN_POINT('',(135.21927519237,-13.92211527015,
    22.845334627911));
#956 = CARTESIAN_POINT('',(135.47694689909,-14.05270999684,
    23.646528767098));
#957 = CARTESIAN_POINT('',(135.56421475564,-14.15959771557,
    24.028573748759));
#958 = CARTESIAN_POINT('',(135.63155601551,-14.26979865136,
    24.332550561933));
#959 = CARTESIAN_POINT('',(135.6734208415,-14.3854652504,24.572914758572
    ));
#960 = CARTESIAN_POINT('',(135.70547573777,-14.50256596768,
    24.766931561734));
#961 = CARTESIAN_POINT('',(135.73770176795,-14.61870367547,
    24.930530919181));
#962 = CARTESIAN_POINT('',(135.76161220093,-14.7364828413,
    25.066421362055));
#963 = CARTESIAN_POINT('',(135.78612646918,-14.8535530216,
    25.182944135641));
#964 = CARTESIAN_POINT('',(135.83246033295,-15.08764467884,
    25.383549339355));
#965 = CARTESIAN_POINT('',(135.8770779757,-15.32098173607,
    25.531928248275));
#966 = CARTESIAN_POINT('',(135.89941825598,-15.437426721,25.596051497924
    ));
#967 = CARTESIAN_POINT('',(135.92201161449,-15.55365274445,
    25.652212492876));
#968 = CARTESIAN_POINT('',(135.9449328273,-15.66968592671,
    25.701892249361));
#969 = CARTESIAN_POINT('',(135.96818092418,-15.78556033734,
    25.746159890167));
#970 = CARTESIAN_POINT('',(135.99172933072,-15.90130875615,
    25.785831240726));
#971 = CARTESIAN_POINT('',(136.01555505593,-16.01695778303,
    25.821574980692));
#972 = CARTESIAN_POINT('',(136.03964692495,-16.13252729758,
    25.85396635119));
#973 = CARTESIAN_POINT('',(136.11268472165,-16.4790482082,
    25.942532550364));
#974 = CARTESIAN_POINT('',(136.18758912076,-16.82520615053,
    26.008332384366));
#975 = CARTESIAN_POINT('',(136.23809703369,-17.0559677828,
    26.045008043128));
#976 = CARTESIAN_POINT('',(136.28891598823,-17.28683168973,
    26.07627716083));
#977 = CARTESIAN_POINT('',(136.33980810868,-17.517882931,26.103301266404
    ));
#978 = CARTESIAN_POINT('',(136.39056637593,-17.74918728825,
    26.126921950341));
#979 = CARTESIAN_POINT('',(136.44101123366,-17.98079732555,
    26.147804984171));
#980 = CARTESIAN_POINT('',(136.49098140717,-18.21275661258,
    26.166484315954));
#981 = CARTESIAN_POINT('',(136.54032466683,-18.44510248062,
    26.183364587616));
#982 = CARTESIAN_POINT('',(136.78317268251,-19.60892847724,
    26.260245746691));
#983 = CARTESIAN_POINT('',(137.00334420332,-20.78396520133,
    26.306548309866));
#984 = CARTESIAN_POINT('',(137.15638823528,-21.73295067069,
    26.340770384671));
#985 = CARTESIAN_POINT('',(137.27925348662,-22.69224762438,
    26.376664151174));
#986 = CARTESIAN_POINT('',(137.36485086001,-23.66281670918,
    26.417189111506));
#987 = CARTESIAN_POINT('',(137.40521875834,-24.64588316354,
    26.465969006585));
#988 = CARTESIAN_POINT('',(137.39093039527,-25.64276865393,
    26.526449766992));
#989 = CARTESIAN_POINT('',(137.31079328995,-26.65341147229,
    26.601282736096));
#990 = CARTESIAN_POINT('',(137.15222552609,-27.674062582,26.692968978274
    ));
#991 = CARTESIAN_POINT('',(136.90306205615,-28.69561662269,
    26.804572575169));
#992 = CARTESIAN_POINT('',(136.55591303609,-29.70500860749,
    26.937082900503));
#993 = CARTESIAN_POINT('',(136.08101913299,-31.05571849177,
    27.139846203998));
#994 = CARTESIAN_POINT('',(135.4539982443,-32.32158918533,
    27.375859825541));
#995 = CARTESIAN_POINT('',(134.69661243125,-33.48656217809,
    27.63864773538));
#996 = CARTESIAN_POINT('',(133.83674250845,-34.54431940751,
    27.921001708801));
#997 = CARTESIAN_POINT('',(132.89695231591,-35.50299789464,
    28.218078481706));
#998 = CARTESIAN_POINT('',(131.89108904764,-36.37399648994,
    28.527420144646));
#999 = CARTESIAN_POINT('',(130.8270492761,-37.16560732752,
    28.847819237921));
#1000 = CARTESIAN_POINT('',(129.7110252608,-37.88374416301,
    29.178298295258));
#1001 = CARTESIAN_POINT('',(128.54903940651,-38.53362778291,
    29.517749773291));
#1002 = CARTESIAN_POINT('',(126.1417133117,-39.70222251434,
    30.212223024087));
#1003 = CARTESIAN_POINT('',(123.58606267765,-40.61602259109,
    30.930140034404));
#1004 = CARTESIAN_POINT('',(122.27564405845,-41.01101707468,
    31.292953266294));
#1005 = CARTESIAN_POINT('',(120.93698170033,-41.34494076854,
    31.657312565145));
#1006 = CARTESIAN_POINT('',(119.57445162576,-41.61777504323,
    32.019752528514));
#1007 = CARTESIAN_POINT('',(118.19264813116,-41.82941105199,
    32.375290589566));
#1008 = CARTESIAN_POINT('',(116.79654810647,-41.98068350287,
    32.717501565175));
#1009 = CARTESIAN_POINT('',(115.39159327907,-42.0742873963,
    33.038968269201));
#1010 = CARTESIAN_POINT('',(113.98363580058,-42.11519009407,
    33.33204928644));
#1011 = CARTESIAN_POINT('',(112.57869259611,-42.11015109044,
    33.589905002625));
#1012 = CARTESIAN_POINT('',(111.18245389456,-42.06596185213,
    33.807722985927));
#1013 = CARTESIAN_POINT('',(108.92573991908,-42.56583278802,
    33.921308039098));
#1014 = CARTESIAN_POINT('',(106.69512284867,-42.9817834948,
    33.955023851472));
#1015 = CARTESIAN_POINT('',(104.49183344283,-43.31975887223,
    33.913730026937));
#1016 = CARTESIAN_POINT('',(102.31666481629,-43.58637229206,
    33.802061930824));
#1017 = CARTESIAN_POINT('',(100.16977616897,-43.78761699542,
    33.621405210846));
#1018 = CARTESIAN_POINT('',(98.050792972957,-43.92910288403,
    33.373084856755));
#1019 = CARTESIAN_POINT('',(95.95868564147,-44.01522076102,
    33.055882232999));
#1020 = CARTESIAN_POINT('',(93.892277388411,-44.0453872746,
    32.663155008217));
#1021 = CARTESIAN_POINT('',(91.851970974317,-44.00843819037,
    32.188762898757));
#1022 = CARTESIAN_POINT('',(87.830815682322,-43.75419219982,
    31.094630381759));
#1023 = CARTESIAN_POINT('',(83.942944197755,-43.06490615835,
    29.809050745685));
#1024 = CARTESIAN_POINT('',(82.03600023175,-42.5926791475,
    29.143545374052));
#1025 = CARTESIAN_POINT('',(80.169442297667,-41.97809507517,
    28.492435564921));
#1026 = CARTESIAN_POINT('',(78.346520741271,-41.21648287069,
    27.918730471528));
#1027 = CARTESIAN_POINT('',(76.559129355234,-40.34796081352,
    27.466462969289));
#1028 = CARTESIAN_POINT('',(74.798332401227,-39.40846550677,
    27.145804627368));
#1029 = CARTESIAN_POINT('',(73.060648727122,-38.41033669939,
    26.954862054291));
#1030 = CARTESIAN_POINT('',(71.342582327857,-37.37198538484,
    26.898814957763));
#1031 = CARTESIAN_POINT('',(69.64331320414,-36.3021562934,
    26.976582810438));
#1032 = CARTESIAN_POINT('',(67.963252603359,-35.20881621467,
    27.189777258478));
#1033 = CARTESIAN_POINT('',(66.935035786142,-34.7134343971,
    27.525023709028));
#1034 = CARTESIAN_POINT('',(65.923203149319,-34.21515490453,
    27.896489506993));
#1035 = CARTESIAN_POINT('',(64.927923572406,-33.7143473926,
    28.302968480359));
#1036 = CARTESIAN_POINT('',(63.949383576334,-33.21136426957,
    28.743497356401));
#1037 = CARTESIAN_POINT('',(62.987813376214,-32.7065164549,
    29.21733192578));
#1038 = CARTESIAN_POINT('',(62.043550209046,-32.20006453759,
    29.72400081213));
#1039 = CARTESIAN_POINT('',(61.117132026483,-31.69219569036,
    30.263386623753));
#1040 = CARTESIAN_POINT('',(60.209414644996,-31.18295669576,
    30.835784264169));
#1041 = CARTESIAN_POINT('',(59.321705443261,-30.67211344032,
    31.44188617805));
#1042 = CARTESIAN_POINT('',(57.590107954653,-29.64570102489,
    32.723402440653));
#1043 = CARTESIAN_POINT('',(55.956725268801,-28.60319771615,
    34.147143133328));
#1044 = CARTESIAN_POINT('',(55.167203552172,-28.076363947,
    34.895573302082));
#1045 = CARTESIAN_POINT('',(54.40828894318,-27.54100558045,
    35.680931228655));
#1046 = CARTESIAN_POINT('',(53.683870620542,-26.99374086487,
    36.503754751773));
#1047 = CARTESIAN_POINT('',(52.998779206352,-26.42925722413,
    37.363356308676));
#1048 = CARTESIAN_POINT('',(52.358202619636,-25.83946019009,
    38.25566427398));
#1049 = CARTESIAN_POINT('',(51.765500065173,-25.21470631775,
    39.171576227194));
#1050 = CARTESIAN_POINT('',(51.219291709776,-24.54693119957,
    40.096937087894));
#1051 = CARTESIAN_POINT('',(50.204922535422,-23.11877145191,
    41.933248334433));
#1052 = CARTESIAN_POINT('',(49.307987541928,-21.51067053475,
    43.687795003031));
#1053 = CARTESIAN_POINT('',(48.879309864816,-20.66280771336,
    44.531329576368));
#1054 = CARTESIAN_POINT('',(48.457427491879,-19.7770821156,
    45.329526786835));
#1055 = CARTESIAN_POINT('',(48.030434256962,-18.86317789676,
    46.078134505609));
#1056 = CARTESIAN_POINT('',(47.590216528581,-17.93097136184,
    46.779198607279));
#1057 = CARTESIAN_POINT('',(47.133115046903,-16.98762553633,
    47.437695712471));
#1058 = CARTESIAN_POINT('',(46.658849083544,-16.03685447723,
    48.058660744612));
#1059 = CARTESIAN_POINT('',(46.168544661202,-15.08028550863,
    48.646059362801));
#1060 = CARTESIAN_POINT('',(45.157946610377,-13.15820048204,
    49.760124225523));
#1061 = CARTESIAN_POINT('',(44.094856156453,-11.21800433272,
    50.761896383585));
#1062 = CARTESIAN_POINT('',(43.551951184155,-10.24344152684,
    51.237005083523));
#1063 = CARTESIAN_POINT('',(42.999683318961,-9.263695431617,
    51.687662002405));
#1064 = CARTESIAN_POINT('',(42.439965030874,-8.277696474841,
    52.114376287884));
#1065 = CARTESIAN_POINT('',(41.874477592582,-7.284285664195,
    52.517003028092));
#1066 = CARTESIAN_POINT('',(41.304645912849,-6.282349372596,
    52.894901277495));
#1067 = CARTESIAN_POINT('',(40.73168560348,-5.270869505129,
    53.247074710064));
#1068 = CARTESIAN_POINT('',(40.156672863224,-4.248931238727,
    53.572281892712));
#1069 = CARTESIAN_POINT('',(39.580587763962,-3.215730524694,
    53.869103171258));
#1070 = CARTESIAN_POINT('',(39.004281522805,-2.17062354514,
    54.135951161792));
#1071 = CARTESIAN_POINT('',(38.083905400676,-1.126727337975,
    54.489986254492));
#1072 = CARTESIAN_POINT('',(37.159967964703,-7.471148820413E-02,
    54.798155675404));
#1073 = CARTESIAN_POINT('',(36.232624579995,0.98479748608,
    55.061025084249));
#1074 = CARTESIAN_POINT('',(35.30225022817,2.051485200923,
    55.278892553195));
#1075 = CARTESIAN_POINT('',(34.369591809061,3.125509722146,
    55.451119522285));
#1076 = CARTESIAN_POINT('',(33.436325221766,4.207674339007,
    55.576207865723));
#1077 = CARTESIAN_POINT('',(32.505722428553,5.299545407717,
    55.652388108648));
#1078 = CARTESIAN_POINT('',(31.583133705874,6.403447876312,
    55.678483833547));
#1079 = CARTESIAN_POINT('',(30.675990286052,7.522271102675,
    55.654817315906));
#1080 = CARTESIAN_POINT('',(28.910074901396,9.795764051935,
    55.513025540811));
#1081 = CARTESIAN_POINT('',(27.273737034309,12.150309443498,
    55.202423013657));
#1082 = CARTESIAN_POINT('',(26.496184287043,13.350207965809,
    55.009847865863));
#1083 = CARTESIAN_POINT('',(25.767423940493,14.574676823214,
    54.787064100701));
#1084 = CARTESIAN_POINT('',(25.09379955541,15.824565008446,
    54.543148094046));
#1085 = CARTESIAN_POINT('',(24.479128733011,17.099590862163,
    54.287673366737));
#1086 = CARTESIAN_POINT('',(23.924897766016,18.398643123698,
    54.029202572169));
#1087 = CARTESIAN_POINT('',(23.431046013126,19.72017970947,
    53.774555981961));
#1088 = CARTESIAN_POINT('',(22.996949339891,21.062553286136,
    53.529002996008));
#1089 = CARTESIAN_POINT('',(22.622119531292,22.424160231692,
    53.296899188944));
#1090 = CARTESIAN_POINT('',(22.306044158096,23.80337710379,
    53.081667384911));
#1091 = CARTESIAN_POINT('',(22.093316385343,25.390540464001,
    53.134574408853));
#1092 = CARTESIAN_POINT('',(21.936689253125,26.982522344971,
    53.19471470408));
#1093 = CARTESIAN_POINT('',(21.83555352952,28.577377956967,
    53.260886996274));
#1094 = CARTESIAN_POINT('',(21.789291275173,30.173202070113,
    53.331858883661));
#1095 = CARTESIAN_POINT('',(21.797277294838,31.76812544644,
    53.406372521001));
#1096 = CARTESIAN_POINT('',(21.858880589719,33.360311272228,
    53.483150303517));
#1097 = CARTESIAN_POINT('',(21.973465808593,34.947951589925,
    53.560900550944));
#1098 = CARTESIAN_POINT('',(22.140394700463,36.529263730572,
    53.638323191401));
#1099 = CARTESIAN_POINT('',(22.359027565623,38.102486745724,
    53.714115445466));
#1100 = CARTESIAN_POINT('',(22.62872470808,39.665877839784,
    53.786977510068));
#1101 = CARTESIAN_POINT('',(22.948847887032,41.217708802066,
    53.855618242506));
#1102 = CARTESIAN_POINT('',(23.031297048542,42.025040149739,
    53.778703224438));
#1103 = CARTESIAN_POINT('',(23.130264247647,42.831056410324,
    53.702295317265));
#1104 = CARTESIAN_POINT('',(23.245848130839,43.635542955291,
    53.626787358965));
#1105 = CARTESIAN_POINT('',(23.378144375853,44.43828270191,
    53.552549281517));
#1106 = CARTESIAN_POINT('',(23.527246594231,45.23905556293,
    53.479930343096));
#1107 = CARTESIAN_POINT('',(23.693247234978,46.037637895822,
    53.409261360019));
#1108 = CARTESIAN_POINT('',(23.876238486606,46.833801952656,
    53.340856939038));
#1109 = CARTESIAN_POINT('',(24.076313181121,47.627315329222,
    53.275017709231));
#1110 = CARTESIAN_POINT('',(24.293565696083,48.417940414902,
    53.212032554278));
#1111 = CARTESIAN_POINT('',(24.528092858241,49.205433841918,
    53.152180844431));
#1112 = CARTESIAN_POINT('',(24.779994846114,49.989545935014,
    53.095734668686));
#1113 = CARTESIAN_POINT('',(136.07099157512,101.12761105567,
    42.819751648265));
#1114 = CARTESIAN_POINT('',(136.31970025114,100.20024559027,
    42.071434393342));
#1115 = CARTESIAN_POINT('',(136.55366642092,99.258105539958,
    41.348218413414));
#1116 = CARTESIAN_POINT('',(136.7731521647,98.301471028589,
    40.649600824425));
#1117 = CARTESIAN_POINT('',(136.97841819111,97.330621906685,
    39.975081221089));
#1118 = CARTESIAN_POINT('',(137.1697238225,96.345838033074,
    39.324161720756));
#1119 = CARTESIAN_POINT('',(137.34732698117,95.347399556459,
    38.69634700734));
#1120 = CARTESIAN_POINT('',(137.51148417427,94.335587197259,
    38.091144375193));
#1121 = CARTESIAN_POINT('',(137.66245048023,93.310682528911,
    37.508063773006));
#1122 = CARTESIAN_POINT('',(137.80047953377,92.272968259937,
    36.946617847717));
#1123 = CARTESIAN_POINT('',(137.92582351198,91.222728515183,
    36.406321988385));
#1124 = CARTESIAN_POINT('',(138.03873311978,90.160249117754,
    35.886694370108));
#1125 = CARTESIAN_POINT('',(138.33186277435,87.68264628656,
    34.622599836191));
#1126 = CARTESIAN_POINT('',(138.55897839913,85.137099481941,
    33.467323963149));
#1127 = CARTESIAN_POINT('',(138.72484951255,82.531250179689,
    32.41638144131));
#1128 = CARTESIAN_POINT('',(138.83423269019,79.872761335939,
    31.465206737667));
#1129 = CARTESIAN_POINT('',(138.89190618399,77.169300502964,
    30.609101496319));
#1130 = CARTESIAN_POINT('',(138.9026767783,74.428522740089,
    29.843186957874));
#1131 = CARTESIAN_POINT('',(138.87135888392,71.658053319836,
    29.162361398022));
#1132 = CARTESIAN_POINT('',(138.8027258687,68.865470229215,
    28.561262585012));
#1133 = CARTESIAN_POINT('',(138.70143362618,66.058286466197,
    28.034235256322));
#1134 = CARTESIAN_POINT('',(138.57191638099,63.243932131363,
    27.575303614257));
#1135 = CARTESIAN_POINT('',(138.41825473194,60.429736314738,
    27.178148840673));
#1136 = CARTESIAN_POINT('',(138.29131554637,58.781994643518,
    27.037665685552));
#1137 = CARTESIAN_POINT('',(138.15416731731,57.135259568395,
    26.926173620325));
#1138 = CARTESIAN_POINT('',(138.00713256594,55.489628136977,
    26.84232032199));
#1139 = CARTESIAN_POINT('',(137.85020979031,53.845254578336,
    26.785093400486));
#1140 = CARTESIAN_POINT('',(137.68368392577,52.202251681126,
    26.753338438679));
#1141 = CARTESIAN_POINT('',(137.50764112271,50.560771511683,
    26.746215963379));
#1142 = CARTESIAN_POINT('',(137.32162710363,48.921062878702,
    26.763541894504));
#1143 = CARTESIAN_POINT('',(137.1248171428,47.283446910315,
    26.80573767173));
#1144 = CARTESIAN_POINT('',(136.91619447197,45.648296063608,
    26.873897911041));
#1145 = CARTESIAN_POINT('',(136.58194681127,43.200220737158,
    27.019948688138));
#1146 = CARTESIAN_POINT('',(136.19643438145,40.762983332961,
    27.254987368442));
#1147 = CARTESIAN_POINT('',(136.06097330757,39.951999701096,
    27.34412718166));
#1148 = CARTESIAN_POINT('',(135.91793541148,39.142692075393,
    27.447773470289));
#1149 = CARTESIAN_POINT('',(135.7633982419,38.335564255864,
    27.564989833129));
#1150 = CARTESIAN_POINT('',(135.5953406504,37.531096502313,
    27.700782416648));
#1151 = CARTESIAN_POINT('',(135.4098925361,36.73012018695,
    27.863020985113));
#1152 = CARTESIAN_POINT('',(135.19654604163,35.934196001977,
    28.055859248293));
#1153 = CARTESIAN_POINT('',(134.94113519114,35.145550395473,
    28.288340245686));
#1154 = CARTESIAN_POINT('',(134.54116214138,34.174058802127,
    28.667934144072));
#1155 = CARTESIAN_POINT('',(133.87160617486,33.243575703078,
    29.184223149325));
#1156 = CARTESIAN_POINT('',(133.72525561536,33.059346994487,
    29.293215656897));
#1157 = CARTESIAN_POINT('',(133.56436046368,32.877265791142,
    29.408030438243));
#1158 = CARTESIAN_POINT('',(133.38651001752,32.697648014766,
    29.528656585633));
#1159 = CARTESIAN_POINT('',(133.18886364444,32.520858108522,
    29.654876437909));
#1160 = CARTESIAN_POINT('',(132.9679507912,32.347325290563,
    29.786003713737));
#1161 = CARTESIAN_POINT('',(132.71958807568,32.177540041014,
    29.920503606562));
#1162 = CARTESIAN_POINT('',(132.43910607788,32.012006992826,
    30.055530391475));
#1163 = CARTESIAN_POINT('',(131.80505082094,31.69025380771,
    30.317305796491));
#1164 = CARTESIAN_POINT('',(131.01377611451,31.387518815901,
    30.534497098982));
#1165 = CARTESIAN_POINT('',(130.57596871266,31.241022397815,
    30.625061264276));
#1166 = CARTESIAN_POINT('',(130.0956854002,31.099081754515,
    30.688126342097));
#1167 = CARTESIAN_POINT('',(129.57416953814,30.96115098489,
    30.713474176092));
#1168 = CARTESIAN_POINT('',(129.01960802096,30.825651028889,
    30.687553615228));
#1169 = CARTESIAN_POINT('',(128.44981893878,30.689830606845,
    30.599079182321));
#1170 = CARTESIAN_POINT('',(127.88860472629,30.550563493761,
    30.447509914348));
#1171 = CARTESIAN_POINT('',(127.35722455201,30.405497257432,
    30.243985776523));
#1172 = CARTESIAN_POINT('',(125.8869100672,29.949948387608,
    29.517883851742));
#1173 = CARTESIAN_POINT('',(124.84220050902,29.430954056034,
    28.568666873306));
#1174 = CARTESIAN_POINT('',(124.3819332659,29.054727703206,
    27.945332514252));
#1175 = CARTESIAN_POINT('',(124.09877281123,28.660375011232,
    27.447765104569));
#1176 = CARTESIAN_POINT('',(123.85804368155,28.263690831697,
    27.029540914899));
#1177 = CARTESIAN_POINT('',(123.70740608235,27.857938005339,
    26.67725624717));
#1178 = CARTESIAN_POINT('',(123.56885982796,27.453191488722,
    26.388342433044));
#1179 = CARTESIAN_POINT('',(123.46414083527,27.045765524087,
    26.140507988524));
#1180 = CARTESIAN_POINT('',(123.37259458282,26.638234370495,
    25.93060368062));
#1181 = CARTESIAN_POINT('',(123.29274988486,26.230466171963,
    25.750106742666));
#1182 = CARTESIAN_POINT('',(123.22094932383,25.822743412665,
    25.593871991463));
#1183 = CARTESIAN_POINT('',(123.0738807084,25.414182820342,
    24.707109107391));
#1184 = CARTESIAN_POINT('',(123.07438440309,24.984994481258,
    23.76746216221));
#1185 = CARTESIAN_POINT('',(123.25081008098,24.534224437951,
    22.857051116837));
#1186 = CARTESIAN_POINT('',(123.5952093937,24.066508793607,
    22.084088346947));
#1187 = CARTESIAN_POINT('',(123.96083899271,23.605010140281,
    21.568995056849));
#1188 = CARTESIAN_POINT('',(124.27381722572,23.153099965948,
    21.12529069005));
#1189 = CARTESIAN_POINT('',(124.5829390871,22.706439952455,
    20.815312936502));
#1190 = CARTESIAN_POINT('',(124.83987108296,22.268814885036,
    20.564224664309));
#1191 = CARTESIAN_POINT('',(125.06767802688,21.837145016544,
    20.370926319966));
#1192 = CARTESIAN_POINT('',(125.46029672671,20.98511497791,
    20.064667580507));
#1193 = CARTESIAN_POINT('',(125.74500997703,20.15202464934,
    19.881879253469));
#1194 = CARTESIAN_POINT('',(125.86423712247,19.739367644677,
    19.811601255129));
#1195 = CARTESIAN_POINT('',(125.96423389966,19.329872352488,
    19.756377524755));
#1196 = CARTESIAN_POINT('',(126.04840073513,18.922953095412,
    19.712332160086));
#1197 = CARTESIAN_POINT('',(126.11945618563,18.518156369883,
    19.676828116438));
#1198 = CARTESIAN_POINT('',(126.17950059844,18.115134388546,
    19.647941145488));
#1199 = CARTESIAN_POINT('',(126.23020573407,17.713611944585,
    19.624219477012));
#1200 = CARTESIAN_POINT('',(126.27300946744,17.313357781306,
    19.604593911586));
#1201 = CARTESIAN_POINT('',(126.38156511925,16.115799389019,
    19.555721149967));
#1202 = CARTESIAN_POINT('',(126.43928508187,14.926455507861,
    19.531020984142));
#1203 = CARTESIAN_POINT('',(126.46318334165,14.13594308927,
    19.52033815123));
#1204 = CARTESIAN_POINT('',(126.47759217748,13.347017956594,
    19.513015575481));
#1205 = CARTESIAN_POINT('',(126.48596650955,12.559139558653,
    19.507802902393));
#1206 = CARTESIAN_POINT('',(126.49088863094,11.77189707779,
    19.503887305528));
#1207 = CARTESIAN_POINT('',(126.49445125315,10.984949086176,
    19.500605710346));
#1208 = CARTESIAN_POINT('',(126.49839467247,10.198004799116,
    19.497426467511));
#1209 = CARTESIAN_POINT('',(126.50413387604,9.410822934539,
    19.494021896922));
#1210 = CARTESIAN_POINT('',(126.53016647023,7.047966694181,
    19.482715576595));
#1211 = CARTESIAN_POINT('',(126.5924049076,4.679421461139,
    19.466047738363));
#1212 = CARTESIAN_POINT('',(126.65839656841,3.096349428328,
    19.451084386057));
#1213 = CARTESIAN_POINT('',(126.75513715784,1.508026152648,
    19.431557320022));
#1214 = CARTESIAN_POINT('',(126.88778449546,-8.661038920978E-02,
    19.40708452995));
#1215 = CARTESIAN_POINT('',(127.06100340167,-1.688562062208,
    19.377390129645));
#1216 = CARTESIAN_POINT('',(127.27922657955,-3.298807370026,
    19.342223513621));
#1217 = CARTESIAN_POINT('',(127.54670762022,-4.918307022797,
    19.301363117412));
#1218 = CARTESIAN_POINT('',(127.86749611675,-6.547997433892,
    19.254646110275));
#1219 = CARTESIAN_POINT('',(128.24546486899,-8.18879130321,
    19.201965348111));
#1220 = CARTESIAN_POINT('',(128.68451916391,-9.84160444511,
    19.143174915254));
#1221 = CARTESIAN_POINT('',(128.76517919394,-10.05108293053,
    19.134410842727));
#1222 = CARTESIAN_POINT('',(128.84979990009,-10.25998550125,
    19.125541417961));
#1223 = CARTESIAN_POINT('',(128.93890863733,-10.46811596595,
    19.116655431155));
#1224 = CARTESIAN_POINT('',(129.03289827472,-10.67531280157,
    19.107692242852));
#1225 = CARTESIAN_POINT('',(129.13255150583,-10.88130394412,
    19.098729958742));
#1226 = CARTESIAN_POINT('',(129.2390808508,-11.08569489523,
    19.089984139286));
#1227 = CARTESIAN_POINT('',(129.35401189696,-11.28799921504,
    19.081691007134));
#1228 = CARTESIAN_POINT('',(129.47923732614,-11.48762047194,
    19.074049116564));
#1229 = CARTESIAN_POINT('',(129.61756927563,-11.68369472006,
    19.067393447602));
#1230 = CARTESIAN_POINT('',(129.8523917333,-11.97020650222,
    19.060467109904));
#1231 = CARTESIAN_POINT('',(130.15056420161,-12.23882972224,
    19.064718194435));
#1232 = CARTESIAN_POINT('',(130.25829275669,-12.3260038828,
    19.067684107625));
#1233 = CARTESIAN_POINT('',(130.37583219595,-12.41039702349,
    19.072987140115));
#1234 = CARTESIAN_POINT('',(130.50535442686,-12.49137764017,
    19.08111631508));
#1235 = CARTESIAN_POINT('',(130.64968930107,-12.56813521991,
    19.093014119942));
#1236 = CARTESIAN_POINT('',(130.81242377243,-12.63966915888,
    19.110599891576));
#1237 = CARTESIAN_POINT('',(130.99853085226,-12.7045989657,
    19.136668761558));
#1238 = CARTESIAN_POINT('',(131.21560278632,-12.76080770667,
    19.175138327247));
#1239 = CARTESIAN_POINT('',(131.60536982654,-12.8272039188,
    19.263404625361));
#1240 = CARTESIAN_POINT('',(132.13058601185,-12.85678081994,
    19.445569678958));
#1241 = CARTESIAN_POINT('',(132.32268314419,-12.86205863415,
    19.51945644344));
#1242 = CARTESIAN_POINT('',(132.53495724082,-12.86193814344,
    19.609851041671));
#1243 = CARTESIAN_POINT('',(132.76959729795,-12.85594832297,
    19.721843308967));
#1244 = CARTESIAN_POINT('',(133.02906394972,-12.84358622645,
    19.861912238309));
#1245 = CARTESIAN_POINT('',(133.31674407681,-12.8241460702,
    20.038579487842));
#1246 = CARTESIAN_POINT('',(133.63505602146,-12.79734783162,
    20.264342588449));
#1247 = CARTESIAN_POINT('',(133.98102056379,-12.76469178271,
    20.556918821756));
#1248 = CARTESIAN_POINT('',(134.70157430808,-12.69690705484,
    21.314268057699));
#1249 = CARTESIAN_POINT('',(135.37851790634,-12.65483523328,
    22.439459457109));
#1250 = CARTESIAN_POINT('',(135.68146006824,-12.64774078658,
    23.100522776552));
#1251 = CARTESIAN_POINT('',(135.91126650123,-12.66532184853,
    23.848897394223));
#1252 = CARTESIAN_POINT('',(136.03852264014,-12.71573694231,
    24.669110269339));
#1253 = CARTESIAN_POINT('',(135.9911270699,-12.81674399067,
    25.459287534872));
#1254 = CARTESIAN_POINT('',(135.87561972387,-12.93402326255,
    26.140223345417));
#1255 = CARTESIAN_POINT('',(135.70218624677,-13.06537811448,
    26.735090100369));
#1256 = CARTESIAN_POINT('',(135.50611464865,-13.20006289361,
    27.235251887279));
#1257 = CARTESIAN_POINT('',(134.89518362803,-13.6023668215,
    28.497947799243));
#1258 = CARTESIAN_POINT('',(134.30956727051,-13.97551685476,
    29.15359924434));
#1259 = CARTESIAN_POINT('',(134.01266589217,-14.19049348486,
    29.420282599929));
#1260 = CARTESIAN_POINT('',(133.77726131853,-14.38492352018,
    29.62332605298));
#1261 = CARTESIAN_POINT('',(133.58664168949,-14.56383905054,
    29.765142548995));
#1262 = CARTESIAN_POINT('',(133.43368432001,-14.73024610066,
    29.871256239842));
#1263 = CARTESIAN_POINT('',(133.30924135868,-14.8875193658,
    29.960674794133));
#1264 = CARTESIAN_POINT('',(133.20589243356,-15.03760129267,
    30.026294710234));
#1265 = CARTESIAN_POINT('',(133.12097323498,-15.18175945416,
    30.081824038115));
#1266 = CARTESIAN_POINT('',(132.97985896326,-15.46061182722,
    30.172258610058));
#1267 = CARTESIAN_POINT('',(132.88647091059,-15.72377623633,
    30.23225229502));
#1268 = CARTESIAN_POINT('',(132.84917631167,-15.85225672552,
    30.256779458171));
#1269 = CARTESIAN_POINT('',(132.8194402197,-15.97822506043,
    30.27724181281));
#1270 = CARTESIAN_POINT('',(132.79591959125,-16.10210582782,
    30.294548616325));
#1271 = CARTESIAN_POINT('',(132.77761289521,-16.22421164965,
    30.309303116118));
#1272 = CARTESIAN_POINT('',(132.76374071381,-16.34478346219,
    30.321941698316));
#1273 = CARTESIAN_POINT('',(132.75366330856,-16.46401806417,
    30.332822581774));
#1274 = CARTESIAN_POINT('',(132.74683515199,-16.58208293468,
    30.342264057332));
#1275 = CARTESIAN_POINT('',(132.73471896939,-16.93318909111,
    30.367068702437));
#1276 = CARTESIAN_POINT('',(132.74459680276,-17.2759512152,
    30.382676006382));
#1277 = CARTESIAN_POINT('',(132.75806219778,-17.50161649206,
    30.39043770502));
#1278 = CARTESIAN_POINT('',(132.77658091551,-17.7249656515,
    30.396363044344));
#1279 = CARTESIAN_POINT('',(132.79892246272,-17.94633727953,
    30.400936395844));
#1280 = CARTESIAN_POINT('',(132.82417430306,-18.16597056675,
    30.404496523784));
#1281 = CARTESIAN_POINT('',(132.85160527029,-18.38404848068,
    30.407313411844));
#1282 = CARTESIAN_POINT('',(132.88061926831,-18.600712022,
    30.409603530617));
#1283 = CARTESIAN_POINT('',(132.91074773278,-18.81606218527,
    30.411521992665));
#1284 = CARTESIAN_POINT('',(133.06515570928,-19.88658247302,
    30.41976223916));
#1285 = CARTESIAN_POINT('',(133.22992445126,-20.92746955091,
    30.423958315752));
#1286 = CARTESIAN_POINT('',(133.34778016182,-21.74475826477,
    30.430922584251));
#1287 = CARTESIAN_POINT('',(133.44401214736,-22.54614615119,
    30.442963494546));
#1288 = CARTESIAN_POINT('',(133.51280033503,-23.33061365954,
    30.461139610535));
#1289 = CARTESIAN_POINT('',(133.54801694357,-24.09724363437,
    30.486811394145));
#1290 = CARTESIAN_POINT('',(133.54421814414,-24.84492924197,
    30.521139956399));
#1291 = CARTESIAN_POINT('',(133.49728413922,-25.57227100337,
    30.564798247441));
#1292 = CARTESIAN_POINT('',(133.40350257014,-26.27800111342,
    30.618357815515));
#1293 = CARTESIAN_POINT('',(133.25818038854,-26.96148816718,
    30.682851136912));
#1294 = CARTESIAN_POINT('',(133.05715955744,-27.62209034817,
    30.759046392261));
#1295 = CARTESIAN_POINT('',(132.75872654412,-28.50065173738,
    30.866033383312));
#1296 = CARTESIAN_POINT('',(132.35348761433,-29.33646901035,
    30.994938434383));
#1297 = CARTESIAN_POINT('',(131.84678322737,-30.12997652373,
    31.143410301538));
#1298 = CARTESIAN_POINT('',(131.24355723402,-30.88085796578,
    31.309087940036));
#1299 = CARTESIAN_POINT('',(130.54907096999,-31.58772294742,
    31.489386776807));
#1300 = CARTESIAN_POINT('',(129.76912877714,-32.24879761199,
    31.6814520811));
#1301 = CARTESIAN_POINT('',(128.90991658042,-32.86231554179,
    31.882182211823));
#1302 = CARTESIAN_POINT('',(127.97775286901,-33.42648443042,
    32.088219892513));
#1303 = CARTESIAN_POINT('',(126.97902977459,-33.93945539751,
    32.295859391029));
#1304 = CARTESIAN_POINT('',(124.86173206273,-34.85981552068,
    32.705983732186));
#1305 = CARTESIAN_POINT('',(122.53211532248,-35.56475164392,
    33.087401709075));
#1306 = CARTESIAN_POINT('',(121.32111043068,-35.86237265937,
    33.26623322392));
#1307 = CARTESIAN_POINT('',(120.07093510508,-36.10449211381,
    33.428429774248));
#1308 = CARTESIAN_POINT('',(118.7889953027,-36.29141473283,
    33.568496451943));
#1309 = CARTESIAN_POINT('',(117.48321105817,-36.42503938994,
    33.680537766538));
#1310 = CARTESIAN_POINT('',(116.16203385456,-36.50931002819,
    33.759182709247));
#1311 = CARTESIAN_POINT('',(114.8343331286,-36.5502864139,
    33.800668631668));
#1312 = CARTESIAN_POINT('',(113.50913788068,-36.55563853742,
    33.803654524704));
#1313 = CARTESIAN_POINT('',(112.1952193616,-36.53336847917,
    33.769334283176));
#1314 = CARTESIAN_POINT('',(110.90050080675,-36.48956355633,
    33.700420541671));
#1315 = CARTESIAN_POINT('',(108.8690333508,-36.97437319734,
    34.004857047891));
#1316 = CARTESIAN_POINT('',(106.85729495924,-37.39231101649,
    34.256008506509));
#1317 = CARTESIAN_POINT('',(104.86363552633,-37.75177481442,
    34.461431519903));
#1318 = CARTESIAN_POINT('',(102.8862113464,-38.06169332367,
    34.628758707616));
#1319 = CARTESIAN_POINT('',(100.92213476157,-38.33356361273,
    34.762878506138));
#1320 = CARTESIAN_POINT('',(98.968442395841,-38.57854238019,
    34.868146454867));
#1321 = CARTESIAN_POINT('',(97.021375139221,-38.80928958717,
    34.946419064414));
#1322 = CARTESIAN_POINT('',(95.075617133602,-39.04049728227,
    34.991939224304));
#1323 = CARTESIAN_POINT('',(93.126252167497,-39.28005116963,
    34.989176645537));
#1324 = CARTESIAN_POINT('',(89.22027605857,-39.74908381056,
    34.850099453684));
#1325 = CARTESIAN_POINT('',(85.318929044738,-40.09627359669,
    34.424263284264));
#1326 = CARTESIAN_POINT('',(83.374292897177,-40.21352471866,
    34.134689293078));
#1327 = CARTESIAN_POINT('',(81.444286561074,-40.23992844045,
    33.774538502879));
#1328 = CARTESIAN_POINT('',(79.545126421794,-40.12284194484,
    33.37450453327));
#1329 = CARTESIAN_POINT('',(77.686996467131,-39.85490221097,
    32.999535478873));
#1330 = CARTESIAN_POINT('',(75.87074202972,-39.45890566418,
    32.69143412149));
#1331 = CARTESIAN_POINT('',(74.094225618157,-38.9553097606,
    32.461293553119));
#1332 = CARTESIAN_POINT('',(72.356903469867,-38.36146368349,
    32.329606542941));
#1333 = CARTESIAN_POINT('',(70.656521147212,-37.69461612388,
    32.30320091135));
#1334 = CARTESIAN_POINT('',(68.991499769896,-36.96837097873,
    32.389191082023));
#1335 = CARTESIAN_POINT('',(68.110420769254,-36.45503896284,
    32.701413843735));
#1336 = CARTESIAN_POINT('',(67.244435876811,-35.93090111954,
    33.048026769683));
#1337 = CARTESIAN_POINT('',(66.394306748998,-35.39534867249,33.4280504)
  );
#1338 = CARTESIAN_POINT('',(65.560989729969,-34.84762034215,
    33.840563962755));
#1339 = CARTESIAN_POINT('',(64.745604909035,-34.28680848987,
    34.284663004453));
#1340 = CARTESIAN_POINT('',(63.949484897939,-33.71180188735,
    34.759450652921));
#1341 = CARTESIAN_POINT('',(63.174257042664,-33.1211859774,
    35.264017651272));
#1342 = CARTESIAN_POINT('',(62.421912783672,-32.51312149601,
    35.797366301418));
#1343 = CARTESIAN_POINT('',(61.694817879384,-31.88522232135,
    36.358233455809));
#1344 = CARTESIAN_POINT('',(60.29641653438,-30.58368451696,
    37.531301936065));
#1345 = CARTESIAN_POINT('',(59.02030046947,-29.17568764939,
    38.795226016896));
#1346 = CARTESIAN_POINT('',(58.415576598457,-28.44132791658,
    39.447090840281));
#1347 = CARTESIAN_POINT('',(57.84648926897,-27.67223276114,
    40.114247225731));
#1348 = CARTESIAN_POINT('',(57.315525379094,-26.86354670599,
    40.791590545357));
#1349 = CARTESIAN_POINT('',(56.824219407085,-26.00982408148,
    41.471450353346));
#1350 = CARTESIAN_POINT('',(56.371201990026,-25.10621065084,
    42.142154109444));
#1351 = CARTESIAN_POINT('',(55.950460784796,-24.15109180017,
    42.789225960488));
#1352 = CARTESIAN_POINT('',(55.550899711736,-23.1490139505,
    43.399203184747));
#1353 = CARTESIAN_POINT('',(54.765784314874,-21.07361886855,
    44.528869986077));
#1354 = CARTESIAN_POINT('',(53.962259235875,-18.90591406468,
    45.471156046076));
#1355 = CARTESIAN_POINT('',(53.544247763433,-17.81144565647,
    45.893563520084));
#1356 = CARTESIAN_POINT('',(53.099262094369,-16.72175443213,
    46.27156360057));
#1357 = CARTESIAN_POINT('',(52.622988333673,-15.64901364998,
    46.615551122017));
#1358 = CARTESIAN_POINT('',(52.11703325857,-14.59977677787,
    46.937440907691));
#1359 = CARTESIAN_POINT('',(51.586160258889,-13.57529795252,
    47.246431815173));
#1360 = CARTESIAN_POINT('',(51.035698735675,-12.57345288907,
    47.547517167189));
#1361 = CARTESIAN_POINT('',(50.470313147302,-11.59105203363,
    47.842907331581));
#1362 = CARTESIAN_POINT('',(49.317801373616,-9.659446774616,
    48.425613307885));
#1363 = CARTESIAN_POINT('',(48.135598231015,-7.780703314225,
    48.991251572233));
#1364 = CARTESIAN_POINT('',(47.5405084455,-6.851272273802,
    49.269717430626));
#1365 = CARTESIAN_POINT('',(46.944123123654,-5.92858823281,
    49.542567190075));
#1366 = CARTESIAN_POINT('',(46.348477852551,-5.009808716983,
    49.807919041044));
#1367 = CARTESIAN_POINT('',(45.755067191706,-4.092539669561,
    50.063622181562));
#1368 = CARTESIAN_POINT('',(45.164973330034,-3.174813149867,
    50.307447985597));
#1369 = CARTESIAN_POINT('',(44.578988730075,-2.254998969647,
    50.53717102685));
#1370 = CARTESIAN_POINT('',(43.997714148187,-1.331703709818,
    50.750588637706));
#1371 = CARTESIAN_POINT('',(43.421613424508,-0.403710558213,
    50.945527682184));
#1372 = CARTESIAN_POINT('',(42.851006432084,0.529986589377,
    51.119887222591));
#1373 = CARTESIAN_POINT('',(42.1194208498,1.484621425772,51.634782668228
    ));
#1374 = CARTESIAN_POINT('',(41.381597480406,2.450432448623,
    52.128478013865));
#1375 = CARTESIAN_POINT('',(40.636158502164,3.426172289495,
    52.603088649681));
#1376 = CARTESIAN_POINT('',(39.881673285499,4.410674891724,
    53.060254853588));
#1377 = CARTESIAN_POINT('',(39.116115057461,5.402781368362,
    53.500599965924));
#1378 = CARTESIAN_POINT('',(38.337227345145,6.401539742695,
    53.923236177238));
#1379 = CARTESIAN_POINT('',(37.543425065756,7.406532138071,
    54.325474344858));
#1380 = CARTESIAN_POINT('',(36.734855138298,8.418182984111,
    54.702894252712));
#1381 = CARTESIAN_POINT('',(35.914241483304,9.437901805995,
    55.049931730192));
#1382 = CARTESIAN_POINT('',(34.260037087376,11.497926521731,
    55.672346359139));
#1383 = CARTESIAN_POINT('',(32.610577887455,13.608782386987,
    56.138475483968));
#1384 = CARTESIAN_POINT('',(31.794623913919,14.679318407149,
    56.329152339408));
#1385 = CARTESIAN_POINT('',(30.997067870318,15.76766116096,
    56.47560637999));
#1386 = CARTESIAN_POINT('',(30.228498495841,16.876119214782,
    56.57926024229));
#1387 = CARTESIAN_POINT('',(29.49864833296,18.006066280236,
    56.644573095224));
#1388 = CARTESIAN_POINT('',(28.81503566814,19.15773292825,
    56.677900081489));
#1389 = CARTESIAN_POINT('',(28.182651779269,20.330371950169,
    56.686219039706));
#1390 = CARTESIAN_POINT('',(27.604634298174,21.522678844452,
    56.676219375006));
#1391 = CARTESIAN_POINT('',(27.083227565753,22.733193227073,
    56.653956185583));
#1392 = CARTESIAN_POINT('',(26.6196909302,23.960251284227,
    56.624980993486));
#1393 = CARTESIAN_POINT('',(26.462431906223,25.40954622785,
    56.616463989444));
#1394 = CARTESIAN_POINT('',(26.35694488279,26.864041240816,
    56.612405801683));
#1395 = CARTESIAN_POINT('',(26.302624704024,28.321746646615,
    56.611730436084));
#1396 = CARTESIAN_POINT('',(26.298799668779,29.780687290853,
    56.613367361375));
#1397 = CARTESIAN_POINT('',(26.344739984647,31.238907016021,
    56.61625662187));
#1398 = CARTESIAN_POINT('',(26.439666222493,32.694473135908,
    56.619353949873));
#1399 = CARTESIAN_POINT('',(26.58275777026,34.145480910593,
    56.621635878574));
#1400 = CARTESIAN_POINT('',(26.773161287586,35.590058020664,
    56.622104854347));
#1401 = CARTESIAN_POINT('',(27.009999159685,37.026369042283,
    56.61979434966));
#1402 = CARTESIAN_POINT('',(27.292377951775,38.452619921492,
    56.613773975456));
#1403 = CARTESIAN_POINT('',(27.619396863172,39.867062449077,
    56.603154593914));
#1404 = CARTESIAN_POINT('',(27.632926746763,40.615862583981,
    56.614622717255));
#1405 = CARTESIAN_POINT('',(27.661460683758,41.363552393872,
    56.622871563682));
#1406 = CARTESIAN_POINT('',(27.705231850407,42.109882184163,
    56.628368536871));
#1407 = CARTESIAN_POINT('',(27.764445928239,42.85460647596,
    56.631570856813));
#1408 = CARTESIAN_POINT('',(27.839284600706,43.59748420684,
    56.632925078158));
#1409 = CARTESIAN_POINT('',(27.929909049884,44.338278931777,
    56.632866607861));
#1410 = CARTESIAN_POINT('',(28.036463453066,45.076759023849,
    56.631819223859));
#1411 = CARTESIAN_POINT('',(28.159078479534,45.812697875206,
    56.63019459249));
#1412 = CARTESIAN_POINT('',(28.297874787084,46.54587409779,
    56.628391787189));
#1413 = CARTESIAN_POINT('',(28.452966518824,47.276071724242,
    56.626796806109));
#1414 = CARTESIAN_POINT('',(28.624464799736,48.003080408698,
    56.625782090483));
#1415 = CARTESIAN_POINT('',(131.,98.01497954983,46.262174993124));
#1416 = CARTESIAN_POINT('',(131.22267145523,97.215179453128,
    45.590846949551));
#1417 = CARTESIAN_POINT('',(131.43239186287,96.401994398866,
    44.941205101529));
#1418 = CARTESIAN_POINT('',(131.62944918578,95.575318567134,
    44.312573057384));
#1419 = CARTESIAN_POINT('',(131.81410624976,94.735039362517,
    43.704320033197));
#1420 = CARTESIAN_POINT('',(131.98660271485,93.881044004001,
    43.115858191718));
#1421 = CARTESIAN_POINT('',(132.14715704763,93.013226115808,
    42.546639981392));
#1422 = CARTESIAN_POINT('',(132.29596849208,92.131492316863,
    41.996155475264));
#1423 = CARTESIAN_POINT('',(132.43321904212,91.235768811913,
    41.463929709983));
#1424 = CARTESIAN_POINT('',(132.55907541256,90.326007980994,
    40.949520024747));
#1425 = CARTESIAN_POINT('',(132.67369101131,89.402194970272,
    40.452513400271));
#1426 = CARTESIAN_POINT('',(132.77720791073,88.464354281936,
    39.972523797752));
#1427 = CARTESIAN_POINT('',(133.08904007124,86.262278699549,
    38.84687580323));
#1428 = CARTESIAN_POINT('',(133.34629485449,83.981420230075,
    37.814582494569));
#1429 = CARTESIAN_POINT('',(133.55286712994,81.627311317612,
    36.873650491107));
#1430 = CARTESIAN_POINT('',(133.71282370868,79.206493627309,
    36.022230991763));
#1431 = CARTESIAN_POINT('',(133.83053459419,76.72626103437,
    35.25841478047));
#1432 = CARTESIAN_POINT('',(133.91076273579,74.194436081929,
    34.580055043567));
#1433 = CARTESIAN_POINT('',(133.95871228464,71.619179905461,
    33.984617999157));
#1434 = CARTESIAN_POINT('',(133.98003535253,69.008835627017,
    33.469061338424));
#1435 = CARTESIAN_POINT('',(133.98079727318,66.371805215469,
    33.029740478926));
#1436 = CARTESIAN_POINT('',(133.96740036636,63.716459816419,
    32.662342629835));
#1437 = CARTESIAN_POINT('',(133.94646620449,61.051083548889,
    32.361848669156));
#1438 = CARTESIAN_POINT('',(133.81138329441,59.503673081871,
    32.202313961407));
#1439 = CARTESIAN_POINT('',(133.66390960593,57.952006219992,
    32.068291880574));
#1440 = CARTESIAN_POINT('',(133.503881417,56.396096922187,
    31.958390437305));
#1441 = CARTESIAN_POINT('',(133.33057049053,54.836068903409,
    31.871053264413));
#1442 = CARTESIAN_POINT('',(133.14358734434,53.272045344313,
    31.80493660738));
#1443 = CARTESIAN_POINT('',(132.94208375335,51.70423620344,
    31.758646882245));
#1444 = CARTESIAN_POINT('',(132.72417056637,50.133000804081,
    31.730567724895));
#1445 = CARTESIAN_POINT('',(132.48707679272,48.558826506365,
    31.719016839609));
#1446 = CARTESIAN_POINT('',(132.22718577024,46.982327408716,
    31.722484339138));
#1447 = CARTESIAN_POINT('',(131.79294826403,44.61563153787,
    31.747581309004));
#1448 = CARTESIAN_POINT('',(131.25081528956,42.251510106829,
    31.792852891407));
#1449 = CARTESIAN_POINT('',(131.05612625847,41.464004583805,
    31.809203781082));
#1450 = CARTESIAN_POINT('',(130.8428094653,40.677720856365,
    31.828247069678));
#1451 = CARTESIAN_POINT('',(130.60923622805,39.892708590332,
    31.844934839325));
#1452 = CARTESIAN_POINT('',(130.34848233368,39.109923164045,
    31.85993221384));
#1453 = CARTESIAN_POINT('',(130.04936162576,38.330864917271,
    31.873598111627));
#1454 = CARTESIAN_POINT('',(129.70062978385,37.556682014399,
    31.87668968649));
#1455 = CARTESIAN_POINT('',(129.28345546809,36.789473689527,
    31.858887824192));
#1456 = CARTESIAN_POINT('',(128.61580874482,35.846857552179,
    31.803189934365));
#1457 = CARTESIAN_POINT('',(127.63303356957,34.935637260264,
    31.534331362203));
#1458 = CARTESIAN_POINT('',(127.42255500778,34.75475891628,
    31.470361382102));
#1459 = CARTESIAN_POINT('',(127.19675201528,34.575344136954,
    31.393915487801));
#1460 = CARTESIAN_POINT('',(126.95414200248,34.397486595228,
    31.302318291639));
#1461 = CARTESIAN_POINT('',(126.69320163965,34.221262795257,
    31.192293207454));
#1462 = CARTESIAN_POINT('',(126.41252834653,34.046696668668,
    31.05958210319));
#1463 = CARTESIAN_POINT('',(126.11120275322,33.873700191017,
    30.898622707777));
#1464 = CARTESIAN_POINT('',(125.78943256091,33.701988450539,
    30.70251841468));
#1465 = CARTESIAN_POINT('',(125.10968389849,33.35994675288,
    30.224551834107));
#1466 = CARTESIAN_POINT('',(124.38120332863,33.016494586745,
    29.545816990205));
#1467 = CARTESIAN_POINT('',(124.01050339428,32.843396533437,
    29.148901079156));
#1468 = CARTESIAN_POINT('',(123.64346233954,32.667383160434,
    28.688341497072));
#1469 = CARTESIAN_POINT('',(123.29197451892,32.486729000656,
    28.15930026268));
#1470 = CARTESIAN_POINT('',(122.97585904873,32.298891574983,
    27.56259325299));
#1471 = CARTESIAN_POINT('',(122.71842517504,32.101332712215,
    26.91106529615));
#1472 = CARTESIAN_POINT('',(122.53498290837,31.893059874072,
    26.23070974329));
#1473 = CARTESIAN_POINT('',(122.42654852325,31.675108905923,
    25.551806166946));
#1474 = CARTESIAN_POINT('',(122.30356892134,30.997604463115,
    23.581917870207));
#1475 = CARTESIAN_POINT('',(122.6865584648,30.267570604326,
    21.94737589353));
#1476 = CARTESIAN_POINT('',(123.07753658246,29.77376958292,
    21.124761383448));
#1477 = CARTESIAN_POINT('',(123.44095384617,29.29442440028,
    20.57451906408));
#1478 = CARTESIAN_POINT('',(123.74404383632,28.827076886853,
    20.119470370728));
#1479 = CARTESIAN_POINT('',(124.03085778206,28.367684828858,
    19.804163297462));
#1480 = CARTESIAN_POINT('',(124.25592301237,27.918846183594,
    19.540752187345));
#1481 = CARTESIAN_POINT('',(124.45693329883,27.476043063206,
    19.339711659811));
#1482 = CARTESIAN_POINT('',(124.62451669463,27.039560051644,
    19.17626634699));
#1483 = CARTESIAN_POINT('',(124.76701809544,26.608051408229,
    19.043591694936));
#1484 = CARTESIAN_POINT('',(124.88775179414,26.180814194863,
    18.934497863869));
#1485 = CARTESIAN_POINT('',(125.75731019,25.649622022798,18.295596955487
    ));
#1486 = CARTESIAN_POINT('',(126.77516569757,25.103545965753,
    17.787653557961));
#1487 = CARTESIAN_POINT('',(127.86946968242,24.55492905207,
    17.491915505763));
#1488 = CARTESIAN_POINT('',(128.91754223398,24.021970748445,
    17.465354820904));
#1489 = CARTESIAN_POINT('',(129.69765694986,23.530945238968,
    17.618840081625));
#1490 = CARTESIAN_POINT('',(130.36723090327,23.054721940645,
    17.757141587456));
#1491 = CARTESIAN_POINT('',(130.88856920734,22.601355125516,
    17.97210250271));
#1492 = CARTESIAN_POINT('',(131.31331319257,22.160774107435,
    18.164671391179));
#1493 = CARTESIAN_POINT('',(131.65693203442,21.731784936216,
    18.359635898084));
#1494 = CARTESIAN_POINT('',(132.21739774757,20.89144387237,
    18.727550908102));
#1495 = CARTESIAN_POINT('',(132.57607596366,20.079486832581,
    19.048574769286));
#1496 = CARTESIAN_POINT('',(132.71798067542,19.678837925232,
    19.195628358734));
#1497 = CARTESIAN_POINT('',(132.83147750857,19.282349333,19.329790009626
    ));
#1498 = CARTESIAN_POINT('',(132.92290399322,18.889229210157,
    19.452404087015));
#1499 = CARTESIAN_POINT('',(132.99682690763,18.498917443505,
    19.564814168959));
#1500 = CARTESIAN_POINT('',(133.05665447,18.110997289089,19.668113495653
    ));
#1501 = CARTESIAN_POINT('',(133.10501518426,17.725147795492,
    19.76320857084));
#1502 = CARTESIAN_POINT('',(133.14397603186,17.341120444372,
    19.850979869596));
#1503 = CARTESIAN_POINT('',(133.23756605851,16.193929428227,
    20.095011079289));
#1504 = CARTESIAN_POINT('',(133.273152961,15.059974151914,
    20.286762846906));
#1505 = CARTESIAN_POINT('',(133.28155701407,14.308635112192,
    20.396730178533));
#1506 = CARTESIAN_POINT('',(133.28052757688,13.561214766493,
    20.492511176474));
#1507 = CARTESIAN_POINT('',(133.27365617019,12.817260169827,
    20.576689265389));
#1508 = CARTESIAN_POINT('',(133.26351279363,12.076423284387,
    20.651148888424));
#1509 = CARTESIAN_POINT('',(133.2521963386,11.33839617511,
    20.717324163738));
#1510 = CARTESIAN_POINT('',(133.24143979772,10.602900940726,
    20.776339393836));
#1511 = CARTESIAN_POINT('',(133.23254867285,9.869699321836,
    20.829083062742));
#1512 = CARTESIAN_POINT('',(133.2142555999,7.676362139199,
    20.970604747044));
#1513 = CARTESIAN_POINT('',(133.23001830194,5.499787360849,
    21.067227205582));
#1514 = CARTESIAN_POINT('',(133.26300247945,4.054445963037,21.1162711051
    ));
#1515 = CARTESIAN_POINT('',(133.32360812163,2.613139995346,
    21.152595388199));
#1516 = CARTESIAN_POINT('',(133.41593466612,1.174108213409,
    21.177834959065));
#1517 = CARTESIAN_POINT('',(133.54369683757,-0.264581722039,
    21.193127187456));
#1518 = CARTESIAN_POINT('',(133.71053323979,-1.705056565989,
    21.199343496645));
#1519 = CARTESIAN_POINT('',(133.92009505324,-3.149615525245,
    21.197143203445));
#1520 = CARTESIAN_POINT('',(134.17604795852,-4.600677279958,
    21.186959292569));
#1521 = CARTESIAN_POINT('',(134.48212040317,-6.060710259787,
    21.169025807369));
#1522 = CARTESIAN_POINT('',(134.84233133219,-7.53216044477,
    21.143556539076));
#1523 = CARTESIAN_POINT('',(134.90504138883,-7.720878172895,
    21.166079875621));
#1524 = CARTESIAN_POINT('',(134.97106886618,-7.910900793341,
    21.191696919854));
#1525 = CARTESIAN_POINT('',(135.04065024613,-8.102116312587,
    21.221143418966));
#1526 = CARTESIAN_POINT('',(135.11409398605,-8.294384641146,
    21.254911608036));
#1527 = CARTESIAN_POINT('',(135.19180443887,-8.487557669357,
    21.294023504553));
#1528 = CARTESIAN_POINT('',(135.27430832841,-8.681473061637,
    21.340075862422));
#1529 = CARTESIAN_POINT('',(135.36230500397,-8.875932283821,
    21.395036246991));
#1530 = CARTESIAN_POINT('',(135.45676169664,-9.070673375243,
    21.461269692455));
#1531 = CARTESIAN_POINT('',(135.55907500149,-9.265348980692,
    21.542275403186));
#1532 = CARTESIAN_POINT('',(135.72744221167,-9.55660574066,
    21.695781738974));
#1533 = CARTESIAN_POINT('',(135.92515457282,-9.84557902158,
    21.927018775091));
#1534 = CARTESIAN_POINT('',(135.99480573791,-9.94155805694,
    22.014415302052));
#1535 = CARTESIAN_POINT('',(136.06829233747,-10.03723503398,
    22.11429937929));
#1536 = CARTESIAN_POINT('',(136.14645389566,-10.13245289175,
    22.229460184631));
#1537 = CARTESIAN_POINT('',(136.23006298548,-10.22711042036,
    22.363712647739));
#1538 = CARTESIAN_POINT('',(136.31933595329,-10.3213220026,
    22.522326088033));
#1539 = CARTESIAN_POINT('',(136.41443185923,-10.41529309032,
    22.712682835265));
#1540 = CARTESIAN_POINT('',(136.51596233084,-10.50922403905,
    22.945837443418));
#1541 = CARTESIAN_POINT('',(136.67636631503,-10.6514709485,
    23.387245927384));
#1542 = CARTESIAN_POINT('',(136.82279495877,-10.80604980305,
    24.039987302056));
#1543 = CARTESIAN_POINT('',(136.86840737252,-10.85956888978,
    24.284955173232));
#1544 = CARTESIAN_POINT('',(136.90926942035,-10.91573652548,
    24.562930392176));
#1545 = CARTESIAN_POINT('',(136.94138716652,-10.97592875224,
    24.87948360343));
#1546 = CARTESIAN_POINT('',(136.95947330774,-11.04194433596,
    25.24133280828));
#1547 = CARTESIAN_POINT('',(136.95666751554,-11.1161275809,
    25.657485728115));
#1548 = CARTESIAN_POINT('',(136.92131815295,-11.20228521308,
    26.138236596888));
#1549 = CARTESIAN_POINT('',(136.83290822203,-11.30673960949,
    26.690848984423));
#1550 = CARTESIAN_POINT('',(136.49269755494,-11.56891887471,
    27.932509295576));
#1551 = CARTESIAN_POINT('',(135.73805834014,-11.95996584042,
    29.345801362759));
#1552 = CARTESIAN_POINT('',(135.23490756709,-12.19341777386,
    30.07110619455));
#1553 = CARTESIAN_POINT('',(134.59420059094,-12.46650067677,
    30.765337935727));
#1554 = CARTESIAN_POINT('',(133.8138689852,-12.77829346913,
    31.385535271333));
#1555 = CARTESIAN_POINT('',(132.95618462111,-13.10527277703,
    31.787879573023));
#1556 = CARTESIAN_POINT('',(132.17103428905,-13.40565322987,
    32.046546202982));
#1557 = CARTESIAN_POINT('',(131.44036954032,-13.68566743966,
    32.187140481822));
#1558 = CARTESIAN_POINT('',(130.79530280189,-13.93733254053,
    32.244827911153));
#1559 = CARTESIAN_POINT('',(129.09631475163,-14.61615767791,
    32.248767760832));
#1560 = CARTESIAN_POINT('',(128.05231373071,-15.08833399146,
    31.916280070311));
#1561 = CARTESIAN_POINT('',(127.59409029795,-15.33244686395,
    31.699039210421));
#1562 = CARTESIAN_POINT('',(127.24122313506,-15.54606336189,
    31.513899847053));
#1563 = CARTESIAN_POINT('',(126.98073913742,-15.73239519346,
    31.34320675199));
#1564 = CARTESIAN_POINT('',(126.78131366164,-15.90096470476,
    31.194190492392));
#1565 = CARTESIAN_POINT('',(126.61722078147,-16.0594177233,
    31.067841481065));
#1566 = CARTESIAN_POINT('',(126.49130834166,-16.20645536473,
    30.951403636412));
#1567 = CARTESIAN_POINT('',(126.38747751046,-16.34702139157,
    30.850092969961));
#1568 = CARTESIAN_POINT('',(126.21936619018,-16.61622643926,
    30.668172398281));
#1569 = CARTESIAN_POINT('',(126.11290394906,-16.86655656837,
    30.523078147322));
#1570 = CARTESIAN_POINT('',(126.07124981976,-16.98807546903,
    30.458139591716));
#1571 = CARTESIAN_POINT('',(126.03854354434,-17.10667576596,
    30.399559306733));
#1572 = CARTESIAN_POINT('',(126.01298868113,-17.22284788804,
    30.346358090355));
#1573 = CARTESIAN_POINT('',(125.99332423958,-17.33693086465,
    30.297763130054));
#1574 = CARTESIAN_POINT('',(125.97860363758,-17.44917591548,
    30.253155201098));
#1575 = CARTESIAN_POINT('',(125.96804985936,-17.55978789771,
    30.212027770948));
#1576 = CARTESIAN_POINT('',(125.96098681535,-17.66894461126,
    30.173958009702));
#1577 = CARTESIAN_POINT('',(125.94856707776,-17.99249266204,
    30.067853100443));
#1578 = CARTESIAN_POINT('',(125.9590773403,-18.30511172589,
    29.983408393659));
#1579 = CARTESIAN_POINT('',(125.97294521434,-18.50950797753,
    29.934372918332));
#1580 = CARTESIAN_POINT('',(125.99168365864,-18.7103596129,
    29.891070045745));
#1581 = CARTESIAN_POINT('',(126.0140155429,-18.90794261567,
    29.852458908932));
#1582 = CARTESIAN_POINT('',(126.0390172608,-19.10243623164,
    29.817774122681));
#1583 = CARTESIAN_POINT('',(126.06595276038,-19.29396829485,
    29.786415742962));
#1584 = CARTESIAN_POINT('',(126.0942287696,-19.48262701715,
    29.757905437491));
#1585 = CARTESIAN_POINT('',(126.12339857886,-19.66845949866,
    29.731873074016));
#1586 = CARTESIAN_POINT('',(126.27211437301,-20.58354808691,
    29.612697372013));
#1587 = CARTESIAN_POINT('',(126.42738341351,-21.42848202343,
    29.54217073332));
#1588 = CARTESIAN_POINT('',(126.5372943493,-22.05976304121,
    29.501611491176));
#1589 = CARTESIAN_POINT('',(126.62843064724,-22.64218691937,
    29.473262567776));
#1590 = CARTESIAN_POINT('',(126.69863365442,-23.17145228507,
    29.455149959017));
#1591 = CARTESIAN_POINT('',(126.74660775847,-23.64300739871,
    29.444727215764));
#1592 = CARTESIAN_POINT('',(126.77400830402,-24.05192538314,
    29.439452878733));
#1593 = CARTESIAN_POINT('',(126.7866719074,-24.39489191098,
    29.437311411274));
#1594 = CARTESIAN_POINT('',(126.79293197156,-24.67403107947,
    29.436375391342));
#1595 = CARTESIAN_POINT('',(126.79929916895,-24.8999237063,
    29.434488614969));
#1596 = CARTESIAN_POINT('',(126.80612362853,-25.08880078291,
    29.43213165296));
#1597 = CARTESIAN_POINT('',(126.79199409942,-25.33903297292,
    29.399357222147));
#1598 = CARTESIAN_POINT('',(126.73548251771,-25.61060273498,
    29.373143330799));
#1599 = CARTESIAN_POINT('',(126.61977575849,-25.92744676916,
    29.356878368388));
#1600 = CARTESIAN_POINT('',(126.418813421,-26.29863181857,
    29.354985677499));
#1601 = CARTESIAN_POINT('',(126.11453669181,-26.71120715827,
    29.368226593976));
#1602 = CARTESIAN_POINT('',(125.702032723,-27.1470772944,29.393612961169
    ));
#1603 = CARTESIAN_POINT('',(125.18537668271,-27.59259936958,
    29.426059384754));
#1604 = CARTESIAN_POINT('',(124.57124709955,-28.03749978814,
    29.459831812666));
#1605 = CARTESIAN_POINT('',(123.86665753588,-28.47242530764,
    29.488946433665));
#1606 = CARTESIAN_POINT('',(122.29616042216,-29.31156528164,
    29.524936344581));
#1607 = CARTESIAN_POINT('',(120.44151218958,-30.07486016743,
    29.492714416187));
#1608 = CARTESIAN_POINT('',(119.45297285851,-30.43416833897,
    29.453607393795));
#1609 = CARTESIAN_POINT('',(118.41341729529,-30.76955078303,
    29.385922986561));
#1610 = CARTESIAN_POINT('',(117.33348172711,-31.08184128237,
    29.284812022368));
#1611 = CARTESIAN_POINT('',(116.2241331351,-31.37399639045,
    29.147094237384));
#1612 = CARTESIAN_POINT('',(115.09645596362,-31.6501808445,
    28.972308596394));
#1613 = CARTESIAN_POINT('',(113.96139254888,-31.91454490494,
    28.763424374788));
#1614 = CARTESIAN_POINT('',(112.82949778409,-32.1700026666,
    28.526760198001));
#1615 = CARTESIAN_POINT('',(111.71076854043,-32.41732038652,
    28.270658233436));
#1616 = CARTESIAN_POINT('',(110.6146083614,-32.65482387388,
    28.002460730567));
#1617 = CARTESIAN_POINT('',(108.84840848315,-32.92752777895,
    28.436335195372));
#1618 = CARTESIAN_POINT('',(107.10004883317,-33.12892347971,
    28.84550910402));
#1619 = CARTESIAN_POINT('',(105.36576488648,-33.26545715041,
    29.241831895625));
#1620 = CARTESIAN_POINT('',(103.64217592492,-33.34328290922,
    29.63756879475));
#1621 = CARTESIAN_POINT('',(101.92550224697,-33.37265392444,
    30.046200841927));
#1622 = CARTESIAN_POINT('',(100.21263280939,-33.36394594201,
    30.480629359189));
#1623 = CARTESIAN_POINT('',(98.500398263435,-33.33115837696,
    30.954268211745));
#1624 = CARTESIAN_POINT('',(96.783892825636,-33.29794630535,
    31.478766363429));
#1625 = CARTESIAN_POINT('',(95.056451412805,-33.29458551847,
    32.052831798868));
#1626 = CARTESIAN_POINT('',(91.569400522284,-33.38893896732,
    33.246820000143));
#1627 = CARTESIAN_POINT('',(88.021615180612,-33.6823733501,
    34.403387455157));
#1628 = CARTESIAN_POINT('',(86.233451562245,-33.87785852303,
    34.939489072412));
#1629 = CARTESIAN_POINT('',(84.436968131889,-34.10453426655,
    35.397282943604));
#1630 = CARTESIAN_POINT('',(82.647856805881,-34.30768896365,
    35.734387573681));
#1631 = CARTESIAN_POINT('',(80.890507551824,-34.42518139258,
    35.978402733056));
#1632 = CARTESIAN_POINT('',(79.178817269393,-34.4385703533,
    36.176410865086));
#1633 = CARTESIAN_POINT('',(77.515151018608,-34.3602384259,
    36.354342726283));
#1634 = CARTESIAN_POINT('',(75.903888317088,-34.18999749088,
    36.539768691502));
#1635 = CARTESIAN_POINT('',(74.343441891777,-33.94135877126,
    36.752122522026));
#1636 = CARTESIAN_POINT('',(72.831308391195,-33.62438772603,
    37.00734598294));
#1637 = CARTESIAN_POINT('',(72.111356140004,-33.11326588929,
    37.187198762975));
#1638 = CARTESIAN_POINT('',(71.397984690609,-32.58300972716,
    37.392131004099));
#1639 = CARTESIAN_POINT('',(70.691826762767,-32.03219858948,
    37.620822378582));
#1640 = CARTESIAN_POINT('',(69.993733333341,-31.45924576391,
    37.871678554431));
#1641 = CARTESIAN_POINT('',(69.304697675709,-30.86244083153,
    38.142812296442));
#1642 = CARTESIAN_POINT('',(68.625825790696,-30.23989073572,
    38.431955635918));
#1643 = CARTESIAN_POINT('',(67.958305222309,-29.58942806121,
    38.736318833935));
#1644 = CARTESIAN_POINT('',(67.30332425239,-28.90855501893,
    39.052411862732));
#1645 = CARTESIAN_POINT('',(66.661893467521,-28.19449163363,
    39.375844130113));
#1646 = CARTESIAN_POINT('',(65.407149916608,-26.6943016262,
    40.02639221288));
#1647 = CARTESIAN_POINT('',(64.206599823056,-25.04022316798,
    40.657103581734));
#1648 = CARTESIAN_POINT('',(63.619508814364,-24.17212589573,
    40.960728320809));
#1649 = CARTESIAN_POINT('',(63.04348661901,-23.26157789207,
    41.244508341985));
#1650 = CARTESIAN_POINT('',(62.476002748484,-22.30721271627,
    41.49946978623));
#1651 = CARTESIAN_POINT('',(61.911989075014,-21.30968732921,
    41.715182437743));
#1652 = CARTESIAN_POINT('',(61.342234731514,-20.27437713158,
    41.881050820874));
#1653 = CARTESIAN_POINT('',(60.754337547056,-19.21292459488,
    41.990168683216));
#1654 = CARTESIAN_POINT('',(60.13631525596,-18.14241916227,
    42.044123345561));
#1655 = CARTESIAN_POINT('',(58.825772129124,-16.02079697782,
    42.065570377917));
#1656 = CARTESIAN_POINT('',(57.363153130796,-13.99262571984,
    41.974021471233));
#1657 = CARTESIAN_POINT('',(56.592866030767,-13.01567969215,
    41.914832067395));
#1658 = CARTESIAN_POINT('',(55.788694550095,-12.08648504057,
    41.862409034724));
#1659 = CARTESIAN_POINT('',(54.962193762768,-11.20628518719,
    41.834013864655));
#1660 = CARTESIAN_POINT('',(54.126899282361,-10.36902028208,
    41.839801416853));
#1661 = CARTESIAN_POINT('',(53.293923777888,-9.565883434952,
    41.882338143996));
#1662 = CARTESIAN_POINT('',(52.470255714076,-8.788775329535,
    41.958847413827));
#1663 = CARTESIAN_POINT('',(51.660039953486,-8.031248876856,
    42.06460135971));
#1664 = CARTESIAN_POINT('',(50.073510263119,-6.544191088388,
    42.325950743724));
#1665 = CARTESIAN_POINT('',(48.561010613542,-5.095988656736,
    42.665433715126));
#1666 = CARTESIAN_POINT('',(47.82496352536,-4.377284907041,
    42.849496615422));
#1667 = CARTESIAN_POINT('',(47.109552516651,-3.660881523184,
    43.042585183457));
#1668 = CARTESIAN_POINT('',(46.414509819001,-2.944622689529,
    43.239797248377));
#1669 = CARTESIAN_POINT('',(45.739221688546,-2.227041300617,
    43.436829679555));
#1670 = CARTESIAN_POINT('',(45.082925305871,-1.507138294639,
    43.629991459374));
#1671 = CARTESIAN_POINT('',(44.444794846165,-0.784200390328,
    43.816103849492));
#1672 = CARTESIAN_POINT('',(43.823964118253,-5.766272127645E-02,
    43.992367135562));
#1673 = CARTESIAN_POINT('',(43.219533179386,0.672977136804,
    44.156273435288));
#1674 = CARTESIAN_POINT('',(42.630606325211,1.408187251656,
    44.305645054819));
#1675 = CARTESIAN_POINT('',(42.21561483274,2.348723600473,
    44.808483595178));
#1676 = CARTESIAN_POINT('',(41.809242661735,3.31132520249,
    45.307280484543));
#1677 = CARTESIAN_POINT('',(41.411433103868,4.294618207224,
    45.806554528952));
#1678 = CARTESIAN_POINT('',(41.021749302703,5.296884032552,
    46.310613043078));
#1679 = CARTESIAN_POINT('',(40.638476898768,6.315737349282,
    46.823831101068));
#1680 = CARTESIAN_POINT('',(40.258285568049,7.348128781785,
    47.349923221906));
#1681 = CARTESIAN_POINT('',(39.87640192418,8.390585567849,
    47.890739160068));
#1682 = CARTESIAN_POINT('',(39.487246249961,9.439603420512,
    48.445115473025));
#1683 = CARTESIAN_POINT('',(39.085485529103,10.492102834919,
    49.008314536201));
#1684 = CARTESIAN_POINT('',(38.249424959296,12.599623331331,
    50.136850817623));
#1685 = CARTESIAN_POINT('',(37.347274194865,14.708039061452,
    51.235420220988));
#1686 = CARTESIAN_POINT('',(36.879297514914,15.761383575225,
    51.768698447687));
#1687 = CARTESIAN_POINT('',(36.396648559932,16.813748842332,
    52.27625230844));
#1688 = CARTESIAN_POINT('',(35.905386160908,17.866097954564,
    52.749561888323));
#1689 = CARTESIAN_POINT('',(35.414111051491,18.919841915079,
    53.183193911268));
#1690 = CARTESIAN_POINT('',(34.931989000401,19.97614857011,
    53.575532098938));
#1691 = CARTESIAN_POINT('',(34.467237823162,21.035579072971,
    53.928230969664));
#1692 = CARTESIAN_POINT('',(34.026562980643,22.098148124314,
    54.244802419332));
#1693 = CARTESIAN_POINT('',(33.615358332317,23.163612951222,
    54.529272025687));
#1694 = CARTESIAN_POINT('',(33.23782047806,24.231504706798,
    54.786369615338));
#1695 = CARTESIAN_POINT('',(33.062718271347,25.47761205399,
    54.683649003115));
#1696 = CARTESIAN_POINT('',(32.930132714552,26.732190928561,
    54.582754771034));
#1697 = CARTESIAN_POINT('',(32.839688478864,27.993394337511,
    54.482954208109));
#1698 = CARTESIAN_POINT('',(32.790939463509,29.259336870326,
    54.383565955127));
#1699 = CARTESIAN_POINT('',(32.783377292979,30.52810539804,
    54.283958269407));
#1700 = CARTESIAN_POINT('',(32.816439813337,31.797769772434,
    54.183547289493));
#1701 = CARTESIAN_POINT('',(32.889519589905,33.066393525016,
    54.081795299926));
#1702 = CARTESIAN_POINT('',(33.001972403249,34.332044566288,
    53.978208995948));
#1703 = CARTESIAN_POINT('',(33.153125746902,35.592805884708,
    53.872337748243));
#1704 = CARTESIAN_POINT('',(33.342287323617,36.846786245913,
    53.763771867676));
#1705 = CARTESIAN_POINT('',(33.568753542645,38.092130891765,
    53.652140870015));
#1706 = CARTESIAN_POINT('',(33.608649065679,38.741779438399,
    53.776399345161));
#1707 = CARTESIAN_POINT('',(33.657720458153,39.38919640394,
    53.895028808851));
#1708 = CARTESIAN_POINT('',(33.71634454283,40.034190387203,
    54.00835553044));
#1709 = CARTESIAN_POINT('',(33.784868002046,40.676578769361,
    54.116725804006));
#1710 = CARTESIAN_POINT('',(33.863610459573,41.316188752511,
    54.220502153062));
#1711 = CARTESIAN_POINT('',(33.952867561979,41.952858398056,
    54.320059535688));
#1712 = CARTESIAN_POINT('',(34.052914060748,42.586437665356,
    54.415781549007));
#1713 = CARTESIAN_POINT('',(34.164006893477,43.21678945005,
    54.508056634496));
#1714 = CARTESIAN_POINT('',(34.286388265984,43.843790622718,
    54.597274282426));
#1715 = CARTESIAN_POINT('',(34.420288733681,44.467333067246,
    54.683821237043));
#1716 = CARTESIAN_POINT('',(34.56593028343,45.087324719405,
    54.768077701241));
#1717 = CARTESIAN_POINT('',(125.92900842487,99.815119118581,
    41.98452950648));
#1718 = CARTESIAN_POINT('',(126.1612584589,98.982070699335,
    41.28785468892));
#1719 = CARTESIAN_POINT('',(126.38013727465,98.135232654374,
    40.613666939203));
#1720 = CARTESIAN_POINT('',(126.58593097533,97.274609165178,
    39.961329282811));
#1721 = CARTESIAN_POINT('',(126.77890775088,96.400199488338,
    39.330237256308));
#1722 = CARTESIAN_POINT('',(126.95931940482,95.512002730039,
    38.719816821876));
#1723 = CARTESIAN_POINT('',(127.12740288154,94.610022620108,
    38.129522281954));
#1724 = CARTESIAN_POINT('',(127.2833817929,93.694272286804,
    37.558834193774));
#1725 = CARTESIAN_POINT('',(127.42746794567,92.764779030589,
    37.007257283964));
#1726 = CARTESIAN_POINT('',(127.55986286814,91.821589099032,
    36.474318363132));
#1727 = CARTESIAN_POINT('',(127.68075933741,90.864772460696,
    35.959564240435));
#1728 = CARTESIAN_POINT('',(127.79034290619,89.894427579755,
    35.462559638176));
#1729 = CARTESIAN_POINT('',(128.07321580566,87.591362391375,
    34.336910177234));
#1730 = CARTESIAN_POINT('',(128.29584019149,85.212663035788,
    33.314576764041));
#1731 = CARTESIAN_POINT('',(128.46211389262,82.764581283499,
    32.39364870005));
#1732 = CARTESIAN_POINT('',(128.57607959266,80.254121689271,
    31.572406430123));
#1733 = CARTESIAN_POINT('',(128.64199090558,77.688861300553,
    30.849216872223));
#1734 = CARTESIAN_POINT('',(128.66437437662,75.076795246089,
    30.222445065177));
#1735 = CARTESIAN_POINT('',(128.6480874112,72.4262082071,29.69038213438)
  );
#1736 = CARTESIAN_POINT('',(128.59837212809,69.745571767816,
    29.251189575653));
#1737 = CARTESIAN_POINT('',(128.5209051409,67.043467648962,
    28.902859856973));
#1738 = CARTESIAN_POINT('',(128.42184326423,64.32853682084,
    28.643193338379));
#1739 = CARTESIAN_POINT('',(128.30786514731,61.6094544986,
    28.469791509787));
#1740 = CARTESIAN_POINT('',(128.18442164394,60.035208095222,
    28.289544264942));
#1741 = CARTESIAN_POINT('',(128.05035824615,58.457949439624,
    28.132785653756));
#1742 = CARTESIAN_POINT('',(127.90582398817,56.877673972237,
    27.997621246596));
#1743 = CARTESIAN_POINT('',(127.75085883687,55.294404155798,
    27.88169057177));
#1744 = CARTESIAN_POINT('',(127.58547621118,53.708203483555,
    27.782938299083));
#1745 = CARTESIAN_POINT('',(127.40953637214,52.119162746249,
    27.69895592572));
#1746 = CARTESIAN_POINT('',(127.22264141961,50.527390583468,
    27.626508640941));
#1747 = CARTESIAN_POINT('',(127.02408736323,48.93302154402,
    27.561705532145));
#1748 = CARTESIAN_POINT('',(126.81271346373,47.336236080165,
    27.500114780564));
#1749 = CARTESIAN_POINT('',(126.47308392631,44.937784109594,
    27.402396081151));
#1750 = CARTESIAN_POINT('',(126.08855888553,42.534959896273,
    27.261085935865));
#1751 = CARTESIAN_POINT('',(125.95520452917,41.733509244479,
    27.207207850086));
#1752 = CARTESIAN_POINT('',(125.81379814395,40.931839336036,
    27.143668462332));
#1753 = CARTESIAN_POINT('',(125.6670873169,40.129494696529,
    27.067259105228));
#1754 = CARTESIAN_POINT('',(125.5118556513,39.32673824555,
    26.973211555016));
#1755 = CARTESIAN_POINT('',(125.34346598013,38.523899879846,
    26.853659052275));
#1756 = CARTESIAN_POINT('',(125.16387427028,37.720309990204,
    26.697084509491));
#1757 = CARTESIAN_POINT('',(124.97287391766,36.915362863498,
    26.486255806824));
#1758 = CARTESIAN_POINT('',(124.70157353278,35.908166984675,
    26.10949999305));
#1759 = CARTESIAN_POINT('',(124.45681861553,34.884972574776,
    25.433878461157));
#1760 = CARTESIAN_POINT('',(124.40957521138,34.67955063916,
    25.285245749759));
#1761 = CARTESIAN_POINT('',(124.36507101868,34.473141285434,
    25.12126542025));
#1762 = CARTESIAN_POINT('',(124.3245804773,34.265500616491,
    24.939891592828));
#1763 = CARTESIAN_POINT('',(124.28977670209,34.056323042317,
    24.738823907361));
#1764 = CARTESIAN_POINT('',(124.26305536617,33.845197864405,
    24.515477591185));
#1765 = CARTESIAN_POINT('',(124.2478956863,33.631567231011,
    24.26711587382));
#1766 = CARTESIAN_POINT('',(124.24912759511,33.414708087195,
    23.991289213633));
#1767 = CARTESIAN_POINT('',(124.29682077708,32.972813404449,
    23.382162390233));
#1768 = CARTESIAN_POINT('',(124.4641849169,32.510971919475,
    22.663657244453));
#1769 = CARTESIAN_POINT('',(124.58504196131,32.274166068644,
    22.278297517726));
#1770 = CARTESIAN_POINT('',(124.75114384782,32.030606529164,
    21.87161781748));
#1771 = CARTESIAN_POINT('',(124.97037361757,31.779515599965,
    21.450120391283));
#1772 = CARTESIAN_POINT('',(125.24975058008,31.520521934937,
    21.027978067711));
#1773 = CARTESIAN_POINT('',(125.58934044373,31.254429712711,
    20.626326498548));
#1774 = CARTESIAN_POINT('',(125.9770876347,30.983603852016,
    20.265644243277));
#1775 = CARTESIAN_POINT('',(126.39251382701,30.711191635536,
    19.958017281519));
#1776 = CARTESIAN_POINT('',(127.67009368922,29.896278861634,
    19.201878119297));
#1777 = CARTESIAN_POINT('',(128.90997368911,29.104869768799,
    18.925930251248));
#1778 = CARTESIAN_POINT('',(129.60431478114,28.602198263921,
    18.937267228298));
#1779 = CARTESIAN_POINT('',(130.10030347334,28.128905275096,
    19.031642404303));
#1780 = CARTESIAN_POINT('',(130.50748647412,27.667311344243,
    19.119515752956));
#1781 = CARTESIAN_POINT('',(130.81200859292,27.221053760353,
    19.248433725931));
#1782 = CARTESIAN_POINT('',(131.05699314514,26.78205197289,
    19.353536593906));
#1783 = CARTESIAN_POINT('',(131.2496318477,26.350526936696,
    19.46511782521));
#1784 = CARTESIAN_POINT('',(131.40339848437,25.924124000665,
    19.567285181707));
#1785 = CARTESIAN_POINT('',(131.52617569608,25.501943859078,
    19.663291652911));
#1786 = CARTESIAN_POINT('',(131.62417292511,25.083166018141,
    19.752732400992));
#1787 = CARTESIAN_POINT('',(132.37416966524,24.60229193904,
    20.165668329169));
#1788 = CARTESIAN_POINT('',(133.09033273747,24.130786249004,
    20.731589319204));
#1789 = CARTESIAN_POINT('',(133.6892591379,23.67905695375,
    21.430706312789));
#1790 = CARTESIAN_POINT('',(134.08484661207,23.256415002225,
    22.198513664203));
#1791 = CARTESIAN_POINT('',(134.25380037819,22.859839700936,
    22.846207725216));
#1792 = CARTESIAN_POINT('',(134.39083923035,22.465129830639,
    23.410489017085));
#1793 = CARTESIAN_POINT('',(134.41831727397,22.082787464629,
    23.899479388842));
#1794 = CARTESIAN_POINT('',(134.42425499995,21.70128627717,
    24.312022987647));
#1795 = CARTESIAN_POINT('',(134.397523658,21.322774622344,
    24.668234548875));
#1796 = CARTESIAN_POINT('',(134.31082306726,20.56804510888,
    25.28266744867));
#1797 = CARTESIAN_POINT('',(134.17954182396,19.816234899641,
    25.736122158327));
#1798 = CARTESIAN_POINT('',(134.10896046487,19.440535822881,
    25.931023239039));
#1799 = CARTESIAN_POINT('',(134.03653257432,19.064856741442,
    26.10059281751));
#1800 = CARTESIAN_POINT('',(133.96378807764,18.689160430363,
    26.249736516082));
#1801 = CARTESIAN_POINT('',(133.8915802657,18.313455273879,
    26.382120495729));
#1802 = CARTESIAN_POINT('',(133.8204918029,17.937753931532,
    26.500506064257));
#1803 = CARTESIAN_POINT('',(133.7509357507,17.56206997346,
    26.607038788917));
#1804 = CARTESIAN_POINT('',(133.68312826169,17.186428589636,
    26.703461697234));
#1805 = CARTESIAN_POINT('',(133.48507227039,16.059745254078,
    26.966743056726));
#1806 = CARTESIAN_POINT('',(133.30410902606,14.933940757531,
    27.162158742396));
#1807 = CARTESIAN_POINT('',(133.19162153846,14.183979099601,
    27.271337840319));
#1808 = CARTESIAN_POINT('',(133.08725900111,13.434718499368,
    27.364653197763));
#1809 = CARTESIAN_POINT('',(132.99086794543,12.686228766448,
    27.445323835956));
#1810 = CARTESIAN_POINT('',(132.90238382882,11.938530460771,
    27.515594996006));
#1811 = CARTESIAN_POINT('',(132.82187026027,11.191605518835,
    27.577216682178));
#1812 = CARTESIAN_POINT('',(132.74946255015,10.445408275689,
    27.631569785798));
#1813 = CARTESIAN_POINT('',(132.68529335092,9.699873976591,
    27.679650311344));
#1814 = CARTESIAN_POINT('',(132.51784776808,7.465017666097,
    27.807066055616));
#1815 = CARTESIAN_POINT('',(132.42758138006,5.23448340813,
    27.889979626417));
#1816 = CARTESIAN_POINT('',(132.40329736973,3.748572881775,
    27.930355570146));
#1817 = CARTESIAN_POINT('',(132.41697372478,2.262714533145,
    27.958471672218));
#1818 = CARTESIAN_POINT('',(132.47096624379,0.775633204024,
    27.975857728656));
#1819 = CARTESIAN_POINT('',(132.56782857651,-0.714137684637,
    27.983555707625));
#1820 = CARTESIAN_POINT('',(132.71028809056,-2.208237226914,
    27.982378265058));
#1821 = CARTESIAN_POINT('',(132.90126091453,-3.708454613997,
    27.972946289694));
#1822 = CARTESIAN_POINT('',(133.14387829914,-5.216694992496,
    27.95564829682));
#1823 = CARTESIAN_POINT('',(133.44149644274,-6.734925389956,
    27.930664489074));
#1824 = CARTESIAN_POINT('',(133.79766192329,-8.265092496265,
    27.898198303476));
#1825 = CARTESIAN_POINT('',(133.83274443535,-8.468137634522,
    27.914894140927));
#1826 = CARTESIAN_POINT('',(133.86773823995,-8.673017979184,
    27.933936092117));
#1827 = CARTESIAN_POINT('',(133.90221545105,-8.879816818639,
    27.955815091752));
#1828 = CARTESIAN_POINT('',(133.93593788756,-9.088561218192,
    27.980984684036));
#1829 = CARTESIAN_POINT('',(133.96835111379,-9.299382630831,
    28.010166112019));
#1830 = CARTESIAN_POINT('',(133.99856474958,-9.512524030271,
    28.044384096356));
#1831 = CARTESIAN_POINT('',(134.02550778389,-9.728292560129,
    28.084927178451));
#1832 = CARTESIAN_POINT('',(134.04794762782,-9.947056695916,
    28.133426502489));
#1833 = CARTESIAN_POINT('',(134.06406164079,-10.16938691326,
    28.192246911415));
#1834 = CARTESIAN_POINT('',(134.07334397787,-10.50996483176,
    28.301952891364));
#1835 = CARTESIAN_POINT('',(134.0431154508,-10.86671398191,
    28.460126274918));
#1836 = CARTESIAN_POINT('',(134.02771330912,-10.98773276109,
    28.51922043341));
#1837 = CARTESIAN_POINT('',(134.00556961667,-11.11129791522,
    28.58556279374));
#1838 = CARTESIAN_POINT('',(133.97514629621,-11.23791708001,
    28.660806071836));
#1839 = CARTESIAN_POINT('',(133.93419596205,-11.36831974817,
    28.746936466332));
#1840 = CARTESIAN_POINT('',(133.87928739449,-11.50359090432,
    28.846079120553));
#1841 = CARTESIAN_POINT('',(133.80555936696,-11.64526528751,
    28.961104464431));
#1842 = CARTESIAN_POINT('',(133.70587862379,-11.79561016963,
    29.096577757765));
#1843 = CARTESIAN_POINT('',(133.49851699718,-12.04004575413,
    29.339583804787));
#1844 = CARTESIAN_POINT('',(133.14510847802,-12.33070193445,
    29.6508649686));
#1845 = CARTESIAN_POINT('',(133.00784025408,-12.4336902882,
    29.762476465512));
#1846 = CARTESIAN_POINT('',(132.84676184693,-12.54410141569,
    29.88290811674));
#1847 = CARTESIAN_POINT('',(132.6566188703,-12.66346160656,
    30.011344071064));
#1848 = CARTESIAN_POINT('',(132.43089304051,-12.79365338164,
    30.146459560809));
#1849 = CARTESIAN_POINT('',(132.16093301756,-12.9371806309,
    30.286643804625));
#1850 = CARTESIAN_POINT('',(131.83538015338,-13.09724343943,
    30.427297148659));
#1851 = CARTESIAN_POINT('',(131.44147194143,-13.27719158115,
    30.556275091572));
#1852 = CARTESIAN_POINT('',(130.4996860509,-13.68040909013,
    30.746719246455));
#1853 = CARTESIAN_POINT('',(129.28357367263,-14.15673807216,
    30.70102242739));
#1854 = CARTESIAN_POINT('',(128.614511618,-14.41004860041,
    30.594028223619));
#1855 = CARTESIAN_POINT('',(127.9130531717,-14.66907685602,
    30.37589095308));
#1856 = CARTESIAN_POINT('',(127.20702474101,-14.92495725035,
    30.029124382477));
#1857 = CARTESIAN_POINT('',(126.61630084862,-15.14188453018,
    29.545266332181));
#1858 = CARTESIAN_POINT('',(126.14933200168,-15.32212066553,
    29.060429519254));
#1859 = CARTESIAN_POINT('',(125.78208467682,-15.47264347909,
    28.571085941508));
#1860 = CARTESIAN_POINT('',(125.50313874158,-15.59807382323,
    28.112850388656));
#1861 = CARTESIAN_POINT('',(124.87021291442,-15.91763684764,
    26.846209978889));
#1862 = CARTESIAN_POINT('',(124.71438879524,-16.10768678671,
    25.928589953936));
#1863 = CARTESIAN_POINT('',(124.6993696322,-16.21389818041,
    25.49068745242));
#1864 = CARTESIAN_POINT('',(124.70362441333,-16.31719602078,
    25.141092157762));
#1865 = CARTESIAN_POINT('',(124.7339019115,-16.41500883719,
    24.863848109479));
#1866 = CARTESIAN_POINT('',(124.77328259818,-16.51163268555,
    24.638980286426));
#1867 = CARTESIAN_POINT('',(124.81116739396,-16.60955530398,
    24.448242763654));
#1868 = CARTESIAN_POINT('',(124.85715126543,-16.70583438127,
    24.288954606496));
#1869 = CARTESIAN_POINT('',(124.90153740684,-16.8029917793,
    24.151411347821));
#1870 = CARTESIAN_POINT('',(124.99169011377,-16.99745252721,
    23.912931924014));
#1871 = CARTESIAN_POINT('',(125.08089601632,-17.19277166476,
    23.733356988675));
#1872 = CARTESIAN_POINT('',(125.12484175989,-17.29064504475,
    23.654931030718));
#1873 = CARTESIAN_POINT('',(125.16794392228,-17.38869747932,
    23.585504402273));
#1874 = CARTESIAN_POINT('',(125.21015708924,-17.48687726127,
    23.523418519821));
#1875 = CARTESIAN_POINT('',(125.2515051272,-17.58512849591,
    23.46747914983));
#1876 = CARTESIAN_POINT('',(125.29203100041,-17.68339960756,
    23.416776751215));
#1877 = CARTESIAN_POINT('',(125.33176808355,-17.78164758913,
    23.370566406465));
#1878 = CARTESIAN_POINT('',(125.37073296987,-17.87983799514,
    23.328207342012));
#1879 = CARTESIAN_POINT('',(125.48535338486,-18.17414604349,
    23.211071427886));
#1880 = CARTESIAN_POINT('',(125.59357800098,-18.46735524994,
    23.120379227164));
#1881 = CARTESIAN_POINT('',(125.66314335069,-18.66209215201,
    23.068426262462));
#1882 = CARTESIAN_POINT('',(125.73034213483,-18.85590147305,
    23.023017686822));
#1883 = CARTESIAN_POINT('',(125.79534308663,-19.04862937659,
    22.9828858522));
#1884 = CARTESIAN_POINT('',(125.85826820285,-19.24014720514,
    22.947120064672));
#1885 = CARTESIAN_POINT('',(125.91920199986,-19.43034308177,
    22.915005335918));
#1886 = CARTESIAN_POINT('',(125.97820346349,-19.61911669854,
    22.885973489965));
#1887 = CARTESIAN_POINT('',(126.03531648895,-19.80637621312,
    22.859600718994));
#1888 = CARTESIAN_POINT('',(126.3116070825,-20.73467602583,
    22.739525527935));
#1889 = CARTESIAN_POINT('',(126.54197444957,-21.62095756122,
    22.671240056033));
#1890 = CARTESIAN_POINT('',(126.69803058183,-22.29799854156,
    22.632820933885));
#1891 = CARTESIAN_POINT('',(126.82483849893,-22.93859296969,
    22.607317310626));
#1892 = CARTESIAN_POINT('',(126.92131688337,-23.53873354222,
    22.593133251217));
#1893 = CARTESIAN_POINT('',(126.9873542424,-24.09411848168,
    22.587931748176));
#1894 = CARTESIAN_POINT('',(127.02441907721,-24.60034788677,
    22.589578973133));
#1895 = CARTESIAN_POINT('',(127.03586368945,-25.05455163446,
    22.596832741395));
#1896 = CARTESIAN_POINT('',(127.02654845295,-25.45790023546,
    22.6086198709));
#1897 = CARTESIAN_POINT('',(127.00091604973,-25.81741571595,
    22.623230732191));
#1898 = CARTESIAN_POINT('',(126.95814783992,-26.14446527319,
    22.641242900044));
#1899 = CARTESIAN_POINT('',(126.91119349879,-26.5900514988,
    22.638102020829));
#1900 = CARTESIAN_POINT('',(126.80644485127,-27.04610724854,
    22.645985698891));
#1901 = CARTESIAN_POINT('',(126.63363966429,-27.53100743182,
    22.666779093399));
#1902 = CARTESIAN_POINT('',(126.37581789124,-28.05246953698,
    22.703171170483));
#1903 = CARTESIAN_POINT('',(126.02184074211,-28.602393537,
    22.755264967895));
#1904 = CARTESIAN_POINT('',(125.57011188092,-29.16911585523,
    22.820557105956));
#1905 = CARTESIAN_POINT('',(125.02554890875,-29.74438149568,
    22.895182134613));
#1906 = CARTESIAN_POINT('',(124.39493413618,-30.32254621741,
    22.975032595043));
#1907 = CARTESIAN_POINT('',(123.68523326578,-30.8987284391,
    23.056157871293));
#1908 = CARTESIAN_POINT('',(122.12538472695,-32.04294842339,
    23.213270143884));
#1909 = CARTESIAN_POINT('',(120.31869217238,-33.16585573993,
    23.348032541228));
#1910 = CARTESIAN_POINT('',(119.36226453016,-33.72082596576,
    23.406902040033));
#1911 = CARTESIAN_POINT('',(118.36153109362,-34.26919541723,
    23.45466976413));
#1912 = CARTESIAN_POINT('',(117.32522301413,-34.81174429617,
    23.490044757874));
#1913 = CARTESIAN_POINT('',(116.26181111668,-35.34928722619,
    23.513417018549));
#1914 = CARTESIAN_POINT('',(115.17932489457,-35.88152066819,
    23.526738228118));
#1915 = CARTESIAN_POINT('',(114.08526686335,-36.40601415366,
    23.532983409862));
#1916 = CARTESIAN_POINT('',(112.98668273235,-36.91777861526,
    23.535275537288));
#1917 = CARTESIAN_POINT('',(111.89044785126,-37.40984509505,
    23.535755122156));
#1918 = CARTESIAN_POINT('',(110.8038303899,-37.87528710981,
    23.534276808928));
#1919 = CARTESIAN_POINT('',(108.91641847563,-37.99820624077,
    23.788015024195));
#1920 = CARTESIAN_POINT('',(107.05483098779,-38.020729724,
    24.000534887914));
#1921 = CARTESIAN_POINT('',(105.21789208119,-37.94405182967,
    24.183141576689));
#1922 = CARTESIAN_POINT('',(103.40491396357,-37.76861183376,
    24.34738323658));
#1923 = CARTESIAN_POINT('',(101.6159466985,-37.49542542792,
    24.508484959219));
#1924 = CARTESIAN_POINT('',(99.85162905613,-37.12594271513,
    24.681759978713));
#1925 = CARTESIAN_POINT('',(98.113350808981,-36.66289057912,
    24.885413776318));
#1926 = CARTESIAN_POINT('',(96.402726301644,-36.11437154866,
    25.14391143871));
#1927 = CARTESIAN_POINT('',(94.719620513944,-35.50037384601,
    25.481563034878));
#1928 = CARTESIAN_POINT('',(91.400703865886,-34.2092224224,
    26.330828865394));
#1929 = CARTESIAN_POINT('',(88.160267425026,-32.90968346537,
    27.487687431404));
#1930 = CARTESIAN_POINT('',(86.5555515158,-32.28757787001,
    28.132567558294));
#1931 = CARTESIAN_POINT('',(84.962373277177,-31.71880119148,
    28.81987517894));
#1932 = CARTESIAN_POINT('',(83.376617169807,-31.21866864162,
    29.496172995287));
#1933 = CARTESIAN_POINT('',(81.806873114124,-30.75151571352,
    30.127458196225));
#1934 = CARTESIAN_POINT('',(80.263019503808,-30.2850446959,
    30.717820205006));
#1935 = CARTESIAN_POINT('',(78.749070438659,-29.81294455746,
    31.285830761534));
#1936 = CARTESIAN_POINT('',(77.268991762462,-29.32236841892,
    31.841919828124));
#1937 = CARTESIAN_POINT('',(75.8238823289,-28.81107989834,
    32.403939983271));
#1938 = CARTESIAN_POINT('',(74.413462627675,-28.27784385058,
    32.986778175875));
#1939 = CARTESIAN_POINT('',(73.604458036322,-27.7953490456,
    33.093519337666));
#1940 = CARTESIAN_POINT('',(72.797047079349,-27.29877546686,
    33.2205109043));
#1941 = CARTESIAN_POINT('',(71.9908716655,-26.78750550484,
    33.365816768096));
#1942 = CARTESIAN_POINT('',(71.185546460554,-26.26094665209,
    33.527231919965));
#1943 = CARTESIAN_POINT('',(70.380631553705,-25.71855785342,
    33.70231031983));
#1944 = CARTESIAN_POINT('',(69.57556099509,-25.15986152585,
    33.888306251163));
#1945 = CARTESIAN_POINT('',(68.769536659807,-24.5844729294,
    34.082086084995));
#1946 = CARTESIAN_POINT('',(67.961396894512,-23.99217857178,
    34.280067378617));
#1947 = CARTESIAN_POINT('',(67.149469401785,-23.38309532759,
    34.478242234303));
#1948 = CARTESIAN_POINT('',(65.513366234916,-22.13278858279,
    34.866441452308));
#1949 = CARTESIAN_POINT('',(63.840163898396,-20.825146276,
    35.221671422818));
#1950 = CARTESIAN_POINT('',(62.991163737253,-20.1586173876,
    35.386757353509));
#1951 = CARTESIAN_POINT('',(62.125757571373,-19.4825499541,
    35.535798016675));
#1952 = CARTESIAN_POINT('',(61.23943528457,-18.80061465572,
    35.665110756158));
#1953 = CARTESIAN_POINT('',(60.326692327609,-18.1186246998,
    35.772461430654));
#1954 = CARTESIAN_POINT('',(59.381749722387,-17.44542180291,
    35.859491207506));
#1955 = CARTESIAN_POINT('',(58.401023132813,-16.79141609603,
    35.933474903993));
#1956 = CARTESIAN_POINT('',(57.386334106815,-16.16503554002,
    36.007190394614));
#1957 = CARTESIAN_POINT('',(55.306289809714,-14.9733385645,
    36.18468642507));
#1958 = CARTESIAN_POINT('',(53.168646784965,-13.89499995228,
    36.467484189784));
#1959 = CARTESIAN_POINT('',(52.09625479755,-13.3821418198,
    36.646576781848));
#1960 = CARTESIAN_POINT('',(51.0348432175,-12.88820644715,
    36.872615214707));
#1961 = CARTESIAN_POINT('',(49.99750903143,-12.40183804112,
    37.146544881457));
#1962 = CARTESIAN_POINT('',(48.992948004742,-11.91169759808,
    37.462339045986));
#1963 = CARTESIAN_POINT('',(48.024840430371,-11.40963794228,
    37.810865184202));
#1964 = CARTESIAN_POINT('',(47.093136539504,-10.89143316359,
    38.183097142798));
#1965 = CARTESIAN_POINT('',(46.196269921583,-10.35519019401,
    38.571294754932));
#1966 = CARTESIAN_POINT('',(44.469308199419,-9.243478756092,
    39.365865458253));
#1967 = CARTESIAN_POINT('',(42.866549092946,-8.053155804965,
    40.173563135333));
#1968 = CARTESIAN_POINT('',(42.094004275787,-7.438168254104,
    40.574878855184));
#1969 = CARTESIAN_POINT('',(41.347852121964,-6.804035775811,
    40.96895881017));
#1970 = CARTESIAN_POINT('',(40.625769763541,-6.151810446736,
    41.352021286282));
#1971 = CARTESIAN_POINT('',(39.925709931217,-5.482624297559,
    41.721013139869));
#1972 = CARTESIAN_POINT('',(39.245923356753,-4.797542321993,
    42.073428658699));
#1973 = CARTESIAN_POINT('',(38.584902161327,-4.097511008965,
    42.407151946513));
#1974 = CARTESIAN_POINT('',(37.941299203472,-3.383353941085,
    42.720335132055));
#1975 = CARTESIAN_POINT('',(37.313878364132,-2.655765998807,
    43.011324703155));
#1976 = CARTESIAN_POINT('',(36.701550742968,-1.915257712757,
    43.278648266824));
#1977 = CARTESIAN_POINT('',(36.261534652417,-0.852747478119,
    43.531241366594));
#1978 = CARTESIAN_POINT('',(35.846207385998,0.236104567258,
    43.756861317956));
#1979 = CARTESIAN_POINT('',(35.458877186569,1.350749865383,
    43.959662763381));
#1980 = CARTESIAN_POINT('',(35.102613459083,2.490294071674,
    44.144113203396));
#1981 = CARTESIAN_POINT('',(34.780101663132,3.653324149779,
    44.315749060611));
#1982 = CARTESIAN_POINT('',(34.49301720645,4.837710703046,
    44.481111135657));
#1983 = CARTESIAN_POINT('',(34.241257001943,6.040465416547,
    44.647110932916));
#1984 = CARTESIAN_POINT('',(34.022367352303,7.25773348363,
    44.820079333931));
#1985 = CARTESIAN_POINT('',(33.831506824594,8.485000890859,
    45.004749096358));
#1986 = CARTESIAN_POINT('',(33.493058732851,10.950191979807,
    45.402096216415));
#1987 = CARTESIAN_POINT('',(33.217576560046,13.420888542562,
    45.853365320673));
#1988 = CARTESIAN_POINT('',(33.089670980564,14.65363691225,
    46.092067507884));
#1989 = CARTESIAN_POINT('',(32.96566261679,15.880255888916,
    46.341020212022));
#1990 = CARTESIAN_POINT('',(32.841584934437,17.098433859685,
    46.595067646331));
#1991 = CARTESIAN_POINT('',(32.716277719418,18.307137699766,
    46.848385531663));
#1992 = CARTESIAN_POINT('',(32.591228503246,19.506290877384,
    47.096181979567));
#1993 = CARTESIAN_POINT('',(32.469724565332,20.696329191295,
    47.335551729691));
#1994 = CARTESIAN_POINT('',(32.355746566962,21.877826499862,
    47.565302917683));
#1995 = CARTESIAN_POINT('',(32.253162212308,23.051315012648,
    47.785272077899));
#1996 = CARTESIAN_POINT('',(32.165905671991,24.217356927189,
    47.996339613914));
#1997 = CARTESIAN_POINT('',(31.893395302974,25.504493922105,
    47.908910947819));
#1998 = CARTESIAN_POINT('',(31.662353637768,26.80218958914,
    47.825317484914));
#1999 = CARTESIAN_POINT('',(31.472585948164,28.108779936297,
    47.744918103935));
#2000 = CARTESIAN_POINT('',(31.323909756142,29.422556975838,
    47.667105617282));
#2001 = CARTESIAN_POINT('',(31.216152897379,30.741772457967,
    47.59130032727));
#2002 = CARTESIAN_POINT('',(31.149151587479,32.064641604302,
    47.516943581976));
#2003 = CARTESIAN_POINT('',(31.12274848418,33.389346841706,
    47.443491331704));
#2004 = CARTESIAN_POINT('',(31.136790754428,34.714041535623,
    47.370407684684));
#2005 = CARTESIAN_POINT('',(31.191128136584,36.036853723971,
    47.297158463553));
#2006 = CARTESIAN_POINT('',(31.28561100666,37.355889850526,
    47.223204761179));
#2007 = CARTESIAN_POINT('',(31.420088441812,38.66923849868,
    47.147996496935));
#2008 = CARTESIAN_POINT('',(31.584420730662,39.325835507056,
    47.231763416123));
#2009 = CARTESIAN_POINT('',(31.755457605324,39.97898403852,
    47.313513985445));
#2010 = CARTESIAN_POINT('',(31.933491482946,40.628592461007,
    47.39334836827));
#2011 = CARTESIAN_POINT('',(32.118819152127,41.274571664505,
    47.471392274282));
#2012 = CARTESIAN_POINT('',(32.311740640105,41.916835657047,
    47.547794529871));
#2013 = CARTESIAN_POINT('',(32.512558080983,42.55530216043,
    47.622724648341));
#2014 = CARTESIAN_POINT('',(32.721574582417,43.189893206343,
    47.696370400382));
#2015 = CARTESIAN_POINT('',(32.939093094167,43.820535731994,
    47.768935384242));
#2016 = CARTESIAN_POINT('',(33.165415274784,44.447162176244,
    47.840636596175));
#2017 = CARTESIAN_POINT('',(33.400840359835,45.069711075313,
    47.911702000681));
#2018 = CARTESIAN_POINT('',(33.645664029091,45.688127658789,
    47.982368100873));
#2019 = CARTESIAN_POINT('',(126.56569863329,102.87571306381,
    37.356936223512));
#2020 = CARTESIAN_POINT('',(126.82057275804,101.9392558615,
    36.594981736838));
#2021 = CARTESIAN_POINT('',(127.06064885394,100.98785946998,
    35.858234207825));
#2022 = CARTESIAN_POINT('',(127.28619469823,100.02184604347,
    35.146194158176));
#2023 = CARTESIAN_POINT('',(127.49747997958,99.041538166977,
    34.45835865044));
#2024 = CARTESIAN_POINT('',(127.69477625468,98.047258423702,
    33.794221324965));
#2025 = CARTESIAN_POINT('',(127.8783569051,97.039328961616,
    33.153272436902));
#2026 = CARTESIAN_POINT('',(128.04849709379,96.018071061272,
    32.534998893166));
#2027 = CARTESIAN_POINT('',(128.20547372203,94.983804701989,
    31.938884289406));
#2028 = CARTESIAN_POINT('',(128.34956538587,93.936848129831,
    31.364408947011));
#2029 = CARTESIAN_POINT('',(128.48105233309,92.877517423964,
    30.811049950049));
#2030 = CARTESIAN_POINT('',(128.60021641971,91.806126064199,
    30.278281182272));
#2031 = CARTESIAN_POINT('',(128.85483990516,89.263853394631,
    29.06001111163));
#2032 = CARTESIAN_POINT('',(129.03848192173,86.65490885288,
    27.960815767344));
#2033 = CARTESIAN_POINT('',(129.15562704095,83.987346046785,
    26.977162299548));
#2034 = CARTESIAN_POINT('',(129.21076628269,81.269171219385,
    26.105583914714));
#2035 = CARTESIAN_POINT('',(129.20836312553,78.508365291616,
    25.34273167651));
#2036 = CARTESIAN_POINT('',(129.15284496968,75.712905137029,
    24.685421130394));
#2037 = CARTESIAN_POINT('',(129.04862005143,72.890784086632,
    24.130673751287));
#2038 = CARTESIAN_POINT('',(128.90011981047,70.050031666487,
    23.675753215204));
#2039 = CARTESIAN_POINT('',(128.71186670865,67.198732565062,
    23.318196493884));
#2040 = CARTESIAN_POINT('',(128.48856750144,64.345044833152,
    23.055839773274));
#2041 = CARTESIAN_POINT('',(128.23523196123,61.497217314207,
    22.88683919525));
#2042 = CARTESIAN_POINT('',(128.12356185092,59.841266336573,
    22.708081333056));
#2043 = CARTESIAN_POINT('',(128.00369377791,58.186500126981,
    22.554039258291));
#2044 = CARTESIAN_POINT('',(127.87627203352,56.532959647943,
    22.42257203273));
#2045 = CARTESIAN_POINT('',(127.74224023689,54.8806327517,
    22.311246120802));
#2046 = CARTESIAN_POINT('',(127.60228193942,53.229543542824,
    22.217746160576));
#2047 = CARTESIAN_POINT('',(127.45726751151,51.579679322361,
    22.139482800127));
#2048 = CARTESIAN_POINT('',(127.30856937626,49.930938565217,
    22.073299891923));
#2049 = CARTESIAN_POINT('',(127.15790886823,48.283152881118,
    22.015513661983));
#2050 = CARTESIAN_POINT('',(127.00719920148,46.636105406036,
    21.96184679836));
#2051 = CARTESIAN_POINT('',(126.78587576755,44.165953651198,
    21.878302692068));
#2052 = CARTESIAN_POINT('',(126.59177896403,41.693182777245,
    21.762549875541));
#2053 = CARTESIAN_POINT('',(126.53137930789,40.868447114489,
    21.71920200277));
#2054 = CARTESIAN_POINT('',(126.47606788305,40.043012936443,
    21.667382896351));
#2055 = CARTESIAN_POINT('',(126.42943599107,39.216454069015,
    21.60763398471));
#2056 = CARTESIAN_POINT('',(126.39356232076,38.388339272349,
    21.535138471983));
#2057 = CARTESIAN_POINT('',(126.37226306732,37.557914845086,
    21.442584158872));
#2058 = CARTESIAN_POINT('',(126.37516042369,36.723799309255,
    21.32618025554));
#2059 = CARTESIAN_POINT('',(126.41529027205,35.884002085932,
    21.177891004254));
#2060 = CARTESIAN_POINT('',(126.53845144271,34.822393635567,
    20.917867430349));
#2061 = CARTESIAN_POINT('',(126.90430632301,33.725461548291,
    20.546453960319));
#2062 = CARTESIAN_POINT('',(126.98867230849,33.504460321388,
    20.467523058158));
#2063 = CARTESIAN_POINT('',(127.08611568121,33.281597270941,
    20.383925310812));
#2064 = CARTESIAN_POINT('',(127.19878825451,33.056593734495,
    20.295739456307));
#2065 = CARTESIAN_POINT('',(127.32921894559,32.829129106698,
    20.203242053226));
#2066 = CARTESIAN_POINT('',(127.48048408284,32.598827628675,
    20.107147240323));
#2067 = CARTESIAN_POINT('',(127.65626963936,32.365263142243,
    20.008948078337));
#2068 = CARTESIAN_POINT('',(127.8606546824,32.128002689076,
    19.911321742417));
#2069 = CARTESIAN_POINT('',(128.33423596963,31.64541698229,
    19.725799924154));
#2070 = CARTESIAN_POINT('',(128.94642728336,31.146477764321,
    19.585050711145));
#2071 = CARTESIAN_POINT('',(129.28952060706,30.892846993937,
    19.532091978219));
#2072 = CARTESIAN_POINT('',(129.6695942966,30.635374731922,
    19.504994061843));
#2073 = CARTESIAN_POINT('',(130.08522604948,30.37458745099,
    19.51282261924));
#2074 = CARTESIAN_POINT('',(130.52869739506,30.111938202143,
    19.567397707629));
#2075 = CARTESIAN_POINT('',(130.98376907418,29.849904955627,
    19.678217513583));
#2076 = CARTESIAN_POINT('',(131.42919539035,29.591249777644,
    19.845012369988));
#2077 = CARTESIAN_POINT('',(131.84635939685,29.338000650939,
    20.05717689735));
#2078 = CARTESIAN_POINT('',(132.98369839186,28.596901772213,
    20.792719903532));
#2079 = CARTESIAN_POINT('',(133.73412401397,27.913323084771,
    21.713561523377));
#2080 = CARTESIAN_POINT('',(134.02384658883,27.484487692555,
    22.311416499914));
#2081 = CARTESIAN_POINT('',(134.15932344207,27.071343105883,
    22.791340464644));
#2082 = CARTESIAN_POINT('',(134.25926316821,26.660149190005,
    23.198893614983));
#2083 = CARTESIAN_POINT('',(134.28075641064,26.256913666857,
    23.544482582144));
#2084 = CARTESIAN_POINT('',(134.29331221712,25.852754941831,
    23.832788800254));
#2085 = CARTESIAN_POINT('',(134.27687063159,25.451025926458,
    24.082955747631));
#2086 = CARTESIAN_POINT('',(134.24977270778,25.049469486387,
    24.298386356442));
#2087 = CARTESIAN_POINT('',(134.21308298694,24.648241006443,
    24.486674042936));
#2088 = CARTESIAN_POINT('',(134.1699202175,24.247115349514,
    24.652469058653));
#2089 = CARTESIAN_POINT('',(134.17482591407,23.875625742966,
    25.471195054152));
#2090 = CARTESIAN_POINT('',(134.04643627361,23.522841526849,
    26.331887931926));
#2091 = CARTESIAN_POINT('',(133.76210120952,23.189223547172,
    27.160434796253));
#2092 = CARTESIAN_POINT('',(133.33235080563,22.87017859494,
    27.86059387924));
#2093 = CARTESIAN_POINT('',(132.8918887214,22.544684393452,
    28.329585171157));
#2094 = CARTESIAN_POINT('',(132.50096761566,22.210537333258,
    28.736002001858));
#2095 = CARTESIAN_POINT('',(132.11809185366,21.871279155538,
    29.022729912671));
#2096 = CARTESIAN_POINT('',(131.78416925183,21.523861702774,
    29.258012436457));
#2097 = CARTESIAN_POINT('',(131.47869816832,21.170988078513,
    29.442106508396));
#2098 = CARTESIAN_POINT('',(130.92801429923,20.45496328616,
    29.73948884214));
#2099 = CARTESIAN_POINT('',(130.48098841103,19.721701119146,
    29.927864505145));
#2100 = CARTESIAN_POINT('',(130.27976291149,19.351527390618,
    30.003374344733));
#2101 = CARTESIAN_POINT('',(130.09726501848,18.978455591896,
    30.065488376842));
#2102 = CARTESIAN_POINT('',(129.93044711949,18.602996512863,
    30.117555222204));
#2103 = CARTESIAN_POINT('',(129.77690800765,18.225538801982,
    30.161840211421));
#2104 = CARTESIAN_POINT('',(129.63481987696,17.846374604466,
    30.199992463882));
#2105 = CARTESIAN_POINT('',(129.50275177854,17.465729885003,
    30.233253231401));
#2106 = CARTESIAN_POINT('',(129.37949318609,17.083790124983,
    30.262529966015));
#2107 = CARTESIAN_POINT('',(129.03295757755,15.934556002604,
    30.340321781843));
#2108 = CARTESIAN_POINT('',(128.74911963022,14.776126341543,
    30.392923677828));
#2109 = CARTESIAN_POINT('',(128.58130060991,14.000706475618,
    30.420960263081));
#2110 = CARTESIAN_POINT('',(128.43111104389,13.222679385123,
    30.443960093744));
#2111 = CARTESIAN_POINT('',(128.29627090936,12.44234035644,
    30.462922825574));
#2112 = CARTESIAN_POINT('',(128.17529217753,11.659868260177,
    30.478485315686));
#2113 = CARTESIAN_POINT('',(128.06712827349,10.875380153639,
    30.491166224809));
#2114 = CARTESIAN_POINT('',(127.97105115238,10.088947958953,
    30.501378063708));
#2115 = CARTESIAN_POINT('',(127.88662934078,9.300599188272,
    30.509361661803));
#2116 = CARTESIAN_POINT('',(127.66778219641,6.929772686491,
    30.52687078537));
#2117 = CARTESIAN_POINT('',(127.55098753201,4.541487842653,
    30.526543971989));
#2118 = CARTESIAN_POINT('',(127.51766360028,2.941389633794,
    30.519388994217));
#2119 = CARTESIAN_POINT('',(127.53001083769,1.332966229701,
    30.505680278438));
#2120 = CARTESIAN_POINT('',(127.59014553372,-0.284325596023,
    30.485541198526));
#2121 = CARTESIAN_POINT('',(127.70062597344,-1.911076829394,
    30.459016419015));
#2122 = CARTESIAN_POINT('',(127.86421557157,-3.547893378715,
    30.426136029612));
#2123 = CARTESIAN_POINT('',(128.08383400997,-5.195391827803,
    30.386910732131));
#2124 = CARTESIAN_POINT('',(128.36257894504,-6.854206623163,
    30.341306278862));
#2125 = CARTESIAN_POINT('',(128.70370085132,-8.52499153847,
    30.289245361258));
#2126 = CARTESIAN_POINT('',(129.11041356827,-10.20839825976,
    30.230685147931));
#2127 = CARTESIAN_POINT('',(129.14249063615,-10.4331182651,
    30.223283032794));
#2128 = CARTESIAN_POINT('',(129.17305831078,-10.65870342228,
    30.215680610669));
#2129 = CARTESIAN_POINT('',(129.20152225549,-10.88528681556,
    30.20780296595));
#2130 = CARTESIAN_POINT('',(129.22740369597,-11.11297200949,
    30.199712747353));
#2131 = CARTESIAN_POINT('',(129.24988026171,-11.34195945756,
    30.191336274992));
#2132 = CARTESIAN_POINT('',(129.26775025771,-11.5725570784,
    30.182463395686));
#2133 = CARTESIAN_POINT('',(129.27953333949,-11.80515421333,
    30.172855386746));
#2134 = CARTESIAN_POINT('',(129.28342057296,-12.04023818182,
    30.162295207987));
#2135 = CARTESIAN_POINT('',(129.27678685084,-12.27853264804,
    30.150414402291));
#2136 = CARTESIAN_POINT('',(129.24407454496,-12.6427391984,
    30.12898921558));
#2137 = CARTESIAN_POINT('',(129.15718142626,-13.02270627433,
    30.095604946025));
#2138 = CARTESIAN_POINT('',(129.12103160827,-13.15144219853,
    30.082835004466));
#2139 = CARTESIAN_POINT('',(129.07638984014,-13.28261403574,
    30.067675433139));
#2140 = CARTESIAN_POINT('',(129.02131732131,-13.41677324363,
    30.049622563253));
#2141 = CARTESIAN_POINT('',(128.95330181161,-13.5546262315,
    30.027747146867));
#2142 = CARTESIAN_POINT('',(128.86918477936,-13.69703952684,
    30.000224546569));
#2143 = CARTESIAN_POINT('',(128.76459728483,-13.84520926878,
    29.964404449608));
#2144 = CARTESIAN_POINT('',(128.63286719584,-14.00097571873,
    29.916551010432));
#2145 = CARTESIAN_POINT('',(128.37909012811,-14.25020089831,
    29.815487868919));
#2146 = CARTESIAN_POINT('',(128.00745745693,-14.53118119039,
    29.626394163191));
#2147 = CARTESIAN_POINT('',(127.86880225109,-14.62877993231,
    29.551082621437));
#2148 = CARTESIAN_POINT('',(127.7126552515,-14.73101265134,
    29.46040892962));
#2149 = CARTESIAN_POINT('',(127.53721343538,-14.83825161187,
    29.34976491406));
#2150 = CARTESIAN_POINT('',(127.34047287628,-14.95088502019,
    29.21329516603));
#2151 = CARTESIAN_POINT('',(127.11966424504,-15.06946300275,
    29.043293233534));
#2152 = CARTESIAN_POINT('',(126.87300083739,-15.19412196526,
    28.828539549464));
#2153 = CARTESIAN_POINT('',(126.6036668885,-15.32337030015,
    28.553335993224));
#2154 = CARTESIAN_POINT('',(126.04460650445,-15.58248963263,
    27.848508487296));
#2155 = CARTESIAN_POINT('',(125.53543145315,-15.81541051665,
    26.817204277438));
#2156 = CARTESIAN_POINT('',(125.31547771285,-15.91858903314,
    26.214930029024));
#2157 = CARTESIAN_POINT('',(125.16337228373,-15.99905042978,
    25.537198016007));
#2158 = CARTESIAN_POINT('',(125.10489317656,-16.04968596431,
    24.798755604154));
#2159 = CARTESIAN_POINT('',(125.20132354811,-16.05563285642,
    24.092759213939));
#2160 = CARTESIAN_POINT('',(125.35525330037,-16.04808453684,
    23.486369666629));
#2161 = CARTESIAN_POINT('',(125.55828481311,-16.02878468821,
    22.958599198084));
#2162 = CARTESIAN_POINT('',(125.77867758354,-16.00735521589,
    22.51600390393));
#2163 = CARTESIAN_POINT('',(126.45299335616,-15.94669071839,
    21.400981355827));
#2164 = CARTESIAN_POINT('',(127.08649457899,-15.91717455042,
    20.826436701823));
#2165 = CARTESIAN_POINT('',(127.42025282583,-15.92895309191,
    20.592360362269));
#2166 = CARTESIAN_POINT('',(127.69716292224,-15.95946396895,
    20.413085188543));
#2167 = CARTESIAN_POINT('',(127.93219005555,-16.00421073506,
    20.28700414132));
#2168 = CARTESIAN_POINT('',(128.13243393274,-16.06028990607,
    20.191595936052));
#2169 = CARTESIAN_POINT('',(128.3066065989,-16.12452875941,
    20.110214315507));
#2170 = CARTESIAN_POINT('',(128.4611002944,-16.19526031217,
    20.049435100813));
#2171 = CARTESIAN_POINT('',(128.59868492321,-16.27123092711,
    19.99712658731));
#2172 = CARTESIAN_POINT('',(128.84724895525,-16.43152678068,
    19.910114712731));
#2173 = CARTESIAN_POINT('',(129.05153490215,-16.60553690432,
    19.8490041274));
#2174 = CARTESIAN_POINT('',(129.14491536391,-16.69521766687,
    19.823100572846));
#2175 = CARTESIAN_POINT('',(129.231201743,-16.78703278109,
    19.800658628986));
#2176 = CARTESIAN_POINT('',(129.31160352045,-16.88059187458,
    19.780913877314));
#2177 = CARTESIAN_POINT('',(129.38701637926,-16.97560676947,
    19.763363643123));
#2178 = CARTESIAN_POINT('',(129.45813287274,-17.07185446008,
    19.747646812947));
#2179 = CARTESIAN_POINT('',(129.52551860995,-17.16915184937,
    19.733467434826));
#2180 = CARTESIAN_POINT('',(129.58965395955,-17.26734224511,
    19.720562101123));
#2181 = CARTESIAN_POINT('',(129.77351589382,-17.56419635497,
    19.685009140076));
#2182 = CARTESIAN_POINT('',(129.93441910927,-17.8670230144,
    19.657855942737));
#2183 = CARTESIAN_POINT('',(130.03398332649,-18.07073949534,
    19.642314434626));
#2184 = CARTESIAN_POINT('',(130.12737030382,-18.27577244913,
    19.62869488591));
#2185 = CARTESIAN_POINT('',(130.21556571169,-18.48177633923,
    19.616626781396));
#2186 = CARTESIAN_POINT('',(130.2992671728,-18.68849528456,
    19.605859129636));
#2187 = CARTESIAN_POINT('',(130.37900840026,-18.89572402398,
    19.596196398604));
#2188 = CARTESIAN_POINT('',(130.45520095211,-19.10329511617,
    19.587486406449));
#2189 = CARTESIAN_POINT('',(130.52814071631,-19.31107726722,
    19.579627561233));
#2190 = CARTESIAN_POINT('',(130.87756833231,-20.35053933275,
    19.544303974613));
#2191 = CARTESIAN_POINT('',(131.15510221876,-21.39038206997,
    19.527225436716));
#2192 = CARTESIAN_POINT('',(131.34155040446,-22.21672866146,
    19.52176224915));
#2193 = CARTESIAN_POINT('',(131.49115261503,-23.03542063857,
    19.524825399776));
#2194 = CARTESIAN_POINT('',(131.60096353241,-23.84480602356,
    19.537053178428));
#2195 = CARTESIAN_POINT('',(131.66828247054,-24.64315039058,
    19.558836093673));
#2196 = CARTESIAN_POINT('',(131.68972709317,-25.42889580052,
    19.5907388341));
#2197 = CARTESIAN_POINT('',(131.66063885625,-26.20069454877,
    19.633738063631));
#2198 = CARTESIAN_POINT('',(131.57593222362,-26.95692977077,
    19.688896621102));
#2199 = CARTESIAN_POINT('',(131.431430838,-27.69518860799,
    19.756880768477));
#2200 = CARTESIAN_POINT('',(131.22266497327,-28.41290729113,
    19.838513205221));
#2201 = CARTESIAN_POINT('',(130.96767524538,-29.38500436739,
    19.944975783621));
#2202 = CARTESIAN_POINT('',(130.60341647128,-30.31879463515,
    20.075162915062));
#2203 = CARTESIAN_POINT('',(130.13800702161,-31.21390760443,
    20.226303069744));
#2204 = CARTESIAN_POINT('',(129.58017396543,-32.07105032596,
    20.395603977875));
#2205 = CARTESIAN_POINT('',(128.93814014094,-32.89249261407,
    20.580572542181));
#2206 = CARTESIAN_POINT('',(128.21928125895,-33.68098530645,
    20.779058090315));
#2207 = CARTESIAN_POINT('',(127.43038481315,-34.43914663496,
    20.989185253892));
#2208 = CARTESIAN_POINT('',(126.57804864895,-35.16952205156,
    21.209320573726));
#2209 = CARTESIAN_POINT('',(125.66879672728,-35.87468041381,
    21.438142369102));
#2210 = CARTESIAN_POINT('',(123.74892906998,-37.23902819931,
    21.911370574465));
#2211 = CARTESIAN_POINT('',(121.65054668356,-38.51832094279,
    22.413600937056));
#2212 = CARTESIAN_POINT('',(120.56274177392,-39.13835306219,
    22.671514027858));
#2213 = CARTESIAN_POINT('',(119.44220253695,-39.74007542231,
    22.935811653756));
#2214 = CARTESIAN_POINT('',(118.2944638041,-40.32388517132,
    23.206704535976));
#2215 = CARTESIAN_POINT('',(117.12460150764,-40.888725346,
    23.484706418719));
#2216 = CARTESIAN_POINT('',(115.93722353061,-41.43171646636,
    23.769795406476));
#2217 = CARTESIAN_POINT('',(114.7365763037,-41.94812929265,
    24.060446033956));
#2218 = CARTESIAN_POINT('',(113.52677770015,-42.43186154152,
    24.352920391581));
#2219 = CARTESIAN_POINT('',(112.31218678461,-42.87658136311,
    24.641206629187));
#2220 = CARTESIAN_POINT('',(111.09792096738,-43.27770037626,
    24.917993160817));
#2221 = CARTESIAN_POINT('',(108.96717558718,-43.46111809791,
    24.987245365563));
#2222 = CARTESIAN_POINT('',(106.86785716866,-43.53130086083,
    24.987179987116));
#2223 = CARTESIAN_POINT('',(104.80161118593,-43.48789447625,
    24.925934549969));
#2224 = CARTESIAN_POINT('',(102.77024153598,-43.33008875618,
    24.811568330621));
#2225 = CARTESIAN_POINT('',(100.77647629352,-43.05471155803,
    24.654505809362));
#2226 = CARTESIAN_POINT('',(98.823090807957,-42.65888490305,
    24.465653873319));
#2227 = CARTESIAN_POINT('',(96.913557905228,-42.13831366823,
    24.258090156526));
#2228 = CARTESIAN_POINT('',(95.052760877772,-41.48665233145,
    24.051599965756));
#2229 = CARTESIAN_POINT('',(93.245283373213,-40.70331964036,
    23.874881204553));
#2230 = CARTESIAN_POINT('',(89.73747907601,-38.90989014154,23.644999939)
  );
#2231 = CARTESIAN_POINT('',(86.427537294853,-36.78063098866,
    23.743399219955));
#2232 = CARTESIAN_POINT('',(84.8178347569,-35.66187746447,
    23.895022236629));
#2233 = CARTESIAN_POINT('',(83.245814344888,-34.52684108546,
    24.159856813126));
#2234 = CARTESIAN_POINT('',(81.696947262152,-33.43027631462,
    24.527344273252));
#2235 = CARTESIAN_POINT('',(80.161733377698,-32.38755334899,
    24.954990404004));
#2236 = CARTESIAN_POINT('',(78.639135864964,-31.38643201942,
    25.419988530537));
#2237 = CARTESIAN_POINT('',(77.131052797723,-30.41584451486,
    25.926984924935));
#2238 = CARTESIAN_POINT('',(75.637931571996,-29.46779704382,
    26.472359927419));
#2239 = CARTESIAN_POINT('',(74.16188445609,-28.53399571917,
    27.064673551211));
#2240 = CARTESIAN_POINT('',(72.704458924513,-27.60943140977,
    27.71233408543));
#2241 = CARTESIAN_POINT('',(71.739267187673,-27.14101502578,
    27.867898253755));
#2242 = CARTESIAN_POINT('',(70.778654214351,-26.66683895641,
    28.047317332781));
#2243 = CARTESIAN_POINT('',(69.821809726722,-26.18726513319,
    28.248548614951));
#2244 = CARTESIAN_POINT('',(68.867747022225,-25.70279354622,
    28.469505833242));
#2245 = CARTESIAN_POINT('',(67.91533218231,-25.21405567192,
    28.708096746219));
#2246 = CARTESIAN_POINT('',(66.963242256872,-24.72186618697,
    28.962233265466));
#2247 = CARTESIAN_POINT('',(66.009894257676,-24.22731278234,
    29.229852909085));
#2248 = CARTESIAN_POINT('',(65.053386795145,-23.73186388781,
    29.508990364511));
#2249 = CARTESIAN_POINT('',(64.091496191754,-23.23747412179,
    29.797937944371));
#2250 = CARTESIAN_POINT('',(62.152041620767,-22.25586043146,
    30.393129493015));
#2251 = CARTESIAN_POINT('',(60.17142897588,-21.30111162979,
    31.022267497907));
#2252 = CARTESIAN_POINT('',(59.168301168382,-20.83359217848,
    31.345036476502));
#2253 = CARTESIAN_POINT('',(58.150272143265,-20.3795814041,
    31.677330890465));
#2254 = CARTESIAN_POINT('',(57.115112577637,-19.94315320751,
    32.020932014074));
#2255 = CARTESIAN_POINT('',(56.061497853844,-19.52884027711,
    32.379906031866));
#2256 = CARTESIAN_POINT('',(54.990759926492,-19.14052449769,
    32.761823418613));
#2257 = CARTESIAN_POINT('',(53.908381158163,-18.77907739785,
    33.176601510857));
#2258 = CARTESIAN_POINT('',(52.824277465722,-18.43982876174,
    33.633031176708));
#2259 = CARTESIAN_POINT('',(50.677564664477,-17.78441408041,
    34.636721802985));
#2260 = CARTESIAN_POINT('',(48.61401739357,-17.12890358289,
    35.814582471262));
#2261 = CARTESIAN_POINT('',(47.613120187217,-16.78962674559,
    36.445351651966));
#2262 = CARTESIAN_POINT('',(46.652207484803,-16.42485665488,
    37.110666815239));
#2263 = CARTESIAN_POINT('',(45.734597972128,-16.0237026133,
    37.798012818991));
#2264 = CARTESIAN_POINT('',(44.85837694544,-15.58039495005,
    38.493746637446));
#2265 = CARTESIAN_POINT('',(44.018938036551,-15.09387576355,
    39.186815112984));
#2266 = CARTESIAN_POINT('',(43.211296730953,-14.56602135573,
    39.869993913393));
#2267 = CARTESIAN_POINT('',(42.431130501385,-13.99959275589,
    40.538547506164));
#2268 = CARTESIAN_POINT('',(40.918207776204,-12.79445948075,
    41.83787634234));
#2269 = CARTESIAN_POINT('',(39.487364416807,-11.45624895099,
    43.051316054726));
#2270 = CARTESIAN_POINT('',(38.789284844495,-10.75664956693,
    43.633850156676));
#2271 = CARTESIAN_POINT('',(38.106054176885,-10.02922583704,
    44.190516169403));
#2272 = CARTESIAN_POINT('',(37.435773656368,-9.276313758265,
    44.72016187928));
#2273 = CARTESIAN_POINT('',(36.777027422494,-8.499837706526,
    45.221853326607));
#2274 = CARTESIAN_POINT('',(36.12876443141,-7.701336187925,
    45.69470726931));
#2275 = CARTESIAN_POINT('',(35.490188773884,-6.882044269096,
    46.137823159309));
#2276 = CARTESIAN_POINT('',(34.860673319768,-6.042985772192,
    46.5502698133));
#2277 = CARTESIAN_POINT('',(34.239711620808,-5.185028317876,
    46.931081959344));
#2278 = CARTESIAN_POINT('',(33.626922999764,-4.308854301445,
    47.279221841078));
#2279 = CARTESIAN_POINT('',(32.961508254816,-3.170627031257,
    47.403888055218));
#2280 = CARTESIAN_POINT('',(32.319575805256,-2.011018619701,
    47.477640386374));
#2281 = CARTESIAN_POINT('',(31.70537872017,-0.830044513837,
    47.502827707494));
#2282 = CARTESIAN_POINT('',(31.123227012348,0.372218499577,
    47.48222034037));
#2283 = CARTESIAN_POINT('',(30.577988167854,1.595706246735,47.4194759435
    ));
#2284 = CARTESIAN_POINT('',(30.074776298015,2.84019242841,
    47.319592299264));
#2285 = CARTESIAN_POINT('',(29.618159287952,4.104995694794,
    47.189195167137));
#2286 = CARTESIAN_POINT('',(29.211213319426,5.388699038785,
    47.036509369169));
#2287 = CARTESIAN_POINT('',(28.854754141836,6.689012011681,
    46.870861274535));
#2288 = CARTESIAN_POINT('',(28.239394795681,9.316800521457,
    46.532260424235));
#2289 = CARTESIAN_POINT('',(27.804523765773,11.986006679671,
    46.208663631848));
#2290 = CARTESIAN_POINT('',(27.628631243926,13.327750920429,
    46.058083977667));
#2291 = CARTESIAN_POINT('',(27.488851051023,14.673134678775,
    45.924929618737));
#2292 = CARTESIAN_POINT('',(27.378798967148,16.018966856515,
    45.812524463963));
#2293 = CARTESIAN_POINT('',(27.29276748088,17.36286114911,
    45.721449728198));
#2294 = CARTESIAN_POINT('',(27.226969323738,18.7034377516,
    45.650520603307));
#2295 = CARTESIAN_POINT('',(27.17985380206,20.040189054868,
    45.597915138015));
#2296 = CARTESIAN_POINT('',(27.151533963973,21.373110247322,
    45.562010998456));
#2297 = CARTESIAN_POINT('',(27.142941135785,22.702340119719,
    45.541725969463));
#2298 = CARTESIAN_POINT('',(27.155901872361,24.028201753385,
    45.536398240712));
#2299 = CARTESIAN_POINT('',(26.8423931795,25.473566965655,
    45.520301385293));
#2300 = CARTESIAN_POINT('',(26.575975464611,26.92843650012,
    45.510892486039));
#2301 = CARTESIAN_POINT('',(26.356398392181,28.391150360134,
    45.507350540862));
#2302 = CARTESIAN_POINT('',(26.183471821061,29.860036938234,
    45.508848316391));
#2303 = CARTESIAN_POINT('',(26.057058171486,31.333408800301,
    45.514547926381));
#2304 = CARTESIAN_POINT('',(25.977064791062,32.809558469722,
    45.523596410219));
#2305 = CARTESIAN_POINT('',(25.943436322218,34.286754211595,
    45.535121311293));
#2306 = CARTESIAN_POINT('',(25.956147067959,35.763235816824,
    45.548226255519));
#2307 = CARTESIAN_POINT('',(26.015193359257,37.237210386388,
    45.561986529715));
#2308 = CARTESIAN_POINT('',(26.120585921121,38.706848115409,
    45.5754446601));
#2309 = CARTESIAN_POINT('',(26.272342239552,40.170278077397,
    45.587605990709));
#2310 = CARTESIAN_POINT('',(26.486659754981,40.896982895934,
    45.57391226664));
#2311 = CARTESIAN_POINT('',(26.710237883106,41.620328043007,
    45.561777546565));
#2312 = CARTESIAN_POINT('',(26.943227073334,42.340237106996,
    45.551273537157));
#2313 = CARTESIAN_POINT('',(27.185802671413,43.056629741135,
    45.542480282958));
#2314 = CARTESIAN_POINT('',(27.43816177411,43.769421458641,
    45.535486695317));
#2315 = CARTESIAN_POINT('',(27.700520084986,44.478523427417,
    45.530391081195));
#2316 = CARTESIAN_POINT('',(27.973108768561,45.183842265394,
    45.527301672173));
#2317 = CARTESIAN_POINT('',(28.256171306399,45.885279835087,
    45.526337153206));
#2318 = CARTESIAN_POINT('',(28.549960351327,46.582733038951,
    45.527627191636));
#2319 = CARTESIAN_POINT('',(28.85473458313,47.276093614065,
    45.53131296599));
#2320 = CARTESIAN_POINT('',(29.170755563302,47.965247927274,
    45.537547694924));
#2321 = CARTESIAN_POINT('',(131.,103.44956382892,37.722113983123));
#2322 = CARTESIAN_POINT('',(131.26207021033,102.4718691092,
    36.937580270356));
#2323 = CARTESIAN_POINT('',(131.5087428341,101.47880455414,
    36.179396504958));
#2324 = CARTESIAN_POINT('',(131.7402751452,100.47081296609,
    35.447121835971));
#2325 = CARTESIAN_POINT('',(131.95693356126,99.448339612057,
    34.740298822493));
#2326 = CARTESIAN_POINT('',(132.15899292646,98.411829826435,
    34.058454401609));
#2327 = CARTESIAN_POINT('',(132.34673579423,97.36172661388,
    33.401100856376));
#2328 = CARTESIAN_POINT('',(132.52045171025,96.298468251993,
    32.767736783774));
#2329 = CARTESIAN_POINT('',(132.68043649496,95.22248589412,
    32.157848062657));
#2330 = CARTESIAN_POINT('',(132.82699152666,94.134201172167,
    31.570908821736));
#2331 = CARTESIAN_POINT('',(132.96042302404,93.034023799309,
    31.006382407515));
#2332 = CARTESIAN_POINT('',(133.08104132914,91.922349172815,
    30.463722352269));
#2333 = CARTESIAN_POINT('',(133.34014929682,89.303764750741,
    29.184921006115));
#2334 = CARTESIAN_POINT('',(133.52575498329,86.621870780823,
    28.027600251574));
#2335 = CARTESIAN_POINT('',(133.64272408218,83.885328481075,
    26.987101561343));
#2336 = CARTESIAN_POINT('',(133.69585974284,81.102431962271,
    26.05871381685));
#2337 = CARTESIAN_POINT('',(133.68985482735,78.281201716164,
    25.237747875636));
#2338 = CARTESIAN_POINT('',(133.62925926261,75.429465930213,
    24.519601022172));
#2339 = CARTESIAN_POINT('',(133.5184624868,72.554929627428,
    23.899811301785));
#2340 = CARTESIAN_POINT('',(133.36169099118,69.665231633022,
    23.374101738151));
#2341 = CARTESIAN_POINT('',(133.16302095603,66.767989366182,
    22.938414433831));
#2342 = CARTESIAN_POINT('',(132.92640598205,63.870831458347,
    22.588934554343));
#2343 = CARTESIAN_POINT('',(132.65571991599,60.981418197059,
    22.322104195388));
#2344 = CARTESIAN_POINT('',(132.54252141541,59.29333344817,
    22.160732080616));
#2345 = CARTESIAN_POINT('',(132.42130458532,57.608190597486,
    22.026481549936));
#2346 = CARTESIAN_POINT('',(132.29278956944,55.926075032473,
    21.917448686232));
#2347 = CARTESIAN_POINT('',(132.15790185573,54.247032216492,
    21.831789365328));
#2348 = CARTESIAN_POINT('',(132.01744370877,52.571107807267,
    21.76758212455));
#2349 = CARTESIAN_POINT('',(131.87238426263,50.89831589678,
    21.72292362679));
#2350 = CARTESIAN_POINT('',(131.72407129121,49.228616245112,
    21.695991571992));
#2351 = CARTESIAN_POINT('',(131.57417334063,47.561922038552,
    21.684987642865));
#2352 = CARTESIAN_POINT('',(131.42466657247,45.89810036191,
    21.688050808044));
#2353 = CARTESIAN_POINT('',(131.20569621514,43.40625216846,
    21.711088156961));
#2354 = CARTESIAN_POINT('',(131.0111677031,40.918435079477,
    21.759883445765));
#2355 = CARTESIAN_POINT('',(130.94984694305,40.089531385084,
    21.779066190092));
#2356 = CARTESIAN_POINT('',(130.89382218525,39.260757826624,
    21.800344392386));
#2357 = CARTESIAN_POINT('',(130.84376844165,38.432107646114,
    21.825252966547));
#2358 = CARTESIAN_POINT('',(130.8022869903,37.603244629814,
    21.853248689515));
#2359 = CARTESIAN_POINT('',(130.77352940486,36.773634332477,
    21.883899721317));
#2360 = CARTESIAN_POINT('',(130.7616684161,35.942870413825,
    21.920266894422));
#2361 = CARTESIAN_POINT('',(130.77363655738,35.110200578913,
    21.965802537115));
#2362 = CARTESIAN_POINT('',(130.84053916742,34.064202838959,
    22.036471936435));
#2363 = CARTESIAN_POINT('',(131.02066154892,33.007806205775,
    22.186188352499));
#2364 = CARTESIAN_POINT('',(131.06169567435,32.796071130687,
    22.219896945361));
#2365 = CARTESIAN_POINT('',(131.1082503224,32.583844890501,
    22.258194642209));
#2366 = CARTESIAN_POINT('',(131.16086607989,32.371093588064,
    22.30204991627));
#2367 = CARTESIAN_POINT('',(131.22009835316,32.157789571459,
    22.352649928597));
#2368 = CARTESIAN_POINT('',(131.28645862532,31.943924312141,
    22.411538880724));
#2369 = CARTESIAN_POINT('',(131.36028261041,31.729530005999,
    22.480735358837));
#2370 = CARTESIAN_POINT('',(131.4414960466,31.51471046726,22.56274331792
    ));
#2371 = CARTESIAN_POINT('',(131.61700170211,31.084653304373,
    22.757999389398));
#2372 = CARTESIAN_POINT('',(131.81005471882,30.655278995914,
    23.026357545028));
#2373 = CARTESIAN_POINT('',(131.90888747917,30.441133524913,
    23.181483358645));
#2374 = CARTESIAN_POINT('',(132.00634713471,30.228091312089,
    23.359768342287));
#2375 = CARTESIAN_POINT('',(132.09810836645,30.016780178253,
    23.562967619464));
#2376 = CARTESIAN_POINT('',(132.17696319823,29.808125134947,
    23.790779704777));
#2377 = CARTESIAN_POINT('',(132.234434108,29.603049626671,
    24.038527543724));
#2378 = CARTESIAN_POINT('',(132.26495332116,29.401914869077,
    24.296751264836));
#2379 = CARTESIAN_POINT('',(132.26815245478,29.204344246807,
    24.554431870033));
#2380 = CARTESIAN_POINT('',(132.20405071792,28.620367286685,
    25.303107826749));
#2381 = CARTESIAN_POINT('',(131.95560280123,28.055894412205,
    25.929581166534));
#2382 = CARTESIAN_POINT('',(131.74050484516,27.68234366228,
    26.24994367129));
#2383 = CARTESIAN_POINT('',(131.53532030353,27.303713535053,
    26.471057127486));
#2384 = CARTESIAN_POINT('',(131.3519783871,26.920899611022,
    26.657333139741));
#2385 = CARTESIAN_POINT('',(131.17446564327,26.535373671775,
    26.792529573647));
#2386 = CARTESIAN_POINT('',(131.01933322203,26.146192115634,
    26.908562905263));
#2387 = CARTESIAN_POINT('',(130.87288021616,25.754999752144,
    27.001585298283));
#2388 = CARTESIAN_POINT('',(130.73852602271,25.361694476512,
    27.080571211071));
#2389 = CARTESIAN_POINT('',(130.61324548114,24.966767219693,
    27.147965436498));
#2390 = CARTESIAN_POINT('',(130.49584332861,24.570475091169,
    27.206345641315));
#2391 = CARTESIAN_POINT('',(130.10853203237,24.230602554823,
    27.456814311388));
#2392 = CARTESIAN_POINT('',(129.66724014104,23.896320428915,
    27.659239288901));
#2393 = CARTESIAN_POINT('',(129.19817833235,23.563121855599,
    27.784064575586));
#2394 = CARTESIAN_POINT('',(128.7460473219,23.224369678975,
    27.810564576965));
#2395 = CARTESIAN_POINT('',(128.39157630097,22.870489539124,
    27.771159289649));
#2396 = CARTESIAN_POINT('',(128.07757981885,22.511333229486,
    27.736862295682));
#2397 = CARTESIAN_POINT('',(127.81784501929,22.143953940951,
    27.674263511952));
#2398 = CARTESIAN_POINT('',(127.59366271354,21.771997875375,
    27.619391371806));
#2399 = CARTESIAN_POINT('',(127.39948144903,21.395882293797,
    27.5632274499));
#2400 = CARTESIAN_POINT('',(127.05836667049,20.637315540434,
    27.45806285236));
#2401 = CARTESIAN_POINT('',(126.79322285844,19.868515891362,
    27.368258861014));
#2402 = CARTESIAN_POINT('',(126.67498587294,19.482183331983,
    27.327826489373));
#2403 = CARTESIAN_POINT('',(126.56787589259,19.094326331262,
    27.291655870267));
#2404 = CARTESIAN_POINT('',(126.46966312972,18.705215883453,
    27.259256145864));
#2405 = CARTESIAN_POINT('',(126.37876191335,18.315038689363,
    27.230136744643));
#2406 = CARTESIAN_POINT('',(126.2940080023,17.923929298781,
    27.203898156224));
#2407 = CARTESIAN_POINT('',(126.21452077901,17.531987416663,
    27.180208796252));
#2408 = CARTESIAN_POINT('',(126.13962388144,17.139286400195,
    27.158746548348));
#2409 = CARTESIAN_POINT('',(125.92714572576,15.959064121332,
    27.100057616246));
#2410 = CARTESIAN_POINT('',(125.74766540307,14.772853623343,
    27.056419949744));
#2411 = CARTESIAN_POINT('',(125.63947727518,13.979704059906,
    27.032050223941));
#2412 = CARTESIAN_POINT('',(125.54121720406,13.184334750655,
    27.011048904322));
#2413 = CARTESIAN_POINT('',(125.45218283505,12.386774118607,
    26.992461535852));
#2414 = CARTESIAN_POINT('',(125.37204339498,11.587012426467,
    26.975587920247));
#2415 = CARTESIAN_POINT('',(125.30063947783,10.785025349435,
    26.959891666355));
#2416 = CARTESIAN_POINT('',(125.23794477439,9.98077763782,
    26.944949079459));
#2417 = CARTESIAN_POINT('',(125.18408847661,9.174219622083,
    26.930422244559));
#2418 = CARTESIAN_POINT('',(125.04983430898,6.747428694458,
    26.887278985695));
#2419 = CARTESIAN_POINT('',(124.99971815763,4.298802372396,
    26.843412957978));
#2420 = CARTESIAN_POINT('',(125.00586476394,2.656222984614,
    26.812062405001));
#2421 = CARTESIAN_POINT('',(125.05452953834,1.00299962775,
    26.777523032896));
#2422 = CARTESIAN_POINT('',(125.14905387633,-0.661317737225,
    26.73908233115));
#2423 = CARTESIAN_POINT('',(125.29291911404,-2.337116913003,
    26.696208768951));
#2424 = CARTESIAN_POINT('',(125.48963427672,-4.02471498297,
    26.648467554396));
#2425 = CARTESIAN_POINT('',(125.7427038149,-5.724366300589,
    26.595501049948));
#2426 = CARTESIAN_POINT('',(126.05562690458,-7.436281760531,
    26.537033947116));
#2427 = CARTESIAN_POINT('',(126.43187989012,-9.160654160923,
    26.472863302941));
#2428 = CARTESIAN_POINT('',(126.87483344649,-10.897684466,
    26.402793541247));
#2429 = CARTESIAN_POINT('',(126.92683802236,-11.1252172743,
    26.384259785292));
#2430 = CARTESIAN_POINT('',(126.97910368584,-11.35256103847,
    26.364453886715));
#2431 = CARTESIAN_POINT('',(127.03145375299,-11.57972664802,
    26.343125103361));
#2432 = CARTESIAN_POINT('',(127.08368535859,-11.80673521246,
    26.320111271361));
#2433 = CARTESIAN_POINT('',(127.13556075509,-12.03361075865,
    26.295057516849));
#2434 = CARTESIAN_POINT('',(127.18679768217,-12.2603824882,
    26.267399903712));
#2435 = CARTESIAN_POINT('',(127.23705108638,-12.48709277002,
    26.236439612061));
#2436 = CARTESIAN_POINT('',(127.28587847149,-12.71380704468,
    26.201333241393));
#2437 = CARTESIAN_POINT('',(127.33268115872,-12.94062181521,
    26.160824833252));
#2438 = CARTESIAN_POINT('',(127.39858002682,-13.28118944419,
    26.088405394441));
#2439 = CARTESIAN_POINT('',(127.45527115205,-13.6226258968,
    25.98772286075));
#2440 = CARTESIAN_POINT('',(127.47295682253,-13.73656419846,
    25.950412397757));
#2441 = CARTESIAN_POINT('',(127.48938763682,-13.85060915718,
    25.908565070123));
#2442 = CARTESIAN_POINT('',(127.50424688248,-13.9648141734,
    25.861168416583));
#2443 = CARTESIAN_POINT('',(127.51724220078,-14.07921233137,
    25.806836855414));
#2444 = CARTESIAN_POINT('',(127.52828356218,-14.19375829303,
    25.743655765973));
#2445 = CARTESIAN_POINT('',(127.5373017752,-14.30837359348,
    25.668941913437));
#2446 = CARTESIAN_POINT('',(127.5440630255,-14.42298162174,
    25.578676279749));
#2447 = CARTESIAN_POINT('',(127.55136393671,-14.59436401451,
    25.409957466768));
#2448 = CARTESIAN_POINT('',(127.56388559414,-14.76119461936,
    25.164411316234));
#2449 = CARTESIAN_POINT('',(127.56923627235,-14.81607213283,
    25.072605679577));
#2450 = CARTESIAN_POINT('',(127.57632731932,-14.8699779617,
    24.968799117873));
#2451 = CARTESIAN_POINT('',(127.58661012524,-14.92241109991,
    24.850965555373));
#2452 = CARTESIAN_POINT('',(127.60200654686,-14.97271677427,
    24.716661561684));
#2453 = CARTESIAN_POINT('',(127.62501063379,-15.02004177028,
    24.562610813456));
#2454 = CARTESIAN_POINT('',(127.65985928935,-15.06300091291,
    24.385069014312));
#2455 = CARTESIAN_POINT('',(127.71401422,-15.09929395108,24.181394281571
    ));
#2456 = CARTESIAN_POINT('',(127.88176582186,-15.15248059449,
    23.724430328411));
#2457 = CARTESIAN_POINT('',(128.20027708987,-15.1587450783,
    23.205064577781));
#2458 = CARTESIAN_POINT('',(128.40530528474,-15.14806872842,
    22.938602218861));
#2459 = CARTESIAN_POINT('',(128.66036964343,-15.12296402372,
    22.683450772517));
#2460 = CARTESIAN_POINT('',(128.96622114603,-15.08376554362,
    22.455237817214));
#2461 = CARTESIAN_POINT('',(129.30020678526,-15.03902952357,
    22.306278099068));
#2462 = CARTESIAN_POINT('',(129.60780334906,-15.00395505833,
    22.20959035869));
#2463 = CARTESIAN_POINT('',(129.8955746013,-14.97627454909,
    22.155860843362));
#2464 = CARTESIAN_POINT('',(130.15220188137,-14.95889132228,
    22.132298254214));
#2465 = CARTESIAN_POINT('',(130.83613427426,-14.93440299427,
    22.123157991868));
#2466 = CARTESIAN_POINT('',(131.28172073904,-14.98494227363,
    22.236482734462));
#2467 = CARTESIAN_POINT('',(131.49223379073,-15.04427540374,
    22.310467055509));
#2468 = CARTESIAN_POINT('',(131.6643594689,-15.11463131015,
    22.372817875247));
#2469 = CARTESIAN_POINT('',(131.8028054485,-15.19483799274,
    22.429959449934));
#2470 = CARTESIAN_POINT('',(131.91895483528,-15.28142793686,
    22.479263748905));
#2471 = CARTESIAN_POINT('',(132.0221541834,-15.37161621745,
    22.520372617336));
#2472 = CARTESIAN_POINT('',(132.11135624768,-15.46587157673,
    22.557928231439));
#2473 = CARTESIAN_POINT('',(132.19240569619,-15.56239197436,
    22.590035361475));
#2474 = CARTESIAN_POINT('',(132.3398546441,-15.75958572976,
    22.646832026043));
#2475 = CARTESIAN_POINT('',(132.46430643892,-15.9632593202,
    22.690466187837));
#2476 = CARTESIAN_POINT('',(132.52216680994,-16.06632219393,
    22.709576035385));
#2477 = CARTESIAN_POINT('',(132.57660667875,-16.17034276277,
    22.726435560931));
#2478 = CARTESIAN_POINT('',(132.62826817387,-16.27513890064,
    22.741403063337));
#2479 = CARTESIAN_POINT('',(132.67759865172,-16.38058355341,
    22.754761766646));
#2480 = CARTESIAN_POINT('',(132.72493110173,-16.48658160812,
    22.766739026836));
#2481 = CARTESIAN_POINT('',(132.77053683294,-16.5930548162,
    22.777521207759));
#2482 = CARTESIAN_POINT('',(132.81465044225,-16.69993477134,
    22.787264226156));
#2483 = CARTESIAN_POINT('',(132.94310030773,-17.02162228159,
    22.81377084522));
#2484 = CARTESIAN_POINT('',(133.06100411502,-17.34611458246,
    22.833094163552));
#2485 = CARTESIAN_POINT('',(133.1360401801,-17.56335363908,
    22.843661238875));
#2486 = CARTESIAN_POINT('',(133.20814314601,-17.78130206942,
    22.852486023373));
#2487 = CARTESIAN_POINT('',(133.27768691021,-17.99982963513,
    22.859964023896));
#2488 = CARTESIAN_POINT('',(133.34491677434,-18.21884128639,
    22.866390539993));
#2489 = CARTESIAN_POINT('',(133.41000981698,-18.43826067478,
    22.872000691384));
#2490 = CARTESIAN_POINT('',(133.47309117963,-18.65802586437,
    22.876985361203));
#2491 = CARTESIAN_POINT('',(133.53423269157,-18.87808987392,
    22.881496074424));
#2492 = CARTESIAN_POINT('',(133.8303705074,-19.979733905,22.902274860653
    ));
#2493 = CARTESIAN_POINT('',(134.07922321104,-21.08717363565,
    22.91688687329));
#2494 = CARTESIAN_POINT('',(134.24896931986,-21.97483966606,
    22.931266316914));
#2495 = CARTESIAN_POINT('',(134.38520305084,-22.86383413149,
    22.950744775468));
#2496 = CARTESIAN_POINT('',(134.48290719619,-23.75381136635,
    22.977121144976));
#2497 = CARTESIAN_POINT('',(134.53675061446,-24.64451677708,
    23.012402550119));
#2498 = CARTESIAN_POINT('',(134.5403287442,-25.53583222721,
    23.058594300554));
#2499 = CARTESIAN_POINT('',(134.48571607311,-26.42705301054,
    23.117510399858));
#2500 = CARTESIAN_POINT('',(134.36407887485,-27.31549617638,
    23.19093279969));
#2501 = CARTESIAN_POINT('',(134.16724644708,-28.19540261534,
    23.280726671823));
#2502 = CARTESIAN_POINT('',(133.88928900468,-29.05895794931,
    23.387798052862));
#2503 = CARTESIAN_POINT('',(133.52434718919,-30.22036142958,
    23.54241099381));
#2504 = CARTESIAN_POINT('',(133.02870735779,-31.32019191023,
    23.725511370302));
#2505 = CARTESIAN_POINT('',(132.41730972644,-32.35023489127,
    23.932475402561));
#2506 = CARTESIAN_POINT('',(131.70845823693,-33.30768486672,
    24.158302843341));
#2507 = CARTESIAN_POINT('',(130.91754622845,-34.19774525438,
    24.39932551194));
#2508 = CARTESIAN_POINT('',(130.05518515327,-35.02749089817,
    24.653239117484));
#2509 = CARTESIAN_POINT('',(129.12871704465,-35.80237698126,
    24.918502245904));
#2510 = CARTESIAN_POINT('',(128.14453695487,-36.52663310727,
    25.193809434493));
#2511 = CARTESIAN_POINT('',(127.10891806689,-37.20415409836,
    25.477946071196));
#2512 = CARTESIAN_POINT('',(124.94532119084,-38.47062535683,
    26.061796799276));
#2513 = CARTESIAN_POINT('',(122.6183046806,-39.56717176694,
    26.671870485729));
#2514 = CARTESIAN_POINT('',(121.41919291619,-40.07468506844,
    26.982233647077));
#2515 = CARTESIAN_POINT('',(120.18959211863,-40.54250809542,
    27.296562109449));
#2516 = CARTESIAN_POINT('',(118.93445771494,-40.97083010728,
    27.613228532247));
#2517 = CARTESIAN_POINT('',(117.65862481938,-41.35906819898,
    27.929998504141));
#2518 = CARTESIAN_POINT('',(116.36688581856,-41.70619998463,
    28.243648485827));
#2519 = CARTESIAN_POINT('',(115.06408479137,-42.01120834447,
    28.549707151577));
#2520 = CARTESIAN_POINT('',(113.75520675037,-42.27352581779,
    28.842484839011));
#2521 = CARTESIAN_POINT('',(112.44543969036,-42.49336622677,
    29.115555815906));
#2522 = CARTESIAN_POINT('',(111.14018743097,-42.67183111419,
    29.362858073372));
#2523 = CARTESIAN_POINT('',(108.94645775313,-43.01347544297,
    29.454276702331));
#2524 = CARTESIAN_POINT('',(106.78149000866,-43.25654217782,
    29.471101919294));
#2525 = CARTESIAN_POINT('',(104.64672231438,-43.40382667424,
    29.419832288452));
#2526 = CARTESIAN_POINT('',(102.54345317613,-43.45823052413,
    29.306815130725));
#2527 = CARTESIAN_POINT('',(100.47312623125,-43.42116427672,
    29.137955510101));
#2528 = CARTESIAN_POINT('',(98.436941890456,-43.29399389354,
    28.91936936504));
#2529 = CARTESIAN_POINT('',(96.43612177335,-43.07676721462,
    28.65698619476));
#2530 = CARTESIAN_POINT('',(94.472519133092,-42.76601980303,
    28.357377486987));
#2531 = CARTESIAN_POINT('',(92.548627173765,-42.35587891537,
    28.031822051655));
#2532 = CARTESIAN_POINT('',(88.784147379167,-41.33204117068,
    27.36981516038));
#2533 = CARTESIAN_POINT('',(85.185240746304,-39.92276857351,
    26.77622498282));
#2534 = CARTESIAN_POINT('',(83.426917494326,-39.12727830597,
    26.51928380534));
#2535 = CARTESIAN_POINT('',(81.707628321277,-38.25246808034,
    26.326146189023));
#2536 = CARTESIAN_POINT('',(80.021734001713,-37.32337959262,
    26.22303737239));
#2537 = CARTESIAN_POINT('',(78.360431366466,-36.3677570813,
    26.210726686646));
#2538 = CARTESIAN_POINT('',(76.718734133095,-35.39744876306,
    26.282896578952));
#2539 = CARTESIAN_POINT('',(75.095850762423,-34.41309060715,
    26.440923489613));
#2540 = CARTESIAN_POINT('',(73.490256949926,-33.41989121432,
    26.685587442591));
#2541 = CARTESIAN_POINT('',(71.902598830116,-32.41807600629,
    27.020628180824));
#2542 = CARTESIAN_POINT('',(70.333855763936,-31.40912381222,
    27.451055671954));
#2543 = CARTESIAN_POINT('',(69.337151486907,-30.92722471144,
    27.696460981391));
#2544 = CARTESIAN_POINT('',(68.350928681835,-30.44099693047,
    27.971903419887));
#2545 = CARTESIAN_POINT('',(67.374866649562,-29.95080626288,
    28.275758547654));
#2546 = CARTESIAN_POINT('',(66.408565299283,-29.45707890791,
    28.606501594822));
#2547 = CARTESIAN_POINT('',(65.451572779258,-28.96028606339,
    28.962714335999));
#2548 = CARTESIAN_POINT('',(64.503396232964,-28.4609653623,
    29.343117038799));
#2549 = CARTESIAN_POINT('',(63.563513142077,-27.95975423633,
    29.746619766419));
#2550 = CARTESIAN_POINT('',(62.631400720071,-27.45741029179,
    30.17238731434));
#2551 = CARTESIAN_POINT('',(61.706600817508,-26.95479378105,
    30.61991206121));
#2552 = CARTESIAN_POINT('',(59.871074787709,-25.95078072818,
    31.558265966834));
#2553 = CARTESIAN_POINT('',(58.064077122342,-24.95215467297,
    32.584705315618));
#2554 = CARTESIAN_POINT('',(57.167752360269,-24.45497806275,
    33.120304889292));
#2555 = CARTESIAN_POINT('',(56.279280543242,-23.96029349226,
    33.679131059561));
#2556 = CARTESIAN_POINT('',(55.39949159906,-23.46844703622,
    34.262343382923));
#2557 = CARTESIAN_POINT('',(54.530138530129,-22.97904875059,
    34.871631170271));
#2558 = CARTESIAN_POINT('',(53.67448127304,-22.48999234391,
    35.508743846296));
#2559 = CARTESIAN_POINT('',(52.836940611679,-21.99689185779,
    36.174088869025));
#2560 = CARTESIAN_POINT('',(52.021784587747,-21.49337998066,
    36.864984132301));
#2561 = CARTESIAN_POINT('',(50.441243599951,-20.45159276616,
    38.284985068709));
#2562 = CARTESIAN_POINT('',(48.961002467749,-19.31978705882,
    39.751188737146));
#2563 = CARTESIAN_POINT('',(48.246215026015,-18.72621722947,
    40.488340614167));
#2564 = CARTESIAN_POINT('',(47.554817488344,-18.10096938524,
    41.220096801036));
#2565 = CARTESIAN_POINT('',(46.882516114543,-17.44344025503,
    41.938073662301));
#2566 = CARTESIAN_POINT('',(46.22429673701,-16.75568315595,
    42.636472622362));
#2567 = CARTESIAN_POINT('',(45.576026541731,-16.04075064994,
    43.312255412728));
#2568 = CARTESIAN_POINT('',(44.935072907245,-15.30143791648,
    43.964327329003));
#2569 = CARTESIAN_POINT('',(44.299837581295,-14.53993913226,
    44.592303434483));
#2570 = CARTESIAN_POINT('',(43.03807719329,-12.9763299814,
    45.799000283931));
#2571 = CARTESIAN_POINT('',(41.79111028663,-11.33712664186,
    46.906606219156));
#2572 = CARTESIAN_POINT('',(41.170618014328,-10.50004554688,
    47.4354276201));
#2573 = CARTESIAN_POINT('',(40.552868747919,-9.646460634328,
    47.939089085905));
#2574 = CARTESIAN_POINT('',(39.937869343625,-8.777005116556,
    48.417269083581));
#2575 = CARTESIAN_POINT('',(39.325752507535,-7.892061685357,
    48.869428177351));
#2576 = CARTESIAN_POINT('',(38.716705172131,-6.991842780263,
    49.294804273401));
#2577 = CARTESIAN_POINT('',(38.110937188681,-6.076456887111,
    49.692448934687));
#2578 = CARTESIAN_POINT('',(37.508673091495,-5.14595850546,
    50.061275853006));
#2579 = CARTESIAN_POINT('',(36.910149692385,-4.200379421285,
    50.400092565301));
#2580 = CARTESIAN_POINT('',(36.315602261284,-3.239738923292,
    50.707586501435));
#2581 = CARTESIAN_POINT('',(35.522706827746,-2.148677184616,
    50.946937154855));
#2582 = CARTESIAN_POINT('',(34.739771884981,-1.042865053953,
    51.137898030889));
#2583 = CARTESIAN_POINT('',(33.969001650079,7.737648612255E-02,
    51.281926395872));
#2584 = CARTESIAN_POINT('',(33.212738620266,1.211851850249,
    51.38055644678));
#2585 = CARTESIAN_POINT('',(32.473789988448,2.360607984443,
    51.435297732896));
#2586 = CARTESIAN_POINT('',(31.755550759899,3.523933383706,
    51.44790008249));
#2587 = CARTESIAN_POINT('',(31.061940858248,4.702270551258,
    51.420791637896));
#2588 = CARTESIAN_POINT('',(30.397173512651,5.896073457547,
    51.357496601357));
#2589 = CARTESIAN_POINT('',(29.765372213944,7.105641557179,
    51.262839295221));
#2590 = CARTESIAN_POINT('',(28.574734848538,9.556282286695,
    51.022642982523));
#2591 = CARTESIAN_POINT('',(27.539130400042,12.068158061585,
    50.705543322752));
#2592 = CARTESIAN_POINT('',(27.062407765477,13.338979443118,
    50.533965921768));
#2593 = CARTESIAN_POINT('',(26.628137495778,14.623905750996,
    50.355996859712));
#2594 = CARTESIAN_POINT('',(26.236299261247,15.921765932479,
    50.177836279015));
#2595 = CARTESIAN_POINT('',(25.885948106983,17.231226005636,
    50.004561547455));
#2596 = CARTESIAN_POINT('',(25.575933544844,18.55104043765,
    49.839861587749));
#2597 = CARTESIAN_POINT('',(25.305449907615,19.880184382168,
    49.686235559981));
#2598 = CARTESIAN_POINT('',(25.074241651922,21.21783176673,
    49.545506997235));
#2599 = CARTESIAN_POINT('',(24.882530333541,22.563250175705,
    49.419312579203));
#2600 = CARTESIAN_POINT('',(24.730973015228,23.915789428588,
    49.309032812812));
#2601 = CARTESIAN_POINT('',(24.467854782421,25.432053714828,
    49.327437897073));
#2602 = CARTESIAN_POINT('',(24.256332358871,26.955479422545,
    49.352803595059));
#2603 = CARTESIAN_POINT('',(24.095975960843,28.484264158551,
    49.384118768569));
#2604 = CARTESIAN_POINT('',(23.986381548127,30.016619504174,
    49.420353600025));
#2605 = CARTESIAN_POINT('',(23.927167733152,31.550767123369,
    49.460460223692));
#2606 = CARTESIAN_POINT('',(23.917972690399,33.084934870978,
    49.503373356867));
#2607 = CARTESIAN_POINT('',(23.9584510654,34.617352900757,49.54801093112
    ));
#2608 = CARTESIAN_POINT('',(24.048270884215,36.146249773701,
    49.593274723459));
#2609 = CARTESIAN_POINT('',(24.187110462439,37.669848566054,
    49.638050987591));
#2610 = CARTESIAN_POINT('',(24.374655314601,39.186362977597,
    49.681211085084));
#2611 = CARTESIAN_POINT('',(24.610595063292,40.693993439732,
    49.721612116607));
#2612 = CARTESIAN_POINT('',(24.758978401764,41.461011522837,
    49.676307745539));
#2613 = CARTESIAN_POINT('',(24.920251065369,42.225692226666,
    49.632036431915));
#2614 = CARTESIAN_POINT('',(25.094537602106,42.987890031143,
    49.589030448062));
#2615 = CARTESIAN_POINT('',(25.281973523596,43.747456221524,
    49.547514782236));
#2616 = CARTESIAN_POINT('',(25.482704184223,44.504238510781,
    49.507708519207));
#2617 = CARTESIAN_POINT('',(25.696883659926,45.258080661625,
    49.469826220607));
#2618 = CARTESIAN_POINT('',(25.92467362763,46.008822109018,
    49.434079305605));
#2619 = CARTESIAN_POINT('',(26.166242243732,46.756297582159,
    49.40067743122));
#2620 = CARTESIAN_POINT('',(26.421763023717,47.500336726924,
    49.369829872956));
#2621 = CARTESIAN_POINT('',(26.691413720682,48.240763727992,
    49.341746905211));
#2622 = CARTESIAN_POINT('',(26.975375204708,48.977396931144,
    49.316641181805));
#2623 = DEFINITIONAL_REPRESENTATION('',(#2624),#2804);
#2624 = B_SPLINE_CURVE_WITH_KNOTS('',3,(#2625,#2626,#2627,#2628,#2629,
    #2630,#2631,#2632,#2633,#2634,#2635,#2636,#2637,#2638,#2639,#2640,
    #2641,#2642,#2643,#2644,#2645,#2646,#2647,#2648,#2649,#2650,#2651,
    #2652,#2653,#2654,#2655,#2656,#2657,#2658,#2659,#2660,#2661,#2662,
    #2663,#2664,#2665,#2666,#2667,#2668,#2669,#2670,#2671,#2672,#2673,
    #2674,#2675,#2676,#2677,#2678,#2679,#2680,#2681,#2682,#2683,#2684,
    #2685,#2686,#2687,#2688,#2689,#2690,#2691,#2692,#2693,#2694,#2695,
    #2696,#2697,#2698,#2699,#2700,#2701,#2702,#2703,#2704,#2705,#2706,
    #2707,#2708,#2709,#2710,#2711,#2712,#2713,#2714,#2715,#2716,#2717,
    #2718,#2719,#2720,#2721,#2722,#2723,#2724,#2725,#2726,#2727,#2728,
    #2729,#2730,#2731,#2732,#2733,#2734,#2735,#2736,#2737,#2738,#2739,
    #2740,#2741,#2742,#2743,#2744,#2745,#2746,#2747,#2748,#2749,#2750,
    #2751,#2752,#2753,#2754,#2755,#2756,#2757,#2758,#2759,#2760,#2761,
    #2762,#2763,#2764,#2765,#2766,#2767,#2768,#2769,#2770,#2771,#2772,
    #2773,#2774,#2775,#2776,#2777,#2778,#2779,#2780,#2781,#2782,#2783,
    #2784,#2785,#2786,#2787,#2788,#2789,#2790,#2791,#2792,#2793,#2794,
    #2795,#2796,#2797,#2798,#2799,#2800,#2801,#2802,#2803),
  .UNSPECIFIED.,.F.,.F.,(4,1,1,1,1,1,1,1,1,1,1,1,1,1,1,1,1,1,1,1,1,1,1,1
    ,1,1,1,1,1,1,1,1,1,1,1,1,1,1,1,1,1,1,1,1,1,1,1,1,1,1,1,1,1,1,1,1,1,1
    ,1,1,1,1,1,1,1,1,1,1,1,1,1,1,1,1,1,1,1,1,1,1,1,1,1,1,1,1,1,1,1,1,1,1
    ,1,1,1,1,1,1,1,1,1,1,1,1,1,1,1,1,1,1,1,1,1,1,1,1,1,1,1,1,1,1,1,1,1,1
    ,1,1,1,1,1,1,1,1,1,1,1,1,1,1,1,1,1,1,1,1,1,1,1,1,1,1,1,1,1,1,1,1,1,1
    ,1,1,1,1,1,1,1,1,1,1,1,1,1,1,1,1,4),(0.,5.735383564096E-03,
    1.147076712819E-02,1.720615069229E-02,2.294153425638E-02,
    2.867691782048E-02,3.441230138458E-02,4.014768494867E-02,
    4.588306851277E-02,5.161845207686E-02,5.735383564096E-02,
    6.308921920506E-02,6.882460276915E-02,7.455998633325E-02,
    8.029536989734E-02,8.603075346144E-02,9.176613702553E-02,
    9.750152058963E-02,0.103236904154,0.108972287718,0.114707671282,
    0.120443054846,0.12617843841,0.131913821974,0.137649205538,
    0.143384589102,0.149119972666,0.154855356231,0.160590739795,
    0.166326123359,0.172061506923,0.177796890487,0.183532274051,
    0.189267657615,0.195003041179,0.200738424743,0.206473808307,
    0.212209191872,0.217944575436,0.223679959,0.229415342564,
    0.235150726128,0.240886109692,0.246621493256,0.25235687682,
    0.258092260384,0.263827643948,0.269563027513,0.275298411077,
    0.281033794641,0.286769178205,0.292504561769,0.298239945333,
    0.303975328897,0.309710712461,0.315446096025,0.321181479589,
    0.326916863153,0.332652246718,0.338387630282,0.344123013846,
    0.34985839741,0.355593780974,0.361329164538,0.367064548102,
    0.372799931666,0.37853531523,0.384270698794,0.390006082359,
    0.395741465923,0.401476849487,0.407212233051,0.412947616615,
    0.418683000179,0.424418383743,0.430153767307,0.435889150871,
    0.441624534435,0.447359917999,0.453095301564,0.458830685128,
    0.464566068692,0.470301452256,0.47603683582,0.481772219384,
    0.487507602948,0.493242986512,0.498978370076,0.50471375364,
    0.510449137205,0.516184520769,0.521919904333,0.527655287897,
    0.533390671461,0.539126055025,0.544861438589,0.550596822153,
    0.556332205717,0.562067589281,0.567802972845,0.57353835641,
    0.579273739974,0.585009123538,0.590744507102,0.596479890666,
    0.60221527423,0.607950657794,0.613686041358,0.619421424922,
    0.625156808486,0.630892192051,0.636627575615,0.642362959179,
    0.648098342743,0.653833726307,0.659569109871,0.665304493435,
    0.671039876999,0.676775260563,0.682510644127,0.688246027692,
    0.693981411256,0.69971679482,0.705452178384,0.711187561948,
    0.716922945512,0.722658329076,0.72839371264,0.734129096204,
    0.739864479768,0.745599863332,0.751335246897,0.757070630461,
    0.762806014025,0.768541397589,0.774276781153,0.780012164717,
    0.785747548281,0.791482931845,0.797218315409,0.802953698973,
    0.808689082538,0.814424466102,0.820159849666,0.82589523323,
    0.831630616794,0.837366000358,0.843101383922,0.848836767486,
    0.85457215105,0.860307534614,0.866042918178,0.871778301743,
    0.877513685307,0.883249068871,0.888984452435,0.894719835999,
    0.900455219563,0.906190603127,0.911925986691,0.917661370255,
    0.923396753819,0.929132137384,0.934867520948,0.940602904512,
    0.946338288076,0.95207367164,0.957809055204,0.963544438768,
    0.969279822332,0.975015205896,0.98075058946,0.986485973025,
    0.992221356589,0.997956740153,1.003692123717,1.009427507281),
  .QUASI_UNIFORM_KNOTS.);
#2625 = CARTESIAN_POINT('',(10.901443136313,142.25509771833));
#2626 = CARTESIAN_POINT('',(10.894559004994,142.28056767734));
#2627 = CARTESIAN_POINT('',(10.880778413395,142.33148615418));
#2628 = CARTESIAN_POINT('',(10.860061824221,142.40778766475));
#2629 = CARTESIAN_POINT('',(10.839290885463,142.48400139308));
#2630 = CARTESIAN_POINT('',(10.818456714507,142.5601146989));
#2631 = CARTESIAN_POINT('',(10.797550223856,142.63611422316));
#2632 = CARTESIAN_POINT('',(10.776562057141,142.7119857661));
#2633 = CARTESIAN_POINT('',(10.755482543725,142.78771428276));
#2634 = CARTESIAN_POINT('',(10.734301640751,142.86328383796));
#2635 = CARTESIAN_POINT('',(10.713008868213,142.93867756755));
#2636 = CARTESIAN_POINT('',(10.691593239717,143.01387761517));
#2637 = CARTESIAN_POINT('',(10.670043166909,143.08886511837));
#2638 = CARTESIAN_POINT('',(10.648346417627,143.1636199759));
#2639 = CARTESIAN_POINT('',(10.626489824688,143.23812139186));
#2640 = CARTESIAN_POINT('',(10.604459873291,143.31234547751));
#2641 = CARTESIAN_POINT('',(10.582239954474,143.38627378686));
#2642 = CARTESIAN_POINT('',(10.559820153379,143.45986050174));
#2643 = CARTESIAN_POINT('',(10.537184282176,143.53307486968));
#2644 = CARTESIAN_POINT('',(10.514311136579,143.60589561594));
#2645 = CARTESIAN_POINT('',(10.491180128313,143.67829140207));
#2646 = CARTESIAN_POINT('',(10.467769491343,143.75022573428));
#2647 = CARTESIAN_POINT('',(10.444056453755,143.82165531286));
#2648 = CARTESIAN_POINT('',(10.420016840732,143.89253009922));
#2649 = CARTESIAN_POINT('',(10.395624766265,143.96279284614));
#2650 = CARTESIAN_POINT('',(10.3708522086,144.03237866921));
#2651 = CARTESIAN_POINT('',(10.345668503888,144.10121443066));
#2652 = CARTESIAN_POINT('',(10.320039679649,144.16921809012));
#2653 = CARTESIAN_POINT('',(10.293927746146,144.23629743704));
#2654 = CARTESIAN_POINT('',(10.267289377346,144.30235017749));
#2655 = CARTESIAN_POINT('',(10.240075952346,144.36725783535));
#2656 = CARTESIAN_POINT('',(10.212270730349,144.43079991408));
#2657 = CARTESIAN_POINT('',(10.183793536833,144.49287012662));
#2658 = CARTESIAN_POINT('',(10.154580434462,144.553276268));
#2659 = CARTESIAN_POINT('',(10.124567353001,144.61177821526));
#2660 = CARTESIAN_POINT('',(10.093693120648,144.66807683465));
#2661 = CARTESIAN_POINT('',(10.061897618311,144.72181496976));
#2662 = CARTESIAN_POINT('',(10.029118682325,144.77257687751));
#2663 = CARTESIAN_POINT('',(9.99529686618,144.8198779407));
#2664 = CARTESIAN_POINT('',(9.960347226831,144.8631893677));
#2665 = CARTESIAN_POINT('',(9.92427278267,144.9018008742));
#2666 = CARTESIAN_POINT('',(9.887107132336,144.93494463885));
#2667 = CARTESIAN_POINT('',(9.848935426171,144.96181053138));
#2668 = CARTESIAN_POINT('',(9.80991197045,144.98159739719));
#2669 = CARTESIAN_POINT('',(9.770294440378,144.99359131872));
#2670 = CARTESIAN_POINT('',(9.730417518797,144.99729605105));
#2671 = CARTESIAN_POINT('',(9.690657336707,144.99252572349));
#2672 = CARTESIAN_POINT('',(9.651401794266,144.9794516025));
#2673 = CARTESIAN_POINT('',(9.612969915897,144.95856352618));
#2674 = CARTESIAN_POINT('',(9.575592675022,144.93056208756));
#2675 = CARTESIAN_POINT('',(9.539449374764,144.89629469065));
#2676 = CARTESIAN_POINT('',(9.504584166479,144.85657981542));
#2677 = CARTESIAN_POINT('',(9.470996742364,144.812187039));
#2678 = CARTESIAN_POINT('',(9.438647686288,144.76380520905));
#2679 = CARTESIAN_POINT('',(9.407476542731,144.71203433427));
#2680 = CARTESIAN_POINT('',(9.377400002023,144.65736638813));
#2681 = CARTESIAN_POINT('',(9.348336844316,144.6002212294));
#2682 = CARTESIAN_POINT('',(9.320208740756,144.54095461088));
#2683 = CARTESIAN_POINT('',(9.292933530181,144.47984809975));
#2684 = CARTESIAN_POINT('',(9.266442285094,144.41715326009));
#2685 = CARTESIAN_POINT('',(9.240667717395,144.3530739636));
#2686 = CARTESIAN_POINT('',(9.215545267486,144.2877738134));
#2687 = CARTESIAN_POINT('',(9.191019736047,144.22139925582));
#2688 = CARTESIAN_POINT('',(9.167041229806,144.15407615138));
#2689 = CARTESIAN_POINT('',(9.143564531168,144.08591296076));
#2690 = CARTESIAN_POINT('',(9.120547743105,144.01700099646));
#2691 = CARTESIAN_POINT('',(9.097952164429,143.94741747271));
#2692 = CARTESIAN_POINT('',(9.075739244377,143.87721861843));
#2693 = CARTESIAN_POINT('',(9.053878898486,143.80646885098));
#2694 = CARTESIAN_POINT('',(9.032345239232,143.73523085861));
#2695 = CARTESIAN_POINT('',(9.011110229759,143.66354671679));
#2696 = CARTESIAN_POINT('',(8.990149666779,143.59145874957));
#2697 = CARTESIAN_POINT('',(8.969441090784,143.51900434457));
#2698 = CARTESIAN_POINT('',(8.948963922438,143.4462176967));
#2699 = CARTESIAN_POINT('',(8.928699057063,143.37312962967));
#2700 = CARTESIAN_POINT('',(8.908628673171,143.29976794184));
#2701 = CARTESIAN_POINT('',(8.888735978581,143.22615735386));
#2702 = CARTESIAN_POINT('',(8.869005220871,143.15232031137));
#2703 = CARTESIAN_POINT('',(8.849420906204,143.07827455822));
#2704 = CARTESIAN_POINT('',(8.829970141423,143.00404274403));
#2705 = CARTESIAN_POINT('',(8.810640549227,142.92964522954));
#2706 = CARTESIAN_POINT('',(8.79141949655,142.85509743008));
#2707 = CARTESIAN_POINT('',(8.772295371736,142.78041518933));
#2708 = CARTESIAN_POINT('',(8.753257132978,142.70561339391));
#2709 = CARTESIAN_POINT('',(8.734294329448,142.63070639343));
#2710 = CARTESIAN_POINT('',(8.715397004811,142.55570793168));
#2711 = CARTESIAN_POINT('',(8.696555640758,142.48063120401));
#2712 = CARTESIAN_POINT('',(8.677761097777,142.4054888765));
#2713 = CARTESIAN_POINT('',(8.659004563789,142.33029311055));
#2714 = CARTESIAN_POINT('',(8.640277507703,142.25505558384));
#2715 = CARTESIAN_POINT('',(8.621571635645,142.17978750078));
#2716 = CARTESIAN_POINT('',(8.602878858055,142.10449962872));
#2717 = CARTESIAN_POINT('',(8.584191233238,142.02920222244));
#2718 = CARTESIAN_POINT('',(8.565501012734,141.95390534973));
#2719 = CARTESIAN_POINT('',(8.546800317174,141.87861770415));
#2720 = CARTESIAN_POINT('',(8.528083312302,141.80335556185));
#2721 = CARTESIAN_POINT('',(8.509342362814,141.72812734338));
#2722 = CARTESIAN_POINT('',(8.49057023066,141.65294260493));
#2723 = CARTESIAN_POINT('',(8.471759766941,141.57781090139));
#2724 = CARTESIAN_POINT('',(8.45290396214,141.50274208844));
#2725 = CARTESIAN_POINT('',(8.433995901904,141.42774623845));
#2726 = CARTESIAN_POINT('',(8.415028749452,141.3528336593));
#2727 = CARTESIAN_POINT('',(8.395995721925,141.27801488501));
#2728 = CARTESIAN_POINT('',(8.376890069178,141.20330067337));
#2729 = CARTESIAN_POINT('',(8.357705052454,141.1287020009));
#2730 = CARTESIAN_POINT('',(8.338433923368,141.05423005797));
#2731 = CARTESIAN_POINT('',(8.31906990275,140.97989624294));
#2732 = CARTESIAN_POINT('',(8.299606159326,140.90571215627));
#2733 = CARTESIAN_POINT('',(8.28003578738,140.83168959218));
#2734 = CARTESIAN_POINT('',(8.260351785433,140.75784053608));
#2735 = CARTESIAN_POINT('',(8.240547027195,140.6841771376));
#2736 = CARTESIAN_POINT('',(8.22061425633,140.61071177154));
#2737 = CARTESIAN_POINT('',(8.200545986148,140.53745676765));
#2738 = CARTESIAN_POINT('',(8.180334746856,140.46442537323));
#2739 = CARTESIAN_POINT('',(8.159972027311,140.39162811223));
#2740 = CARTESIAN_POINT('',(8.139452901685,140.31908924523));
#2741 = CARTESIAN_POINT('',(8.11876905493,140.246821842));
#2742 = CARTESIAN_POINT('',(8.097911864412,140.17483918628));
#2743 = CARTESIAN_POINT('',(8.076872762495,140.10315607328));
#2744 = CARTESIAN_POINT('',(8.055643105433,140.03178842802));
#2745 = CARTESIAN_POINT('',(8.034214172342,139.96075337212));
#2746 = CARTESIAN_POINT('',(8.01257712687,139.89006916929));
#2747 = CARTESIAN_POINT('',(7.990722986038,139.81975520285));
#2748 = CARTESIAN_POINT('',(7.9686425838,139.74983194454));
#2749 = CARTESIAN_POINT('',(7.946326531976,139.6803209261));
#2750 = CARTESIAN_POINT('',(7.923765176889,139.61124471074));
#2751 = CARTESIAN_POINT('',(7.900948551666,139.54262686711));
#2752 = CARTESIAN_POINT('',(7.877866321135,139.47449193997));
#2753 = CARTESIAN_POINT('',(7.854507726124,139.40686544048));
#2754 = CARTESIAN_POINT('',(7.830861496769,139.33977377328));
#2755 = CARTESIAN_POINT('',(7.806915842894,139.2732444109));
#2756 = CARTESIAN_POINT('',(7.782658112224,139.20730515968));
#2757 = CARTESIAN_POINT('',(7.75807563756,139.14198683321));
#2758 = CARTESIAN_POINT('',(7.733159822059,139.0773335769));
#2759 = CARTESIAN_POINT('',(7.707895847323,139.01337595508));
#2760 = CARTESIAN_POINT('',(7.682270379862,138.95015193974));
#2761 = CARTESIAN_POINT('',(7.656269733858,138.8877019539));
#2762 = CARTESIAN_POINT('',(7.629880269888,138.82607004415));
#2763 = CARTESIAN_POINT('',(7.603088185152,138.76530343308));
#2764 = CARTESIAN_POINT('',(7.575879438719,138.70545250064));
#2765 = CARTESIAN_POINT('',(7.548239669007,138.64657075524));
#2766 = CARTESIAN_POINT('',(7.52015391837,138.5887145105));
#2767 = CARTESIAN_POINT('',(7.491607035865,138.53194385395));
#2768 = CARTESIAN_POINT('',(7.462581447774,138.47631885828));
#2769 = CARTESIAN_POINT('',(7.433067392958,138.42191881553));
#2770 = CARTESIAN_POINT('',(7.403048262671,138.36881405518));
#2771 = CARTESIAN_POINT('',(7.372509105003,138.3170829445));
#2772 = CARTESIAN_POINT('',(7.341436498409,138.26681097962));
#2773 = CARTESIAN_POINT('',(7.30981852684,138.21809036533));
#2774 = CARTESIAN_POINT('',(7.277644737853,138.17101948188));
#2775 = CARTESIAN_POINT('',(7.244906120725,138.12570241106));
#2776 = CARTESIAN_POINT('',(7.211595095682,138.0822484629));
#2777 = CARTESIAN_POINT('',(7.177705533902,138.04077179068));
#2778 = CARTESIAN_POINT('',(7.143232759547,138.00139082182));
#2779 = CARTESIAN_POINT('',(7.108173729233,137.96422852052));
#2780 = CARTESIAN_POINT('',(7.07254133296,137.92942455962));
#2781 = CARTESIAN_POINT('',(7.036344754274,137.89711215852));
#2782 = CARTESIAN_POINT('',(6.999600185572,137.86742827629));
#2783 = CARTESIAN_POINT('',(6.96232910042,137.84050911841));
#2784 = CARTESIAN_POINT('',(6.924559751616,137.81648907752));
#2785 = CARTESIAN_POINT('',(6.886327617211,137.79549795877));
#2786 = CARTESIAN_POINT('',(6.847674552203,137.77765694822));
#2787 = CARTESIAN_POINT('',(6.808647037998,137.76307615738));
#2788 = CARTESIAN_POINT('',(6.769304398595,137.75185352803));
#2789 = CARTESIAN_POINT('',(6.729707154247,137.74406770616));
#2790 = CARTESIAN_POINT('',(6.689919704065,137.73977751122));
#2791 = CARTESIAN_POINT('',(6.65001300159,137.73901993276));
#2792 = CARTESIAN_POINT('',(6.610057833266,137.7418081397));
#2793 = CARTESIAN_POINT('',(6.57012533796,137.74813111234));
#2794 = CARTESIAN_POINT('',(6.530285401049,137.75795424131));
#2795 = CARTESIAN_POINT('',(6.490604018474,137.7712207478));
#2796 = CARTESIAN_POINT('',(6.451145495603,137.7878525866));
#2797 = CARTESIAN_POINT('',(6.411965329879,137.80775506998));
#2798 = CARTESIAN_POINT('',(6.373114409227,137.830818303));
#2799 = CARTESIAN_POINT('',(6.334636614144,137.85692172744));
#2800 = CARTESIAN_POINT('',(6.296565911798,137.88593580692));
#2801 = CARTESIAN_POINT('',(6.25894485188,137.91772554905));
#2802 = CARTESIAN_POINT('',(6.234241866528,137.94068601108));
#2803 = CARTESIAN_POINT('',(6.222000751707,137.9525867924));
#2804 = ( GEOMETRIC_REPRESENTATION_CONTEXT(2) 
PARAMETRIC_REPRESENTATION_CONTEXT() REPRESENTATION_CONTEXT('2D SPACE',''
  ) );
#2805 = ADVANCED_FACE('',(#2806,#2854,#2889),#126,.T.);
#2806 = FACE_BOUND('',#2807,.T.);
#2807 = EDGE_LOOP('',(#2808,#2809,#2810,#2833));
#2808 = ORIENTED_EDGE('',*,*,#112,.F.);
#2809 = ORIENTED_EDGE('',*,*,#165,.T.);
#2810 = ORIENTED_EDGE('',*,*,#2811,.T.);
#2811 = EDGE_CURVE('',#166,#2812,#2814,.T.);
#2812 = VERTEX_POINT('',#2813);
#2813 = CARTESIAN_POINT('',(142.,-23.,29.));
#2814 = SURFACE_CURVE('',#2815,(#2819,#2826),.PCURVE_S1.);
#2815 = LINE('',#2816,#2817);
#2816 = CARTESIAN_POINT('',(142.,-33.,29.));
#2817 = VECTOR('',#2818,1.);
#2818 = DIRECTION('',(0.,1.,0.));
#2819 = PCURVE('',#126,#2820);
#2820 = DEFINITIONAL_REPRESENTATION('',(#2821),#2825);
#2821 = LINE('',#2822,#2823);
#2822 = CARTESIAN_POINT('',(20.,0.));
#2823 = VECTOR('',#2824,1.);
#2824 = DIRECTION('',(0.,1.));
#2825 = ( GEOMETRIC_REPRESENTATION_CONTEXT(2) 
PARAMETRIC_REPRESENTATION_CONTEXT() REPRESENTATION_CONTEXT('2D SPACE',''
  ) );
#2826 = PCURVE('',#204,#2827);
#2827 = DEFINITIONAL_REPRESENTATION('',(#2828),#2832);
#2828 = LINE('',#2829,#2830);
#2829 = CARTESIAN_POINT('',(5.,0.));
#2830 = VECTOR('',#2831,1.);
#2831 = DIRECTION('',(0.,-1.));
#2832 = ( GEOMETRIC_REPRESENTATION_CONTEXT(2) 
PARAMETRIC_REPRESENTATION_CONTEXT() REPRESENTATION_CONTEXT('2D SPACE',''
  ) );
#2833 = ORIENTED_EDGE('',*,*,#2834,.F.);
#2834 = EDGE_CURVE('',#85,#2812,#2835,.T.);
#2835 = SURFACE_CURVE('',#2836,(#2840,#2847),.PCURVE_S1.);
#2836 = LINE('',#2837,#2838);
#2837 = CARTESIAN_POINT('',(122.,-23.,29.));
#2838 = VECTOR('',#2839,1.);
#2839 = DIRECTION('',(1.,0.,0.));
#2840 = PCURVE('',#126,#2841);
#2841 = DEFINITIONAL_REPRESENTATION('',(#2842),#2846);
#2842 = LINE('',#2843,#2844);
#2843 = CARTESIAN_POINT('',(0.,10.));
#2844 = VECTOR('',#2845,1.);
#2845 = DIRECTION('',(1.,0.));
#2846 = ( GEOMETRIC_REPRESENTATION_CONTEXT(2) 
PARAMETRIC_REPRESENTATION_CONTEXT() REPRESENTATION_CONTEXT('2D SPACE',''
  ) );
#2847 = PCURVE('',#100,#2848);
#2848 = DEFINITIONAL_REPRESENTATION('',(#2849),#2853);
#2849 = LINE('',#2850,#2851);
#2850 = CARTESIAN_POINT('',(5.,0.));
#2851 = VECTOR('',#2852,1.);
#2852 = DIRECTION('',(0.,1.));
#2853 = ( GEOMETRIC_REPRESENTATION_CONTEXT(2) 
PARAMETRIC_REPRESENTATION_CONTEXT() REPRESENTATION_CONTEXT('2D SPACE',''
  ) );
#2854 = FACE_BOUND('',#2855,.T.);
#2855 = EDGE_LOOP('',(#2856));
#2856 = ORIENTED_EDGE('',*,*,#2857,.T.);
#2857 = EDGE_CURVE('',#2858,#2858,#2860,.T.);
#2858 = VERTEX_POINT('',#2859);
#2859 = CARTESIAN_POINT('',(127.7,-28.,29.));
#2860 = SURFACE_CURVE('',#2861,(#2866,#2877),.PCURVE_S1.);
#2861 = CIRCLE('',#2862,1.7);
#2862 = AXIS2_PLACEMENT_3D('',#2863,#2864,#2865);
#2863 = CARTESIAN_POINT('',(126.,-28.,29.));
#2864 = DIRECTION('',(0.,0.,-1.));
#2865 = DIRECTION('',(1.,0.,0.));
#2866 = PCURVE('',#126,#2867);
#2867 = DEFINITIONAL_REPRESENTATION('',(#2868),#2876);
#2868 = ( BOUNDED_CURVE() B_SPLINE_CURVE(2,(#2869,#2870,#2871,#2872,
#2873,#2874,#2875),.UNSPECIFIED.,.T.,.F.) B_SPLINE_CURVE_WITH_KNOTS((1,2
    ,2,2,2,1),(-2.094395102393,0.,2.094395102393,4.188790204786,
6.28318530718,8.377580409573),.UNSPECIFIED.) CURVE() 
GEOMETRIC_REPRESENTATION_ITEM() RATIONAL_B_SPLINE_CURVE((1.,0.5,1.,0.5,
1.,0.5,1.)) REPRESENTATION_ITEM('') );
#2869 = CARTESIAN_POINT('',(5.7,5.));
#2870 = CARTESIAN_POINT('',(5.7,2.055513627133));
#2871 = CARTESIAN_POINT('',(3.15,3.527756813566));
#2872 = CARTESIAN_POINT('',(0.6,5.));
#2873 = CARTESIAN_POINT('',(3.15,6.472243186434));
#2874 = CARTESIAN_POINT('',(5.7,7.944486372867));
#2875 = CARTESIAN_POINT('',(5.7,5.));
#2876 = ( GEOMETRIC_REPRESENTATION_CONTEXT(2) 
PARAMETRIC_REPRESENTATION_CONTEXT() REPRESENTATION_CONTEXT('2D SPACE',''
  ) );
#2877 = PCURVE('',#2878,#2883);
#2878 = CYLINDRICAL_SURFACE('',#2879,1.7);
#2879 = AXIS2_PLACEMENT_3D('',#2880,#2881,#2882);
#2880 = CARTESIAN_POINT('',(126.,-28.,23.));
#2881 = DIRECTION('',(-0.,-0.,-1.));
#2882 = DIRECTION('',(1.,0.,0.));
#2883 = DEFINITIONAL_REPRESENTATION('',(#2884),#2888);
#2884 = LINE('',#2885,#2886);
#2885 = CARTESIAN_POINT('',(-6.28318530718,-6.));
#2886 = VECTOR('',#2887,1.);
#2887 = DIRECTION('',(1.,-0.));
#2888 = ( GEOMETRIC_REPRESENTATION_CONTEXT(2) 
PARAMETRIC_REPRESENTATION_CONTEXT() REPRESENTATION_CONTEXT('2D SPACE',''
  ) );
#2889 = FACE_BOUND('',#2890,.T.);
#2890 = EDGE_LOOP('',(#2891));
#2891 = ORIENTED_EDGE('',*,*,#2892,.T.);
#2892 = EDGE_CURVE('',#2893,#2893,#2895,.T.);
#2893 = VERTEX_POINT('',#2894);
#2894 = CARTESIAN_POINT('',(139.7,-28.,29.));
#2895 = SURFACE_CURVE('',#2896,(#2901,#2912),.PCURVE_S1.);
#2896 = CIRCLE('',#2897,1.7);
#2897 = AXIS2_PLACEMENT_3D('',#2898,#2899,#2900);
#2898 = CARTESIAN_POINT('',(138.,-28.,29.));
#2899 = DIRECTION('',(0.,0.,-1.));
#2900 = DIRECTION('',(1.,0.,0.));
#2901 = PCURVE('',#126,#2902);
#2902 = DEFINITIONAL_REPRESENTATION('',(#2903),#2911);
#2903 = ( BOUNDED_CURVE() B_SPLINE_CURVE(2,(#2904,#2905,#2906,#2907,
#2908,#2909,#2910),.UNSPECIFIED.,.T.,.F.) B_SPLINE_CURVE_WITH_KNOTS((1,2
    ,2,2,2,1),(-2.094395102393,0.,2.094395102393,4.188790204786,
6.28318530718,8.377580409573),.UNSPECIFIED.) CURVE() 
GEOMETRIC_REPRESENTATION_ITEM() RATIONAL_B_SPLINE_CURVE((1.,0.5,1.,0.5,
1.,0.5,1.)) REPRESENTATION_ITEM('') );
#2904 = CARTESIAN_POINT('',(17.7,5.));
#2905 = CARTESIAN_POINT('',(17.7,2.055513627133));
#2906 = CARTESIAN_POINT('',(15.15,3.527756813566));
#2907 = CARTESIAN_POINT('',(12.6,5.));
#2908 = CARTESIAN_POINT('',(15.15,6.472243186434));
#2909 = CARTESIAN_POINT('',(17.7,7.944486372867));
#2910 = CARTESIAN_POINT('',(17.7,5.));
#2911 = ( GEOMETRIC_REPRESENTATION_CONTEXT(2) 
PARAMETRIC_REPRESENTATION_CONTEXT() REPRESENTATION_CONTEXT('2D SPACE',''
  ) );
#2912 = PCURVE('',#2913,#2918);
#2913 = CYLINDRICAL_SURFACE('',#2914,1.7);
#2914 = AXIS2_PLACEMENT_3D('',#2915,#2916,#2917);
#2915 = CARTESIAN_POINT('',(138.,-28.,23.));
#2916 = DIRECTION('',(-0.,-0.,-1.));
#2917 = DIRECTION('',(1.,0.,0.));
#2918 = DEFINITIONAL_REPRESENTATION('',(#2919),#2923);
#2919 = LINE('',#2920,#2921);
#2920 = CARTESIAN_POINT('',(-6.28318530718,-6.));
#2921 = VECTOR('',#2922,1.);
#2922 = DIRECTION('',(1.,-0.));
#2923 = ( GEOMETRIC_REPRESENTATION_CONTEXT(2) 
PARAMETRIC_REPRESENTATION_CONTEXT() REPRESENTATION_CONTEXT('2D SPACE',''
  ) );
#2924 = ADVANCED_FACE('',(#2925),#100,.T.);
#2925 = FACE_BOUND('',#2926,.T.);
#2926 = EDGE_LOOP('',(#2927,#2950,#2951,#2952,#2975,#2998));
#2927 = ORIENTED_EDGE('',*,*,#2928,.F.);
#2928 = EDGE_CURVE('',#57,#2929,#2931,.T.);
#2929 = VERTEX_POINT('',#2930);
#2930 = CARTESIAN_POINT('',(129.69000800147,-23.,24.));
#2931 = SURFACE_CURVE('',#2932,(#2936,#2943),.PCURVE_S1.);
#2932 = LINE('',#2933,#2934);
#2933 = CARTESIAN_POINT('',(122.,-23.,24.));
#2934 = VECTOR('',#2935,1.);
#2935 = DIRECTION('',(1.,0.,0.));
#2936 = PCURVE('',#100,#2937);
#2937 = DEFINITIONAL_REPRESENTATION('',(#2938),#2942);
#2938 = LINE('',#2939,#2940);
#2939 = CARTESIAN_POINT('',(0.,0.));
#2940 = VECTOR('',#2941,1.);
#2941 = DIRECTION('',(0.,1.));
#2942 = ( GEOMETRIC_REPRESENTATION_CONTEXT(2) 
PARAMETRIC_REPRESENTATION_CONTEXT() REPRESENTATION_CONTEXT('2D SPACE',''
  ) );
#2943 = PCURVE('',#72,#2944);
#2944 = DEFINITIONAL_REPRESENTATION('',(#2945),#2949);
#2945 = LINE('',#2946,#2947);
#2946 = CARTESIAN_POINT('',(0.,10.));
#2947 = VECTOR('',#2948,1.);
#2948 = DIRECTION('',(1.,0.));
#2949 = ( GEOMETRIC_REPRESENTATION_CONTEXT(2) 
PARAMETRIC_REPRESENTATION_CONTEXT() REPRESENTATION_CONTEXT('2D SPACE',''
  ) );
#2950 = ORIENTED_EDGE('',*,*,#84,.T.);
#2951 = ORIENTED_EDGE('',*,*,#2834,.T.);
#2952 = ORIENTED_EDGE('',*,*,#2953,.F.);
#2953 = EDGE_CURVE('',#2954,#2812,#2956,.T.);
#2954 = VERTEX_POINT('',#2955);
#2955 = CARTESIAN_POINT('',(142.,-23.,24.));
#2956 = SURFACE_CURVE('',#2957,(#2961,#2968),.PCURVE_S1.);
#2957 = LINE('',#2958,#2959);
#2958 = CARTESIAN_POINT('',(142.,-23.,24.));
#2959 = VECTOR('',#2960,1.);
#2960 = DIRECTION('',(0.,0.,1.));
#2961 = PCURVE('',#100,#2962);
#2962 = DEFINITIONAL_REPRESENTATION('',(#2963),#2967);
#2963 = LINE('',#2964,#2965);
#2964 = CARTESIAN_POINT('',(0.,20.));
#2965 = VECTOR('',#2966,1.);
#2966 = DIRECTION('',(1.,0.));
#2967 = ( GEOMETRIC_REPRESENTATION_CONTEXT(2) 
PARAMETRIC_REPRESENTATION_CONTEXT() REPRESENTATION_CONTEXT('2D SPACE',''
  ) );
#2968 = PCURVE('',#204,#2969);
#2969 = DEFINITIONAL_REPRESENTATION('',(#2970),#2974);
#2970 = LINE('',#2971,#2972);
#2971 = CARTESIAN_POINT('',(0.,-10.));
#2972 = VECTOR('',#2973,1.);
#2973 = DIRECTION('',(1.,0.));
#2974 = ( GEOMETRIC_REPRESENTATION_CONTEXT(2) 
PARAMETRIC_REPRESENTATION_CONTEXT() REPRESENTATION_CONTEXT('2D SPACE',''
  ) );
#2975 = ORIENTED_EDGE('',*,*,#2976,.F.);
#2976 = EDGE_CURVE('',#2977,#2954,#2979,.T.);
#2977 = VERTEX_POINT('',#2978);
#2978 = CARTESIAN_POINT('',(134.89824989411,-23.,24.));
#2979 = SURFACE_CURVE('',#2980,(#2984,#2991),.PCURVE_S1.);
#2980 = LINE('',#2981,#2982);
#2981 = CARTESIAN_POINT('',(122.,-23.,24.));
#2982 = VECTOR('',#2983,1.);
#2983 = DIRECTION('',(1.,0.,0.));
#2984 = PCURVE('',#100,#2985);
#2985 = DEFINITIONAL_REPRESENTATION('',(#2986),#2990);
#2986 = LINE('',#2987,#2988);
#2987 = CARTESIAN_POINT('',(0.,0.));
#2988 = VECTOR('',#2989,1.);
#2989 = DIRECTION('',(0.,1.));
#2990 = ( GEOMETRIC_REPRESENTATION_CONTEXT(2) 
PARAMETRIC_REPRESENTATION_CONTEXT() REPRESENTATION_CONTEXT('2D SPACE',''
  ) );
#2991 = PCURVE('',#232,#2992);
#2992 = DEFINITIONAL_REPRESENTATION('',(#2993),#2997);
#2993 = LINE('',#2994,#2995);
#2994 = CARTESIAN_POINT('',(0.,10.));
#2995 = VECTOR('',#2996,1.);
#2996 = DIRECTION('',(1.,0.));
#2997 = ( GEOMETRIC_REPRESENTATION_CONTEXT(2) 
PARAMETRIC_REPRESENTATION_CONTEXT() REPRESENTATION_CONTEXT('2D SPACE',''
  ) );
#2998 = ORIENTED_EDGE('',*,*,#2999,.F.);
#2999 = EDGE_CURVE('',#2929,#2977,#3000,.T.);
#3000 = SURFACE_CURVE('',#3001,(#3074,#3150),.PCURVE_S1.);
#3001 = B_SPLINE_CURVE_WITH_KNOTS('',6,(#3002,#3003,#3004,#3005,#3006,
    #3007,#3008,#3009,#3010,#3011,#3012,#3013,#3014,#3015,#3016,#3017,
    #3018,#3019,#3020,#3021,#3022,#3023,#3024,#3025,#3026,#3027,#3028,
    #3029,#3030,#3031,#3032,#3033,#3034,#3035,#3036,#3037,#3038,#3039,
    #3040,#3041,#3042,#3043,#3044,#3045,#3046,#3047,#3048,#3049,#3050,
    #3051,#3052,#3053,#3054,#3055,#3056,#3057,#3058,#3059,#3060,#3061,
    #3062,#3063,#3064,#3065,#3066,#3067,#3068,#3069,#3070,#3071,#3072,
    #3073),.UNSPECIFIED.,.F.,.F.,(7,5,5,5,5,5,5,5,5,5,5,5,5,5,7),(0.,
    7.279961122346E-02,0.115651719927,0.211728533276,0.29924732188,
    0.340409891231,0.408957990314,0.480904854098,0.528801887191,
    0.561295619297,0.63997229807,0.742704757002,0.789001471129,
    0.864533663376,1.),.UNSPECIFIED.);
#3002 = CARTESIAN_POINT('',(129.69000800147,-23.,24.));
#3003 = CARTESIAN_POINT('',(129.65943359079,-23.,24.116019242745));
#3004 = CARTESIAN_POINT('',(129.63507903436,-23.,24.233677782851));
#3005 = CARTESIAN_POINT('',(129.61704587794,-23.,24.352556135765));
#3006 = CARTESIAN_POINT('',(129.60539671411,-23.,24.472231478262));
#3007 = CARTESIAN_POINT('',(129.60015621864,-23.,24.592278516035));
#3008 = CARTESIAN_POINT('',(129.60199262583,-23.,24.782901266508));
#3009 = CARTESIAN_POINT('',(129.60488934704,-23.,24.853513590253));
#3010 = CARTESIAN_POINT('',(129.60999978913,-23.,24.924020619973));
#3011 = CARTESIAN_POINT('',(129.61731703239,-23.,24.994336250618));
#3012 = CARTESIAN_POINT('',(129.62682979895,-23.,25.064374974645));
#3013 = CARTESIAN_POINT('',(129.66473803356,-23.,25.290271387351));
#3014 = CARTESIAN_POINT('',(129.70191265187,-23.,25.444676315847));
#3015 = CARTESIAN_POINT('',(129.74986856999,-23.,25.596303697198));
#3016 = CARTESIAN_POINT('',(129.80832435542,-23.,25.744226188912));
#3017 = CARTESIAN_POINT('',(129.87689737112,-23.,25.887554518188));
#3018 = CARTESIAN_POINT('',(130.02634871732,-23.,26.151043211862));
#3019 = CARTESIAN_POINT('',(130.10558975167,-23.,26.272135318679));
#3020 = CARTESIAN_POINT('',(130.19246508549,-23.,26.388076000939));
#3021 = CARTESIAN_POINT('',(130.28655082522,-23.,26.498268096481));
#3022 = CARTESIAN_POINT('',(130.38736385659,-23.,26.602159702713));
#3023 = CARTESIAN_POINT('',(130.54468660668,-23.,26.744908962169));
#3024 = CARTESIAN_POINT('',(130.59637966722,-23.,26.789066723914));
#3025 = CARTESIAN_POINT('',(130.64938531358,-23.,26.831667449788));
#3026 = CARTESIAN_POINT('',(130.70364502827,-23.,26.872661795365));
#3027 = CARTESIAN_POINT('',(130.75909787838,-23.,26.912003262295));
#3028 = CARTESIAN_POINT('',(130.90990768083,-23.,27.012338376384));
#3029 = CARTESIAN_POINT('',(131.0072689777,-23.,27.07032430503));
#3030 = CARTESIAN_POINT('',(131.1074706641,-23.,27.123403896829));
#3031 = CARTESIAN_POINT('',(131.21020441395,-23.,27.171400001872));
#3032 = CARTESIAN_POINT('',(131.31514752806,-23.,27.214161240476));
#3033 = CARTESIAN_POINT('',(131.53407491402,-23.,27.290818884248));
#3034 = CARTESIAN_POINT('',(131.64825165012,-23.,27.324171373127));
#3035 = CARTESIAN_POINT('',(131.76410333751,-23.,27.35147609677));
#3036 = CARTESIAN_POINT('',(131.88123030779,-23.,27.372623824946));
#3037 = CARTESIAN_POINT('',(131.99922382584,-23.,27.387541154286));
#3038 = CARTESIAN_POINT('',(132.19651738269,-23.,27.401950042459));
#3039 = CARTESIAN_POINT('',(132.27556799784,-23.,27.404931271444));
#3040 = CARTESIAN_POINT('',(132.35469579637,-23.,27.405124254849));
#3041 = CARTESIAN_POINT('',(132.43377792712,-23.,27.402525592836));
#3042 = CARTESIAN_POINT('',(132.51269141244,-23.,27.397139277445));
#3043 = CARTESIAN_POINT('',(132.64465076537,-23.,27.383439129442));
#3044 = CARTESIAN_POINT('',(132.69785422649,-23.,27.376623821066));
#3045 = CARTESIAN_POINT('',(132.75088516619,-23.,27.368534329557));
#3046 = CARTESIAN_POINT('',(132.80370543852,-23.,27.359175779327));
#3047 = CARTESIAN_POINT('',(132.85627711684,-23.,27.348554857102));
#3048 = CARTESIAN_POINT('',(133.03516044196,-23.,27.307926909319));
#3049 = CARTESIAN_POINT('',(133.16008213769,-23.,27.271820900783));
#3050 = CARTESIAN_POINT('',(133.28278874916,-23.,27.228479996241));
#3051 = CARTESIAN_POINT('',(133.40275927592,-23.,27.178073805443));
#3052 = CARTESIAN_POINT('',(133.51949181578,-23.,27.12082299079));
#3053 = CARTESIAN_POINT('',(133.78007213073,-23.,26.973660327099));
#3054 = CARTESIAN_POINT('',(133.92130804731,-23.,26.879108764517));
#3055 = CARTESIAN_POINT('',(134.05513280819,-23.,26.773950737346));
#3056 = CARTESIAN_POINT('',(134.1805737879,-23.,26.658923991242));
#3057 = CARTESIAN_POINT('',(134.29675261013,-23.,26.534875189639));
#3058 = CARTESIAN_POINT('',(134.45074082394,-23.,26.343243164767));
#3059 = CARTESIAN_POINT('',(134.49654269517,-23.,26.282074987613));
#3060 = CARTESIAN_POINT('',(134.54023977228,-23.,26.219357831418));
#3061 = CARTESIAN_POINT('',(134.58176806858,-23.,26.15518285125));
#3062 = CARTESIAN_POINT('',(134.62106900923,-23.,26.08964467831));
#3063 = CARTESIAN_POINT('',(134.71848753253,-23.,25.913853197964));
#3064 = CARTESIAN_POINT('',(134.77281640293,-23.,25.801495828193));
#3065 = CARTESIAN_POINT('',(134.82084441,-23.,25.686197068105));
#3066 = CARTESIAN_POINT('',(134.86238251552,-23.,25.568400849833));
#3067 = CARTESIAN_POINT('',(134.89728421515,-23.,25.44856618337));
#3068 = CARTESIAN_POINT('',(134.97595246044,-23.,25.109435983162));
#3069 = CARTESIAN_POINT('',(135.00478600415,-23.,24.886637471274));
#3070 = CARTESIAN_POINT('',(135.01132704401,-23.,24.661540877595));
#3071 = CARTESIAN_POINT('',(134.99547336854,-23.,24.436912611048));
#3072 = CARTESIAN_POINT('',(134.95751635941,-23.,24.215497863676));
#3073 = CARTESIAN_POINT('',(134.89824989411,-23.,24.));
#3074 = PCURVE('',#100,#3075);
#3075 = DEFINITIONAL_REPRESENTATION('',(#3076),#3149);
#3076 = B_SPLINE_CURVE_WITH_KNOTS('',6,(#3077,#3078,#3079,#3080,#3081,
    #3082,#3083,#3084,#3085,#3086,#3087,#3088,#3089,#3090,#3091,#3092,
    #3093,#3094,#3095,#3096,#3097,#3098,#3099,#3100,#3101,#3102,#3103,
    #3104,#3105,#3106,#3107,#3108,#3109,#3110,#3111,#3112,#3113,#3114,
    #3115,#3116,#3117,#3118,#3119,#3120,#3121,#3122,#3123,#3124,#3125,
    #3126,#3127,#3128,#3129,#3130,#3131,#3132,#3133,#3134,#3135,#3136,
    #3137,#3138,#3139,#3140,#3141,#3142,#3143,#3144,#3145,#3146,#3147,
    #3148),.UNSPECIFIED.,.F.,.F.,(7,5,5,5,5,5,5,5,5,5,5,5,5,5,7),(0.,
    7.279961122346E-02,0.115651719927,0.211728533276,0.29924732188,
    0.340409891231,0.408957990314,0.480904854098,0.528801887191,
    0.561295619297,0.63997229807,0.742704757002,0.789001471129,
    0.864533663376,1.),.UNSPECIFIED.);
#3077 = CARTESIAN_POINT('',(0.,7.690008001479));
#3078 = CARTESIAN_POINT('',(0.116019242745,7.659433590799));
#3079 = CARTESIAN_POINT('',(0.233677782851,7.635079034361));
#3080 = CARTESIAN_POINT('',(0.352556135765,7.617045877947));
#3081 = CARTESIAN_POINT('',(0.472231478262,7.605396714113));
#3082 = CARTESIAN_POINT('',(0.592278516035,7.600156218644));
#3083 = CARTESIAN_POINT('',(0.782901266508,7.601992625831));
#3084 = CARTESIAN_POINT('',(0.853513590253,7.604889347045));
#3085 = CARTESIAN_POINT('',(0.924020619973,7.609999789131));
#3086 = CARTESIAN_POINT('',(0.994336250618,7.617317032394));
#3087 = CARTESIAN_POINT('',(1.064374974645,7.626829798959));
#3088 = CARTESIAN_POINT('',(1.290271387351,7.664738033567));
#3089 = CARTESIAN_POINT('',(1.444676315847,7.701912651876));
#3090 = CARTESIAN_POINT('',(1.596303697198,7.749868569994));
#3091 = CARTESIAN_POINT('',(1.744226188912,7.808324355421));
#3092 = CARTESIAN_POINT('',(1.887554518188,7.876897371122));
#3093 = CARTESIAN_POINT('',(2.151043211862,8.026348717323));
#3094 = CARTESIAN_POINT('',(2.272135318679,8.105589751676));
#3095 = CARTESIAN_POINT('',(2.388076000939,8.192465085491));
#3096 = CARTESIAN_POINT('',(2.498268096481,8.286550825226));
#3097 = CARTESIAN_POINT('',(2.602159702713,8.387363856599));
#3098 = CARTESIAN_POINT('',(2.744908962169,8.544686606685));
#3099 = CARTESIAN_POINT('',(2.789066723914,8.596379667227));
#3100 = CARTESIAN_POINT('',(2.831667449788,8.649385313585));
#3101 = CARTESIAN_POINT('',(2.872661795365,8.70364502827));
#3102 = CARTESIAN_POINT('',(2.912003262295,8.759097878383));
#3103 = CARTESIAN_POINT('',(3.012338376384,8.909907680831));
#3104 = CARTESIAN_POINT('',(3.07032430503,9.007268977703));
#3105 = CARTESIAN_POINT('',(3.123403896829,9.107470664106));
#3106 = CARTESIAN_POINT('',(3.171400001872,9.210204413953));
#3107 = CARTESIAN_POINT('',(3.214161240476,9.315147528069));
#3108 = CARTESIAN_POINT('',(3.290818884248,9.534074914027));
#3109 = CARTESIAN_POINT('',(3.324171373127,9.648251650129));
#3110 = CARTESIAN_POINT('',(3.35147609677,9.764103337512));
#3111 = CARTESIAN_POINT('',(3.372623824946,9.881230307797));
#3112 = CARTESIAN_POINT('',(3.387541154286,9.999223825844));
#3113 = CARTESIAN_POINT('',(3.401950042459,10.196517382691));
#3114 = CARTESIAN_POINT('',(3.404931271444,10.275567997848));
#3115 = CARTESIAN_POINT('',(3.405124254849,10.35469579637));
#3116 = CARTESIAN_POINT('',(3.402525592836,10.433777927124));
#3117 = CARTESIAN_POINT('',(3.397139277445,10.512691412449));
#3118 = CARTESIAN_POINT('',(3.383439129442,10.644650765377));
#3119 = CARTESIAN_POINT('',(3.376623821066,10.697854226494));
#3120 = CARTESIAN_POINT('',(3.368534329557,10.750885166199));
#3121 = CARTESIAN_POINT('',(3.359175779327,10.803705438525));
#3122 = CARTESIAN_POINT('',(3.348554857102,10.856277116841));
#3123 = CARTESIAN_POINT('',(3.307926909319,11.035160441961));
#3124 = CARTESIAN_POINT('',(3.271820900783,11.160082137694));
#3125 = CARTESIAN_POINT('',(3.228479996241,11.28278874916));
#3126 = CARTESIAN_POINT('',(3.178073805443,11.402759275929));
#3127 = CARTESIAN_POINT('',(3.12082299079,11.519491815789));
#3128 = CARTESIAN_POINT('',(2.973660327099,11.780072130732));
#3129 = CARTESIAN_POINT('',(2.879108764517,11.921308047313));
#3130 = CARTESIAN_POINT('',(2.773950737346,12.055132808198));
#3131 = CARTESIAN_POINT('',(2.658923991242,12.180573787907));
#3132 = CARTESIAN_POINT('',(2.534875189639,12.296752610135));
#3133 = CARTESIAN_POINT('',(2.343243164767,12.450740823942));
#3134 = CARTESIAN_POINT('',(2.282074987613,12.496542695175));
#3135 = CARTESIAN_POINT('',(2.219357831418,12.540239772289));
#3136 = CARTESIAN_POINT('',(2.15518285125,12.581768068589));
#3137 = CARTESIAN_POINT('',(2.08964467831,12.62106900923));
#3138 = CARTESIAN_POINT('',(1.913853197964,12.71848753253));
#3139 = CARTESIAN_POINT('',(1.801495828193,12.772816402931));
#3140 = CARTESIAN_POINT('',(1.686197068105,12.82084441));
#3141 = CARTESIAN_POINT('',(1.568400849833,12.862382515528));
#3142 = CARTESIAN_POINT('',(1.44856618337,12.89728421515));
#3143 = CARTESIAN_POINT('',(1.109435983162,12.975952460446));
#3144 = CARTESIAN_POINT('',(0.886637471274,13.004786004151));
#3145 = CARTESIAN_POINT('',(0.661540877595,13.011327044014));
#3146 = CARTESIAN_POINT('',(0.436912611048,12.995473368543));
#3147 = CARTESIAN_POINT('',(0.215497863676,12.957516359411));
#3148 = CARTESIAN_POINT('',(0.,12.898249894111));
#3149 = ( GEOMETRIC_REPRESENTATION_CONTEXT(2) 
PARAMETRIC_REPRESENTATION_CONTEXT() REPRESENTATION_CONTEXT('2D SPACE',''
  ) );
#3150 = PCURVE('',#508,#3151);
#3151 = DEFINITIONAL_REPRESENTATION('',(#3152),#3225);
#3152 = B_SPLINE_CURVE_WITH_KNOTS('',6,(#3153,#3154,#3155,#3156,#3157,
    #3158,#3159,#3160,#3161,#3162,#3163,#3164,#3165,#3166,#3167,#3168,
    #3169,#3170,#3171,#3172,#3173,#3174,#3175,#3176,#3177,#3178,#3179,
    #3180,#3181,#3182,#3183,#3184,#3185,#3186,#3187,#3188,#3189,#3190,
    #3191,#3192,#3193,#3194,#3195,#3196,#3197,#3198,#3199,#3200,#3201,
    #3202,#3203,#3204,#3205,#3206,#3207,#3208,#3209,#3210,#3211,#3212,
    #3213,#3214,#3215,#3216,#3217,#3218,#3219,#3220,#3221,#3222,#3223,
    #3224),.UNSPECIFIED.,.F.,.F.,(7,5,5,5,5,5,5,5,5,5,5,5,5,5,7),(0.,
    7.279961122346E-02,0.115651719927,0.211728533276,0.29924732188,
    0.340409891231,0.408957990314,0.480904854098,0.528801887191,
    0.561295619297,0.63997229807,0.742704757002,0.789001471129,
    0.864533663376,1.),.UNSPECIFIED.);
#3153 = CARTESIAN_POINT('',(10.388729060987,128.11358753647));
#3154 = CARTESIAN_POINT('',(10.344178742185,128.12049887767));
#3155 = CARTESIAN_POINT('',(10.299638097039,128.12749371986));
#3156 = CARTESIAN_POINT('',(10.255109234471,128.13453855339));
#3157 = CARTESIAN_POINT('',(10.210592235228,128.14159800171));
#3158 = CARTESIAN_POINT('',(10.166086706299,128.14863563203));
#3159 = CARTESIAN_POINT('',(10.095403157408,128.15972290042));
#3160 = CARTESIAN_POINT('',(10.069217015475,128.16381081282));
#3161 = CARTESIAN_POINT('',(10.043034837946,128.1678710096));
#3162 = CARTESIAN_POINT('',(10.016856502995,128.1718960863));
#3163 = CARTESIAN_POINT('',(9.990681838552,128.17587872744));
#3164 = CARTESIAN_POINT('',(9.905833298459,128.18862966467));
#3165 = CARTESIAN_POINT('',(9.84717181619,128.19719830709));
#3166 = CARTESIAN_POINT('',(9.788526791345,128.2054361747));
#3167 = CARTESIAN_POINT('',(9.729892751091,128.21326720436));
#3168 = CARTESIAN_POINT('',(9.671263649357,128.22062385091));
#3169 = CARTESIAN_POINT('',(9.559235150241,128.23366851093));
#3170 = CARTESIAN_POINT('',(9.505832852064,128.23944705084));
#3171 = CARTESIAN_POINT('',(9.452430306327,128.24474339803));
#3172 = CARTESIAN_POINT('',(9.399023120588,128.24952393943));
#3173 = CARTESIAN_POINT('',(9.34560720919,128.25376416279));
#3174 = CARTESIAN_POINT('',(9.267055065701,128.2591819945));
#3175 = CARTESIAN_POINT('',(9.241925616304,128.26079218845));
#3176 = CARTESIAN_POINT('',(9.216793724628,128.26227795938));
#3177 = CARTESIAN_POINT('',(9.191659184596,128.26363818579));
#3178 = CARTESIAN_POINT('',(9.166521822294,128.26487218663));
#3179 = CARTESIAN_POINT('',(9.099515266353,128.26782410072));
#3180 = CARTESIAN_POINT('',(9.057640442292,128.26931776568));
#3181 = CARTESIAN_POINT('',(9.015757125034,128.27045951316));
#3182 = CARTESIAN_POINT('',(8.973864547941,128.27125145016));
#3183 = CARTESIAN_POINT('',(8.93196222776,128.27169853048));
#3184 = CARTESIAN_POINT('',(8.846061959443,128.27192308509));
#3185 = CARTESIAN_POINT('',(8.802062262875,128.27166625779));
#3186 = CARTESIAN_POINT('',(8.758053323837,128.2710461027));
#3187 = CARTESIAN_POINT('',(8.714035199963,128.27007397353));
#3188 = CARTESIAN_POINT('',(8.670008254924,128.26876344132));
#3189 = CARTESIAN_POINT('',(8.596660342248,128.26604199138));
#3190 = CARTESIAN_POINT('',(8.56734281564,128.26481104405));
#3191 = CARTESIAN_POINT('',(8.538022493595,128.26344131853));
#3192 = CARTESIAN_POINT('',(8.508699783032,128.26193754895));
#3193 = CARTESIAN_POINT('',(8.47937512882,128.26030469417));
#3194 = CARTESIAN_POINT('',(8.430153941696,128.25735614016));
#3195 = CARTESIAN_POINT('',(8.41025818314,128.25610730868));
#3196 = CARTESIAN_POINT('',(8.390361887036,128.25480305302));
#3197 = CARTESIAN_POINT('',(8.370465206576,128.25344500515));
#3198 = CARTESIAN_POINT('',(8.350568299219,128.25203481936));
#3199 = CARTESIAN_POINT('',(8.282495028819,128.24703752505));
#3200 = CARTESIAN_POINT('',(8.2343175276,128.2432049584));
#3201 = CARTESIAN_POINT('',(8.186142815354,128.23910036202));
#3202 = CARTESIAN_POINT('',(8.137972312824,128.23474778595));
#3203 = CARTESIAN_POINT('',(8.08980737134,128.2301711667));
#3204 = CARTESIAN_POINT('',(7.978772369047,128.21915631447));
#3205 = CARTESIAN_POINT('',(7.915904537591,128.21257631693));
#3206 = CARTESIAN_POINT('',(7.853059434158,128.20570681366));
#3207 = CARTESIAN_POINT('',(7.790237350496,128.19859810176));
#3208 = CARTESIAN_POINT('',(7.727437491658,128.19129740387));
#3209 = CARTESIAN_POINT('',(7.636379642042,128.18049467043));
#3210 = CARTESIAN_POINT('',(7.608097406527,128.17710899425));
#3211 = CARTESIAN_POINT('',(7.579820635043,128.1736976914));
#3212 = CARTESIAN_POINT('',(7.551549332527,128.17026477315));
#3213 = CARTESIAN_POINT('',(7.523283420029,128.16681413974));
#3214 = CARTESIAN_POINT('',(7.448915974057,128.157697219));
#3215 = CARTESIAN_POINT('',(7.402822479569,128.15200771233));
#3216 = CARTESIAN_POINT('',(7.35674276251,128.14629768059));
#3217 = CARTESIAN_POINT('',(7.31067466817,128.14058272586));
#3218 = CARTESIAN_POINT('',(7.26461528899,128.134877771));
#3219 = CARTESIAN_POINT('',(7.135968274442,128.11900969929));
#3220 = CARTESIAN_POINT('',(7.053383703941,128.10889953102));
#3221 = CARTESIAN_POINT('',(6.970814462744,128.09895307734));
#3222 = CARTESIAN_POINT('',(6.888221236126,128.08924558339));
#3223 = CARTESIAN_POINT('',(6.805555376774,128.07984950414));
#3224 = CARTESIAN_POINT('',(6.722793071035,128.07083872461));
#3225 = ( GEOMETRIC_REPRESENTATION_CONTEXT(2) 
PARAMETRIC_REPRESENTATION_CONTEXT() REPRESENTATION_CONTEXT('2D SPACE',''
  ) );
#3226 = ADVANCED_FACE('',(#3227,#3355),#72,.F.);
#3227 = FACE_BOUND('',#3228,.F.);
#3228 = EDGE_LOOP('',(#3229,#3230,#3231,#3232));
#3229 = ORIENTED_EDGE('',*,*,#2928,.F.);
#3230 = ORIENTED_EDGE('',*,*,#56,.F.);
#3231 = ORIENTED_EDGE('',*,*,#141,.T.);
#3232 = ORIENTED_EDGE('',*,*,#3233,.F.);
#3233 = EDGE_CURVE('',#2929,#142,#3234,.T.);
#3234 = SURFACE_CURVE('',#3235,(#3273,#3314),.PCURVE_S1.);
#3235 = B_SPLINE_CURVE_WITH_KNOTS('',8,(#3236,#3237,#3238,#3239,#3240,
    #3241,#3242,#3243,#3244,#3245,#3246,#3247,#3248,#3249,#3250,#3251,
    #3252,#3253,#3254,#3255,#3256,#3257,#3258,#3259,#3260,#3261,#3262,
    #3263,#3264,#3265,#3266,#3267,#3268,#3269,#3270,#3271,#3272),
  .UNSPECIFIED.,.F.,.F.,(9,7,7,7,7,9),(0.,0.186324278749,0.400497024738,
    0.721694886961,0.915135526373,1.),.UNSPECIFIED.);
#3236 = CARTESIAN_POINT('',(129.69000800147,-23.,24.));
#3237 = CARTESIAN_POINT('',(129.72768036815,-23.28165434489,24.));
#3238 = CARTESIAN_POINT('',(129.76061539294,-23.56085540604,24.));
#3239 = CARTESIAN_POINT('',(129.78853249491,-23.83739657503,24.));
#3240 = CARTESIAN_POINT('',(129.81115272032,-24.11105921494,24.));
#3241 = CARTESIAN_POINT('',(129.82820586632,-24.38161789537,24.));
#3242 = CARTESIAN_POINT('',(129.83943478417,-24.64885243265,24.));
#3243 = CARTESIAN_POINT('',(129.84459686225,-24.91256673507,24.));
#3244 = CARTESIAN_POINT('',(129.84215899891,-25.47152951828,24.));
#3245 = CARTESIAN_POINT('',(129.83247478629,-25.77124466442,24.));
#3246 = CARTESIAN_POINT('',(129.81369261947,-26.06483584969,24.));
#3247 = CARTESIAN_POINT('',(129.78570962568,-26.34817058863,24.));
#3248 = CARTESIAN_POINT('',(129.7490069166,-26.62053273558,24.));
#3249 = CARTESIAN_POINT('',(129.70464563358,-26.88170058397,24.));
#3250 = CARTESIAN_POINT('',(129.65321850241,-27.13188947404,24.));
#3251 = CARTESIAN_POINT('',(129.49940431605,-27.75451980213,24.));
#3252 = CARTESIAN_POINT('',(129.38466859688,-28.12667032455,24.));
#3253 = CARTESIAN_POINT('',(129.24765529758,-28.49829812053,24.));
#3254 = CARTESIAN_POINT('',(129.08871321912,-28.86994207375,24.));
#3255 = CARTESIAN_POINT('',(128.90862164043,-29.24173622991,24.));
#3256 = CARTESIAN_POINT('',(128.70856729606,-29.61374305458,24.));
#3257 = CARTESIAN_POINT('',(128.49005169509,-29.9860799793,24.));
#3258 = CARTESIAN_POINT('',(128.11330370129,-30.58380613996,24.));
#3259 = CARTESIAN_POINT('',(127.96565252307,-30.80875597865,24.));
#3260 = CARTESIAN_POINT('',(127.81235014233,-31.03408901527,24.));
#3261 = CARTESIAN_POINT('',(127.65382067413,-31.25994790819,24.));
#3262 = CARTESIAN_POINT('',(127.49053280855,-31.48654095395,24.));
#3263 = CARTESIAN_POINT('',(127.32299916397,-31.71415215033,24.));
#3264 = CARTESIAN_POINT('',(127.15180144143,-31.94318110306,24.));
#3265 = CARTESIAN_POINT('',(126.90128740773,-32.27563714347,24.));
#3266 = CARTESIAN_POINT('',(126.82433549926,-32.37740707905,24.));
#3267 = CARTESIAN_POINT('',(126.74688364281,-32.47962364978,24.));
#3268 = CARTESIAN_POINT('',(126.66900120966,-32.58234894565,24.));
#3269 = CARTESIAN_POINT('',(126.59076569002,-32.68565439664,24.));
#3270 = CARTESIAN_POINT('',(126.51226554474,-32.78962433696,24.));
#3271 = CARTESIAN_POINT('',(126.43360525094,-32.89436229371,24.));
#3272 = CARTESIAN_POINT('',(126.35491254148,-33.,24.));
#3273 = PCURVE('',#72,#3274);
#3274 = DEFINITIONAL_REPRESENTATION('',(#3275),#3313);
#3275 = B_SPLINE_CURVE_WITH_KNOTS('',8,(#3276,#3277,#3278,#3279,#3280,
    #3281,#3282,#3283,#3284,#3285,#3286,#3287,#3288,#3289,#3290,#3291,
    #3292,#3293,#3294,#3295,#3296,#3297,#3298,#3299,#3300,#3301,#3302,
    #3303,#3304,#3305,#3306,#3307,#3308,#3309,#3310,#3311,#3312),
  .UNSPECIFIED.,.F.,.F.,(9,7,7,7,7,9),(0.,0.186324278749,0.400497024738,
    0.721694886961,0.915135526373,1.),.UNSPECIFIED.);
#3276 = CARTESIAN_POINT('',(7.690008001479,10.));
#3277 = CARTESIAN_POINT('',(7.727680368156,9.71834565511));
#3278 = CARTESIAN_POINT('',(7.760615392948,9.439144593959));
#3279 = CARTESIAN_POINT('',(7.788532494911,9.162603424962));
#3280 = CARTESIAN_POINT('',(7.811152720326,8.888940785053));
#3281 = CARTESIAN_POINT('',(7.828205866321,8.618382104622));
#3282 = CARTESIAN_POINT('',(7.83943478417,8.351147567345));
#3283 = CARTESIAN_POINT('',(7.844596862257,8.087433264926));
#3284 = CARTESIAN_POINT('',(7.842158998915,7.528470481712));
#3285 = CARTESIAN_POINT('',(7.832474786295,7.228755335576));
#3286 = CARTESIAN_POINT('',(7.813692619476,6.935164150304));
#3287 = CARTESIAN_POINT('',(7.785709625684,6.651829411364));
#3288 = CARTESIAN_POINT('',(7.749006916607,6.379467264413));
#3289 = CARTESIAN_POINT('',(7.704645633582,6.118299416029));
#3290 = CARTESIAN_POINT('',(7.653218502411,5.868110525955));
#3291 = CARTESIAN_POINT('',(7.49940431605,5.245480197865));
#3292 = CARTESIAN_POINT('',(7.384668596887,4.873329675442));
#3293 = CARTESIAN_POINT('',(7.247655297587,4.501701879469));
#3294 = CARTESIAN_POINT('',(7.088713219128,4.130057926244));
#3295 = CARTESIAN_POINT('',(6.90862164043,3.758263770081));
#3296 = CARTESIAN_POINT('',(6.708567296065,3.386256945419));
#3297 = CARTESIAN_POINT('',(6.490051695095,3.013920020696));
#3298 = CARTESIAN_POINT('',(6.113303701298,2.416193860039));
#3299 = CARTESIAN_POINT('',(5.965652523071,2.191244021343));
#3300 = CARTESIAN_POINT('',(5.812350142336,1.965910984721));
#3301 = CARTESIAN_POINT('',(5.653820674132,1.740052091806));
#3302 = CARTESIAN_POINT('',(5.49053280855,1.513459046045));
#3303 = CARTESIAN_POINT('',(5.322999163974,1.285847849665));
#3304 = CARTESIAN_POINT('',(5.151801441436,1.056818896938));
#3305 = CARTESIAN_POINT('',(4.901287407739,0.724362856524));
#3306 = CARTESIAN_POINT('',(4.824335499263,0.622592920944));
#3307 = CARTESIAN_POINT('',(4.746883642818,0.520376350213));
#3308 = CARTESIAN_POINT('',(4.669001209668,0.417651054349));
#3309 = CARTESIAN_POINT('',(4.590765690024,0.31434560336));
#3310 = CARTESIAN_POINT('',(4.512265544745,0.210375663035));
#3311 = CARTESIAN_POINT('',(4.433605250942,0.105637706282));
#3312 = CARTESIAN_POINT('',(4.354912541484,0.));
#3313 = ( GEOMETRIC_REPRESENTATION_CONTEXT(2) 
PARAMETRIC_REPRESENTATION_CONTEXT() REPRESENTATION_CONTEXT('2D SPACE',''
  ) );
#3314 = PCURVE('',#508,#3315);
#3315 = DEFINITIONAL_REPRESENTATION('',(#3316),#3354);
#3316 = B_SPLINE_CURVE_WITH_KNOTS('',8,(#3317,#3318,#3319,#3320,#3321,
    #3322,#3323,#3324,#3325,#3326,#3327,#3328,#3329,#3330,#3331,#3332,
    #3333,#3334,#3335,#3336,#3337,#3338,#3339,#3340,#3341,#3342,#3343,
    #3344,#3345,#3346,#3347,#3348,#3349,#3350,#3351,#3352,#3353),
  .UNSPECIFIED.,.F.,.F.,(9,7,7,7,7,9),(0.,0.186324278749,0.400497024738,
    0.721694886961,0.915135526373,1.),.UNSPECIFIED.);
#3317 = CARTESIAN_POINT('',(10.388729060987,128.11358753647));
#3318 = CARTESIAN_POINT('',(10.388538796522,128.44757482974));
#3319 = CARTESIAN_POINT('',(10.388941017429,128.78417079356));
#3320 = CARTESIAN_POINT('',(10.389933815682,129.12345350235));
#3321 = CARTESIAN_POINT('',(10.391519528137,129.46548520957));
#3322 = CARTESIAN_POINT('',(10.393703854153,129.81030796521));
#3323 = CARTESIAN_POINT('',(10.396495413227,130.15793390064));
#3324 = CARTESIAN_POINT('',(10.39990574262,130.50833018067));
#3325 = CARTESIAN_POINT('',(10.408598152013,131.26723750927));
#3326 = CARTESIAN_POINT('',(10.413466929347,131.68418253624));
#3327 = CARTESIAN_POINT('',(10.422245310524,132.10387663229));
#3328 = CARTESIAN_POINT('',(10.427283713237,132.52050440535));
#3329 = CARTESIAN_POINT('',(10.434295503856,132.92957651361));
#3330 = CARTESIAN_POINT('',(10.446924707391,133.33030067638));
#3331 = CARTESIAN_POINT('',(10.454033626494,133.72594226902));
#3332 = CARTESIAN_POINT('',(10.475357977986,134.70241848331));
#3333 = CARTESIAN_POINT('',(10.490348037137,135.2857018521));
#3334 = CARTESIAN_POINT('',(10.507571525405,135.86467625239));
#3335 = CARTESIAN_POINT('',(10.527071292663,136.43798065082));
#3336 = CARTESIAN_POINT('',(10.548876347163,137.00475655946));
#3337 = CARTESIAN_POINT('',(10.573029500022,137.56441596679));
#3338 = CARTESIAN_POINT('',(10.599608062619,138.11652953103));
#3339 = CARTESIAN_POINT('',(10.646374807027,138.98841236399));
#3340 = CARTESIAN_POINT('',(10.664901212251,139.31327568434));
#3341 = CARTESIAN_POINT('',(10.684418044782,139.63521953044));
#3342 = CARTESIAN_POINT('',(10.704981128478,139.95419388797));
#3343 = CARTESIAN_POINT('',(10.7266708303,140.27014569611));
#3344 = CARTESIAN_POINT('',(10.749596217789,140.58301120653));
#3345 = CARTESIAN_POINT('',(10.773913351248,140.89269927108));
#3346 = CARTESIAN_POINT('',(10.811270350237,141.33344757074));
#3347 = CARTESIAN_POINT('',(10.822978885212,141.46720155223));
#3348 = CARTESIAN_POINT('',(10.835026188189,141.60029771029));
#3349 = CARTESIAN_POINT('',(10.847437968884,141.73271853703));
#3350 = CARTESIAN_POINT('',(10.860244385576,141.8644417408));
#3351 = CARTESIAN_POINT('',(10.873481684609,141.99543898876));
#3352 = CARTESIAN_POINT('',(10.887195117591,142.12567367559));
#3353 = CARTESIAN_POINT('',(10.901443136313,142.25509771833));
#3354 = ( GEOMETRIC_REPRESENTATION_CONTEXT(2) 
PARAMETRIC_REPRESENTATION_CONTEXT() REPRESENTATION_CONTEXT('2D SPACE',''
  ) );
#3355 = FACE_BOUND('',#3356,.F.);
#3356 = EDGE_LOOP('',(#3357));
#3357 = ORIENTED_EDGE('',*,*,#3358,.T.);
#3358 = EDGE_CURVE('',#3359,#3359,#3361,.T.);
#3359 = VERTEX_POINT('',#3360);
#3360 = CARTESIAN_POINT('',(127.7,-28.,24.));
#3361 = SURFACE_CURVE('',#3362,(#3367,#3378),.PCURVE_S1.);
#3362 = CIRCLE('',#3363,1.7);
#3363 = AXIS2_PLACEMENT_3D('',#3364,#3365,#3366);
#3364 = CARTESIAN_POINT('',(126.,-28.,24.));
#3365 = DIRECTION('',(0.,0.,-1.));
#3366 = DIRECTION('',(1.,0.,0.));
#3367 = PCURVE('',#72,#3368);
#3368 = DEFINITIONAL_REPRESENTATION('',(#3369),#3377);
#3369 = ( BOUNDED_CURVE() B_SPLINE_CURVE(2,(#3370,#3371,#3372,#3373,
#3374,#3375,#3376),.UNSPECIFIED.,.T.,.F.) B_SPLINE_CURVE_WITH_KNOTS((1,2
    ,2,2,2,1),(-2.094395102393,0.,2.094395102393,4.188790204786,
6.28318530718,8.377580409573),.UNSPECIFIED.) CURVE() 
GEOMETRIC_REPRESENTATION_ITEM() RATIONAL_B_SPLINE_CURVE((1.,0.5,1.,0.5,
1.,0.5,1.)) REPRESENTATION_ITEM('') );
#3370 = CARTESIAN_POINT('',(5.7,5.));
#3371 = CARTESIAN_POINT('',(5.7,2.055513627133));
#3372 = CARTESIAN_POINT('',(3.15,3.527756813566));
#3373 = CARTESIAN_POINT('',(0.6,5.));
#3374 = CARTESIAN_POINT('',(3.15,6.472243186434));
#3375 = CARTESIAN_POINT('',(5.7,7.944486372867));
#3376 = CARTESIAN_POINT('',(5.7,5.));
#3377 = ( GEOMETRIC_REPRESENTATION_CONTEXT(2) 
PARAMETRIC_REPRESENTATION_CONTEXT() REPRESENTATION_CONTEXT('2D SPACE',''
  ) );
#3378 = PCURVE('',#2878,#3379);
#3379 = DEFINITIONAL_REPRESENTATION('',(#3380),#3384);
#3380 = LINE('',#3381,#3382);
#3381 = CARTESIAN_POINT('',(-6.28318530718,-1.));
#3382 = VECTOR('',#3383,1.);
#3383 = DIRECTION('',(1.,-0.));
#3384 = ( GEOMETRIC_REPRESENTATION_CONTEXT(2) 
PARAMETRIC_REPRESENTATION_CONTEXT() REPRESENTATION_CONTEXT('2D SPACE',''
  ) );
#3385 = ADVANCED_FACE('',(#3386),#204,.T.);
#3386 = FACE_BOUND('',#3387,.T.);
#3387 = EDGE_LOOP('',(#3388,#3389,#3410,#3411));
#3388 = ORIENTED_EDGE('',*,*,#188,.F.);
#3389 = ORIENTED_EDGE('',*,*,#3390,.T.);
#3390 = EDGE_CURVE('',#189,#2954,#3391,.T.);
#3391 = SURFACE_CURVE('',#3392,(#3396,#3403),.PCURVE_S1.);
#3392 = LINE('',#3393,#3394);
#3393 = CARTESIAN_POINT('',(142.,-33.,24.));
#3394 = VECTOR('',#3395,1.);
#3395 = DIRECTION('',(0.,1.,0.));
#3396 = PCURVE('',#204,#3397);
#3397 = DEFINITIONAL_REPRESENTATION('',(#3398),#3402);
#3398 = LINE('',#3399,#3400);
#3399 = CARTESIAN_POINT('',(0.,0.));
#3400 = VECTOR('',#3401,1.);
#3401 = DIRECTION('',(0.,-1.));
#3402 = ( GEOMETRIC_REPRESENTATION_CONTEXT(2) 
PARAMETRIC_REPRESENTATION_CONTEXT() REPRESENTATION_CONTEXT('2D SPACE',''
  ) );
#3403 = PCURVE('',#232,#3404);
#3404 = DEFINITIONAL_REPRESENTATION('',(#3405),#3409);
#3405 = LINE('',#3406,#3407);
#3406 = CARTESIAN_POINT('',(20.,0.));
#3407 = VECTOR('',#3408,1.);
#3408 = DIRECTION('',(0.,1.));
#3409 = ( GEOMETRIC_REPRESENTATION_CONTEXT(2) 
PARAMETRIC_REPRESENTATION_CONTEXT() REPRESENTATION_CONTEXT('2D SPACE',''
  ) );
#3410 = ORIENTED_EDGE('',*,*,#2953,.T.);
#3411 = ORIENTED_EDGE('',*,*,#2811,.F.);
#3412 = ADVANCED_FACE('',(#3413,#3523),#232,.F.);
#3413 = FACE_BOUND('',#3414,.F.);
#3414 = EDGE_LOOP('',(#3415,#3416,#3521,#3522));
#3415 = ORIENTED_EDGE('',*,*,#2976,.F.);
#3416 = ORIENTED_EDGE('',*,*,#3417,.T.);
#3417 = EDGE_CURVE('',#2977,#217,#3418,.T.);
#3418 = SURFACE_CURVE('',#3419,(#3443,#3470),.PCURVE_S1.);
#3419 = B_SPLINE_CURVE_WITH_KNOTS('',8,(#3420,#3421,#3422,#3423,#3424,
    #3425,#3426,#3427,#3428,#3429,#3430,#3431,#3432,#3433,#3434,#3435,
    #3436,#3437,#3438,#3439,#3440,#3441,#3442),.UNSPECIFIED.,.F.,.F.,(9,
    7,7,9),(0.,0.604689143274,0.716454214361,1.071269914552),
  .UNSPECIFIED.);
#3420 = CARTESIAN_POINT('',(134.89824989411,-23.,24.));
#3421 = CARTESIAN_POINT('',(134.97083340622,-23.76305382073,24.));
#3422 = CARTESIAN_POINT('',(135.01135842491,-24.52842216545,24.));
#3423 = CARTESIAN_POINT('',(135.01478957631,-25.29583757677,24.));
#3424 = CARTESIAN_POINT('',(134.97535115358,-26.06399589362,24.));
#3425 = CARTESIAN_POINT('',(134.88657640208,-26.83037769347,24.));
#3426 = CARTESIAN_POINT('',(134.74187249216,-27.59089381987,24.));
#3427 = CARTESIAN_POINT('',(134.53533311001,-28.33929958897,24.));
#3428 = CARTESIAN_POINT('',(134.21300602545,-29.20227684707,24.));
#3429 = CARTESIAN_POINT('',(134.16053064814,-29.3361176505,24.));
#3430 = CARTESIAN_POINT('',(134.10603326025,-29.46891438556,24.));
#3431 = CARTESIAN_POINT('',(134.04949153763,-29.60070025394,24.));
#3432 = CARTESIAN_POINT('',(133.99087644727,-29.73152166009,24.));
#3433 = CARTESIAN_POINT('',(133.93022961523,-29.86132126775,24.));
#3434 = CARTESIAN_POINT('',(133.867631302,-29.98998668314,24.));
#3435 = CARTESIAN_POINT('',(133.59806406561,-30.52258134132,24.));
#3436 = CARTESIAN_POINT('',(133.37331614851,-30.91641577273,24.));
#3437 = CARTESIAN_POINT('',(133.12970352882,-31.29810456747,24.));
#3438 = CARTESIAN_POINT('',(132.86822539244,-31.66682257865,24.));
#3439 = CARTESIAN_POINT('',(132.58987914419,-32.02193193605,24.));
#3440 = CARTESIAN_POINT('',(132.29578477772,-32.36278459223,24.));
#3441 = CARTESIAN_POINT('',(131.98689175659,-32.68896937398,24.));
#3442 = CARTESIAN_POINT('',(131.66412576641,-33.,24.));
#3443 = PCURVE('',#232,#3444);
#3444 = DEFINITIONAL_REPRESENTATION('',(#3445),#3469);
#3445 = B_SPLINE_CURVE_WITH_KNOTS('',8,(#3446,#3447,#3448,#3449,#3450,
    #3451,#3452,#3453,#3454,#3455,#3456,#3457,#3458,#3459,#3460,#3461,
    #3462,#3463,#3464,#3465,#3466,#3467,#3468),.UNSPECIFIED.,.F.,.F.,(9,
    7,7,9),(0.,0.604689143274,0.716454214361,1.071269914552),
  .UNSPECIFIED.);
#3446 = CARTESIAN_POINT('',(12.898249894111,10.));
#3447 = CARTESIAN_POINT('',(12.970833406222,9.236946179267));
#3448 = CARTESIAN_POINT('',(13.011358424913,8.471577834541));
#3449 = CARTESIAN_POINT('',(13.014789576316,7.704162423223));
#3450 = CARTESIAN_POINT('',(12.975351153589,6.936004106379));
#3451 = CARTESIAN_POINT('',(12.886576402085,6.169622306526));
#3452 = CARTESIAN_POINT('',(12.741872492161,5.409106180124));
#3453 = CARTESIAN_POINT('',(12.535333110011,4.660700411026));
#3454 = CARTESIAN_POINT('',(12.21300602545,3.797723152923));
#3455 = CARTESIAN_POINT('',(12.160530648141,3.663882349491));
#3456 = CARTESIAN_POINT('',(12.106033260256,3.531085614439));
#3457 = CARTESIAN_POINT('',(12.049491537638,3.399299746059));
#3458 = CARTESIAN_POINT('',(11.990876447275,3.268478339901));
#3459 = CARTESIAN_POINT('',(11.930229615233,3.138678732244));
#3460 = CARTESIAN_POINT('',(11.867631302004,3.010013316851));
#3461 = CARTESIAN_POINT('',(11.59806406561,2.477418658672));
#3462 = CARTESIAN_POINT('',(11.373316148517,2.083584227269));
#3463 = CARTESIAN_POINT('',(11.129703528828,1.701895432528));
#3464 = CARTESIAN_POINT('',(10.868225392447,1.333177421348));
#3465 = CARTESIAN_POINT('',(10.589879144195,0.978068063942));
#3466 = CARTESIAN_POINT('',(10.29578477772,0.637215407763));
#3467 = CARTESIAN_POINT('',(9.986891756595,0.311030626017));
#3468 = CARTESIAN_POINT('',(9.664125766418,0.));
#3469 = ( GEOMETRIC_REPRESENTATION_CONTEXT(2) 
PARAMETRIC_REPRESENTATION_CONTEXT() REPRESENTATION_CONTEXT('2D SPACE',''
  ) );
#3470 = PCURVE('',#508,#3471);
#3471 = DEFINITIONAL_REPRESENTATION('',(#3472),#3520);
#3472 = B_SPLINE_CURVE_WITH_KNOTS('',3,(#3473,#3474,#3475,#3476,#3477,
    #3478,#3479,#3480,#3481,#3482,#3483,#3484,#3485,#3486,#3487,#3488,
    #3489,#3490,#3491,#3492,#3493,#3494,#3495,#3496,#3497,#3498,#3499,
    #3500,#3501,#3502,#3503,#3504,#3505,#3506,#3507,#3508,#3509,#3510,
    #3511,#3512,#3513,#3514,#3515,#3516,#3517,#3518,#3519),
  .UNSPECIFIED.,.F.,.F.,(4,1,1,1,1,1,1,1,1,1,1,1,1,1,1,1,1,1,1,1,1,1,1,1
    ,1,1,1,1,1,1,1,1,1,1,1,1,1,1,1,1,1,1,1,1,4),(0.,2.434704351256E-02,
    4.869408702511E-02,7.304113053767E-02,9.738817405022E-02,
    0.121735217563,0.146082261075,0.170429304588,0.1947763481,
    0.219123391613,0.243470435126,0.267817478638,0.292164522151,
    0.316511565663,0.340858609176,0.365205652688,0.389552696201,
    0.413899739713,0.438246783226,0.462593826739,0.486940870251,
    0.511287913764,0.535634957276,0.559982000789,0.584329044301,
    0.608676087814,0.633023131326,0.657370174839,0.681717218352,
    0.706064261864,0.730411305377,0.754758348889,0.779105392402,
    0.803452435914,0.827799479427,0.852146522939,0.876493566452,
    0.900840609965,0.925187653477,0.94953469699,0.973881740502,
    0.998228784015,1.022575827527,1.04692287104,1.071269914552),
  .QUASI_UNIFORM_KNOTS.);
#3473 = CARTESIAN_POINT('',(6.722793071035,128.07083872461));
#3474 = CARTESIAN_POINT('',(6.721737201773,128.14614956229));
#3475 = CARTESIAN_POINT('',(6.71956161632,128.29678614309));
#3476 = CARTESIAN_POINT('',(6.716092965758,128.52277806875));
#3477 = CARTESIAN_POINT('',(6.712405216712,128.74880050795));
#3478 = CARTESIAN_POINT('',(6.708484873868,128.97484299672));
#3479 = CARTESIAN_POINT('',(6.704318616952,129.20089276141));
#3480 = CARTESIAN_POINT('',(6.699893314903,129.42693457732));
#3481 = CARTESIAN_POINT('',(6.695196004887,129.65295112473));
#3482 = CARTESIAN_POINT('',(6.690213887765,129.87892323645));
#3483 = CARTESIAN_POINT('',(6.684934323419,130.10483019641));
#3484 = CARTESIAN_POINT('',(6.679344828176,130.33065004329));
#3485 = CARTESIAN_POINT('',(6.673433072071,130.55635988769));
#3486 = CARTESIAN_POINT('',(6.66718687547,130.78193623646));
#3487 = CARTESIAN_POINT('',(6.660594204831,131.00735532136));
#3488 = CARTESIAN_POINT('',(6.653643167099,131.23259342788));
#3489 = CARTESIAN_POINT('',(6.646322005949,131.45762721976));
#3490 = CARTESIAN_POINT('',(6.63861909094,131.68243405663));
#3491 = CARTESIAN_POINT('',(6.630522938092,131.9069922929));
#3492 = CARTESIAN_POINT('',(6.622022125001,132.13128157992));
#3493 = CARTESIAN_POINT('',(6.613105619818,132.35528306626));
#3494 = CARTESIAN_POINT('',(6.60376159575,132.57897986343));
#3495 = CARTESIAN_POINT('',(6.593981938763,132.80235637988));
#3496 = CARTESIAN_POINT('',(6.583745560869,133.02540170894));
#3497 = CARTESIAN_POINT('',(6.573080877317,133.24809768526));
#3498 = CARTESIAN_POINT('',(6.561832918027,133.47046392217));
#3499 = CARTESIAN_POINT('',(6.550532849413,133.69238991533));
#3500 = CARTESIAN_POINT('',(6.537155056034,133.91423812687));
#3501 = CARTESIAN_POINT('',(6.523604380323,134.13649252547));
#3502 = CARTESIAN_POINT('',(6.509498457343,134.35902303981));
#3503 = CARTESIAN_POINT('',(6.494944792289,134.58186118789));
#3504 = CARTESIAN_POINT('',(6.479921246991,134.8049749415));
#3505 = CARTESIAN_POINT('',(6.464437989843,135.02836962573));
#3506 = CARTESIAN_POINT('',(6.448497331414,135.25202655212));
#3507 = CARTESIAN_POINT('',(6.432102668123,135.4759381327));
#3508 = CARTESIAN_POINT('',(6.415256357628,135.70009383211));
#3509 = CARTESIAN_POINT('',(6.397960211011,135.92448358781));
#3510 = CARTESIAN_POINT('',(6.380215297045,136.1490965609));
#3511 = CARTESIAN_POINT('',(6.362021872862,136.37392125982));
#3512 = CARTESIAN_POINT('',(6.343379425253,136.59894548276));
#3513 = CARTESIAN_POINT('',(6.324286037165,136.82415651183));
#3514 = CARTESIAN_POINT('',(6.304740230425,137.04954140284));
#3515 = CARTESIAN_POINT('',(6.284733483171,137.27508733485));
#3516 = CARTESIAN_POINT('',(6.264277512002,137.50078183518));
#3517 = CARTESIAN_POINT('',(6.243395843815,137.72661291054));
#3518 = CARTESIAN_POINT('',(6.229181653375,137.87724973528));
#3519 = CARTESIAN_POINT('',(6.222000751707,137.9525867924));
#3520 = ( GEOMETRIC_REPRESENTATION_CONTEXT(2) 
PARAMETRIC_REPRESENTATION_CONTEXT() REPRESENTATION_CONTEXT('2D SPACE',''
  ) );
#3521 = ORIENTED_EDGE('',*,*,#216,.T.);
#3522 = ORIENTED_EDGE('',*,*,#3390,.T.);
#3523 = FACE_BOUND('',#3524,.F.);
#3524 = EDGE_LOOP('',(#3525));
#3525 = ORIENTED_EDGE('',*,*,#3526,.T.);
#3526 = EDGE_CURVE('',#3527,#3527,#3529,.T.);
#3527 = VERTEX_POINT('',#3528);
#3528 = CARTESIAN_POINT('',(139.7,-28.,24.));
#3529 = SURFACE_CURVE('',#3530,(#3535,#3546),.PCURVE_S1.);
#3530 = CIRCLE('',#3531,1.7);
#3531 = AXIS2_PLACEMENT_3D('',#3532,#3533,#3534);
#3532 = CARTESIAN_POINT('',(138.,-28.,24.));
#3533 = DIRECTION('',(0.,0.,-1.));
#3534 = DIRECTION('',(1.,0.,0.));
#3535 = PCURVE('',#232,#3536);
#3536 = DEFINITIONAL_REPRESENTATION('',(#3537),#3545);
#3537 = ( BOUNDED_CURVE() B_SPLINE_CURVE(2,(#3538,#3539,#3540,#3541,
#3542,#3543,#3544),.UNSPECIFIED.,.T.,.F.) B_SPLINE_CURVE_WITH_KNOTS((1,2
    ,2,2,2,1),(-2.094395102393,0.,2.094395102393,4.188790204786,
6.28318530718,8.377580409573),.UNSPECIFIED.) CURVE() 
GEOMETRIC_REPRESENTATION_ITEM() RATIONAL_B_SPLINE_CURVE((1.,0.5,1.,0.5,
1.,0.5,1.)) REPRESENTATION_ITEM('') );
#3538 = CARTESIAN_POINT('',(17.7,5.));
#3539 = CARTESIAN_POINT('',(17.7,2.055513627133));
#3540 = CARTESIAN_POINT('',(15.15,3.527756813566));
#3541 = CARTESIAN_POINT('',(12.6,5.));
#3542 = CARTESIAN_POINT('',(15.15,6.472243186434));
#3543 = CARTESIAN_POINT('',(17.7,7.944486372867));
#3544 = CARTESIAN_POINT('',(17.7,5.));
#3545 = ( GEOMETRIC_REPRESENTATION_CONTEXT(2) 
PARAMETRIC_REPRESENTATION_CONTEXT() REPRESENTATION_CONTEXT('2D SPACE',''
  ) );
#3546 = PCURVE('',#2913,#3547);
#3547 = DEFINITIONAL_REPRESENTATION('',(#3548),#3552);
#3548 = LINE('',#3549,#3550);
#3549 = CARTESIAN_POINT('',(-6.28318530718,-1.));
#3550 = VECTOR('',#3551,1.);
#3551 = DIRECTION('',(1.,-0.));
#3552 = ( GEOMETRIC_REPRESENTATION_CONTEXT(2) 
PARAMETRIC_REPRESENTATION_CONTEXT() REPRESENTATION_CONTEXT('2D SPACE',''
  ) );
#3553 = ADVANCED_FACE('',(#3554),#508,.F.);
#3554 = FACE_BOUND('',#3555,.F.);
#3555 = EDGE_LOOP('',(#3556,#3557,#3558,#3559));
#3556 = ORIENTED_EDGE('',*,*,#244,.T.);
#3557 = ORIENTED_EDGE('',*,*,#3417,.F.);
#3558 = ORIENTED_EDGE('',*,*,#2999,.F.);
#3559 = ORIENTED_EDGE('',*,*,#3233,.T.);
#3560 = ADVANCED_FACE('',(#3561),#2878,.F.);
#3561 = FACE_BOUND('',#3562,.T.);
#3562 = EDGE_LOOP('',(#3563,#3564,#3585,#3586));
#3563 = ORIENTED_EDGE('',*,*,#3358,.T.);
#3564 = ORIENTED_EDGE('',*,*,#3565,.T.);
#3565 = EDGE_CURVE('',#3359,#2858,#3566,.T.);
#3566 = SEAM_CURVE('',#3567,(#3571,#3578),.PCURVE_S1.);
#3567 = LINE('',#3568,#3569);
#3568 = CARTESIAN_POINT('',(127.7,-28.,23.));
#3569 = VECTOR('',#3570,1.);
#3570 = DIRECTION('',(0.,0.,1.));
#3571 = PCURVE('',#2878,#3572);
#3572 = DEFINITIONAL_REPRESENTATION('',(#3573),#3577);
#3573 = LINE('',#3574,#3575);
#3574 = CARTESIAN_POINT('',(-6.28318530718,0.));
#3575 = VECTOR('',#3576,1.);
#3576 = DIRECTION('',(-0.,-1.));
#3577 = ( GEOMETRIC_REPRESENTATION_CONTEXT(2) 
PARAMETRIC_REPRESENTATION_CONTEXT() REPRESENTATION_CONTEXT('2D SPACE',''
  ) );
#3578 = PCURVE('',#2878,#3579);
#3579 = DEFINITIONAL_REPRESENTATION('',(#3580),#3584);
#3580 = LINE('',#3581,#3582);
#3581 = CARTESIAN_POINT('',(-0.,0.));
#3582 = VECTOR('',#3583,1.);
#3583 = DIRECTION('',(-0.,-1.));
#3584 = ( GEOMETRIC_REPRESENTATION_CONTEXT(2) 
PARAMETRIC_REPRESENTATION_CONTEXT() REPRESENTATION_CONTEXT('2D SPACE',''
  ) );
#3585 = ORIENTED_EDGE('',*,*,#2857,.F.);
#3586 = ORIENTED_EDGE('',*,*,#3565,.F.);
#3587 = ADVANCED_FACE('',(#3588),#2913,.F.);
#3588 = FACE_BOUND('',#3589,.T.);
#3589 = EDGE_LOOP('',(#3590,#3591,#3612,#3613));
#3590 = ORIENTED_EDGE('',*,*,#3526,.T.);
#3591 = ORIENTED_EDGE('',*,*,#3592,.T.);
#3592 = EDGE_CURVE('',#3527,#2893,#3593,.T.);
#3593 = SEAM_CURVE('',#3594,(#3598,#3605),.PCURVE_S1.);
#3594 = LINE('',#3595,#3596);
#3595 = CARTESIAN_POINT('',(139.7,-28.,23.));
#3596 = VECTOR('',#3597,1.);
#3597 = DIRECTION('',(0.,0.,1.));
#3598 = PCURVE('',#2913,#3599);
#3599 = DEFINITIONAL_REPRESENTATION('',(#3600),#3604);
#3600 = LINE('',#3601,#3602);
#3601 = CARTESIAN_POINT('',(-6.28318530718,0.));
#3602 = VECTOR('',#3603,1.);
#3603 = DIRECTION('',(-0.,-1.));
#3604 = ( GEOMETRIC_REPRESENTATION_CONTEXT(2) 
PARAMETRIC_REPRESENTATION_CONTEXT() REPRESENTATION_CONTEXT('2D SPACE',''
  ) );
#3605 = PCURVE('',#2913,#3606);
#3606 = DEFINITIONAL_REPRESENTATION('',(#3607),#3611);
#3607 = LINE('',#3608,#3609);
#3608 = CARTESIAN_POINT('',(-0.,0.));
#3609 = VECTOR('',#3610,1.);
#3610 = DIRECTION('',(-0.,-1.));
#3611 = ( GEOMETRIC_REPRESENTATION_CONTEXT(2) 
PARAMETRIC_REPRESENTATION_CONTEXT() REPRESENTATION_CONTEXT('2D SPACE',''
  ) );
#3612 = ORIENTED_EDGE('',*,*,#2892,.F.);
#3613 = ORIENTED_EDGE('',*,*,#3592,.F.);
#3614 = ( GEOMETRIC_REPRESENTATION_CONTEXT(3) 
GLOBAL_UNCERTAINTY_ASSIGNED_CONTEXT((#3618)) 
GLOBAL_UNIT_ASSIGNED_CONTEXT((#3615,#3616,#3617)) REPRESENTATION_CONTEXT
('Context #1','3D Context with UNIT and UNCERTAINTY') );
#3615 = ( LENGTH_UNIT() NAMED_UNIT(*) SI_UNIT(.MILLI.,.METRE.) );
#3616 = ( NAMED_UNIT(*) PLANE_ANGLE_UNIT() SI_UNIT($,.RADIAN.) );
#3617 = ( NAMED_UNIT(*) SI_UNIT($,.STERADIAN.) SOLID_ANGLE_UNIT() );
#3618 = UNCERTAINTY_MEASURE_WITH_UNIT(LENGTH_MEASURE(1.E-04),#3615,
  'distance_accuracy_value','confusion accuracy');
#3619 = PRODUCT_RELATED_PRODUCT_CATEGORY('part',$,(#7));
ENDSEC;
END-ISO-10303-21;
